ts_utc,ticker,kind,side,price_c,contracts,cost,fee,spot,distance_bps
2026-07-11 21:40,KXBTC15M-26JUL111745-45,entry,no,68,7,4.76,0.11,64305.85,4.03
2026-07-11 22:10,KXBTC15M-26JUL111815-15,entry,yes,80,6,4.80,0.07,64383.25,10.23
2026-07-11 22:25,KXBTC15M-26JUL111830-30,entry,no,92,5,4.60,0.03,64260.32,13.67
2026-07-11 22:40,KXBTC15M-26JUL111845-45,entry,no,90,5,4.50,0.04,64190.96,6.19
2026-07-11 22:55,KXBTC15M-26JUL111900-00,entry,no,96,5,4.80,0.02,64135.24,7.96
2026-07-11 23:10,KXBTC15M-26JUL111915-15,entry,no,95,5,4.75,0.02,64058.05,16.52
2026-07-11 23:25,KXBTC15M-26JUL111930-30,entry,no,98,5,4.90,0.01,63852.88,38.78
2026-07-11 23:40,KXBTC15M-26JUL111945-45,entry,no,90,5,4.50,0.04,63878.41,2.07
2026-07-11 23:55,KXBTC15M-26JUL112000-00,entry,no,89,5,4.45,0.04,63828.39,13.41
2026-07-12 00:10,KXBTC15M-26JUL112015-15,entry,no,70,7,4.90,0.11,63787.36,0.20
2026-07-12 00:40,KXBTC15M-26JUL112045-45,entry,no,95,5,4.75,0.02,63689.08,21.91
2026-07-12 00:55,KXBTC15M-26JUL112100-00,entry,yes,78,6,4.68,0.08,63798.28,5.84
2026-07-12 01:10,KXBTC15M-26JUL112115-15,entry,yes,98,5,4.90,0.01,63919.00,19.43
2026-07-12 01:25,KXBTC15M-26JUL112130-30,entry,yes,78,6,4.68,0.08,63912.79,2.72
2026-07-12 01:40,KXBTC15M-26JUL112145-45,entry,yes,97,5,4.85,0.02,64062.29,23.52
2026-07-12 01:55,KXBTC15M-26JUL112200-00,entry,no,78,6,4.68,0.08,64075.36,7.46
2026-07-12 02:10,KXBTC15M-26JUL112215-15,entry,no,94,5,4.70,0.02,64005.77,13.65
2026-07-12 02:25,KXBTC15M-26JUL112230-30,entry,yes,96,5,4.80,0.02,64062.35,7.48
2026-07-12 02:40,KXBTC15M-26JUL112245-45,entry,no,84,5,4.20,0.05,64049.47,3.86
2026-07-12 03:10,KXBTC15M-26JUL112315-15,entry,no,90,5,4.50,0.04,64012.79,6.12
2026-07-12 03:40,KXBTC15M-26JUL112345-45,entry,yes,70,7,4.90,0.11,64118.59,4.26
2026-07-12 04:25,KXBTC15M-26JUL120030-30,entry,no,94,5,4.70,0.02,64079.06,10.41
2026-07-12 04:40,KXBTC15M-26JUL120045-45,entry,no,94,5,4.70,0.02,63970.59,11.93
2026-07-12 04:55,KXBTC15M-26JUL120100-00,entry,no,91,5,4.55,0.03,63968.32,3.90
2026-07-12 05:10,KXBTC15M-26JUL120115-15,entry,yes,86,5,4.30,0.05,63970.00,2.99
2026-07-12 05:25,KXBTC15M-26JUL120130-30,entry,no,97,5,4.85,0.02,63884.21,11.51
2026-07-12 05:40,KXBTC15M-26JUL120145-45,entry,yes,98,5,4.90,0.01,63929.65,7.50
2026-07-12 06:10,KXBTC15M-26JUL120215-15,entry,no,99,5,4.95,0.01,63739.70,32.24
2026-07-12 06:40,KXBTC15M-26JUL120245-45,entry,yes,96,5,4.80,0.02,63733.24,17.14
2026-07-12 07:10,KXBTC15M-26JUL120315-15,entry,yes,95,5,4.75,0.02,63757.55,5.35
2026-07-12 07:25,KXBTC15M-26JUL120330-30,entry,yes,98,5,4.90,0.01,63820.10,8.37
2026-07-12 07:55,KXBTC15M-26JUL120400-00,entry,yes,82,6,4.92,0.07,63855.40,5.10
2026-07-12 08:10,KXBTC15M-26JUL120415-15,entry,yes,99,5,4.95,0.01,63945.23,15.42
2026-07-12 08:25,KXBTC15M-26JUL120430-30,entry,no,92,5,4.60,0.03,63971.15,5.81
2026-07-12 08:55,KXBTC15M-26JUL120500-00,entry,no,95,5,4.75,0.02,63940.23,4.71
2026-07-12 09:10,KXBTC15M-26JUL120515-15,entry,no,73,6,4.38,0.09,63927.02,2.84
2026-07-12 09:55,KXBTC15M-26JUL120600-00,entry,no,79,6,4.74,0.07,63943.80,4.27
2026-07-12 10:10,KXBTC15M-26JUL120615-15,entry,no,98,5,4.90,0.01,63860.33,10.18
2026-07-12 10:25,KXBTC15M-26JUL120630-30,entry,no,92,5,4.60,0.03,63845.91,6.18
2026-07-12 10:40,KXBTC15M-26JUL120645-45,entry,no,78,6,4.68,0.08,63810.31,6.31
2026-07-12 11:25,KXBTC15M-26JUL120730-30,entry,yes,92,5,4.60,0.03,63829.50,2.40
2026-07-12 11:40,KXBTC15M-26JUL120745-45,entry,yes,98,5,4.90,0.01,63939.80,11.19
2026-07-12 11:55,KXBTC15M-26JUL120800-00,entry,yes,66,7,4.62,0.11,63967.58,1.42
2026-07-12 12:25,KXBTC15M-26JUL120830-30,entry,no,97,5,4.85,0.02,64003.98,8.87
2026-07-12 12:40,KXBTC15M-26JUL120845-45,entry,no,92,5,4.60,0.03,63972.24,7.29
2026-07-12 12:55,KXBTC15M-26JUL120900-00,entry,yes,74,6,4.44,0.09,63997.61,1.03
2026-07-12 13:10,KXBTC15M-26JUL120915-15,entry,yes,83,6,4.98,0.06,64016.11,3.42
2026-07-12 13:55,KXBTC15M-26JUL121000-00,entry,no,76,6,4.56,0.08,63990.05,2.81
2026-07-12 14:10,KXBTC15M-26JUL121015-15,entry,no,82,6,4.92,0.07,63929.95,9.23
2026-07-12 14:40,KXBTC15M-26JUL121045-45,entry,yes,98,5,4.90,0.01,64005.76,7.06
2026-07-12 15:10,KXBTC15M-26JUL121115-15,entry,no,83,6,4.98,0.06,64150.00,3.96
2026-07-12 15:40,KXBTC15M-26JUL121145-45,entry,no,96,5,4.80,0.02,64087.00,14.26
2026-07-12 15:55,KXBTC15M-26JUL121200-00,entry,yes,82,6,4.92,0.07,64133.16,2.01
2026-07-12 16:10,KXBTC15M-26JUL121215-15,entry,yes,62,8,4.96,0.14,64168.00,4.48
2026-07-12 16:25,KXBTC15M-26JUL121230-30,entry,yes,96,5,4.80,0.02,64129.99,15.80
2026-07-12 16:40,KXBTC15M-26JUL121245-45,entry,no,96,5,4.80,0.02,64087.52,8.33
2026-07-12 17:10,KXBTC15M-26JUL121315-15,entry,no,66,7,4.62,0.11,64115.20,3.03
2026-07-12 17:40,KXBTC15M-26JUL121345-45,entry,yes,96,5,4.80,0.02,64118.39,3.67
2026-07-12 17:55,KXBTC15M-26JUL121400-00,entry,no,99,5,4.95,0.01,64021.41,15.67
2026-07-12 18:10,KXBTC15M-26JUL121415-15,entry,no,93,5,4.65,0.03,63997.18,7.09
2026-07-12 18:40,KXBTC15M-26JUL121445-45,entry,yes,92,5,4.60,0.03,64089.89,7.55
2026-07-12 18:55,KXBTC15M-26JUL121500-00,entry,yes,76,6,4.56,0.08,64090.53,1.09
2026-07-12 19:10,KXBTC15M-26JUL121515-15,entry,yes,96,5,4.80,0.02,64181.80,10.83
2026-07-12 19:25,KXBTC15M-26JUL121530-30,entry,yes,94,5,4.70,0.02,64173.16,3.62
2026-07-12 19:40,KXBTC15M-26JUL121545-45,entry,no,97,5,4.85,0.02,64104.47,10.19
2026-07-12 19:55,KXBTC15M-26JUL121600-00,entry,yes,99,5,4.95,0.01,64201.49,11.95
2026-07-12 20:10,KXBTC15M-26JUL121615-15,entry,no,83,6,4.98,0.06,64154.99,6.33
2026-07-12 20:55,KXBTC15M-26JUL121700-00,entry,no,68,7,4.76,0.11,64148.78,5.37
2026-07-12 21:25,KXBTC15M-26JUL121730-30,entry,no,98,5,4.90,0.01,64059.64,17.75
2026-07-12 21:40,KXBTC15M-26JUL121745-45,entry,no,95,5,4.75,0.02,64020.32,8.83
2026-07-12 21:55,KXBTC15M-26JUL121800-00,entry,no,99,5,4.95,0.01,63884.00,19.80
2026-07-12 22:10,KXBTC15M-26JUL121815-15,entry,no,97,5,4.85,0.02,63810.56,14.89
2026-07-12 22:25,KXBTC15M-26JUL121830-30,entry,yes,74,6,4.44,0.09,63794.64,3.25
2026-07-12 22:55,KXBTC15M-26JUL121900-00,entry,yes,74,6,4.44,0.09,63792.58,5.27
2026-07-12 23:10,KXBTC15M-26JUL121915-15,entry,no,98,5,4.90,0.01,63705.01,23.91
2026-07-12 23:25,KXBTC15M-26JUL121930-30,entry,yes,79,6,4.74,0.07,63792.43,0.22
2026-07-12 23:40,KXBTC15M-26JUL121945-45,entry,no,64,7,4.48,0.12,63760.30,6.44
2026-07-12 23:55,KXBTC15M-26JUL122000-00,entry,no,69,7,4.83,0.11,63728.66,7.14
2026-07-13 00:25,KXBTC15M-26JUL122030-30,entry,no,85,5,4.25,0.05,64183.09,9.22
2026-07-13 00:55,KXBTC15M-26JUL122100-00,entry,yes,99,5,4.95,0.01,64007.48,40.62
2026-07-13 01:25,KXBTC15M-26JUL122130-30,entry,no,95,5,4.75,0.02,63699.99,20.73
2026-07-13 01:55,KXBTC15M-26JUL122200-00,entry,no,95,5,4.75,0.02,63456.62,32.58
2026-07-13 02:10,KXBTC15M-26JUL122215-15,entry,no,88,5,4.40,0.04,63223.16,26.58
2026-07-13 02:25,KXBTC15M-26JUL122230-30,entry,no,74,6,4.44,0.09,63353.98,5.66
2026-07-13 02:40,KXBTC15M-26JUL122245-45,entry,no,79,6,4.74,0.07,63413.11,5.67
2026-07-13 02:55,KXBTC15M-26JUL122300-00,entry,no,90,5,4.50,0.04,63350.86,12.44
2026-07-13 03:40,KXBTC15M-26JUL122345-45,entry,no,97,5,4.85,0.02,62806.18,35.58
2026-07-13 03:55,KXBTC15M-26JUL130000-00,entry,no,71,7,4.97,0.11,62770.98,2.20
2026-07-13 04:25,KXBTC15M-26JUL130030-30,entry,yes,83,6,4.98,0.06,62808.04,5.84
2026-07-13 04:40,KXBTC15M-26JUL130045-45,entry,no,97,5,4.85,0.02,62675.76,24.60
2026-07-13 04:55,KXBTC15M-26JUL130100-00,entry,yes,85,5,4.25,0.05,62711.39,4.85
2026-07-13 05:10,KXBTC15M-26JUL130115-15,entry,yes,98,5,4.90,0.01,62831.36,28.18
2026-07-13 05:25,KXBTC15M-26JUL130130-30,entry,no,96,5,4.80,0.02,62657.40,19.88
2026-07-13 05:40,KXBTC15M-26JUL130145-45,entry,yes,99,5,4.95,0.01,62738.18,23.11
2026-07-13 05:55,KXBTC15M-26JUL130200-00,entry,no,61,8,4.88,0.14,62734.90,3.71
2026-07-13 06:10,KXBTC15M-26JUL130215-15,entry,yes,97,5,4.85,0.02,62749.96,2.19
2026-07-13 06:40,KXBTC15M-26JUL130245-45,entry,no,63,7,4.41,0.12,62754.38,4.82
2026-07-13 06:55,KXBTC15M-26JUL130300-00,entry,no,77,6,4.62,0.08,62746.98,7.49
2026-07-13 07:10,KXBTC15M-26JUL130315-15,entry,yes,87,5,4.35,0.04,62804.98,8.23
2026-07-13 07:25,KXBTC15M-26JUL130330-30,entry,yes,92,5,4.60,0.03,62901.76,13.65
2026-07-13 07:40,KXBTC15M-26JUL130345-45,entry,yes,95,5,4.75,0.02,62976.02,7.83
2026-07-13 08:10,KXBTC15M-26JUL130415-15,entry,no,84,5,4.20,0.05,62894.45,10.40
2026-07-13 08:55,KXBTC15M-26JUL130500-00,entry,yes,86,5,4.30,0.05,63095.01,6.54
2026-07-13 09:10,KXBTC15M-26JUL130515-15,entry,no,87,5,4.35,0.04,63101.49,6.93
2026-07-13 09:25,KXBTC15M-26JUL130530-30,entry,no,88,5,4.40,0.04,63049.00,8.06
2026-07-13 10:10,KXBTC15M-26JUL130615-15,entry,no,82,6,4.92,0.07,63014.88,5.38
2026-07-13 11:10,KXBTC15M-26JUL130715-15,entry,yes,99,5,4.95,0.01,63047.27,37.49
2026-07-13 11:25,KXBTC15M-26JUL130730-30,entry,no,95,5,4.75,0.02,62968.95,10.13
2026-07-13 11:40,KXBTC15M-26JUL130745-45,entry,no,86,5,4.30,0.05,62913.09,9.30
2026-07-13 11:55,KXBTC15M-26JUL130800-00,entry,no,96,5,4.80,0.02,62859.61,8.85
2026-07-13 12:25,KXBTC15M-26JUL130830-30,entry,no,96,5,4.80,0.02,62775.74,5.30
2026-07-13 12:40,KXBTC15M-26JUL130845-45,entry,no,99,5,4.95,0.01,62511.51,30.18
2026-07-13 12:55,KXBTC15M-26JUL130900-00,entry,no,62,8,4.96,0.14,62534.51,3.79
2026-07-13 13:10,KXBTC15M-26JUL130915-15,entry,no,72,6,4.32,0.09,62473.31,15.72
2026-07-13 13:55,KXBTC15M-26JUL131000-00,entry,no,78,6,4.68,0.08,62192.81,9.84
2026-07-13 14:25,KXBTC15M-26JUL131030-30,entry,yes,65,7,4.55,0.12,62430.35,12.69
2026-07-13 14:40,KXBTC15M-26JUL131045-45,entry,yes,76,6,4.56,0.08,62556.64,8.83
2026-07-13 14:55,KXBTC15M-26JUL131100-00,entry,yes,80,6,4.80,0.07,62635.99,16.74
2026-07-13 15:25,KXBTC15M-26JUL131130-30,entry,yes,95,5,4.75,0.02,62750.00,1.96
2026-07-13 15:40,KXBTC15M-26JUL131145-45,entry,no,97,5,4.85,0.02,62583.23,27.32
2026-07-13 15:55,KXBTC15M-26JUL131200-00,entry,no,73,6,4.38,0.09,62524.01,7.53
2026-07-13 16:10,KXBTC15M-26JUL131215-15,entry,no,79,6,4.74,0.07,62517.54,4.78
2026-07-13 16:25,KXBTC15M-26JUL131230-30,entry,no,99,5,4.95,0.01,62240.48,36.83
2026-07-13 16:40,KXBTC15M-26JUL131245-45,entry,no,69,7,4.83,0.11,62227.92,7.08
2026-07-13 16:55,KXBTC15M-26JUL131300-00,entry,no,95,5,4.75,0.02,62205.85,16.42
2026-07-13 17:10,KXBTC15M-26JUL131315-15,entry,yes,83,6,4.98,0.06,62249.74,7.84
2026-07-13 17:25,KXBTC15M-26JUL131330-30,entry,no,98,5,4.90,0.01,62124.35,19.34
2026-07-13 17:40,KXBTC15M-26JUL131345-45,entry,no,90,5,4.50,0.04,61985.00,21.34
2026-07-13 17:55,KXBTC15M-26JUL131400-00,entry,no,90,5,4.50,0.04,61945.86,13.86
2026-07-13 18:25,KXBTC15M-26JUL131430-30,entry,yes,83,6,4.98,0.06,61902.81,5.60
2026-07-13 18:40,KXBTC15M-26JUL131445-45,entry,yes,83,6,4.98,0.06,61904.27,6.56
2026-07-13 18:55,KXBTC15M-26JUL131500-00,entry,yes,87,5,4.35,0.04,61971.75,7.40
2026-07-13 19:10,KXBTC15M-26JUL131515-15,entry,yes,71,7,4.97,0.11,61975.45,3.51
2026-07-13 19:25,KXBTC15M-26JUL131530-30,entry,no,78,6,4.68,0.08,61949.88,10.75
2026-07-13 19:40,KXBTC15M-26JUL131545-45,entry,yes,94,5,4.70,0.02,62047.53,14.84
2026-07-13 19:55,KXBTC15M-26JUL131600-00,entry,yes,91,5,4.55,0.03,62180.29,13.20
2026-07-13 20:10,KXBTC15M-26JUL131615-15,entry,no,91,5,4.55,0.03,62152.78,10.01
2026-07-13 20:25,KXBTC15M-26JUL131630-30,entry,no,72,6,4.32,0.09,62145.79,2.34
2026-07-13 20:40,KXBTC15M-26JUL131645-45,entry,yes,87,5,4.35,0.04,62183.82,4.80
2026-07-13 20:55,KXBTC15M-26JUL131700-00,entry,no,83,6,4.98,0.06,62107.74,5.96
2026-07-13 21:10,KXBTC15M-26JUL131715-15,entry,no,92,5,4.60,0.03,62048.76,16.05
2026-07-13 21:25,KXBTC15M-26JUL131730-30,entry,no,63,7,4.41,0.12,61944.11,14.14
2026-07-13 21:40,KXBTC15M-26JUL131745-45,entry,no,88,5,4.40,0.04,61840.64,21.09
2026-07-13 21:55,KXBTC15M-26JUL131800-00,entry,yes,94,5,4.70,0.02,62002.72,16.43
2026-07-13 22:10,KXBTC15M-26JUL131815-15,entry,yes,91,5,4.55,0.03,62092.65,9.57
2026-07-13 22:25,KXBTC15M-26JUL131830-30,entry,no,75,6,4.50,0.08,62096.92,3.82
2026-07-13 22:40,KXBTC15M-26JUL131845-45,entry,no,97,5,4.85,0.02,61991.87,17.94
2026-07-13 22:55,KXBTC15M-26JUL131900-00,entry,no,97,5,4.85,0.02,61882.07,19.37
2026-07-13 23:10,KXBTC15M-26JUL131915-15,entry,yes,98,5,4.90,0.01,61945.53,13.45
2026-07-13 23:25,KXBTC15M-26JUL131930-30,entry,yes,98,5,4.90,0.01,62118.24,21.29
2026-07-13 23:40,KXBTC15M-26JUL131945-45,entry,no,79,6,4.74,0.07,62044.39,9.47
2026-07-13 23:55,KXBTC15M-26JUL132000-00,entry,yes,99,5,4.95,0.01,62220.46,28.92
2026-07-14 00:10,KXBTC15M-26JUL132015-15,entry,yes,61,8,4.88,0.14,62306.95,7.45
2026-07-14 00:25,KXBTC15M-26JUL132030-30,entry,no,80,6,4.80,0.07,62321.65,10.92
2026-07-14 00:55,KXBTC15M-26JUL132100-00,entry,yes,99,5,4.95,0.01,62525.04,46.21
2026-07-14 01:10,KXBTC15M-26JUL132115-15,entry,no,85,5,4.25,0.05,62397.20,14.29
2026-07-14 01:25,KXBTC15M-26JUL132130-30,entry,yes,99,5,4.95,0.01,62555.12,19.86
2026-07-14 01:55,KXBTC15M-26JUL132200-00,entry,yes,78,6,4.68,0.08,62444.72,1.87
2026-07-14 02:10,KXBTC15M-26JUL132215-15,entry,yes,84,5,4.20,0.05,62499.29,4.81
2026-07-14 02:25,KXBTC15M-26JUL132230-30,entry,no,97,5,4.85,0.02,62316.07,19.42
2026-07-14 02:40,KXBTC15M-26JUL132245-45,entry,yes,99,5,4.95,0.01,62496.65,32.09
2026-07-14 02:55,KXBTC15M-26JUL132300-00,entry,no,94,5,4.70,0.02,62476.15,6.93
2026-07-14 03:10,KXBTC15M-26JUL132315-15,entry,no,95,5,4.75,0.02,62389.99,14.36
2026-07-14 03:40,KXBTC15M-26JUL132345-45,entry,yes,91,5,4.55,0.03,62420.40,5.45
2026-07-14 03:55,KXBTC15M-26JUL140000-00,entry,yes,98,5,4.90,0.01,62468.64,9.18
2026-07-14 04:25,KXBTC15M-26JUL140030-30,entry,yes,79,6,4.74,0.07,62558.87,7.91
2026-07-14 04:40,KXBTC15M-26JUL140045-45,entry,yes,98,5,4.90,0.01,62652.88,11.59
2026-07-14 04:55,KXBTC15M-26JUL140100-00,entry,yes,66,7,4.62,0.11,62660.40,1.44
2026-07-14 05:10,KXBTC15M-26JUL140115-15,entry,yes,95,5,4.75,0.02,62772.80,14.64
2026-07-14 05:25,KXBTC15M-26JUL140130-30,entry,yes,70,7,4.90,0.11,62791.37,3.91
2026-07-14 05:40,KXBTC15M-26JUL140145-45,entry,no,97,5,4.85,0.02,62681.32,15.58
2026-07-14 05:55,KXBTC15M-26JUL140200-00,entry,no,78,6,4.68,0.08,62642.94,6.34
2026-07-14 06:10,KXBTC15M-26JUL140215-15,entry,no,94,5,4.70,0.02,62615.27,4.12
2026-07-14 06:40,KXBTC15M-26JUL140245-45,entry,no,75,6,4.50,0.08,62577.67,6.19
2026-07-14 06:55,KXBTC15M-26JUL140300-00,entry,no,95,5,4.75,0.02,62533.62,13.27
2026-07-14 07:10,KXBTC15M-26JUL140315-15,entry,no,72,6,4.32,0.09,62502.12,6.73
2026-07-14 07:25,KXBTC15M-26JUL140330-30,entry,yes,77,6,4.62,0.08,62530.56,4.80
2026-07-14 07:40,KXBTC15M-26JUL140345-45,entry,no,88,5,4.40,0.04,62503.97,8.79
2026-07-14 08:10,KXBTC15M-26JUL140415-15,entry,no,84,5,4.20,0.05,62449.58,4.37
2026-07-14 08:25,KXBTC15M-26JUL140430-30,entry,yes,82,6,4.92,0.07,62531.65,11.35
2026-07-14 08:40,KXBTC15M-26JUL140445-45,entry,yes,96,5,4.80,0.02,62663.52,12.86
2026-07-14 08:55,KXBTC15M-26JUL140500-00,entry,no,96,5,4.80,0.02,62640.95,9.56
2026-07-14 09:10,KXBTC15M-26JUL140515-15,entry,no,62,8,4.96,0.14,62593.80,5.45
2026-07-14 09:40,KXBTC15M-26JUL140545-45,entry,no,93,5,4.65,0.03,62508.47,16.46
2026-07-14 09:55,KXBTC15M-26JUL140600-00,entry,yes,87,5,4.35,0.04,62563.10,8.79
2026-07-14 10:10,KXBTC15M-26JUL140615-15,entry,yes,98,5,4.90,0.01,62657.94,15.61
2026-07-14 10:40,KXBTC15M-26JUL140645-45,entry,yes,96,5,4.80,0.02,62701.29,16.15
2026-07-14 10:55,KXBTC15M-26JUL140700-00,entry,yes,86,5,4.30,0.05,62751.36,6.30
2026-07-14 11:10,KXBTC15M-26JUL140715-15,entry,no,96,5,4.80,0.02,62657.98,14.49
2026-07-14 11:25,KXBTC15M-26JUL140730-30,entry,yes,86,5,4.30,0.05,62757.95,8.48
2026-07-14 11:40,KXBTC15M-26JUL140745-45,entry,no,63,7,4.41,0.12,62768.19,4.49
2026-07-14 12:10,KXBTC15M-26JUL140815-15,entry,no,91,5,4.55,0.03,62717.81,9.51
2026-07-14 12:25,KXBTC15M-26JUL140830-30,entry,yes,99,5,4.95,0.01,62959.13,29.29
2026-07-14 12:40,KXBTC15M-26JUL140845-45,entry,yes,99,5,4.95,0.01,63373.28,80.21
2026-07-14 12:55,KXBTC15M-26JUL140900-00,entry,yes,99,5,4.95,0.01,63788.62,44.29
2026-07-14 13:10,KXBTC15M-26JUL140915-15,entry,no,95,5,4.75,0.02,63707.10,26.51
2026-07-14 13:25,KXBTC15M-26JUL140930-30,entry,yes,99,5,4.95,0.01,63985.13,40.81
2026-07-14 13:40,KXBTC15M-26JUL140945-45,entry,no,66,7,4.62,0.11,63840.65,7.94
2026-07-14 13:55,KXBTC15M-26JUL141000-00,entry,yes,82,6,4.92,0.07,63744.96,9.53
2026-07-14 14:10,KXBTC15M-26JUL141015-15,entry,no,95,5,4.75,0.02,63604.99,27.24
2026-07-14 14:40,KXBTC15M-26JUL141045-45,entry,yes,94,5,4.70,0.02,64008.47,29.91
2026-07-14 14:55,KXBTC15M-26JUL141100-00,entry,yes,86,5,4.30,0.05,64008.04,9.13
2026-07-14 15:10,KXBTC15M-26JUL141115-15,entry,yes,84,5,4.20,0.05,64219.80,13.75
2026-07-14 15:25,KXBTC15M-26JUL141130-30,entry,yes,88,5,4.40,0.04,64241.30,12.83
2026-07-14 15:40,KXBTC15M-26JUL141145-45,entry,yes,99,5,4.95,0.01,64705.92,38.33
2026-07-14 15:55,KXBTC15M-26JUL141200-00,entry,no,97,5,4.85,0.02,64541.96,30.66
2026-07-14 16:10,KXBTC15M-26JUL141215-15,entry,yes,90,5,4.50,0.04,64815.00,17.22
2026-07-14 16:25,KXBTC15M-26JUL141230-30,entry,yes,81,6,4.86,0.07,64810.05,16.20
2026-07-14 16:55,KXBTC15M-26JUL141300-00,entry,no,75,6,4.50,0.08,64737.80,6.72
2026-07-14 17:10,KXBTC15M-26JUL141315-15,entry,no,98,5,4.90,0.01,64555.85,21.90
2026-07-14 17:25,KXBTC15M-26JUL141330-30,entry,no,95,5,4.75,0.02,64422.06,22.10
2026-07-14 17:40,KXBTC15M-26JUL141345-45,entry,no,95,5,4.75,0.02,64449.84,9.73
2026-07-14 17:55,KXBTC15M-26JUL141400-00,entry,yes,99,5,4.95,0.01,64606.11,20.62
2026-07-14 18:10,KXBTC15M-26JUL141415-15,entry,no,99,5,4.95,0.01,64464.99,20.66
2026-07-14 18:40,KXBTC15M-26JUL141445-45,entry,yes,97,5,4.85,0.02,64573.86,11.93
2026-07-14 19:25,KXBTC15M-26JUL141530-30,entry,no,61,8,4.88,0.14,64584.15,2.47
2026-07-14 19:40,KXBTC15M-26JUL141545-45,entry,no,97,5,4.85,0.02,64467.99,14.15
2026-07-14 19:55,KXBTC15M-26JUL141600-00,entry,yes,99,5,4.95,0.01,64583.59,12.13
2026-07-14 20:10,KXBTC15M-26JUL141615-15,entry,no,96,5,4.80,0.02,64458.87,14.69
2026-07-14 20:25,KXBTC15M-26JUL141630-30,entry,no,62,8,4.96,0.14,64409.08,4.80
2026-07-14 20:40,KXBTC15M-26JUL141645-45,entry,no,65,7,4.55,0.12,64402.02,1.09
2026-07-14 20:55,KXBTC15M-26JUL141700-00,entry,yes,94,5,4.70,0.02,64478.94,9.41
2026-07-14 21:10,KXBTC15M-26JUL141715-15,entry,yes,71,7,4.97,0.11,64565.64,5.31
2026-07-14 21:25,KXBTC15M-26JUL141730-30,entry,yes,82,6,4.92,0.07,64582.01,2.25
2026-07-14 21:40,KXBTC15M-26JUL141745-45,entry,yes,96,5,4.80,0.02,64733.78,17.67
2026-07-14 21:55,KXBTC15M-26JUL141800-00,entry,no,97,5,4.85,0.02,64620.04,12.60
2026-07-14 22:10,KXBTC15M-26JUL141815-15,entry,no,98,5,4.90,0.01,64528.34,16.65
2026-07-14 22:25,KXBTC15M-26JUL141830-30,entry,yes,99,5,4.95,0.01,64890.02,61.45
2026-07-14 23:10,KXBTC15M-26JUL141915-15,entry,yes,81,6,4.86,0.07,64955.68,19.24
2026-07-14 23:25,KXBTC15M-26JUL141930-30,entry,no,99,5,4.95,0.01,64867.37,17.09
2026-07-14 23:40,KXBTC15M-26JUL141945-45,entry,yes,98,5,4.90,0.01,64950.62,13.49
2026-07-14 23:55,KXBTC15M-26JUL142000-00,entry,yes,74,6,4.44,0.09,64973.42,2.39
2026-07-15 00:25,KXBTC15M-26JUL142030-30,entry,no,92,5,4.60,0.03,64797.89,12.96
2026-07-15 00:40,KXBTC15M-26JUL142045-45,entry,no,93,5,4.65,0.03,64776.03,8.94
2026-07-15 00:55,KXBTC15M-26JUL142100-00,entry,yes,91,5,4.55,0.03,64782.72,6.85
2026-07-15 01:10,KXBTC15M-26JUL142115-15,entry,no,98,5,4.90,0.01,64669.89,18.30
2026-07-15 01:25,KXBTC15M-26JUL142130-30,entry,yes,83,6,4.98,0.06,64743.02,6.38
2026-07-15 01:40,KXBTC15M-26JUL142145-45,entry,no,99,5,4.95,0.01,64652.25,21.52
2026-07-15 01:55,KXBTC15M-26JUL142200-00,entry,no,69,7,4.83,0.11,64609.77,4.73
2026-07-15 02:10,KXBTC15M-26JUL142215-15,entry,yes,83,6,4.98,0.06,64700.47,10.92
2026-07-15 02:25,KXBTC15M-26JUL142230-30,entry,no,99,5,4.95,0.01,64525.45,21.24
2026-07-15 02:55,KXBTC15M-26JUL142300-00,entry,no,98,5,4.90,0.01,64462.55,7.41
2026-07-15 03:10,KXBTC15M-26JUL142315-15,entry,yes,99,5,4.95,0.01,64582.49,20.08
2026-07-15 03:25,KXBTC15M-26JUL142330-30,entry,no,85,5,4.25,0.05,64548.30,5.20
2026-07-15 03:40,KXBTC15M-26JUL142345-45,entry,yes,95,5,4.75,0.02,64620.49,10.04
2026-07-15 03:55,KXBTC15M-26JUL150000-00,entry,yes,98,5,4.90,0.01,64755.20,15.81
2026-07-15 04:10,KXBTC15M-26JUL150015-15,entry,no,67,7,4.69,0.11,64736.93,2.02
2026-07-15 04:25,KXBTC15M-26JUL150030-30,entry,no,91,5,4.55,0.03,64743.03,6.57
2026-07-15 04:40,KXBTC15M-26JUL150045-45,entry,yes,81,6,4.86,0.07,64745.10,2.12
2026-07-15 05:10,KXBTC15M-26JUL150115-15,entry,no,96,5,4.80,0.02,64604.08,14.13
2026-07-15 05:25,KXBTC15M-26JUL150130-30,entry,yes,85,5,4.25,0.05,64603.24,4.26
2026-07-15 05:40,KXBTC15M-26JUL150145-45,entry,yes,85,5,4.25,0.05,64677.99,7.93
2026-07-15 05:55,KXBTC15M-26JUL150200-00,entry,yes,97,5,4.85,0.02,64739.73,12.63
2026-07-15 06:10,KXBTC15M-26JUL150215-15,entry,yes,73,6,4.38,0.09,64923.01,3.93
2026-07-15 06:40,KXBTC15M-26JUL150245-45,entry,yes,92,5,4.60,0.03,65007.98,12.90
2026-07-15 06:55,KXBTC15M-26JUL150300-00,entry,no,98,5,4.90,0.01,64878.41,16.84
2026-07-15 07:10,KXBTC15M-26JUL150315-15,entry,no,65,7,4.55,0.12,64778.39,0.40
2026-07-15 07:25,KXBTC15M-26JUL150330-30,entry,no,99,5,4.95,0.01,64575.40,38.51
2026-07-15 07:40,KXBTC15M-26JUL150345-45,entry,yes,99,5,4.95,0.01,64546.52,10.61
2026-07-15 08:10,KXBTC15M-26JUL150415-15,entry,yes,67,7,4.69,0.11,64545.02,5.07
2026-07-15 08:25,KXBTC15M-26JUL150430-30,entry,yes,78,6,4.68,0.08,64564.42,3.98
2026-07-15 08:40,KXBTC15M-26JUL150445-45,entry,yes,98,5,4.90,0.01,64677.38,12.60
2026-07-15 08:55,KXBTC15M-26JUL150500-00,entry,yes,73,6,4.38,0.09,64688.99,1.24
2026-07-15 09:10,KXBTC15M-26JUL150515-15,entry,yes,88,5,4.40,0.04,64791.87,10.99
2026-07-15 09:25,KXBTC15M-26JUL150530-30,entry,yes,92,5,4.60,0.03,64820.92,5.06
2026-07-15 09:40,KXBTC15M-26JUL150545-45,entry,no,96,5,4.80,0.02,64701.12,14.42
2026-07-15 09:55,KXBTC15M-26JUL150600-00,entry,no,87,5,4.35,0.04,64624.90,6.97
2026-07-15 10:10,KXBTC15M-26JUL150615-15,entry,yes,99,5,4.95,0.01,64770.09,23.35
2026-07-15 10:25,KXBTC15M-26JUL150630-30,entry,no,99,5,4.95,0.01,64631.73,20.20
2026-07-15 10:40,KXBTC15M-26JUL150645-45,entry,yes,95,5,4.75,0.02,64620.05,4.61
2026-07-15 10:55,KXBTC15M-26JUL150700-00,entry,no,61,8,4.88,0.14,64603.12,3.29
2026-07-15 11:10,KXBTC15M-26JUL150715-15,entry,yes,99,5,4.95,0.01,64668.45,9.27
2026-07-15 11:25,KXBTC15M-26JUL150730-30,entry,no,99,5,4.95,0.01,64585.15,14.47
2026-07-15 11:40,KXBTC15M-26JUL150745-45,entry,yes,99,5,4.95,0.01,64617.64,5.50
2026-07-15 11:55,KXBTC15M-26JUL150800-00,entry,yes,94,5,4.70,0.02,64668.74,4.91
2026-07-15 12:10,KXBTC15M-26JUL150815-15,entry,no,95,5,4.75,0.02,64584.96,16.14
2026-07-15 12:25,KXBTC15M-26JUL150830-30,entry,no,95,5,4.75,0.02,64586.00,8.26
2026-07-15 12:40,KXBTC15M-26JUL150845-45,entry,yes,99,5,4.95,0.01,64754.00,19.72
2026-07-15 13:10,KXBTC15M-26JUL150915-15,entry,yes,97,5,4.85,0.02,65297.92,27.50
2026-07-15 13:40,KXBTC15M-26JUL150945-45,entry,yes,92,5,4.60,0.03,65325.01,9.06
2026-07-15 13:55,KXBTC15M-26JUL151000-00,entry,no,99,5,4.95,0.01,64932.52,51.41
2026-07-15 14:10,KXBTC15M-26JUL151015-15,entry,yes,95,5,4.75,0.02,65256.52,31.57
2026-07-15 14:25,KXBTC15M-26JUL151030-30,entry,no,66,7,4.62,0.11,65061.55,29.68
2026-07-15 14:55,KXBTC15M-26JUL151100-00,entry,yes,72,6,4.32,0.09,65355.65,4.35
2026-07-15 15:10,KXBTC15M-26JUL151115-15,entry,yes,63,7,4.41,0.12,65380.00,5.12
2026-07-15 15:25,KXBTC15M-26JUL151130-30,entry,no,88,5,4.40,0.04,65258.70,14.53
2026-07-15 15:40,KXBTC15M-26JUL151145-45,entry,yes,94,5,4.70,0.02,65453.28,13.93
2026-07-15 15:55,KXBTC15M-26JUL151200-00,entry,no,81,6,4.86,0.07,65363.21,9.65
2026-07-15 16:10,KXBTC15M-26JUL151215-15,entry,no,99,5,4.95,0.01,65128.56,37.91
2026-07-15 16:40,KXBTC15M-26JUL151245-45,entry,no,99,5,4.95,0.01,64787.21,49.56
2026-07-15 16:55,KXBTC15M-26JUL151300-00,entry,yes,99,5,4.95,0.01,64985.79,19.79
2026-07-15 17:25,KXBTC15M-26JUL151330-30,entry,yes,75,6,4.50,0.08,65008.56,3.73
2026-07-15 17:40,KXBTC15M-26JUL151345-45,entry,yes,66,7,4.62,0.11,65025.99,5.67
2026-07-15 18:10,KXBTC15M-26JUL151415-15,entry,no,65,7,4.55,0.12,64999.99,2.77
2026-07-15 18:25,KXBTC15M-26JUL151430-30,entry,no,67,7,4.69,0.11,64987.51,13.58
2026-07-15 18:55,KXBTC15M-26JUL151500-00,entry,no,96,5,4.80,0.02,64871.72,12.65
2026-07-15 19:10,KXBTC15M-26JUL151515-15,entry,yes,92,5,4.60,0.03,64889.71,11.60
2026-07-15 19:25,KXBTC15M-26JUL151530-30,entry,no,98,5,4.90,0.01,64771.95,18.64
2026-07-15 19:40,KXBTC15M-26JUL151545-45,entry,yes,97,5,4.85,0.02,64929.71,17.57
2026-07-15 20:10,KXBTC15M-26JUL151615-15,entry,no,78,6,4.68,0.08,64916.90,2.37
2026-07-15 20:25,KXBTC15M-26JUL151630-30,entry,yes,94,5,4.70,0.02,64964.22,8.56
2026-07-15 20:55,KXBTC15M-26JUL151700-00,entry,no,77,6,4.62,0.08,64940.39,3.97
2026-07-15 21:10,KXBTC15M-26JUL151715-15,entry,no,79,6,4.74,0.07,64807.35,19.90
2026-07-15 21:25,KXBTC15M-26JUL151730-30,entry,yes,75,6,4.50,0.08,64873.46,0.77
2026-07-15 21:40,KXBTC15M-26JUL151745-45,entry,no,94,5,4.70,0.02,64780.92,9.04
2026-07-15 21:55,KXBTC15M-26JUL151800-00,entry,yes,65,7,4.55,0.12,64779.83,0.08
2026-07-15 22:25,KXBTC15M-26JUL151830-30,entry,yes,74,6,4.44,0.09,64805.01,2.99
2026-07-15 23:10,KXBTC15M-26JUL151915-15,entry,yes,91,5,4.55,0.03,64878.99,6.79
2026-07-15 23:25,KXBTC15M-26JUL151930-30,entry,no,91,5,4.55,0.03,64816.39,9.65
2026-07-15 23:40,KXBTC15M-26JUL151945-45,entry,no,92,5,4.60,0.03,64754.11,9.04
2026-07-15 23:55,KXBTC15M-26JUL152000-00,entry,yes,93,5,4.65,0.03,64751.85,8.35
2026-07-16 00:10,KXBTC15M-26JUL152015-15,entry,yes,94,5,4.70,0.02,64796.30,11.79
2026-07-16 00:25,KXBTC15M-26JUL152030-30,entry,no,99,5,4.95,0.01,64620.00,26.00
2026-07-16 00:40,KXBTC15M-26JUL152045-45,entry,no,91,5,4.55,0.03,64476.67,11.31
2026-07-16 00:55,KXBTC15M-26JUL152100-00,entry,yes,98,5,4.90,0.01,64544.02,9.03
2026-07-16 01:10,KXBTC15M-26JUL152115-15,entry,yes,92,5,4.60,0.03,64577.70,4.15
2026-07-16 01:25,KXBTC15M-26JUL152130-30,entry,no,97,5,4.85,0.02,64480.76,15.20
2026-07-16 01:40,KXBTC15M-26JUL152145-45,entry,yes,99,5,4.95,0.01,64635.35,16.52
2026-07-16 01:55,KXBTC15M-26JUL152200-00,entry,yes,99,5,4.95,0.01,64723.03,22.68
2026-07-16 02:10,KXBTC15M-26JUL152215-15,entry,no,93,5,4.65,0.03,64626.87,10.26
2026-07-16 02:25,KXBTC15M-26JUL152230-30,entry,yes,71,7,4.97,0.11,64645.07,4.71
2026-07-16 02:40,KXBTC15M-26JUL152245-45,entry,no,94,5,4.70,0.02,64574.06,8.35
2026-07-16 02:55,KXBTC15M-26JUL152300-00,entry,yes,80,6,4.80,0.07,64589.35,5.05
2026-07-16 03:10,KXBTC15M-26JUL152315-15,entry,no,67,7,4.69,0.11,64590.22,3.41
2026-07-16 03:25,KXBTC15M-26JUL152330-30,entry,no,98,5,4.90,0.01,64586.09,11.42
2026-07-16 03:55,KXBTC15M-26JUL160000-00,entry,no,90,5,4.50,0.04,64549.73,10.27
2026-07-16 04:10,KXBTC15M-26JUL160015-15,entry,no,78,6,4.68,0.08,64562.84,0.32
2026-07-16 04:25,KXBTC15M-26JUL160030-30,entry,no,89,5,4.45,0.04,64566.19,5.54
2026-07-16 04:40,KXBTC15M-26JUL160045-45,entry,no,86,5,4.30,0.05,64539.05,9.19
2026-07-16 04:55,KXBTC15M-26JUL160100-00,entry,yes,78,6,4.68,0.08,64569.01,0.36
2026-07-16 05:10,KXBTC15M-26JUL160115-15,entry,yes,94,5,4.70,0.02,64618.48,8.50
2026-07-16 05:25,KXBTC15M-26JUL160130-30,entry,yes,98,5,4.90,0.01,64853.58,22.83
2026-07-16 06:40,KXBTC15M-26JUL160245-45,entry,no,96,5,4.80,0.02,64661.22,17.43
2026-07-16 09:10,KXBTC15M-26JUL160515-15,entry,yes,68,7,4.76,0.11,64092.26,3.83
2026-07-16 09:25,KXBTC15M-26JUL160530-30,entry,no,96,5,4.80,0.02,64019.26,10.90
2026-07-16 09:40,KXBTC15M-26JUL160545-45,entry,yes,67,7,4.69,0.11,64033.31,4.86
2026-07-16 09:55,KXBTC15M-26JUL160600-00,entry,no,81,6,4.86,0.07,64015.53,7.09
2026-07-16 10:10,KXBTC15M-26JUL160615-15,entry,yes,99,5,4.95,0.01,64093.34,9.35
2026-07-16 10:25,KXBTC15M-26JUL160630-30,entry,yes,96,5,4.80,0.02,64142.62,6.81
2026-07-16 10:40,KXBTC15M-26JUL160645-45,entry,no,88,5,4.40,0.04,64140.98,4.89
2026-07-16 10:55,KXBTC15M-26JUL160700-00,entry,no,81,6,4.86,0.07,64139.59,1.42
2026-07-16 11:10,KXBTC15M-26JUL160715-15,entry,no,96,5,4.80,0.02,64080.38,14.16
2026-07-16 11:25,KXBTC15M-26JUL160730-30,entry,yes,98,5,4.90,0.01,64202.75,12.16
2026-07-16 11:40,KXBTC15M-26JUL160745-45,entry,yes,77,6,4.62,0.08,64173.78,6.16
2026-07-16 11:55,KXBTC15M-26JUL160800-00,entry,no,95,5,4.75,0.02,64159.98,7.94
2026-07-16 12:10,KXBTC15M-26JUL160815-15,entry,no,93,5,4.65,0.03,64139.10,10.71
2026-07-16 12:25,KXBTC15M-26JUL160830-30,entry,no,75,6,4.50,0.08,64066.52,7.45
2026-07-16 12:40,KXBTC15M-26JUL160845-45,entry,no,98,5,4.90,0.01,63896.92,35.81
2026-07-16 12:55,KXBTC15M-26JUL160900-00,entry,yes,95,5,4.75,0.02,63957.22,15.90
2026-07-16 13:10,KXBTC15M-26JUL160915-15,entry,yes,90,5,4.50,0.04,64028.00,16.12
2026-07-16 13:25,KXBTC15M-26JUL160930-30,entry,yes,97,5,4.85,0.02,64126.02,11.95
2026-07-16 13:40,KXBTC15M-26JUL160945-45,entry,yes,87,5,4.35,0.04,64263.22,13.58
2026-07-16 13:55,KXBTC15M-26JUL161000-00,entry,yes,84,5,4.20,0.05,64232.01,15.09
2026-07-16 14:10,KXBTC15M-26JUL161015-15,entry,yes,98,5,4.90,0.01,64539.09,32.37
2026-07-16 14:40,KXBTC15M-26JUL161045-45,entry,no,87,5,4.35,0.04,64657.17,12.00
2026-07-16 14:55,KXBTC15M-26JUL161100-00,entry,no,97,5,4.85,0.02,64403.93,38.86
2026-07-16 15:10,KXBTC15M-26JUL161115-15,entry,no,92,5,4.60,0.03,64405.64,13.25
2026-07-16 16:10,KXBTC15M-26JUL161215-15,entry,no,95,5,4.75,0.02,64466.81,31.40
2026-07-16 16:25,KXBTC15M-26JUL161230-30,entry,no,84,5,4.20,0.05,64467.68,1.18
2026-07-16 16:40,KXBTC15M-26JUL161245-45,entry,no,94,5,4.70,0.02,64416.41,12.48
2026-07-16 16:55,KXBTC15M-26JUL161300-00,entry,yes,92,5,4.60,0.03,64458.70,17.01
2026-07-16 17:10,KXBTC15M-26JUL161315-15,entry,no,99,5,4.95,0.01,64210.53,37.85
2026-07-16 17:55,KXBTC15M-26JUL161400-00,entry,no,82,6,4.92,0.07,63959.46,23.26
2026-07-16 18:10,KXBTC15M-26JUL161415-15,entry,yes,97,5,4.85,0.02,64126.26,16.66
2026-07-16 18:25,KXBTC15M-26JUL161430-30,entry,yes,97,5,4.85,0.02,64233.60,10.68
2026-07-16 18:40,KXBTC15M-26JUL161445-45,entry,no,97,5,4.85,0.02,64066.82,20.41
2026-07-16 18:55,KXBTC15M-26JUL161500-00,entry,yes,99,5,4.95,0.01,64210.65,16.80
2026-07-16 19:10,KXBTC15M-26JUL161515-15,entry,no,67,7,4.69,0.11,64204.99,2.68
2026-07-16 19:25,KXBTC15M-26JUL161530-30,entry,no,88,5,4.40,0.04,64148.53,7.09
2026-07-16 19:40,KXBTC15M-26JUL161545-45,entry,no,74,6,4.44,0.09,64180.30,7.14
2026-07-16 19:55,KXBTC15M-26JUL161600-00,entry,yes,94,5,4.70,0.02,64228.97,11.16
2026-07-16 20:10,KXBTC15M-26JUL161615-15,entry,no,96,5,4.80,0.02,64159.06,9.30
2026-07-16 20:40,KXBTC15M-26JUL161645-45,entry,no,88,5,4.40,0.04,64085.24,8.29
2026-07-16 20:55,KXBTC15M-26JUL161700-00,entry,no,84,5,4.20,0.05,64080.78,4.20
2026-07-16 21:10,KXBTC15M-26JUL161715-15,entry,yes,83,6,4.98,0.06,64111.44,2.49
2026-07-16 21:25,KXBTC15M-26JUL161730-30,entry,no,79,6,4.74,0.07,64105.41,5.45
2026-07-16 21:40,KXBTC15M-26JUL161745-45,entry,yes,72,6,4.32,0.09,64163.78,4.16
2026-07-16 22:10,KXBTC15M-26JUL161815-15,entry,yes,86,5,4.30,0.05,64125.98,2.51
2026-07-16 22:25,KXBTC15M-26JUL161830-30,entry,no,98,5,4.90,0.01,63995.61,20.61
2026-07-16 22:40,KXBTC15M-26JUL161845-45,entry,yes,97,5,4.85,0.02,63986.08,1.44
2026-07-16 22:55,KXBTC15M-26JUL161900-00,entry,no,98,5,4.90,0.01,63910.74,19.22
2026-07-16 23:10,KXBTC15M-26JUL161915-15,entry,no,73,6,4.38,0.09,63879.80,6.06
2026-07-16 23:25,KXBTC15M-26JUL161930-30,entry,no,99,5,4.95,0.01,63767.70,17.10
2026-07-16 23:40,KXBTC15M-26JUL161945-45,entry,no,87,5,4.35,0.04,63724.92,6.93
2026-07-17 00:10,KXBTC15M-26JUL162015-15,entry,no,93,5,4.65,0.03,63737.82,8.85
2026-07-17 00:40,KXBTC15M-26JUL162045-45,entry,no,95,5,4.75,0.02,63680.83,10.75
2026-07-17 00:55,KXBTC15M-26JUL162100-00,entry,yes,92,5,4.60,0.03,63804.14,13.74
2026-07-17 01:10,KXBTC15M-26JUL162115-15,entry,yes,98,5,4.90,0.01,63946.95,18.34
2026-07-17 01:25,KXBTC15M-26JUL162130-30,entry,no,92,5,4.60,0.03,63847.46,14.72
2026-07-17 01:40,KXBTC15M-26JUL162145-45,entry,no,96,5,4.80,0.02,63792.66,17.63
2026-07-17 02:10,KXBTC15M-26JUL162215-15,entry,no,88,5,4.40,0.04,63404.85,14.20
2026-07-17 02:25,KXBTC15M-26JUL162230-30,entry,no,90,5,4.50,0.04,63525.61,6.67
2026-07-17 02:40,KXBTC15M-26JUL162245-45,entry,no,98,5,4.90,0.01,63403.55,21.40
2026-07-17 02:55,KXBTC15M-26JUL162300-00,entry,no,92,5,4.60,0.03,63363.01,6.51
2026-07-17 03:10,KXBTC15M-26JUL162315-15,entry,yes,98,5,4.90,0.01,63550.81,18.16
2026-07-17 03:25,KXBTC15M-26JUL162330-30,entry,yes,89,5,4.45,0.04,63631.78,9.32
2026-07-17 03:40,KXBTC15M-26JUL162345-45,entry,no,75,6,4.50,0.08,63556.90,12.03
2026-07-17 03:55,KXBTC15M-26JUL170000-00,entry,no,94,5,4.70,0.02,63527.66,7.32
2026-07-17 04:10,KXBTC15M-26JUL170015-15,entry,no,97,5,4.85,0.02,63468.13,7.86
2026-07-17 04:25,KXBTC15M-26JUL170030-30,entry,no,96,5,4.80,0.02,63352.11,14.99
2026-07-17 04:40,KXBTC15M-26JUL170045-45,entry,yes,73,6,4.38,0.09,63334.65,1.41
2026-07-17 05:10,KXBTC15M-26JUL170115-15,entry,no,95,5,4.75,0.02,63375.83,9.05
2026-07-17 05:25,KXBTC15M-26JUL170130-30,entry,no,98,5,4.90,0.01,63257.89,18.75
2026-07-17 05:40,KXBTC15M-26JUL170145-45,entry,no,98,5,4.90,0.01,62987.86,34.42
2026-07-17 05:55,KXBTC15M-26JUL170200-00,entry,no,98,5,4.90,0.01,62812.70,20.24
2026-07-17 07:10,KXBTC15M-26JUL170315-15,entry,no,62,8,4.96,0.14,62836.21,8.25
2026-07-17 07:25,KXBTC15M-26JUL170330-30,entry,no,85,5,4.25,0.05,62818.59,5.25
2026-07-17 07:55,KXBTC15M-26JUL170400-00,entry,no,89,5,4.45,0.04,62861.31,8.02
2026-07-17 08:10,KXBTC15M-26JUL170415-15,entry,yes,71,7,4.97,0.11,62791.83,2.02
2026-07-17 08:25,KXBTC15M-26JUL170430-30,entry,no,85,5,4.25,0.05,62732.96,16.38
2026-07-17 08:40,KXBTC15M-26JUL170445-45,entry,no,96,5,4.80,0.02,62659.35,16.14
2026-07-17 08:55,KXBTC15M-26JUL170500-00,entry,yes,96,5,4.80,0.02,62821.27,15.20
2026-07-17 09:40,KXBTC15M-26JUL170545-45,entry,yes,90,5,4.50,0.04,62942.72,6.95
2026-07-17 09:55,KXBTC15M-26JUL170600-00,entry,no,92,5,4.60,0.03,62928.92,11.22
2026-07-17 10:10,KXBTC15M-26JUL170615-15,entry,yes,96,5,4.80,0.02,62971.69,5.39
2026-07-17 10:25,KXBTC15M-26JUL170630-30,entry,no,82,6,4.92,0.07,63001.60,5.62
2026-07-17 10:40,KXBTC15M-26JUL170645-45,entry,yes,96,5,4.80,0.02,63101.76,9.43
2026-07-17 11:10,KXBTC15M-26JUL170715-15,entry,no,98,5,4.90,0.01,63057.95,11.02
2026-07-17 11:40,KXBTC15M-26JUL170745-45,entry,yes,99,5,4.95,0.01,63234.52,24.93
2026-07-17 11:55,KXBTC15M-26JUL170800-00,entry,yes,93,5,4.65,0.03,63290.63,8.27
2026-07-17 12:10,KXBTC15M-26JUL170815-15,entry,no,88,5,4.40,0.04,63206.44,8.12
2026-07-17 12:40,KXBTC15M-26JUL170845-45,entry,no,95,5,4.75,0.02,63088.87,8.06
2026-07-17 12:55,KXBTC15M-26JUL170900-00,entry,yes,79,6,4.74,0.07,63097.12,5.23
2026-07-17 13:10,KXBTC15M-26JUL170915-15,entry,no,99,5,4.95,0.01,62786.66,41.63
2026-07-17 13:25,KXBTC15M-26JUL170930-30,entry,yes,73,6,4.38,0.09,62806.55,6.50
2026-07-17 13:40,KXBTC15M-26JUL170945-45,entry,no,99,5,4.95,0.01,62617.93,27.74
2026-07-17 13:55,KXBTC15M-26JUL171000-00,entry,yes,99,5,4.95,0.01,62757.89,42.13
2026-07-17 14:10,KXBTC15M-26JUL171015-15,entry,yes,99,5,4.95,0.01,63413.76,53.51
2026-07-17 14:25,KXBTC15M-26JUL171030-30,entry,no,80,6,4.80,0.07,63269.00,9.42
2026-07-17 14:40,KXBTC15M-26JUL171045-45,entry,yes,88,5,4.40,0.04,63262.87,13.13
2026-07-17 14:55,KXBTC15M-26JUL171100-00,entry,no,88,5,4.40,0.04,63188.81,6.42
2026-07-17 15:10,KXBTC15M-26JUL171115-15,entry,no,94,5,4.70,0.02,62948.00,31.64
2026-07-17 15:25,KXBTC15M-26JUL171130-30,entry,yes,99,5,4.95,0.01,63098.00,39.98
2026-07-17 15:55,KXBTC15M-26JUL171200-00,entry,yes,91,5,4.55,0.03,63281.27,19.40
2026-07-17 16:10,KXBTC15M-26JUL171215-15,entry,yes,79,6,4.74,0.07,63476.33,15.82
2026-07-17 16:25,KXBTC15M-26JUL171230-30,entry,no,98,5,4.90,0.01,63347.64,15.61
2026-07-17 16:40,KXBTC15M-26JUL171245-45,entry,no,68,7,4.76,0.11,63372.35,9.22
2026-07-17 16:55,KXBTC15M-26JUL171300-00,entry,yes,97,5,4.85,0.02,63564.00,14.81
2026-07-17 17:10,KXBTC15M-26JUL171315-15,entry,yes,99,5,4.95,0.01,63938.24,59.53
2026-07-17 18:10,KXBTC15M-26JUL171415-15,entry,no,65,7,4.55,0.12,64028.03,0.10
2026-07-17 18:25,KXBTC15M-26JUL171430-30,entry,no,98,5,4.90,0.01,63892.15,26.71
2026-07-17 18:40,KXBTC15M-26JUL171445-45,entry,yes,97,5,4.85,0.02,64017.05,14.76
2026-07-17 18:55,KXBTC15M-26JUL171500-00,entry,yes,99,5,4.95,0.01,64248.23,25.29
2026-07-17 19:10,KXBTC15M-26JUL171515-15,entry,no,99,5,4.95,0.01,64061.15,25.79
2026-07-17 19:25,KXBTC15M-26JUL171530-30,entry,no,91,5,4.55,0.03,63985.81,10.47
2026-07-17 19:40,KXBTC15M-26JUL171545-45,entry,yes,85,5,4.25,0.05,64108.34,9.73
2026-07-17 20:10,KXBTC15M-26JUL171615-15,entry,no,99,5,4.95,0.01,63984.14,22.25
2026-07-17 20:25,KXBTC15M-26JUL171630-30,entry,yes,79,6,4.74,0.07,64021.46,6.31
2026-07-17 20:40,KXBTC15M-26JUL171645-45,entry,no,97,5,4.85,0.02,63923.27,16.46
2026-07-17 20:55,KXBTC15M-26JUL171700-00,entry,yes,95,5,4.75,0.02,64129.66,14.66
2026-07-17 21:10,KXBTC15M-26JUL171715-15,entry,yes,86,5,4.30,0.05,64114.88,3.75
2026-07-17 21:40,KXBTC15M-26JUL171745-45,entry,no,96,5,4.80,0.02,64057.37,13.40
2026-07-17 22:10,KXBTC15M-26JUL171815-15,entry,no,80,6,4.80,0.07,64026.20,5.11
2026-07-17 22:25,KXBTC15M-26JUL171830-30,entry,no,94,5,4.70,0.02,63976.16,11.04
2026-07-17 22:40,KXBTC15M-26JUL171845-45,entry,no,89,5,4.45,0.04,63895.96,6.17
2026-07-17 22:55,KXBTC15M-26JUL171900-00,entry,yes,92,5,4.60,0.03,63941.99,4.47
2026-07-17 23:10,KXBTC15M-26JUL171915-15,entry,no,96,5,4.80,0.02,63854.38,13.27
2026-07-17 23:25,KXBTC15M-26JUL171930-30,entry,yes,97,5,4.85,0.02,63903.70,4.87
2026-07-17 23:40,KXBTC15M-26JUL171945-45,entry,yes,86,5,4.30,0.05,63932.80,0.84
2026-07-17 23:55,KXBTC15M-26JUL172000-00,entry,no,91,5,4.55,0.03,63921.99,3.50
2026-07-18 00:10,KXBTC15M-26JUL172015-15,entry,no,89,5,4.45,0.04,63861.86,6.28
2026-07-18 00:25,KXBTC15M-26JUL172030-30,entry,yes,84,5,4.20,0.05,63946.25,4.01
2026-07-18 00:40,KXBTC15M-26JUL172045-45,entry,no,96,5,4.80,0.02,63882.68,11.92
2026-07-18 00:55,KXBTC15M-26JUL172100-00,entry,no,72,6,4.32,0.09,63852.27,4.91
2026-07-18 01:10,KXBTC15M-26JUL172115-15,entry,yes,66,7,4.62,0.11,63876.38,0.91
2026-07-18 01:25,KXBTC15M-26JUL172130-30,entry,yes,97,5,4.85,0.02,63945.13,9.13
2026-07-18 01:40,KXBTC15M-26JUL172145-45,entry,no,95,5,4.75,0.02,63893.60,10.72
2026-07-18 01:55,KXBTC15M-26JUL172200-00,entry,yes,95,5,4.75,0.02,63936.68,4.39
2026-07-18 02:25,KXBTC15M-26JUL172230-30,entry,yes,88,5,4.40,0.04,63956.83,4.24
2026-07-18 03:10,KXBTC15M-26JUL172315-15,entry,yes,90,5,4.50,0.04,63934.46,1.92
2026-07-18 03:40,KXBTC15M-26JUL172345-45,entry,no,75,6,4.50,0.08,63895.40,3.51
2026-07-18 03:55,KXBTC15M-26JUL180000-00,entry,yes,92,5,4.60,0.03,63930.00,3.86
2026-07-18 04:10,KXBTC15M-26JUL180015-15,entry,no,86,5,4.30,0.05,63953.74,4.36
2026-07-18 04:25,KXBTC15M-26JUL180030-30,entry,no,95,5,4.75,0.02,63922.39,5.57
2026-07-18 04:40,KXBTC15M-26JUL180045-45,entry,no,91,5,4.55,0.03,63910.00,5.92
2026-07-18 04:55,KXBTC15M-26JUL180100-00,entry,yes,85,5,4.25,0.05,63914.75,0.28
2026-07-18 05:10,KXBTC15M-26JUL180115-15,entry,no,86,5,4.30,0.05,63900.00,4.33
2026-07-18 05:25,KXBTC15M-26JUL180130-30,entry,yes,94,5,4.70,0.02,63931.83,5.44
2026-07-18 05:40,KXBTC15M-26JUL180145-45,entry,no,64,7,4.48,0.12,63915.90,2.38
2026-07-18 05:55,KXBTC15M-26JUL180200-00,entry,no,73,6,4.38,0.09,63897.14,4.81
2026-07-18 06:10,KXBTC15M-26JUL180215-15,entry,yes,82,6,4.92,0.07,63927.98,1.43
2026-07-18 06:25,KXBTC15M-26JUL180230-30,entry,yes,95,5,4.75,0.02,63941.26,2.67
2026-07-18 06:40,KXBTC15M-26JUL180245-45,entry,no,94,5,4.70,0.02,63923.97,4.25
2026-07-18 06:55,KXBTC15M-26JUL180300-00,entry,yes,77,6,4.62,0.08,63940.10,1.07
2026-07-18 07:10,KXBTC15M-26JUL180315-15,entry,yes,86,5,4.30,0.05,63951.03,1.51
2026-07-18 07:25,KXBTC15M-26JUL180330-30,entry,yes,92,5,4.60,0.03,63967.26,1.24
2026-07-18 07:40,KXBTC15M-26JUL180345-45,entry,no,69,7,4.83,0.11,63955.60,2.90
2026-07-18 07:55,KXBTC15M-26JUL180400-00,entry,no,84,5,4.20,0.05,63958.40,2.99
2026-07-18 08:10,KXBTC15M-26JUL180415-15,entry,no,97,5,4.85,0.02,63932.23,7.24
2026-07-18 08:25,KXBTC15M-26JUL180430-30,entry,yes,88,5,4.40,0.04,63940.00,1.34
2026-07-18 08:40,KXBTC15M-26JUL180445-45,entry,no,71,7,4.97,0.11,63954.39,2.39
2026-07-18 08:55,KXBTC15M-26JUL180500-00,entry,yes,84,5,4.20,0.05,63951.02,1.07
2026-07-18 09:10,KXBTC15M-26JUL180515-15,entry,no,94,5,4.70,0.02,63930.11,3.36
2026-07-18 09:25,KXBTC15M-26JUL180530-30,entry,no,79,6,4.74,0.07,63920.00,2.32
2026-07-18 09:40,KXBTC15M-26JUL180545-45,entry,yes,80,6,4.80,0.07,63924.04,0.60
2026-07-18 09:55,KXBTC15M-26JUL180600-00,entry,yes,94,5,4.70,0.02,63944.95,2.49
2026-07-18 10:10,KXBTC15M-26JUL180615-15,entry,yes,72,6,4.32,0.09,63945.57,0.24
2026-07-18 10:25,KXBTC15M-26JUL180630-30,entry,yes,78,6,4.68,0.08,63954.71,0.86
2026-07-18 10:55,KXBTC15M-26JUL180700-00,entry,yes,80,6,4.80,0.07,63965.09,0.61
2026-07-18 11:25,KXBTC15M-26JUL180730-30,entry,yes,80,6,4.80,0.07,63974.05,0.15
2026-07-18 11:55,KXBTC15M-26JUL180800-00,entry,yes,74,6,4.44,0.09,63977.65,0.23
2026-07-18 12:10,KXBTC15M-26JUL180815-15,entry,yes,95,5,4.75,0.02,64076.16,8.14
2026-07-18 12:25,KXBTC15M-26JUL180830-30,entry,no,95,5,4.75,0.02,64061.09,5.37
2026-07-18 12:40,KXBTC15M-26JUL180845-45,entry,yes,99,5,4.95,0.01,64124.00,9.67
2026-07-18 12:55,KXBTC15M-26JUL180900-00,entry,yes,84,5,4.20,0.05,64157.61,1.88
2026-07-18 13:10,KXBTC15M-26JUL180915-15,entry,no,99,5,4.95,0.01,64038.40,21.95
2026-07-18 13:25,KXBTC15M-26JUL180930-30,entry,no,95,5,4.75,0.02,63950.57,6.05
2026-07-18 13:55,KXBTC15M-26JUL181000-00,entry,yes,82,6,4.92,0.07,64050.57,6.05
2026-07-18 14:10,KXBTC15M-26JUL181015-15,entry,yes,87,5,4.35,0.04,64103.97,6.48
2026-07-18 14:25,KXBTC15M-26JUL181030-30,entry,no,84,5,4.20,0.05,64101.91,4.32
2026-07-18 14:55,KXBTC15M-26JUL181100-00,entry,no,79,6,4.74,0.07,64108.40,3.08
2026-07-18 15:10,KXBTC15M-26JUL181115-15,entry,no,87,5,4.35,0.04,64056.64,5.34
2026-07-18 15:40,KXBTC15M-26JUL181145-45,entry,no,78,6,4.68,0.08,64016.28,4.85
2026-07-18 15:55,KXBTC15M-26JUL181200-00,entry,yes,96,5,4.80,0.02,64076.35,8.35
2026-07-18 16:10,KXBTC15M-26JUL181215-15,entry,no,69,7,4.83,0.11,64076.02,0.94
2026-07-18 16:55,KXBTC15M-26JUL181300-00,entry,yes,99,5,4.95,0.01,64245.69,22.23
2026-07-18 17:25,KXBTC15M-26JUL181330-30,entry,no,63,7,4.41,0.12,64249.13,3.66
2026-07-18 17:40,KXBTC15M-26JUL181345-45,entry,yes,99,5,4.95,0.01,64382.07,19.73
2026-07-18 17:55,KXBTC15M-26JUL181400-00,entry,yes,81,6,4.86,0.07,64414.72,2.31
2026-07-18 18:10,KXBTC15M-26JUL181415-15,entry,no,69,7,4.83,0.11,64439.42,1.46
2026-07-18 18:25,KXBTC15M-26JUL181430-30,entry,yes,98,5,4.90,0.01,64484.64,7.69
2026-07-18 18:40,KXBTC15M-26JUL181445-45,entry,no,96,5,4.80,0.02,64454.99,11.82
2026-07-18 19:25,KXBTC15M-26JUL181530-30,entry,no,68,7,4.76,0.11,64480.97,2.79
2026-07-18 19:40,KXBTC15M-26JUL181545-45,entry,yes,91,5,4.55,0.03,64475.23,3.54
2026-07-18 19:55,KXBTC15M-26JUL181600-00,entry,yes,88,5,4.40,0.04,64517.32,3.40
2026-07-18 20:25,KXBTC15M-26JUL181630-30,entry,yes,89,5,4.45,0.04,64632.89,7.44
2026-07-18 20:40,KXBTC15M-26JUL181645-45,entry,no,93,5,4.65,0.03,64565.59,8.13
2026-07-18 20:55,KXBTC15M-26JUL181700-00,entry,yes,95,5,4.75,0.02,64635.52,9.62
2026-07-18 21:10,KXBTC15M-26JUL181715-15,entry,no,85,5,4.25,0.05,64634.89,4.69
2026-07-18 21:25,KXBTC15M-26JUL181730-30,entry,no,63,7,4.41,0.12,64701.75,0.06
2026-07-18 21:40,KXBTC15M-26JUL181745-45,entry,no,92,5,4.60,0.03,64641.14,8.48
2026-07-18 21:55,KXBTC15M-26JUL181800-00,entry,yes,96,5,4.80,0.02,64710.27,12.42
2026-07-18 22:10,KXBTC15M-26JUL181815-15,entry,yes,86,5,4.30,0.05,64783.99,12.70
2026-07-18 22:25,KXBTC15M-26JUL181830-30,entry,no,91,5,4.55,0.03,64710.03,8.94
2026-07-18 22:40,KXBTC15M-26JUL181845-45,entry,yes,70,7,4.90,0.11,64735.88,4.88
2026-07-18 23:10,KXBTC15M-26JUL181915-15,entry,no,96,5,4.80,0.02,64693.57,13.00
2026-07-18 23:25,KXBTC15M-26JUL181930-30,entry,yes,97,5,4.85,0.02,64771.03,10.69
2026-07-19 00:10,KXBTC15M-26JUL182015-15,entry,yes,72,6,4.32,0.09,64806.28,1.35
2026-07-19 00:40,KXBTC15M-26JUL182045-45,entry,no,80,6,4.80,0.07,64739.11,3.54
2026-07-19 01:40,KXBTC15M-26JUL182145-45,entry,no,68,7,4.76,0.11,64724.88,2.37
2026-07-19 02:10,KXBTC15M-26JUL182215-15,entry,yes,97,5,4.85,0.02,64833.77,15.08
2026-07-19 02:25,KXBTC15M-26JUL182230-30,entry,no,96,5,4.80,0.02,64789.10,11.40
2026-07-19 02:40,KXBTC15M-26JUL182245-45,entry,yes,92,5,4.60,0.03,64812.17,3.66
2026-07-19 03:10,KXBTC15M-26JUL182315-15,entry,no,99,5,4.95,0.01,64701.21,13.85
2026-07-19 03:25,KXBTC15M-26JUL182330-30,entry,no,97,5,4.85,0.02,64606.71,14.74
2026-07-19 03:55,KXBTC15M-26JUL190000-00,entry,yes,92,5,4.60,0.03,64649.57,3.76
2026-07-19 04:10,KXBTC15M-26JUL190015-15,entry,no,97,5,4.85,0.02,64601.64,9.88
2026-07-19 04:25,KXBTC15M-26JUL190030-30,entry,yes,95,5,4.75,0.02,64634.03,4.31
2026-07-19 04:40,KXBTC15M-26JUL190045-45,entry,yes,98,5,4.90,0.01,64714.23,6.28
2026-07-19 04:55,KXBTC15M-26JUL190100-00,entry,no,98,5,4.90,0.01,64668.64,8.93
2026-07-19 05:10,KXBTC15M-26JUL190115-15,entry,yes,94,5,4.70,0.02,64709.97,4.06
2026-07-19 05:25,KXBTC15M-26JUL190130-30,entry,no,78,6,4.68,0.08,64712.39,4.51
2026-07-19 05:40,KXBTC15M-26JUL190145-45,entry,no,85,5,4.25,0.05,64660.91,3.62
2026-07-19 05:55,KXBTC15M-26JUL190200-00,entry,yes,96,5,4.80,0.02,64687.04,4.09
2026-07-19 06:10,KXBTC15M-26JUL190215-15,entry,no,93,5,4.65,0.03,64654.00,4.96
2026-07-19 06:25,KXBTC15M-26JUL190230-30,entry,yes,94,5,4.70,0.02,64698.08,1.34
2026-07-19 06:55,KXBTC15M-26JUL190300-00,entry,no,85,5,4.25,0.05,64670.64,3.47
2026-07-19 07:10,KXBTC15M-26JUL190315-15,entry,no,81,6,4.86,0.07,64650.24,3.93
2026-07-19 07:25,KXBTC15M-26JUL190330-30,entry,yes,90,5,4.50,0.04,64675.99,2.56
2026-07-19 07:40,KXBTC15M-26JUL190345-45,entry,yes,83,6,4.98,0.06,64697.78,2.12
2026-07-19 07:55,KXBTC15M-26JUL190400-00,entry,no,97,5,4.85,0.02,64676.91,7.94
2026-07-19 08:25,KXBTC15M-26JUL190430-30,entry,no,97,5,4.85,0.02,64623.69,9.51
2026-07-19 08:40,KXBTC15M-26JUL190445-45,entry,no,79,6,4.74,0.07,64611.44,3.01
2026-07-19 08:55,KXBTC15M-26JUL190500-00,entry,yes,96,5,4.80,0.02,64645.39,4.05
2026-07-19 09:10,KXBTC15M-26JUL190515-15,entry,no,93,5,4.65,0.03,64612.27,8.52
2026-07-19 09:25,KXBTC15M-26JUL190530-30,entry,no,99,5,4.95,0.01,64526.62,13.52
2026-07-19 09:40,KXBTC15M-26JUL190545-45,entry,no,98,5,4.90,0.01,64463.55,11.59
2026-07-19 10:10,KXBTC15M-26JUL190615-15,entry,yes,74,6,4.44,0.09,64505.15,2.95
2026-07-19 10:25,KXBTC15M-26JUL190630-30,entry,yes,87,5,4.35,0.04,64545.20,1.23
2026-07-19 10:40,KXBTC15M-26JUL190645-45,entry,yes,87,5,4.35,0.04,64605.16,3.81
2026-07-19 10:55,KXBTC15M-26JUL190700-00,entry,no,99,5,4.95,0.01,64546.90,11.99
2026-07-19 11:10,KXBTC15M-26JUL190715-15,entry,yes,90,5,4.50,0.04,64564.00,4.09
2026-07-19 11:40,KXBTC15M-26JUL190745-45,entry,no,84,5,4.20,0.05,64474.54,5.66
2026-07-19 11:55,KXBTC15M-26JUL190800-00,entry,no,98,5,4.90,0.01,64428.15,10.08
2026-07-19 12:10,KXBTC15M-26JUL190815-15,entry,no,99,5,4.95,0.01,64330.07,15.94
2026-07-19 12:25,KXBTC15M-26JUL190830-30,entry,yes,97,5,4.85,0.02,64352.00,5.16
2026-07-19 12:40,KXBTC15M-26JUL190845-45,entry,yes,98,5,4.90,0.01,64355.84,14.09
2026-07-19 12:55,KXBTC15M-26JUL190900-00,entry,yes,79,6,4.74,0.07,64398.81,5.27
2026-07-19 13:10,KXBTC15M-26JUL190915-15,entry,no,96,5,4.80,0.02,64311.68,14.38
2026-07-19 13:55,KXBTC15M-26JUL191000-00,entry,yes,98,5,4.90,0.01,64442.05,9.13
2026-07-19 14:10,KXBTC15M-26JUL191015-15,entry,yes,82,6,4.92,0.07,64445.02,0.14
2026-07-19 14:25,KXBTC15M-26JUL191030-30,entry,no,98,5,4.90,0.01,64390.40,17.64
2026-07-19 14:40,KXBTC15M-26JUL191045-45,entry,yes,89,5,4.45,0.04,64457.35,4.44
2026-07-19 14:55,KXBTC15M-26JUL191100-00,entry,yes,97,5,4.85,0.02,64548.48,11.35
2026-07-19 15:10,KXBTC15M-26JUL191115-15,entry,no,95,5,4.75,0.02,64505.08,7.79
2026-07-19 15:25,KXBTC15M-26JUL191130-30,entry,no,93,5,4.65,0.03,64488.10,7.75
2026-07-19 15:40,KXBTC15M-26JUL191145-45,entry,yes,97,5,4.85,0.02,64539.97,10.24
2026-07-19 16:10,KXBTC15M-26JUL191215-15,entry,no,87,5,4.35,0.04,64488.03,7.06
2026-07-19 16:25,KXBTC15M-26JUL191230-30,entry,yes,97,5,4.85,0.02,64554.55,6.49
2026-07-19 16:40,KXBTC15M-26JUL191245-45,entry,no,97,5,4.85,0.02,64525.50,5.79
2026-07-19 16:55,KXBTC15M-26JUL191300-00,entry,no,98,5,4.90,0.01,64489.31,11.03
2026-07-19 17:10,KXBTC15M-26JUL191315-15,entry,yes,89,5,4.45,0.04,64551.06,8.25
2026-07-19 17:55,KXBTC15M-26JUL191400-00,entry,no,94,5,4.70,0.02,64537.54,7.31
2026-07-19 18:10,KXBTC15M-26JUL191415-15,entry,no,96,5,4.80,0.02,64418.99,14.44
2026-07-19 18:40,KXBTC15M-26JUL191445-45,entry,yes,87,5,4.35,0.04,64403.31,4.25
2026-07-19 18:55,KXBTC15M-26JUL191500-00,entry,no,97,5,4.85,0.02,64328.37,9.36
2026-07-19 19:10,KXBTC15M-26JUL191515-15,entry,yes,95,5,4.75,0.02,64404.63,5.25
2026-07-19 19:25,KXBTC15M-26JUL191530-30,entry,no,77,6,4.62,0.08,64375.51,4.57
2026-07-19 19:40,KXBTC15M-26JUL191545-45,entry,no,83,6,4.98,0.06,64370.07,4.88
2026-07-19 19:55,KXBTC15M-26JUL191600-00,entry,no,76,6,4.56,0.08,64359.99,2.78
2026-07-19 20:10,KXBTC15M-26JUL191615-15,entry,yes,96,5,4.80,0.02,64474.30,8.98
2026-07-19 20:55,KXBTC15M-26JUL191700-00,entry,yes,67,7,4.69,0.11,64467.26,1.29
2026-07-19 21:25,KXBTC15M-26JUL191730-30,entry,no,97,5,4.85,0.02,64426.36,12.76
2026-07-19 21:40,KXBTC15M-26JUL191745-45,entry,no,95,5,4.75,0.02,64316.91,18.45
2026-07-19 22:10,KXBTC15M-26JUL191815-15,entry,yes,95,5,4.75,0.02,64495.16,20.24
2026-07-19 22:25,KXBTC15M-26JUL191830-30,entry,yes,91,5,4.55,0.03,64706.56,14.84
2026-07-19 22:55,KXBTC15M-26JUL191900-00,entry,no,97,5,4.85,0.02,64648.48,18.89
2026-07-19 23:55,KXBTC15M-26JUL192000-00,entry,no,81,6,4.86,0.07,64653.91,4.97
2026-07-20 00:10,KXBTC15M-26JUL192015-15,entry,yes,90,5,4.50,0.04,64850.42,25.27
2026-07-20 00:25,KXBTC15M-26JUL192030-30,entry,no,90,5,4.50,0.04,64815.84,27.24
2026-07-20 00:55,KXBTC15M-26JUL192100-00,entry,no,98,5,4.90,0.01,64527.21,40.80
2026-07-20 01:25,KXBTC15M-26JUL192130-30,entry,yes,72,6,4.32,0.09,64848.95,11.34
2026-07-20 01:40,KXBTC15M-26JUL192145-45,entry,yes,66,7,4.62,0.11,64831.15,0.82
2026-07-20 01:55,KXBTC15M-26JUL192200-00,entry,no,99,5,4.95,0.01,64465.08,37.87
2026-07-20 02:10,KXBTC15M-26JUL192215-15,entry,yes,99,5,4.95,0.01,64845.77,40.09
2026-07-20 02:25,KXBTC15M-26JUL192230-30,entry,no,98,5,4.90,0.01,64639.07,25.03
2026-07-20 02:40,KXBTC15M-26JUL192245-45,entry,yes,83,6,4.98,0.06,64739.98,13.07
2026-07-20 03:10,KXBTC15M-26JUL192315-15,entry,no,61,8,4.88,0.14,64763.14,3.89
2026-07-20 03:25,KXBTC15M-26JUL192330-30,entry,no,93,5,4.65,0.03,64665.94,21.30
2026-07-20 03:40,KXBTC15M-26JUL192345-45,entry,yes,97,5,4.85,0.02,64749.60,16.19
2026-07-20 03:55,KXBTC15M-26JUL200000-00,entry,no,84,5,4.20,0.05,64788.83,9.09
2026-07-20 04:10,KXBTC15M-26JUL200015-15,entry,no,96,5,4.80,0.02,64728.76,7.79
2026-07-20 04:55,KXBTC15M-26JUL200100-00,entry,no,99,5,4.95,0.01,64512.89,28.27
2026-07-20 05:10,KXBTC15M-26JUL200115-15,entry,no,99,5,4.95,0.01,64320.00,28.49
2026-07-20 05:25,KXBTC15M-26JUL200130-30,entry,no,62,8,4.96,0.14,64168.15,3.97
2026-07-20 05:55,KXBTC15M-26JUL200200-00,entry,no,96,5,4.80,0.02,64060.24,17.73
2026-07-20 06:25,KXBTC15M-26JUL200230-30,entry,no,94,5,4.70,0.02,64064.02,12.04
2026-07-20 06:40,KXBTC15M-26JUL200245-45,entry,no,98,5,4.90,0.01,63833.29,39.94
2026-07-20 06:55,KXBTC15M-26JUL200300-00,entry,yes,94,5,4.70,0.02,63869.70,16.59
2026-07-20 07:10,KXBTC15M-26JUL200315-15,entry,yes,95,5,4.75,0.02,63917.91,11.01
2026-07-20 07:25,KXBTC15M-26JUL200330-30,entry,yes,95,5,4.75,0.02,64027.55,16.27
2026-07-20 07:55,KXBTC15M-26JUL200400-00,entry,yes,93,5,4.65,0.03,64183.02,6.78
2026-07-20 08:25,KXBTC15M-26JUL200430-30,entry,no,89,5,4.45,0.04,64182.88,9.29
2026-07-20 08:40,KXBTC15M-26JUL200445-45,entry,no,99,5,4.95,0.01,63916.30,41.67
2026-07-20 08:55,KXBTC15M-26JUL200500-00,entry,yes,84,5,4.20,0.05,63976.00,10.39
2026-07-20 09:25,KXBTC15M-26JUL200530-30,entry,yes,92,5,4.60,0.03,64127.67,13.59
2026-07-20 09:40,KXBTC15M-26JUL200545-45,entry,yes,83,6,4.98,0.06,64164.47,3.84
2026-07-20 10:10,KXBTC15M-26JUL200615-15,entry,yes,68,7,4.76,0.11,64191.36,5.72
2026-07-20 10:25,KXBTC15M-26JUL200630-30,entry,yes,98,5,4.90,0.01,64290.50,10.97
2026-07-20 10:40,KXBTC15M-26JUL200645-45,entry,no,98,5,4.90,0.01,64204.09,15.19
2026-07-20 10:55,KXBTC15M-26JUL200700-00,entry,yes,86,5,4.30,0.05,64271.56,1.16
2026-07-20 11:10,KXBTC15M-26JUL200715-15,entry,yes,99,5,4.95,0.01,64355.35,17.94
2026-07-20 11:25,KXBTC15M-26JUL200730-30,entry,no,95,5,4.75,0.02,64293.57,5.14
2026-07-20 11:55,KXBTC15M-26JUL200800-00,entry,yes,98,5,4.90,0.01,64899.79,16.45
2026-07-20 12:10,KXBTC15M-26JUL200815-15,entry,no,98,5,4.90,0.01,64766.17,29.86
2026-07-20 12:25,KXBTC15M-26JUL200830-30,entry,no,69,7,4.83,0.11,64622.27,9.63
2026-07-20 12:40,KXBTC15M-26JUL200845-45,entry,no,66,7,4.62,0.11,64627.19,3.87
2026-07-20 12:55,KXBTC15M-26JUL200900-00,entry,yes,70,7,4.90,0.11,64596.45,2.42
2026-07-20 13:10,KXBTC15M-26JUL200915-15,entry,yes,94,5,4.70,0.02,64642.11,8.80
2026-07-20 13:25,KXBTC15M-26JUL200930-30,entry,no,94,5,4.70,0.02,64504.63,22.21
2026-07-20 13:40,KXBTC15M-26JUL200945-45,entry,yes,90,5,4.50,0.04,64542.60,8.81
2026-07-20 13:55,KXBTC15M-26JUL201000-00,entry,no,99,5,4.95,0.01,64232.10,58.81
2026-07-20 14:10,KXBTC15M-26JUL201015-15,entry,yes,96,5,4.80,0.02,64336.95,12.40
2026-07-20 14:55,KXBTC15M-26JUL201100-00,entry,no,85,5,4.25,0.05,64327.72,6.24
2026-07-20 15:55,KXBTC15M-26JUL201200-00,entry,yes,99,5,4.95,0.01,65515.18,52.21
2026-07-20 16:10,KXBTC15M-26JUL201215-15,entry,no,87,5,4.35,0.04,65491.91,6.60
2026-07-20 16:25,KXBTC15M-26JUL201230-30,entry,no,83,6,4.98,0.06,65365.85,21.79
2026-07-20 16:40,KXBTC15M-26JUL201245-45,entry,yes,71,7,4.97,0.11,65471.99,12.46
2026-07-20 17:25,KXBTC15M-26JUL201330-30,entry,no,76,6,4.56,0.08,65428.73,5.81
2026-07-20 17:40,KXBTC15M-26JUL201345-45,entry,no,95,5,4.75,0.02,65329.12,18.42
2026-07-20 17:55,KXBTC15M-26JUL201400-00,entry,yes,99,5,4.95,0.01,65507.83,29.17
2026-07-20 18:25,KXBTC15M-26JUL201430-30,entry,no,99,5,4.95,0.01,65570.53,23.11
2026-07-20 18:40,KXBTC15M-26JUL201445-45,entry,no,98,5,4.90,0.01,65403.38,23.64
2026-07-20 18:55,KXBTC15M-26JUL201500-00,entry,no,98,5,4.90,0.01,65181.23,21.98
2026-07-20 19:55,KXBTC15M-26JUL201600-00,entry,yes,89,5,4.45,0.04,65115.17,6.16
2026-07-20 20:25,KXBTC15M-26JUL201630-30,entry,yes,93,5,4.65,0.03,65270.02,13.47
2026-07-20 20:40,KXBTC15M-26JUL201645-45,entry,yes,88,5,4.40,0.04,65301.82,8.24
2026-07-20 20:55,KXBTC15M-26JUL201700-00,entry,yes,94,5,4.70,0.02,65315.17,7.51
2026-07-20 21:10,KXBTC15M-26JUL201715-15,entry,no,84,5,4.20,0.05,65307.42,2.97
2026-07-20 21:40,KXBTC15M-26JUL201745-45,entry,yes,94,5,4.70,0.02,65328.21,8.30
2026-07-20 21:55,KXBTC15M-26JUL201800-00,entry,no,94,5,4.70,0.02,65259.46,9.85
2026-07-20 22:10,KXBTC15M-26JUL201815-15,entry,no,96,5,4.80,0.02,65172.09,13.45
2026-07-20 22:25,KXBTC15M-26JUL201830-30,entry,yes,86,5,4.30,0.05,65191.73,4.06
2026-07-20 22:40,KXBTC15M-26JUL201845-45,entry,no,97,5,4.85,0.02,65068.60,17.33
2026-07-20 23:10,KXBTC15M-26JUL201915-15,entry,yes,98,5,4.90,0.01,65147.60,5.56
2026-07-20 23:25,KXBTC15M-26JUL201930-30,entry,yes,96,5,4.80,0.02,65166.15,6.84
2026-07-20 23:40,KXBTC15M-26JUL201945-45,entry,no,93,5,4.65,0.03,65165.68,6.84
2026-07-21 00:10,KXBTC15M-26JUL202015-15,entry,no,85,5,4.25,0.05,65132.76,12.92
2026-07-21 00:25,KXBTC15M-26JUL202030-30,entry,yes,99,5,4.95,0.01,65359.07,27.94
2026-07-21 00:40,KXBTC15M-26JUL202045-45,entry,yes,96,5,4.80,0.02,65446.02,18.27
2026-07-21 01:10,KXBTC15M-26JUL202115-15,entry,yes,90,5,4.50,0.04,65577.96,6.22
2026-07-21 01:25,KXBTC15M-26JUL202130-30,entry,no,98,5,4.90,0.01,65432.98,13.44
2026-07-21 01:40,KXBTC15M-26JUL202145-45,entry,no,93,5,4.65,0.03,65339.65,13.77
2026-07-21 01:55,KXBTC15M-26JUL202200-00,entry,no,94,5,4.70,0.02,65221.99,12.85
2026-07-21 02:10,KXBTC15M-26JUL202215-15,entry,yes,88,5,4.40,0.04,65232.93,4.22
2026-07-21 02:25,KXBTC15M-26JUL202230-30,entry,yes,79,6,4.74,0.07,65247.37,1.83
2026-07-21 02:40,KXBTC15M-26JUL202245-45,entry,yes,92,5,4.60,0.03,65270.32,6.03
2026-07-21 02:55,KXBTC15M-26JUL202300-00,entry,yes,89,5,4.45,0.04,65423.94,17.35
2026-07-21 03:10,KXBTC15M-26JUL202315-15,entry,yes,78,6,4.68,0.08,65420.80,5.77
2026-07-21 03:25,KXBTC15M-26JUL202330-30,entry,no,65,7,4.55,0.12,65430.68,2.80
2026-07-21 03:40,KXBTC15M-26JUL202345-45,entry,yes,87,5,4.35,0.04,65482.19,6.51
2026-07-21 03:55,KXBTC15M-26JUL210000-00,entry,yes,80,6,4.80,0.07,65476.01,2.86
2026-07-21 04:10,KXBTC15M-26JUL210015-15,entry,yes,90,5,4.50,0.04,65591.02,7.81
2026-07-21 04:25,KXBTC15M-26JUL210030-30,entry,no,81,6,4.86,0.07,65519.98,6.06
2026-07-21 04:55,KXBTC15M-26JUL210100-00,entry,no,84,5,4.20,0.05,65437.37,9.58
2026-07-21 05:10,KXBTC15M-26JUL210115-15,entry,yes,67,7,4.69,0.11,65484.02,0.14
2026-07-21 05:25,KXBTC15M-26JUL210130-30,entry,yes,95,5,4.75,0.02,65558.35,11.05
2026-07-21 05:40,KXBTC15M-26JUL210145-45,entry,no,91,5,4.55,0.03,65556.90,2.74
2026-07-21 05:55,KXBTC15M-26JUL210200-00,entry,yes,94,5,4.70,0.02,65692.13,14.36
2026-07-21 06:10,KXBTC15M-26JUL210215-15,entry,no,92,5,4.60,0.03,65617.90,14.16
2026-07-21 06:25,KXBTC15M-26JUL210230-30,entry,yes,91,5,4.55,0.03,65735.44,7.86
2026-07-21 06:40,KXBTC15M-26JUL210245-45,entry,yes,97,5,4.85,0.02,65897.72,16.58
2026-07-21 06:55,KXBTC15M-26JUL210300-00,entry,no,79,6,4.74,0.07,65848.79,7.99
2026-07-21 07:10,KXBTC15M-26JUL210315-15,entry,no,89,5,4.45,0.04,65822.82,9.83
2026-07-21 07:40,KXBTC15M-26JUL210345-45,entry,yes,95,5,4.75,0.02,66004.62,12.81
2026-07-21 07:55,KXBTC15M-26JUL210400-00,entry,yes,99,5,4.95,0.01,66171.83,27.03
2026-07-21 08:10,KXBTC15M-26JUL210415-15,entry,no,64,7,4.48,0.12,66127.55,5.04
2026-07-21 08:25,KXBTC15M-26JUL210430-30,entry,yes,69,7,4.83,0.11,66257.36,4.67
2026-07-21 08:40,KXBTC15M-26JUL210445-45,entry,yes,97,5,4.85,0.02,66289.47,16.69
2026-07-21 08:55,KXBTC15M-26JUL210500-00,entry,no,93,5,4.65,0.03,66214.60,7.41
2026-07-21 09:10,KXBTC15M-26JUL210515-15,entry,no,70,7,4.90,0.11,66162.33,4.38
2026-07-21 09:25,KXBTC15M-26JUL210530-30,entry,yes,73,6,4.38,0.09,66200.26,4.02
2026-07-21 09:40,KXBTC15M-26JUL210545-45,entry,yes,96,5,4.80,0.02,66245.76,6.19
2026-07-21 09:55,KXBTC15M-26JUL210600-00,entry,yes,86,5,4.30,0.05,66310.09,6.64
2026-07-21 10:10,KXBTC15M-26JUL210615-15,entry,yes,62,8,4.96,0.14,66332.00,12.31
2026-07-21 10:40,KXBTC15M-26JUL210645-45,entry,no,79,6,4.74,0.07,66284.40,11.28
2026-07-21 10:55,KXBTC15M-26JUL210700-00,entry,no,99,5,4.95,0.01,66156.35,28.43
2026-07-21 11:10,KXBTC15M-26JUL210715-15,entry,no,88,5,4.40,0.04,66114.04,7.94
2026-07-21 11:25,KXBTC15M-26JUL210730-30,entry,no,86,5,4.30,0.05,66175.93,5.51
2026-07-21 11:40,KXBTC15M-26JUL210745-45,entry,yes,90,5,4.50,0.04,66260.56,9.05
2026-07-21 12:10,KXBTC15M-26JUL210815-15,entry,yes,84,5,4.20,0.05,66332.78,5.96
2026-07-21 12:25,KXBTC15M-26JUL210830-30,entry,yes,78,6,4.68,0.08,66427.11,7.65
2026-07-21 12:40,KXBTC15M-26JUL210845-45,entry,yes,99,5,4.95,0.01,66586.35,26.88
2026-07-21 13:10,KXBTC15M-26JUL210915-15,entry,yes,69,7,4.83,0.11,66544.86,3.34
2026-07-21 13:25,KXBTC15M-26JUL210930-30,entry,no,98,5,4.90,0.01,66404.99,26.28
2026-07-21 13:40,KXBTC15M-26JUL210945-45,entry,no,65,7,4.55,0.12,66323.31,11.77
2026-07-21 14:10,KXBTC15M-26JUL211015-15,entry,yes,77,6,4.62,0.08,66881.83,22.22
2026-07-21 14:25,KXBTC15M-26JUL211030-30,entry,no,99,5,4.95,0.01,66663.50,34.46
2026-07-21 14:40,KXBTC15M-26JUL211045-45,entry,yes,89,5,4.45,0.04,66713.36,4.19
2026-07-21 14:55,KXBTC15M-26JUL211100-00,entry,yes,61,8,4.88,0.14,66819.56,2.12
2026-07-21 15:10,KXBTC15M-26JUL211115-15,entry,no,84,5,4.20,0.05,66714.25,17.34
2026-07-21 15:25,KXBTC15M-26JUL211130-30,entry,no,79,6,4.74,0.07,66654.55,9.51
2026-07-21 15:40,KXBTC15M-26JUL211145-45,entry,yes,79,6,4.74,0.07,66623.31,0.00
2026-07-21 15:55,KXBTC15M-26JUL211200-00,entry,yes,89,5,4.45,0.04,66638.02,4.81
2026-07-21 16:10,KXBTC15M-26JUL211215-15,entry,no,93,5,4.65,0.03,66621.65,7.72
2026-07-21 16:25,KXBTC15M-26JUL211230-30,entry,no,89,5,4.45,0.04,66563.37,5.33
2026-07-21 16:40,KXBTC15M-26JUL211245-45,entry,yes,94,5,4.70,0.02,66596.36,11.47
2026-07-21 17:10,KXBTC15M-26JUL211315-15,entry,no,91,5,4.55,0.03,66452.28,11.90
2026-07-21 17:25,KXBTC15M-26JUL211330-30,entry,yes,65,7,4.55,0.12,66457.48,3.78
2026-07-21 18:10,KXBTC15M-26JUL211415-15,entry,yes,97,5,4.85,0.02,66257.23,14.20
2026-07-21 18:25,KXBTC15M-26JUL211430-30,entry,no,87,5,4.35,0.04,66194.11,10.82
2026-07-21 18:40,KXBTC15M-26JUL211445-45,entry,yes,72,6,4.32,0.09,66210.01,1.16
2026-07-21 18:55,KXBTC15M-26JUL211500-00,entry,yes,66,7,4.62,0.11,66251.74,0.17
2026-07-21 19:10,KXBTC15M-26JUL211515-15,entry,yes,95,5,4.75,0.02,66342.17,10.35
2026-07-21 19:25,KXBTC15M-26JUL211530-30,entry,yes,98,5,4.90,0.01,66341.60,13.81
2026-07-21 19:40,KXBTC15M-26JUL211545-45,entry,yes,96,5,4.80,0.02,66436.83,10.09
2026-07-21 19:55,KXBTC15M-26JUL211600-00,entry,no,61,8,4.88,0.14,66426.79,1.04
2026-07-21 20:10,KXBTC15M-26JUL211615-15,entry,no,61,8,4.88,0.14,66406.25,0.77
2026-07-21 20:25,KXBTC15M-26JUL211630-30,entry,no,92,5,4.60,0.03,66362.00,4.55
2026-07-21 20:40,KXBTC15M-26JUL211645-45,entry,yes,91,5,4.55,0.03,66414.42,8.66
2026-07-21 20:55,KXBTC15M-26JUL211700-00,entry,no,87,5,4.35,0.04,66390.02,3.07
2026-07-21 21:10,KXBTC15M-26JUL211715-15,entry,no,91,5,4.55,0.03,66321.00,8.31
2026-07-21 21:25,KXBTC15M-26JUL211730-30,entry,no,90,5,4.50,0.04,66320.47,6.87
2026-07-21 21:55,KXBTC15M-26JUL211800-00,entry,yes,87,5,4.35,0.04,66315.23,0.60
2026-07-21 22:10,KXBTC15M-26JUL211815-15,entry,no,80,6,4.80,0.07,66310.44,4.28
2026-07-21 22:25,KXBTC15M-26JUL211830-30,entry,no,98,5,4.90,0.01,66233.37,8.48
2026-07-21 22:40,KXBTC15M-26JUL211845-45,entry,yes,90,5,4.50,0.04,66282.35,5.42
2026-07-21 22:55,KXBTC15M-26JUL211900-00,entry,no,76,6,4.56,0.08,66259.01,3.47
2026-07-21 23:10,KXBTC15M-26JUL211915-15,entry,no,88,5,4.40,0.04,66210.40,9.22
2026-07-21 23:25,KXBTC15M-26JUL211930-30,entry,yes,96,5,4.80,0.02,66297.66,8.17
2026-07-21 23:40,KXBTC15M-26JUL211945-45,entry,yes,97,5,4.85,0.02,66404.00,7.57
2026-07-21 23:55,KXBTC15M-26JUL212000-00,entry,yes,99,5,4.95,0.01,66528.43,20.65
2026-07-22 00:10,KXBTC15M-26JUL212015-15,entry,yes,94,5,4.70,0.02,66572.33,8.28
2026-07-22 00:25,KXBTC15M-26JUL212030-30,entry,no,67,7,4.69,0.11,66623.31,1.67
2026-07-22 00:40,KXBTC15M-26JUL212045-45,entry,yes,94,5,4.70,0.02,66660.38,8.70
2026-07-22 00:55,KXBTC15M-26JUL212100-00,entry,no,94,5,4.70,0.02,66574.91,16.40
2026-07-22 01:10,KXBTC15M-26JUL212115-15,entry,no,96,5,4.80,0.02,66496.77,18.79
2026-07-22 01:25,KXBTC15M-26JUL212130-30,entry,no,97,5,4.85,0.02,66333.64,18.54
2026-07-22 01:55,KXBTC15M-26JUL212200-00,entry,yes,87,5,4.35,0.04,66394.41,9.69
2026-07-22 02:40,KXBTC15M-26JUL212245-45,entry,no,97,5,4.85,0.02,66329.41,7.67
2026-07-22 02:55,KXBTC15M-26JUL212300-00,entry,no,74,6,4.44,0.09,66277.00,8.52
2026-07-22 03:10,KXBTC15M-26JUL212315-15,entry,no,83,6,4.98,0.06,66203.73,10.88
2026-07-22 03:25,KXBTC15M-26JUL212330-30,entry,yes,97,5,4.85,0.02,66231.99,9.13
2026-07-22 03:40,KXBTC15M-26JUL212345-45,entry,no,95,5,4.75,0.02,66209.16,8.30
2026-07-22 04:10,KXBTC15M-26JUL220015-15,entry,yes,98,5,4.90,0.01,66298.99,19.83
2026-07-22 04:25,KXBTC15M-26JUL220030-30,entry,yes,92,5,4.60,0.03,66325.67,4.59
2026-07-22 04:55,KXBTC15M-26JUL220100-00,entry,no,95,5,4.75,0.02,66313.62,9.41
2026-07-22 05:10,KXBTC15M-26JUL220115-15,entry,no,99,5,4.95,0.01,66238.97,15.14
2026-07-22 05:25,KXBTC15M-26JUL220130-30,entry,no,99,5,4.95,0.01,66073.87,23.80
2026-07-22 05:40,KXBTC15M-26JUL220145-45,entry,no,93,5,4.65,0.03,65944.05,13.35
2026-07-22 05:55,KXBTC15M-26JUL220200-00,entry,no,68,7,4.76,0.11,65922.40,3.43
2026-07-22 06:10,KXBTC15M-26JUL220215-15,entry,no,90,5,4.50,0.04,65844.00,13.77
2026-07-22 06:25,KXBTC15M-26JUL220230-30,entry,no,97,5,4.85,0.02,65833.32,15.20
2026-07-22 06:40,KXBTC15M-26JUL220245-45,entry,yes,98,5,4.90,0.01,65898.00,12.71
2026-07-22 06:55,KXBTC15M-26JUL220300-00,entry,no,83,6,4.98,0.06,65876.44,6.42
2026-07-22 07:25,KXBTC15M-26JUL220330-30,entry,no,82,6,4.92,0.07,65815.27,8.04
2026-07-22 07:40,KXBTC15M-26JUL220345-45,entry,no,99,5,4.95,0.01,65716.00,22.12
2026-07-22 07:55,KXBTC15M-26JUL220400-00,entry,yes,91,5,4.55,0.03,65796.57,8.51
2026-07-22 08:25,KXBTC15M-26JUL220430-30,entry,yes,87,5,4.35,0.04,65986.56,0.12
2026-07-22 08:40,KXBTC15M-26JUL220445-45,entry,no,86,5,4.30,0.05,65949.98,3.64
2026-07-22 08:55,KXBTC15M-26JUL220500-00,entry,yes,87,5,4.35,0.04,65925.12,4.08
2026-07-22 09:10,KXBTC15M-26JUL220515-15,entry,yes,96,5,4.80,0.02,66004.52,8.93
2026-07-22 09:25,KXBTC15M-26JUL220530-30,entry,yes,83,6,4.98,0.06,65987.70,4.51
2026-07-22 09:40,KXBTC15M-26JUL220545-45,entry,no,99,5,4.95,0.01,65827.15,23.95
2026-07-22 09:55,KXBTC15M-26JUL220600-00,entry,yes,64,7,4.48,0.12,65844.86,0.41
2026-07-22 10:10,KXBTC15M-26JUL220615-15,entry,no,66,7,4.62,0.11,65874.38,2.72
2026-07-22 10:25,KXBTC15M-26JUL220630-30,entry,yes,94,5,4.70,0.02,65918.00,5.46
2026-07-22 10:40,KXBTC15M-26JUL220645-45,entry,yes,66,7,4.62,0.11,65939.39,1.60
2026-07-22 10:55,KXBTC15M-26JUL220700-00,entry,yes,96,5,4.80,0.02,65995.53,4.92
2026-07-22 11:25,KXBTC15M-26JUL220730-30,entry,yes,97,5,4.85,0.02,66029.53,7.12
2026-07-22 11:40,KXBTC15M-26JUL220745-45,entry,no,90,5,4.50,0.04,65913.27,15.11
2026-07-22 11:55,KXBTC15M-26JUL220800-00,entry,yes,99,5,4.95,0.01,65981.56,14.91
2026-07-22 12:10,KXBTC15M-26JUL220815-15,entry,no,99,5,4.95,0.01,65850.28,19.19
2026-07-22 12:25,KXBTC15M-26JUL220830-30,entry,no,88,5,4.40,0.04,65819.26,5.51
2026-07-22 12:40,KXBTC15M-26JUL220845-45,entry,no,93,5,4.65,0.03,65790.35,7.99
2026-07-22 12:55,KXBTC15M-26JUL220900-00,entry,no,88,5,4.40,0.04,65599.58,22.58
2026-07-22 13:10,KXBTC15M-26JUL220915-15,entry,yes,72,6,4.32,0.09,65621.98,2.45
2026-07-22 13:25,KXBTC15M-26JUL220930-30,entry,no,94,5,4.70,0.02,65543.82,9.44
2026-07-22 13:40,KXBTC15M-26JUL220945-45,entry,yes,99,5,4.95,0.01,65774.41,30.42
2026-07-22 13:55,KXBTC15M-26JUL221000-00,entry,yes,69,7,4.83,0.11,65900.41,7.93
2026-07-22 14:10,KXBTC15M-26JUL221015-15,entry,yes,73,6,4.38,0.09,65957.91,6.64
2026-07-22 14:25,KXBTC15M-26JUL221030-30,entry,no,99,5,4.95,0.01,65680.04,31.78
2026-07-22 14:40,KXBTC15M-26JUL221045-45,entry,yes,92,5,4.60,0.03,65623.80,6.29
2026-07-22 15:10,KXBTC15M-26JUL221115-15,entry,yes,93,5,4.65,0.03,65863.68,17.14
2026-07-22 15:25,KXBTC15M-26JUL221130-30,entry,yes,89,5,4.45,0.04,66020.07,17.52
2026-07-22 15:40,KXBTC15M-26JUL221145-45,entry,no,97,5,4.85,0.02,65966.57,13.48
2026-07-22 16:10,KXBTC15M-26JUL221215-15,entry,yes,98,5,4.90,0.01,66041.14,6.32
2026-07-22 16:25,KXBTC15M-26JUL221230-30,entry,no,99,5,4.95,0.01,65929.91,26.34
2026-07-22 16:55,KXBTC15M-26JUL221300-00,entry,no,99,5,4.95,0.01,66181.53,12.79
2026-07-22 17:10,KXBTC15M-26JUL221315-15,entry,no,71,7,4.97,0.11,66174.67,4.99
2026-07-22 17:25,KXBTC15M-26JUL221330-30,entry,no,98,5,4.90,0.01,65991.25,24.43
2026-07-22 17:40,KXBTC15M-26JUL221345-45,entry,yes,99,5,4.95,0.01,66117.36,21.07
2026-07-22 17:55,KXBTC15M-26JUL221400-00,entry,no,99,5,4.95,0.01,66023.75,19.05
2026-07-22 18:10,KXBTC15M-26JUL221415-15,entry,no,74,6,4.44,0.09,65984.30,2.78
2026-07-22 18:55,KXBTC15M-26JUL221500-00,entry,yes,99,5,4.95,0.01,65882.45,20.42
2026-07-22 19:10,KXBTC15M-26JUL221515-15,entry,no,99,5,4.95,0.01,65758.83,16.70
2026-07-22 19:25,KXBTC15M-26JUL221530-30,entry,yes,99,5,4.95,0.01,65846.16,19.41
2026-07-22 19:55,KXBTC15M-26JUL221600-00,entry,yes,65,7,4.55,0.12,65877.28,5.40
2026-07-22 20:25,KXBTC15M-26JUL221630-30,entry,yes,78,6,4.68,0.08,65931.85,8.24
2026-07-22 20:55,KXBTC15M-26JUL221700-00,entry,no,78,6,4.68,0.08,65897.41,2.82
2026-07-22 21:10,KXBTC15M-26JUL221715-15,entry,yes,64,7,4.48,0.12,65899.67,1.73
2026-07-22 21:25,KXBTC15M-26JUL221730-30,entry,no,65,7,4.55,0.12,65866.32,4.56
2026-07-22 21:40,KXBTC15M-26JUL221745-45,entry,yes,99,5,4.95,0.01,66049.39,25.21
2026-07-22 21:55,KXBTC15M-26JUL221800-00,entry,no,93,5,4.65,0.03,66028.26,9.09
2026-07-22 22:10,KXBTC15M-26JUL221815-15,entry,no,94,5,4.70,0.02,65980.48,7.78
2026-07-22 22:40,KXBTC15M-26JUL221845-45,entry,no,98,5,4.90,0.01,65910.65,13.05
2026-07-22 22:55,KXBTC15M-26JUL221900-00,entry,yes,99,5,4.95,0.01,65997.89,10.13
2026-07-22 23:10,KXBTC15M-26JUL221915-15,entry,yes,87,5,4.35,0.04,66034.50,4.11
2026-07-22 23:25,KXBTC15M-26JUL221930-30,entry,yes,96,5,4.80,0.02,65930.80,8.13
2026-07-22 23:55,KXBTC15M-26JUL222000-00,entry,yes,98,5,4.90,0.01,66020.92,9.90
2026-07-23 00:10,KXBTC15M-26JUL222015-15,entry,yes,97,5,4.85,0.02,66169.84,12.66
2026-07-23 00:25,KXBTC15M-26JUL222030-30,entry,yes,98,5,4.90,0.01,66247.45,13.70
2026-07-23 00:40,KXBTC15M-26JUL222045-45,entry,no,95,5,4.75,0.02,66163.23,9.71
2026-07-23 00:55,KXBTC15M-26JUL222100-00,entry,no,91,5,4.55,0.03,66048.41,13.41
2026-07-23 01:10,KXBTC15M-26JUL222115-15,entry,no,75,6,4.50,0.08,66019.46,2.98
2026-07-23 01:25,KXBTC15M-26JUL222130-30,entry,no,97,5,4.85,0.02,65898.57,17.01
2026-07-23 01:40,KXBTC15M-26JUL222145-45,entry,no,99,5,4.95,0.01,65749.31,23.81
2026-07-23 01:55,KXBTC15M-26JUL222200-00,entry,yes,94,5,4.70,0.02,65826.02,8.42
2026-07-23 02:10,KXBTC15M-26JUL222215-15,entry,no,67,7,4.69,0.11,65797.88,0.86
2026-07-23 02:25,KXBTC15M-26JUL222230-30,entry,no,79,6,4.74,0.07,65677.11,9.32
2026-07-23 03:10,KXBTC15M-26JUL222315-15,entry,no,90,5,4.50,0.04,65672.89,15.77
2026-07-23 03:40,KXBTC15M-26JUL222345-45,entry,yes,93,5,4.65,0.03,65660.79,6.56
2026-07-23 03:55,KXBTC15M-26JUL230000-00,entry,no,83,6,4.98,0.06,65613.04,6.61
2026-07-23 04:10,KXBTC15M-26JUL230015-15,entry,no,81,6,4.86,0.07,65605.95,2.80
2026-07-23 04:25,KXBTC15M-26JUL230030-30,entry,yes,88,5,4.40,0.04,65698.29,9.67
2026-07-23 04:40,KXBTC15M-26JUL230045-45,entry,no,97,5,4.85,0.02,65603.09,11.34
2026-07-23 04:55,KXBTC15M-26JUL230100-00,entry,no,80,6,4.80,0.07,65570.72,4.46
2026-07-23 05:10,KXBTC15M-26JUL230115-15,entry,yes,79,6,4.74,0.07,65581.91,1.61
2026-07-23 05:55,KXBTC15M-26JUL230200-00,entry,no,99,5,4.95,0.01,65644.16,9.37
2026-07-23 06:10,KXBTC15M-26JUL230215-15,entry,no,79,6,4.74,0.07,65632.58,4.71
2026-07-23 06:25,KXBTC15M-26JUL230230-30,entry,no,83,6,4.98,0.06,65636.60,0.53
2026-07-23 09:10,KXBTC15M-26JUL230515-15,entry,yes,94,5,4.70,0.02,65679.76,9.30
2026-07-23 09:25,KXBTC15M-26JUL230530-30,entry,yes,83,6,4.98,0.06,65687.14,6.41
2026-07-23 09:40,KXBTC15M-26JUL230545-45,entry,no,80,6,4.80,0.07,65672.48,3.67
2026-07-23 09:55,KXBTC15M-26JUL230600-00,entry,no,97,5,4.85,0.02,65644.61,7.47
2026-07-23 10:10,KXBTC15M-26JUL230615-15,entry,yes,95,5,4.75,0.02,65662.74,9.40
2026-07-23 10:40,KXBTC15M-26JUL230645-45,entry,yes,64,7,4.48,0.12,65743.40,2.09
2026-07-23 10:55,KXBTC15M-26JUL230700-00,entry,no,95,5,4.75,0.02,65696.58,7.26
2026-07-23 11:10,KXBTC15M-26JUL230715-15,entry,no,98,5,4.90,0.01,65646.44,8.18
2026-07-23 11:25,KXBTC15M-26JUL230730-30,entry,no,97,5,4.85,0.02,65611.43,9.43
2026-07-23 11:40,KXBTC15M-26JUL230745-45,entry,no,97,5,4.85,0.02,65521.17,13.94
2026-07-23 12:10,KXBTC15M-26JUL230815-15,entry,no,97,5,4.85,0.02,65434.57,15.53
2026-07-23 12:25,KXBTC15M-26JUL230830-30,entry,no,96,5,4.80,0.02,65400.79,14.17
2026-07-23 12:55,KXBTC15M-26JUL230900-00,entry,yes,97,5,4.85,0.02,65181.31,13.92
2026-07-23 13:10,KXBTC15M-26JUL230915-15,entry,no,95,5,4.75,0.02,65009.21,16.35
2026-07-23 14:25,KXBTC15M-26JUL231030-30,entry,yes,85,5,4.25,0.05,65115.79,15.41
2026-07-23 14:40,KXBTC15M-26JUL231045-45,entry,yes,79,6,4.74,0.07,65092.65,2.21
2026-07-23 14:55,KXBTC15M-26JUL231100-00,entry,no,98,5,4.90,0.01,64803.99,27.97
2026-07-23 15:10,KXBTC15M-26JUL231115-15,entry,no,89,5,4.45,0.04,64768.65,13.52
2026-07-23 15:25,KXBTC15M-26JUL231130-30,entry,yes,99,5,4.95,0.01,64873.53,26.69
2026-07-23 15:40,KXBTC15M-26JUL231145-45,entry,yes,95,5,4.75,0.02,64894.67,10.97
2026-07-23 15:55,KXBTC15M-26JUL231200-00,entry,yes,86,5,4.30,0.05,64938.01,10.40
2026-07-23 16:10,KXBTC15M-26JUL231215-15,entry,no,98,5,4.90,0.01,64798.76,17.52
2026-07-23 16:25,KXBTC15M-26JUL231230-30,entry,no,88,5,4.40,0.04,64754.87,10.16
2026-07-23 16:40,KXBTC15M-26JUL231245-45,entry,no,75,6,4.50,0.08,64694.38,10.42
2026-07-23 16:55,KXBTC15M-26JUL231300-00,entry,yes,65,7,4.55,0.12,64721.91,3.91
2026-07-23 17:10,KXBTC15M-26JUL231315-15,entry,no,61,8,4.88,0.14,64725.31,1.85
2026-07-23 17:25,KXBTC15M-26JUL231330-30,entry,yes,98,5,4.90,0.01,64765.36,11.08
2026-07-23 17:40,KXBTC15M-26JUL231345-45,entry,no,93,5,4.65,0.03,64747.87,8.11
2026-07-23 17:55,KXBTC15M-26JUL231400-00,entry,no,76,6,4.56,0.08,64732.61,6.31
2026-07-23 18:10,KXBTC15M-26JUL231415-15,entry,yes,99,5,4.95,0.01,64701.34,12.45
2026-07-23 18:40,KXBTC15M-26JUL231445-45,entry,yes,61,8,4.88,0.14,64768.23,2.41
2026-07-23 18:55,KXBTC15M-26JUL231500-00,entry,yes,92,5,4.60,0.03,64849.39,14.03
2026-07-23 19:25,KXBTC15M-26JUL231530-30,entry,yes,94,5,4.70,0.02,64817.29,11.62
2026-07-23 19:40,KXBTC15M-26JUL231545-45,entry,no,96,5,4.80,0.02,64745.22,13.65
2026-07-23 19:55,KXBTC15M-26JUL231600-00,entry,no,80,6,4.80,0.07,64701.98,0.17
2026-07-23 20:10,KXBTC15M-26JUL231615-15,entry,yes,99,5,4.95,0.01,64972.03,27.83
2026-07-23 20:25,KXBTC15M-26JUL231630-30,entry,yes,97,5,4.85,0.02,65079.99,13.14
2026-07-23 20:40,KXBTC15M-26JUL231645-45,entry,no,93,5,4.65,0.03,65063.04,9.44
2026-07-23 20:55,KXBTC15M-26JUL231700-00,entry,yes,62,8,4.96,0.14,65101.99,2.68
2026-07-23 21:10,KXBTC15M-26JUL231715-15,entry,no,95,5,4.75,0.02,65025.64,11.39
2026-07-23 21:25,KXBTC15M-26JUL231730-30,entry,yes,78,6,4.68,0.08,65052.55,6.99
2026-07-23 21:40,KXBTC15M-26JUL231745-45,entry,no,90,5,4.50,0.04,65052.54,3.35
2026-07-23 21:55,KXBTC15M-26JUL231800-00,entry,yes,92,5,4.60,0.03,65091.89,6.51
2026-07-23 22:25,KXBTC15M-26JUL231830-30,entry,yes,92,5,4.60,0.03,65138.36,13.58
2026-07-23 22:40,KXBTC15M-26JUL231845-45,entry,yes,97,5,4.85,0.02,65134.92,4.01
2026-07-23 22:55,KXBTC15M-26JUL231900-00,entry,no,96,5,4.80,0.02,65138.55,4.77
2026-07-23 23:10,KXBTC15M-26JUL231915-15,entry,no,73,6,4.38,0.09,65127.36,3.30
2026-07-23 23:55,KXBTC15M-26JUL232000-00,entry,no,99,5,4.95,0.01,65013.56,17.48
2026-07-24 00:10,KXBTC15M-26JUL232015-15,entry,no,99,5,4.95,0.01,64859.99,29.88
2026-07-24 00:40,KXBTC15M-26JUL232045-45,entry,no,96,5,4.80,0.02,64726.90,17.33
2026-07-24 00:55,KXBTC15M-26JUL232100-00,entry,yes,95,5,4.75,0.02,64874.46,10.09
2026-07-24 01:10,KXBTC15M-26JUL232115-15,entry,yes,99,5,4.95,0.01,65019.97,14.76
2026-07-24 01:40,KXBTC15M-26JUL232145-45,entry,yes,85,5,4.25,0.05,65093.98,7.51
2026-07-24 01:55,KXBTC15M-26JUL232200-00,entry,no,65,7,4.55,0.12,65036.63,4.84
2026-07-24 02:10,KXBTC15M-26JUL232215-15,entry,yes,87,5,4.35,0.04,65078.54,6.00
2026-07-24 02:25,KXBTC15M-26JUL232230-30,entry,no,71,7,4.97,0.11,65107.67,2.32
2026-07-24 02:40,KXBTC15M-26JUL232245-45,entry,no,99,5,4.95,0.01,65002.06,13.22
2026-07-24 02:55,KXBTC15M-26JUL232300-00,entry,no,87,5,4.35,0.04,64976.99,5.41
2026-07-24 03:10,KXBTC15M-26JUL232315-15,entry,yes,98,5,4.90,0.01,65216.03,24.29
2026-07-24 03:40,KXBTC15M-26JUL232345-45,entry,no,83,6,4.98,0.06,65281.30,1.38
2026-07-24 03:55,KXBTC15M-26JUL240000-00,entry,yes,71,7,4.97,0.11,65380.52,4.44
2026-07-24 04:10,KXBTC15M-26JUL240015-15,entry,no,90,5,4.50,0.04,65341.99,10.09
2026-07-24 04:25,KXBTC15M-26JUL240030-30,entry,yes,63,7,4.41,0.12,65374.37,3.75
2026-07-24 04:40,KXBTC15M-26JUL240045-45,entry,no,98,5,4.90,0.01,65259.28,17.18
2026-07-24 04:55,KXBTC15M-26JUL240100-00,entry,no,89,5,4.45,0.04,65251.08,6.13
2026-07-24 05:10,KXBTC15M-26JUL240115-15,entry,yes,96,5,4.80,0.02,65304.03,10.17
2026-07-24 05:40,KXBTC15M-26JUL240145-45,entry,no,98,5,4.90,0.01,65218.54,10.48
2026-07-24 06:10,KXBTC15M-26JUL240215-15,entry,yes,80,6,4.80,0.07,65286.76,5.30
2026-07-24 06:25,KXBTC15M-26JUL240230-30,entry,yes,98,5,4.90,0.01,65419.55,16.40
2026-07-24 06:40,KXBTC15M-26JUL240245-45,entry,yes,94,5,4.70,0.02,65427.73,6.79
2026-07-24 06:55,KXBTC15M-26JUL240300-00,entry,no,66,7,4.62,0.11,65381.08,5.67
2026-07-24 07:10,KXBTC15M-26JUL240315-15,entry,yes,99,5,4.95,0.01,65661.61,36.44
2026-07-24 07:25,KXBTC15M-26JUL240330-30,entry,no,99,5,4.95,0.01,65610.00,15.28
2026-07-24 07:40,KXBTC15M-26JUL240345-45,entry,no,99,5,4.95,0.01,65402.05,28.85
2026-07-24 07:55,KXBTC15M-26JUL240400-00,entry,yes,98,5,4.90,0.01,65451.07,17.30
2026-07-24 08:10,KXBTC15M-26JUL240415-15,entry,no,65,7,4.55,0.12,65423.05,5.26
2026-07-24 08:25,KXBTC15M-26JUL240430-30,entry,no,98,5,4.90,0.01,65265.99,21.71
2026-07-24 08:40,KXBTC15M-26JUL240445-45,entry,yes,96,5,4.80,0.02,65401.18,8.51
2026-07-24 08:55,KXBTC15M-26JUL240500-00,entry,no,99,5,4.95,0.01,65276.97,18.21
2026-07-24 09:25,KXBTC15M-26JUL240530-30,entry,no,98,5,4.90,0.01,64961.05,8.88
2026-07-24 09:40,KXBTC15M-26JUL240545-45,entry,yes,95,5,4.75,0.02,65022.24,13.94
2026-07-24 09:55,KXBTC15M-26JUL240600-00,entry,yes,91,5,4.55,0.03,65076.37,5.08
2026-07-24 10:10,KXBTC15M-26JUL240615-15,entry,no,96,5,4.80,0.02,65024.46,6.63
2026-07-24 10:55,KXBTC15M-26JUL240700-00,entry,no,98,5,4.90,0.01,64872.80,17.16
2026-07-24 11:10,KXBTC15M-26JUL240715-15,entry,yes,80,6,4.80,0.07,64930.70,3.53
2026-07-24 11:25,KXBTC15M-26JUL240730-30,entry,yes,90,5,4.50,0.04,64979.24,2.71
2026-07-24 11:40,KXBTC15M-26JUL240745-45,entry,no,85,5,4.25,0.05,64934.74,9.38
2026-07-24 11:55,KXBTC15M-26JUL240800-00,entry,yes,98,5,4.90,0.01,64985.61,10.17
2026-07-24 12:25,KXBTC15M-26JUL240830-30,entry,yes,84,5,4.20,0.05,65042.72,2.80
2026-07-24 12:40,KXBTC15M-26JUL240845-45,entry,no,64,7,4.48,0.12,64956.63,4.83
2026-07-24 12:55,KXBTC15M-26JUL240900-00,entry,no,96,5,4.80,0.02,64823.27,9.64
2026-07-24 13:10,KXBTC15M-26JUL240915-15,entry,no,99,5,4.95,0.01,64368.69,55.75
2026-07-24 13:25,KXBTC15M-26JUL240930-30,entry,yes,65,7,4.55,0.12,64333.30,2.55
2026-07-24 13:40,KXBTC15M-26JUL240945-45,entry,no,90,5,4.50,0.04,64213.92,18.15
2026-07-24 13:55,KXBTC15M-26JUL241000-00,entry,no,99,5,4.95,0.01,63865.93,71.85
2026-07-24 14:10,KXBTC15M-26JUL241015-15,entry,yes,78,6,4.68,0.08,64129.57,12.56
2026-07-24 14:25,KXBTC15M-26JUL241030-30,entry,no,98,5,4.90,0.01,63687.48,41.21
2026-07-24 14:40,KXBTC15M-26JUL241045-45,entry,no,64,7,4.48,0.12,63771.09,1.07
2026-07-24 14:55,KXBTC15M-26JUL241100-00,entry,yes,92,5,4.60,0.03,63872.28,16.60
2026-07-24 15:40,KXBTC15M-26JUL241145-45,entry,yes,99,5,4.95,0.01,64238.09,28.01
2026-07-24 15:55,KXBTC15M-26JUL241200-00,entry,no,86,5,4.30,0.05,64106.56,5.49
2026-07-24 16:10,KXBTC15M-26JUL241215-15,entry,yes,69,7,4.83,0.11,64138.12,11.20
2026-07-24 16:40,KXBTC15M-26JUL241245-45,entry,no,96,5,4.80,0.02,63920.75,19.51
2026-07-24 16:55,KXBTC15M-26JUL241300-00,entry,no,64,7,4.48,0.12,63887.80,0.31
2026-07-24 17:10,KXBTC15M-26JUL241315-15,entry,no,83,6,4.98,0.06,63856.55,10.70
2026-07-24 17:25,KXBTC15M-26JUL241330-30,entry,yes,99,5,4.95,0.01,64074.54,27.80
2026-07-24 17:40,KXBTC15M-26JUL241345-45,entry,yes,73,6,4.38,0.09,64094.93,4.14
2026-07-24 17:55,KXBTC15M-26JUL241400-00,entry,no,73,6,4.38,0.09,64101.79,1.21
2026-07-24 18:10,KXBTC15M-26JUL241415-15,entry,no,66,7,4.62,0.11,64108.13,2.20
2026-07-24 18:25,KXBTC15M-26JUL241430-30,entry,no,88,5,4.40,0.04,64106.85,4.94
2026-07-24 18:40,KXBTC15M-26JUL241445-45,entry,yes,79,6,4.74,0.07,64087.93,0.50
2026-07-24 18:55,KXBTC15M-26JUL241500-00,entry,yes,99,5,4.95,0.01,64217.79,16.61
2026-07-24 19:10,KXBTC15M-26JUL241515-15,entry,no,99,5,4.95,0.01,64089.86,19.23
2026-07-24 19:25,KXBTC15M-26JUL241530-30,entry,yes,89,5,4.45,0.04,64132.51,4.69
2026-07-24 19:40,KXBTC15M-26JUL241545-45,entry,yes,90,5,4.50,0.04,64189.83,5.20
2026-07-24 19:55,KXBTC15M-26JUL241600-00,entry,no,85,5,4.25,0.05,64137.52,8.84
2026-07-24 20:10,KXBTC15M-26JUL241615-15,entry,no,80,6,4.80,0.07,64135.99,3.90
2026-07-24 20:25,KXBTC15M-26JUL241630-30,entry,yes,94,5,4.70,0.02,64201.20,8.18
2026-07-24 20:40,KXBTC15M-26JUL241645-45,entry,no,79,6,4.74,0.07,64143.30,6.07
2026-07-24 20:55,KXBTC15M-26JUL241700-00,entry,no,62,8,4.96,0.14,64102.71,3.12
2026-07-24 21:25,KXBTC15M-26JUL241730-30,entry,yes,87,5,4.35,0.04,64118.01,4.36
2026-07-24 21:40,KXBTC15M-26JUL241745-45,entry,yes,65,7,4.55,0.12,64109.10,1.46
2026-07-24 21:55,KXBTC15M-26JUL241800-00,entry,no,63,7,4.41,0.12,64085.25,2.34
2026-07-24 22:10,KXBTC15M-26JUL241815-15,entry,yes,78,6,4.68,0.08,64110.64,5.19
2026-07-24 22:25,KXBTC15M-26JUL241830-30,entry,yes,86,5,4.30,0.05,64093.36,0.84
2026-07-24 22:40,KXBTC15M-26JUL241845-45,entry,yes,88,5,4.40,0.04,64149.99,6.57
2026-07-24 22:55,KXBTC15M-26JUL241900-00,entry,no,95,5,4.75,0.02,64110.90,4.65
2026-07-24 23:55,KXBTC15M-26JUL242000-00,entry,no,92,5,4.60,0.03,64092.80,3.60
2026-07-25 00:10,KXBTC15M-26JUL242015-15,entry,no,64,7,4.48,0.12,64085.48,1.59
2026-07-25 00:25,KXBTC15M-26JUL242030-30,entry,yes,80,6,4.80,0.07,64099.74,1.40
2026-07-25 00:40,KXBTC15M-26JUL242045-45,entry,no,73,6,4.38,0.09,64083.51,3.37
2026-07-25 00:55,KXBTC15M-26JUL242100-00,entry,no,90,5,4.50,0.04,64026.67,3.88
2026-07-25 01:40,KXBTC15M-26JUL242145-45,entry,yes,63,7,4.41,0.12,64033.97,4.69
2026-07-25 01:55,KXBTC15M-26JUL242200-00,entry,no,90,5,4.50,0.04,64033.24,4.28
2026-07-25 02:10,KXBTC15M-26JUL242215-15,entry,yes,85,5,4.25,0.05,64023.22,2.20
2026-07-25 02:25,KXBTC15M-26JUL242230-30,entry,no,94,5,4.70,0.02,63971.27,6.51
2026-07-25 02:55,KXBTC15M-26JUL242300-00,entry,no,70,7,4.90,0.11,63963.93,4.60
2026-07-25 03:10,KXBTC15M-26JUL242315-15,entry,yes,88,5,4.40,0.04,63982.23,2.20
2026-07-25 03:40,KXBTC15M-26JUL242345-45,entry,yes,65,7,4.55,0.12,64019.92,0.19
2026-07-25 03:55,KXBTC15M-26JUL250000-00,entry,no,86,5,4.30,0.05,64006.03,3.97
2026-07-25 04:10,KXBTC15M-26JUL250015-15,entry,yes,97,5,4.85,0.02,64063.45,5.76
2026-07-25 04:25,KXBTC15M-26JUL250030-30,entry,no,93,5,4.65,0.03,64048.51,2.43
2026-07-25 04:40,KXBTC15M-26JUL250045-45,entry,yes,94,5,4.70,0.02,64073.99,4.04
2026-07-25 04:55,KXBTC15M-26JUL250100-00,entry,no,97,5,4.85,0.02,64091.65,4.78
2026-07-25 05:10,KXBTC15M-26JUL250115-15,entry,yes,82,6,4.92,0.07,64108.40,0.98
2026-07-25 05:40,KXBTC15M-26JUL250145-45,entry,no,99,5,4.95,0.01,63967.67,18.55
2026-07-25 05:55,KXBTC15M-26JUL250200-00,entry,no,90,5,4.50,0.04,63955.21,4.05
2026-07-25 06:10,KXBTC15M-26JUL250215-15,entry,yes,96,5,4.80,0.02,63979.59,2.75
2026-07-25 06:25,KXBTC15M-26JUL250230-30,entry,no,98,5,4.90,0.01,63932.41,9.39
2026-07-25 07:55,KXBTC15M-26JUL250400-00,entry,no,79,6,4.74,0.07,63965.92,0.06
2026-07-25 08:10,KXBTC15M-26JUL250415-15,entry,no,98,5,4.90,0.01,63875.24,14.35
2026-07-25 08:25,KXBTC15M-26JUL250430-30,entry,yes,87,5,4.35,0.04,63920.78,3.27
2026-07-25 08:40,KXBTC15M-26JUL250445-45,entry,no,96,5,4.80,0.02,63909.80,4.37
2026-07-25 08:55,KXBTC15M-26JUL250500-00,entry,no,99,5,4.95,0.01,63764.99,21.20
2026-07-25 09:25,KXBTC15M-26JUL250530-30,entry,yes,98,5,4.90,0.01,63859.58,7.48
2026-07-25 09:40,KXBTC15M-26JUL250545-45,entry,no,80,6,4.80,0.07,63872.81,1.25
2026-07-25 09:55,KXBTC15M-26JUL250600-00,entry,yes,97,5,4.85,0.02,63936.26,8.80
2026-07-25 10:10,KXBTC15M-26JUL250615-15,entry,yes,91,5,4.55,0.03,63959.24,3.83
2026-07-25 10:25,KXBTC15M-26JUL250630-30,entry,no,74,6,4.44,0.09,63967.48,1.48
2026-07-25 10:40,KXBTC15M-26JUL250645-45,entry,no,90,5,4.50,0.04,63955.31,2.04
2026-07-25 10:55,KXBTC15M-26JUL250700-00,entry,yes,85,5,4.25,0.05,63974.98,2.27
2026-07-25 11:10,KXBTC15M-26JUL250715-15,entry,no,69,7,4.83,0.11,63984.44,2.80
2026-07-25 11:55,KXBTC15M-26JUL250800-00,entry,yes,72,6,4.32,0.09,64012.46,2.34
2026-07-25 12:10,KXBTC15M-26JUL250815-15,entry,no,67,7,4.69,0.11,63994.36,1.05
2026-07-25 12:40,KXBTC15M-26JUL250845-45,entry,yes,94,5,4.70,0.02,64021.95,5.35
2026-07-25 12:55,KXBTC15M-26JUL250900-00,entry,yes,83,6,4.98,0.06,64040.76,0.99
2026-07-25 13:10,KXBTC15M-26JUL250915-15,entry,yes,85,5,4.25,0.05,64062.60,1.06
2026-07-25 13:40,KXBTC15M-26JUL250945-45,entry,yes,77,6,4.62,0.08,64114.00,6.95
2026-07-25 13:55,KXBTC15M-26JUL251000-00,entry,no,65,7,4.55,0.12,64120.00,2.23
2026-07-25 14:25,KXBTC15M-26JUL251030-30,entry,no,72,6,4.32,0.09,64091.99,2.11
2026-07-25 14:40,KXBTC15M-26JUL251045-45,entry,yes,92,5,4.60,0.03,64132.22,5.23
2026-07-25 14:55,KXBTC15M-26JUL251100-00,entry,yes,92,5,4.60,0.03,64148.98,4.40
2026-07-25 15:10,KXBTC15M-26JUL251115-15,entry,yes,70,7,4.90,0.11,64165.47,2.67
2026-07-25 15:25,KXBTC15M-26JUL251130-30,entry,no,87,5,4.35,0.04,64150.65,5.38
2026-07-25 15:40,KXBTC15M-26JUL251145-45,entry,yes,94,5,4.70,0.02,64169.21,4.11
2026-07-25 15:55,KXBTC15M-26JUL251200-00,entry,no,96,5,4.80,0.02,64127.18,4.07
2026-07-25 16:10,KXBTC15M-26JUL251215-15,entry,no,92,5,4.60,0.03,64102.00,2.86
2026-07-25 16:25,KXBTC15M-26JUL251230-30,entry,no,99,5,4.95,0.01,64063.89,11.07
2026-07-25 16:40,KXBTC15M-26JUL251245-45,entry,yes,97,5,4.85,0.02,64138.37,9.85
2026-07-25 17:10,KXBTC15M-26JUL251315-15,entry,yes,74,6,4.44,0.09,64161.81,2.05
2026-07-25 17:25,KXBTC15M-26JUL251330-30,entry,yes,97,5,4.85,0.02,64202.31,8.77
2026-07-25 17:55,KXBTC15M-26JUL251400-00,entry,no,85,5,4.25,0.05,64203.24,3.65
2026-07-25 18:10,KXBTC15M-26JUL251415-15,entry,yes,97,5,4.85,0.02,64296.36,15.90
2026-07-25 18:25,KXBTC15M-26JUL251430-30,entry,yes,61,8,4.88,0.14,64303.59,0.62
2026-07-25 18:40,KXBTC15M-26JUL251445-45,entry,no,72,6,4.32,0.09,64329.62,3.08
2026-07-25 19:25,KXBTC15M-26JUL251530-30,entry,no,80,6,4.80,0.07,64364.01,2.14
2026-07-25 19:40,KXBTC15M-26JUL251545-45,entry,no,89,5,4.45,0.04,64338.32,4.33
2026-07-25 19:55,KXBTC15M-26JUL251600-00,entry,yes,88,5,4.40,0.04,64366.26,2.54
2026-07-25 20:10,KXBTC15M-26JUL251615-15,entry,no,95,5,4.75,0.02,64309.14,4.07
2026-07-25 20:40,KXBTC15M-26JUL251645-45,entry,no,92,5,4.60,0.03,64274.10,6.27
2026-07-25 20:55,KXBTC15M-26JUL251700-00,entry,yes,73,6,4.38,0.09,64276.82,1.83
2026-07-25 21:10,KXBTC15M-26JUL251715-15,entry,no,87,5,4.35,0.04,64248.98,3.75
2026-07-25 21:25,KXBTC15M-26JUL251730-30,entry,yes,66,7,4.62,0.11,64225.27,0.36
2026-07-25 21:40,KXBTC15M-26JUL251745-45,entry,yes,97,5,4.85,0.02,64300.08,10.23
2026-07-25 21:55,KXBTC15M-26JUL251800-00,entry,yes,61,8,4.88,0.14,64303.11,2.58
2026-07-25 22:10,KXBTC15M-26JUL251815-15,entry,yes,96,5,4.80,0.02,64341.18,8.35
2026-07-25 22:25,KXBTC15M-26JUL251830-30,entry,yes,84,5,4.20,0.05,64336.49,3.11
2026-07-25 22:55,KXBTC15M-26JUL251900-00,entry,yes,72,6,4.32,0.09,64352.62,3.19
2026-07-25 23:25,KXBTC15M-26JUL251930-30,entry,no,77,6,4.62,0.08,64344.00,2.41
2026-07-25 23:55,KXBTC15M-26JUL252000-00,entry,no,93,5,4.65,0.03,64307.24,4.12
2026-07-26 00:10,KXBTC15M-26JUL252015-15,entry,yes,92,5,4.60,0.03,64340.97,3.18
2026-07-26 00:25,KXBTC15M-26JUL252030-30,entry,yes,94,5,4.70,0.02,64396.73,3.93
2026-07-26 00:40,KXBTC15M-26JUL252045-45,entry,no,97,5,4.85,0.02,64354.70,9.17
2026-07-26 00:55,KXBTC15M-26JUL252100-00,entry,yes,97,5,4.85,0.02,64413.64,7.46
2026-07-26 01:10,KXBTC15M-26JUL252115-15,entry,no,82,6,4.92,0.07,64415.13,4.28
2026-07-26 01:25,KXBTC15M-26JUL252130-30,entry,no,87,5,4.35,0.04,64412.98,4.33
2026-07-26 01:40,KXBTC15M-26JUL252145-45,entry,yes,73,6,4.38,0.09,64431.16,1.05
2026-07-26 01:55,KXBTC15M-26JUL252200-00,entry,yes,69,7,4.83,0.11,64421.98,1.20
2026-07-26 02:10,KXBTC15M-26JUL252215-15,entry,no,76,6,4.56,0.08,64392.93,1.38
2026-07-26 02:25,KXBTC15M-26JUL252230-30,entry,no,92,5,4.60,0.03,64388.09,4.79
2026-07-26 02:40,KXBTC15M-26JUL252245-45,entry,no,86,5,4.30,0.05,64382.13,6.07
2026-07-26 02:55,KXBTC15M-26JUL252300-00,entry,yes,99,5,4.95,0.01,64455.47,11.18
2026-07-26 03:10,KXBTC15M-26JUL252315-15,entry,no,76,6,4.56,0.08,64437.47,3.93
2026-07-26 03:25,KXBTC15M-26JUL252330-30,entry,no,79,6,4.74,0.07,64494.02,3.15
2026-07-26 03:40,KXBTC15M-26JUL252345-45,entry,yes,93,5,4.65,0.03,64505.17,2.11
2026-07-26 03:55,KXBTC15M-26JUL260000-00,entry,no,71,7,4.97,0.11,64481.50,1.96
2026-07-26 04:10,KXBTC15M-26JUL260015-15,entry,no,89,5,4.45,0.04,64449.87,4.40
2026-07-26 04:25,KXBTC15M-26JUL260030-30,entry,yes,95,5,4.75,0.02,64468.80,2.84
2026-07-26 04:40,KXBTC15M-26JUL260045-45,entry,yes,61,8,4.88,0.14,64493.97,0.53
2026-07-26 04:55,KXBTC15M-26JUL260100-00,entry,no,78,6,4.68,0.08,64474.22,4.57
2026-07-26 05:10,KXBTC15M-26JUL260115-15,entry,no,89,5,4.45,0.04,64445.99,3.34
2026-07-26 05:25,KXBTC15M-26JUL260130-30,entry,no,83,6,4.98,0.06,64443.66,2.57
2026-07-26 05:40,KXBTC15M-26JUL260145-45,entry,no,87,5,4.35,0.04,64412.96,3.32
2026-07-26 05:55,KXBTC15M-26JUL260200-00,entry,no,97,5,4.85,0.02,64369.72,7.23
2026-07-26 06:10,KXBTC15M-26JUL260215-15,entry,no,96,5,4.80,0.02,64321.72,6.62
2026-07-26 06:25,KXBTC15M-26JUL260230-30,entry,no,99,5,4.95,0.01,64248.84,7.23
2026-07-26 06:40,KXBTC15M-26JUL260245-45,entry,yes,99,5,4.95,0.01,64304.68,9.27
2026-07-26 06:55,KXBTC15M-26JUL260300-00,entry,yes,99,5,4.95,0.01,64372.19,8.70
2026-07-26 07:10,KXBTC15M-26JUL260315-15,entry,no,88,5,4.40,0.04,64338.76,6.30
2026-07-26 07:25,KXBTC15M-26JUL260330-30,entry,no,99,5,4.95,0.01,64306.50,8.05
2026-07-26 07:40,KXBTC15M-26JUL260345-45,entry,no,88,5,4.40,0.04,64298.73,2.56
2026-07-26 08:10,KXBTC15M-26JUL260415-15,entry,yes,70,7,4.90,0.11,64317.75,0.74
2026-07-26 08:40,KXBTC15M-26JUL260445-45,entry,yes,66,7,4.62,0.11,64345.66,0.98
2026-07-26 08:55,KXBTC15M-26JUL260500-00,entry,yes,98,5,4.90,0.01,64429.28,7.27
2026-07-26 09:10,KXBTC15M-26JUL260515-15,entry,yes,89,5,4.45,0.04,64445.99,3.54
2026-07-26 09:25,KXBTC15M-26JUL260530-30,entry,yes,98,5,4.90,0.01,64486.36,7.35
2026-07-26 09:40,KXBTC15M-26JUL260545-45,entry,yes,72,6,4.32,0.09,64487.41,2.05
2026-07-26 10:10,KXBTC15M-26JUL260615-15,entry,no,97,5,4.85,0.02,64443.50,5.15
2026-07-26 10:25,KXBTC15M-26JUL260630-30,entry,yes,90,5,4.50,0.04,64468.74,2.41
2026-07-26 10:40,KXBTC15M-26JUL260645-45,entry,yes,96,5,4.80,0.02,64493.77,4.89
2026-07-26 10:55,KXBTC15M-26JUL260700-00,entry,no,97,5,4.85,0.02,64459.63,5.10
2026-07-26 11:10,KXBTC15M-26JUL260715-15,entry,no,71,7,4.97,0.11,64444.46,2.73
2026-07-26 11:40,KXBTC15M-26JUL260745-45,entry,no,83,6,4.98,0.06,64431.60,2.61
2026-07-26 11:55,KXBTC15M-26JUL260800-00,entry,yes,85,5,4.25,0.05,64446.18,1.19
2026-07-26 12:10,KXBTC15M-26JUL260815-15,entry,yes,98,5,4.90,0.01,64522.19,10.89
2026-07-26 12:25,KXBTC15M-26JUL260830-30,entry,no,94,5,4.70,0.02,64508.73,7.25
2026-07-26 12:40,KXBTC15M-26JUL260845-45,entry,no,98,5,4.90,0.01,64458.72,9.78
2026-07-26 12:55,KXBTC15M-26JUL260900-00,entry,no,92,5,4.60,0.03,64419.96,4.61
2026-07-26 13:10,KXBTC15M-26JUL260915-15,entry,no,98,5,4.90,0.01,64360.50,7.82
2026-07-26 13:25,KXBTC15M-26JUL260930-30,entry,yes,99,5,4.95,0.01,64431.23,9.91
2026-07-26 13:40,KXBTC15M-26JUL260945-45,entry,yes,81,6,4.86,0.07,64450.51,5.85
2026-07-26 13:55,KXBTC15M-26JUL261000-00,entry,no,90,5,4.50,0.04,64458.05,4.68
2026-07-26 14:10,KXBTC15M-26JUL261015-15,entry,yes,99,5,4.95,0.01,64647.97,28.11
2026-07-26 14:25,KXBTC15M-26JUL261030-30,entry,no,97,5,4.85,0.02,64595.18,7.08
2026-07-26 14:40,KXBTC15M-26JUL261045-45,entry,yes,82,6,4.92,0.07,64609.49,3.88
2026-07-26 14:55,KXBTC15M-26JUL261100-00,entry,yes,74,6,4.44,0.09,64647.50,1.80
2026-07-26 15:10,KXBTC15M-26JUL261115-15,entry,no,80,6,4.80,0.07,64635.47,3.83
2026-07-26 15:25,KXBTC15M-26JUL261130-30,entry,yes,99,5,4.95,0.01,64709.20,13.58
2026-07-26 15:40,KXBTC15M-26JUL261145-45,entry,yes,96,5,4.80,0.02,64751.81,7.58
2026-07-26 15:55,KXBTC15M-26JUL261200-00,entry,no,91,5,4.55,0.03,64721.99,3.70
2026-07-26 16:10,KXBTC15M-26JUL261215-15,entry,no,98,5,4.90,0.01,64651.78,9.35
2026-07-26 16:25,KXBTC15M-26JUL261230-30,entry,yes,96,5,4.80,0.02,64703.98,6.32
2026-07-26 16:40,KXBTC15M-26JUL261245-45,entry,yes,89,5,4.45,0.04,64773.76,5.89
2026-07-26 16:55,KXBTC15M-26JUL261300-00,entry,no,98,5,4.90,0.01,64697.18,11.24
2026-07-26 17:10,KXBTC15M-26JUL261315-15,entry,no,83,6,4.98,0.06,64660.86,4.29
2026-07-26 17:25,KXBTC15M-26JUL261330-30,entry,no,90,5,4.50,0.04,64674.28,5.96
2026-07-26 17:40,KXBTC15M-26JUL261345-45,entry,no,92,5,4.60,0.03,64617.37,7.26
2026-07-26 18:25,KXBTC15M-26JUL261430-30,entry,no,71,7,4.97,0.11,64626.02,2.75
2026-07-26 18:40,KXBTC15M-26JUL261445-45,entry,yes,95,5,4.75,0.02,64655.52,3.00
2026-07-26 18:55,KXBTC15M-26JUL261500-00,entry,yes,92,5,4.60,0.03,64691.38,5.79
2026-07-26 19:10,KXBTC15M-26JUL261515-15,entry,no,95,5,4.75,0.02,64633.99,8.01
2026-07-26 19:25,KXBTC15M-26JUL261530-30,entry,yes,93,5,4.65,0.03,64653.99,4.22
2026-07-26 19:55,KXBTC15M-26JUL261600-00,entry,no,90,5,4.50,0.04,64639.29,5.17
2026-07-26 20:25,KXBTC15M-26JUL261630-30,entry,no,97,5,4.85,0.02,64592.09,8.15
2026-07-26 20:40,KXBTC15M-26JUL261645-45,entry,yes,75,6,4.50,0.08,64616.96,3.01
2026-07-26 20:55,KXBTC15M-26JUL261700-00,entry,no,93,5,4.65,0.03,64595.31,2.72
2026-07-26 21:10,KXBTC15M-26JUL261715-15,entry,yes,81,6,4.86,0.07,64601.58,0.51
2026-07-26 21:25,KXBTC15M-26JUL261730-30,entry,yes,99,5,4.95,0.01,64783.80,22.23
2026-07-26 21:40,KXBTC15M-26JUL261745-45,entry,no,75,6,4.50,0.08,64738.84,3.37
2026-07-26 21:55,KXBTC15M-26JUL261800-00,entry,yes,96,5,4.80,0.02,64822.00,9.05
2026-07-26 22:10,KXBTC15M-26JUL261815-15,entry,yes,99,5,4.95,0.01,65158.03,55.61
2026-07-26 22:40,KXBTC15M-26JUL261845-45,entry,yes,99,5,4.95,0.01,65435.23,39.39
2026-07-26 22:55,KXBTC15M-26JUL261900-00,entry,no,88,5,4.40,0.04,65313.99,15.14
2026-07-26 23:10,KXBTC15M-26JUL261915-15,entry,yes,99,5,4.95,0.01,65433.96,12.58
2026-07-26 23:25,KXBTC15M-26JUL261930-30,entry,no,94,5,4.70,0.02,65294.97,11.05
2026-07-27 00:10,KXBTC15M-26JUL262015-15,entry,no,99,5,4.95,0.01,65136.67,30.92
2026-07-27 00:25,KXBTC15M-26JUL262030-30,entry,no,95,5,4.75,0.02,65165.46,0.73
2026-07-27 00:40,KXBTC15M-26JUL262045-45,entry,no,96,5,4.80,0.02,65080.47,11.06
2026-07-27 00:55,KXBTC15M-26JUL262100-00,entry,no,77,6,4.62,0.08,65004.25,13.74
2026-07-27 01:10,KXBTC15M-26JUL262115-15,entry,yes,94,5,4.70,0.02,65089.30,4.03
2026-07-27 01:40,KXBTC15M-26JUL262145-45,entry,yes,92,5,4.60,0.03,65042.27,12.09
2026-07-27 01:55,KXBTC15M-26JUL262200-00,entry,yes,95,5,4.75,0.02,65123.18,13.74
2026-07-27 02:25,KXBTC15M-26JUL262230-30,entry,no,73,6,4.38,0.09,65139.66,1.20
2026-07-27 02:40,KXBTC15M-26JUL262245-45,entry,yes,91,5,4.55,0.03,65169.50,5.50
2026-07-27 02:55,KXBTC15M-26JUL262300-00,entry,no,95,5,4.75,0.02,65117.00,12.10
2026-07-27 03:10,KXBTC15M-26JUL262315-15,entry,yes,74,6,4.44,0.09,65122.36,0.13
2026-07-27 03:25,KXBTC15M-26JUL262330-30,entry,yes,88,5,4.40,0.04,65282.46,11.62
2026-07-27 03:40,KXBTC15M-26JUL262345-45,entry,no,90,5,4.50,0.04,65239.25,4.08
2026-07-27 03:55,KXBTC15M-26JUL270000-00,entry,no,93,5,4.65,0.03,65215.50,11.65
2026-07-27 04:25,KXBTC15M-26JUL270030-30,entry,yes,92,5,4.60,0.03,65331.75,12.76
2026-07-27 04:40,KXBTC15M-26JUL270045-45,entry,yes,85,5,4.25,0.05,65308.50,7.33
2026-07-27 04:55,KXBTC15M-26JUL270100-00,entry,no,92,5,4.60,0.03,65251.55,11.66
2026-07-27 05:10,KXBTC15M-26JUL270115-15,entry,yes,82,6,4.92,0.07,65292.51,8.73
2026-07-27 05:25,KXBTC15M-26JUL270130-30,entry,yes,76,6,4.56,0.08,65333.08,0.66
2026-07-27 05:40,KXBTC15M-26JUL270145-45,entry,no,76,6,4.56,0.08,65331.06,3.48
2026-07-27 06:10,KXBTC15M-26JUL270215-15,entry,yes,89,5,4.45,0.04,65543.86,19.37
2026-07-27 06:25,KXBTC15M-26JUL270230-30,entry,no,89,5,4.45,0.04,65473.31,10.45
2026-07-27 06:40,KXBTC15M-26JUL270245-45,entry,yes,79,6,4.74,0.07,65445.57,2.30
2026-07-27 06:55,KXBTC15M-26JUL270300-00,entry,no,98,5,4.90,0.01,65369.76,16.89
2026-07-27 07:40,KXBTC15M-26JUL270345-45,entry,no,99,5,4.95,0.01,65195.51,26.08
2026-07-27 07:55,KXBTC15M-26JUL270400-00,entry,yes,80,6,4.80,0.07,65234.08,1.29
2026-07-27 08:10,KXBTC15M-26JUL270415-15,entry,no,86,5,4.30,0.05,65117.79,10.25
2026-07-27 08:25,KXBTC15M-26JUL270430-30,entry,yes,71,7,4.97,0.11,65192.45,7.28
2026-07-27 08:40,KXBTC15M-26JUL270445-45,entry,no,97,5,4.85,0.02,65104.50,11.52
2026-07-27 08:55,KXBTC15M-26JUL270500-00,entry,yes,63,7,4.41,0.12,65129.78,2.40
2026-07-27 09:10,KXBTC15M-26JUL270515-15,entry,no,94,5,4.70,0.02,65092.00,3.87
2026-07-27 09:25,KXBTC15M-26JUL270530-30,entry,yes,96,5,4.80,0.02,65158.08,12.83
2026-07-27 09:40,KXBTC15M-26JUL270545-45,entry,yes,97,5,4.85,0.02,65252.35,13.42
2026-07-27 09:55,KXBTC15M-26JUL270600-00,entry,no,89,5,4.45,0.04,65216.76,3.88
2026-07-27 10:25,KXBTC15M-26JUL270630-30,entry,yes,99,5,4.95,0.01,65296.05,16.13
2026-07-27 10:40,KXBTC15M-26JUL270645-45,entry,yes,94,5,4.70,0.02,65348.60,8.27
2026-07-27 10:55,KXBTC15M-26JUL270700-00,entry,no,95,5,4.75,0.02,65288.87,9.79
2026-07-27 11:10,KXBTC15M-26JUL270715-15,entry,no,87,5,4.35,0.04,65245.83,5.78
2026-07-27 11:25,KXBTC15M-26JUL270730-30,entry,no,98,5,4.90,0.01,65150.71,7.86
2026-07-27 11:40,KXBTC15M-26JUL270745-45,entry,yes,66,7,4.62,0.11,65133.73,1.33
2026-07-27 11:55,KXBTC15M-26JUL270800-00,entry,no,92,5,4.60,0.03,65046.62,9.88
2026-07-27 12:10,KXBTC15M-26JUL270815-15,entry,yes,99,5,4.95,0.01,65160.68,16.66
2026-07-27 12:25,KXBTC15M-26JUL270830-30,entry,no,90,5,4.50,0.04,64965.54,12.76
2026-07-27 12:40,KXBTC15M-26JUL270845-45,entry,no,86,5,4.30,0.05,64918.75,8.66
2026-07-27 12:55,KXBTC15M-26JUL270900-00,entry,yes,81,6,4.86,0.07,65035.86,6.99
2026-07-27 13:10,KXBTC15M-26JUL270915-15,entry,no,68,7,4.76,0.11,64977.51,6.84
2026-07-27 13:25,KXBTC15M-26JUL270930-30,entry,no,79,6,4.74,0.07,64864.98,9.90
2026-07-27 13:55,KXBTC15M-26JUL271000-00,entry,no,97,5,4.85,0.02,65377.66,34.00
2026-07-27 14:10,KXBTC15M-26JUL271015-15,entry,yes,95,5,4.75,0.02,65194.90,4.63
2026-07-27 14:25,KXBTC15M-26JUL271030-30,entry,no,99,5,4.95,0.01,64955.68,52.43
2026-07-27 14:40,KXBTC15M-26JUL271045-45,entry,no,98,5,4.90,0.01,64529.18,51.18
2026-07-27 14:55,KXBTC15M-26JUL271100-00,entry,yes,75,6,4.50,0.08,64602.77,22.68
2026-07-27 15:10,KXBTC15M-26JUL271115-15,entry,no,81,6,4.86,0.07,64525.70,11.94
2026-07-27 15:25,KXBTC15M-26JUL271130-30,entry,no,92,5,4.60,0.03,64564.06,15.60
2026-07-27 15:40,KXBTC15M-26JUL271145-45,entry,no,82,6,4.92,0.07,64505.65,8.20
2026-07-27 16:10,KXBTC15M-26JUL271215-15,entry,yes,92,5,4.60,0.03,64593.85,16.81
2026-07-27 16:40,KXBTC15M-26JUL271245-45,entry,yes,99,5,4.95,0.01,64872.49,31.13
2026-07-27 16:55,KXBTC15M-26JUL271300-00,entry,no,96,5,4.80,0.02,64768.00,12.45
2026-07-27 17:10,KXBTC15M-26JUL271315-15,entry,no,88,5,4.40,0.04,64797.49,6.32
2026-07-27 17:25,KXBTC15M-26JUL271330-30,entry,yes,98,5,4.90,0.01,64959.36,20.62
2026-07-27 17:40,KXBTC15M-26JUL271345-45,entry,yes,78,6,4.68,0.08,64972.38,5.27
2026-07-27 17:55,KXBTC15M-26JUL271400-00,entry,no,76,6,4.56,0.08,64909.73,5.02
2026-07-27 18:10,KXBTC15M-26JUL271415-15,entry,no,83,6,4.98,0.06,64900.49,7.91
2026-07-27 18:25,KXBTC15M-26JUL271430-30,entry,no,96,5,4.80,0.02,64832.21,11.69
2026-07-27 18:40,KXBTC15M-26JUL271445-45,entry,no,99,5,4.95,0.01,64690.73,23.31
2026-07-27 19:10,KXBTC15M-26JUL271515-15,entry,yes,90,5,4.50,0.04,64932.00,19.75
2026-07-27 19:40,KXBTC15M-26JUL271545-45,entry,yes,84,5,4.20,0.05,64955.66,7.48
2026-07-27 19:55,KXBTC15M-26JUL271600-00,entry,no,74,6,4.44,0.09,64903.51,1.93
2026-07-27 20:10,KXBTC15M-26JUL271615-15,entry,no,63,7,4.41,0.12,64882.84,3.04
2026-07-27 20:25,KXBTC15M-26JUL271630-30,entry,yes,71,7,4.97,0.11,64915.21,3.68
2026-07-27 20:40,KXBTC15M-26JUL271645-45,entry,no,93,5,4.65,0.03,64882.08,9.10
2026-07-27 21:10,KXBTC15M-26JUL271715-15,entry,no,82,6,4.92,0.07,64878.73,3.02
2026-07-27 21:25,KXBTC15M-26JUL271730-30,entry,no,86,5,4.30,0.05,64801.90,6.82
2026-07-27 21:40,KXBTC15M-26JUL271745-45,entry,no,75,6,4.50,0.08,64762.32,2.51
2026-07-27 21:55,KXBTC15M-26JUL271800-00,entry,yes,83,6,4.98,0.06,64793.75,4.99
2026-07-27 22:10,KXBTC15M-26JUL271815-15,entry,no,97,5,4.85,0.02,64670.14,15.61
2026-07-27 22:25,KXBTC15M-26JUL271830-30,entry,no,84,5,4.20,0.05,64536.94,18.53
2026-07-27 22:40,KXBTC15M-26JUL271845-45,entry,no,96,5,4.80,0.02,64178.18,57.21
2026-07-27 22:55,KXBTC15M-26JUL271900-00,entry,no,99,5,4.95,0.01,63991.52,26.30
2026-07-27 23:10,KXBTC15M-26JUL271915-15,entry,no,93,5,4.65,0.03,63624.52,23.17
2026-07-27 23:25,KXBTC15M-26JUL271930-30,entry,yes,75,6,4.50,0.08,63873.76,18.26
2026-07-27 23:40,KXBTC15M-26JUL271945-45,entry,no,96,5,4.80,0.02,63689.76,22.88
2026-07-27 23:55,KXBTC15M-26JUL272000-00,entry,yes,94,5,4.70,0.02,63680.00,8.27
2026-07-28 00:10,KXBTC15M-26JUL272015-15,entry,no,95,5,4.75,0.02,63514.65,29.61
2026-07-28 00:55,KXBTC15M-26JUL272100-00,entry,no,97,5,4.85,0.02,63499.48,12.36
2026-07-28 01:10,KXBTC15M-26JUL272115-15,entry,no,97,5,4.85,0.02,63103.11,50.73
2026-07-28 01:40,KXBTC15M-26JUL272145-45,entry,no,75,6,4.50,0.08,63134.37,19.15
2026-07-28 02:10,KXBTC15M-26JUL272215-15,entry,yes,64,7,4.48,0.12,63197.06,4.22
2026-07-28 02:25,KXBTC15M-26JUL272230-30,entry,yes,77,6,4.62,0.08,63212.40,2.11
2026-07-28 02:40,KXBTC15M-26JUL272245-45,entry,no,88,5,4.40,0.04,63095.50,13.29
2026-07-28 02:55,KXBTC15M-26JUL272300-00,entry,yes,91,5,4.55,0.03,63114.69,6.58
2026-07-28 03:25,KXBTC15M-26JUL272330-30,entry,yes,86,5,4.30,0.05,63245.74,5.58
2026-07-28 03:40,KXBTC15M-26JUL272345-45,entry,yes,92,5,4.60,0.03,63303.00,12.46
2026-07-28 03:55,KXBTC15M-26JUL280000-00,entry,no,83,6,4.98,0.06,63255.52,6.58
2026-07-28 04:10,KXBTC15M-26JUL280015-15,entry,yes,62,8,4.96,0.14,63268.82,1.28
2026-07-28 04:40,KXBTC15M-26JUL280045-45,entry,no,93,5,4.65,0.03,63166.55,10.11
2026-07-28 04:55,KXBTC15M-26JUL280100-00,entry,yes,99,5,4.95,0.01,63281.99,11.17
2026-07-28 05:25,KXBTC15M-26JUL280130-30,entry,yes,94,5,4.70,0.02,63423.82,5.74
2026-07-28 05:40,KXBTC15M-26JUL280145-45,entry,no,66,7,4.62,0.11,63451.35,2.99
2026-07-28 05:55,KXBTC15M-26JUL280200-00,entry,no,87,5,4.35,0.04,63435.01,6.94
2026-07-28 06:10,KXBTC15M-26JUL280215-15,entry,no,84,5,4.20,0.05,63342.60,9.72
2026-07-28 06:25,KXBTC15M-26JUL280230-30,entry,yes,94,5,4.70,0.02,63425.99,9.38
2026-07-28 06:40,KXBTC15M-26JUL280245-45,entry,yes,94,5,4.70,0.02,63510.00,7.97
2026-07-28 06:55,KXBTC15M-26JUL280300-00,entry,yes,96,5,4.80,0.02,63573.26,8.56
2026-07-28 07:10,KXBTC15M-26JUL280315-15,entry,no,98,5,4.90,0.01,63491.03,12.62
2026-07-28 07:40,KXBTC15M-26JUL280345-45,entry,no,77,6,4.62,0.08,63456.01,7.23
2026-07-28 07:55,KXBTC15M-26JUL280400-00,entry,yes,70,7,4.90,0.11,63456.83,4.81
2026-07-28 08:10,KXBTC15M-26JUL280415-15,entry,no,69,7,4.83,0.11,63388.52,7.95
2026-07-28 08:25,KXBTC15M-26JUL280430-30,entry,yes,92,5,4.60,0.03,63392.73,2.08
2026-07-28 08:40,KXBTC15M-26JUL280445-45,entry,no,74,6,4.44,0.09,63409.13,1.05
2026-07-28 08:55,KXBTC15M-26JUL280500-00,entry,no,98,5,4.90,0.01,63348.77,14.49
2026-07-28 09:10,KXBTC15M-26JUL280515-15,entry,yes,86,5,4.30,0.05,63381.23,2.96
2026-07-28 09:25,KXBTC15M-26JUL280530-30,entry,yes,94,5,4.70,0.02,63394.51,4.07
2026-07-28 09:40,KXBTC15M-26JUL280545-45,entry,yes,98,5,4.90,0.01,63475.67,9.10
2026-07-28 09:55,KXBTC15M-26JUL280600-00,entry,no,99,5,4.95,0.01,63323.35,21.15
2026-07-28 10:10,KXBTC15M-26JUL280615-15,entry,no,94,5,4.70,0.02,63258.02,11.62
2026-07-28 10:40,KXBTC15M-26JUL280645-45,entry,yes,99,5,4.95,0.01,63408.06,16.63
2026-07-28 11:10,KXBTC15M-26JUL280715-15,entry,no,97,5,4.85,0.02,63321.23,14.38
2026-07-28 11:25,KXBTC15M-26JUL280730-30,entry,yes,97,5,4.85,0.02,63398.93,14.24
2026-07-28 11:55,KXBTC15M-26JUL280800-00,entry,yes,94,5,4.70,0.02,63400.01,9.83
2026-07-28 12:10,KXBTC15M-26JUL280815-15,entry,no,70,7,4.90,0.11,63423.68,1.78
2026-07-28 12:25,KXBTC15M-26JUL280830-30,entry,yes,63,7,4.41,0.12,63397.58,0.78
2026-07-28 12:40,KXBTC15M-26JUL280845-45,entry,no,76,6,4.56,0.08,63348.78,7.39
2026-07-28 12:55,KXBTC15M-26JUL280900-00,entry,yes,93,5,4.65,0.03,63437.67,4.68
2026-07-28 13:10,KXBTC15M-26JUL280915-15,entry,no,82,6,4.92,0.07,63422.00,10.89
2026-07-28 13:25,KXBTC15M-26JUL280930-30,entry,no,96,5,4.80,0.02,63289.43,23.23
2026-07-28 13:40,KXBTC15M-26JUL280945-45,entry,no,99,5,4.95,0.01,62987.10,42.44
2026-07-28 14:10,KXBTC15M-26JUL281015-15,entry,yes,93,5,4.65,0.03,63138.90,19.36
2026-07-28 14:40,KXBTC15M-26JUL281045-45,entry,yes,70,7,4.90,0.11,63221.67,18.12
2026-07-28 14:55,KXBTC15M-26JUL281100-00,entry,yes,91,5,4.55,0.03,63399.66,17.93
2026-07-28 15:25,KXBTC15M-26JUL281130-30,entry,yes,99,5,4.95,0.01,63797.88,61.09
2026-07-28 15:40,KXBTC15M-26JUL281145-45,entry,yes,81,6,4.86,0.07,63785.95,13.53
2026-07-28 16:10,KXBTC15M-26JUL281215-15,entry,no,92,5,4.60,0.03,63750.82,17.03
2026-07-28 16:25,KXBTC15M-26JUL281230-30,entry,yes,72,6,4.32,0.09,63774.25,3.90
2026-07-28 16:55,KXBTC15M-26JUL281300-00,entry,yes,97,5,4.85,0.02,63970.97,17.76
2026-07-28 17:25,KXBTC15M-26JUL281330-30,entry,no,88,5,4.40,0.04,63679.66,9.86
2026-07-28 17:40,KXBTC15M-26JUL281345-45,entry,no,99,5,4.95,0.01,63515.39,24.59
2026-07-28 17:55,KXBTC15M-26JUL281400-00,entry,yes,88,5,4.40,0.04,63542.19,6.95
2026-07-28 18:10,KXBTC15M-26JUL281415-15,entry,yes,88,5,4.40,0.04,63673.15,10.25
2026-07-28 18:40,KXBTC15M-26JUL281445-45,entry,yes,74,6,4.44,0.09,63649.47,3.36
2026-07-28 18:55,KXBTC15M-26JUL281500-00,entry,no,93,5,4.65,0.03,63626.61,9.37
2026-07-28 19:10,KXBTC15M-26JUL281515-15,entry,yes,90,5,4.50,0.04,63695.71,5.06
2026-07-28 19:40,KXBTC15M-26JUL281545-45,entry,yes,72,6,4.32,0.09,63692.24,2.06
2026-07-28 19:55,KXBTC15M-26JUL281600-00,entry,yes,99,5,4.95,0.01,63768.53,23.52
2026-07-28 20:10,KXBTC15M-26JUL281615-15,entry,yes,92,5,4.60,0.03,63850.20,7.67
2026-07-28 20:25,KXBTC15M-26JUL281630-30,entry,no,95,5,4.75,0.02,63860.62,7.44
2026-07-28 20:40,KXBTC15M-26JUL281645-45,entry,no,73,6,4.38,0.09,63808.24,3.24
2026-07-28 21:10,KXBTC15M-26JUL281715-15,entry,yes,83,6,4.98,0.06,63851.23,1.95
2026-07-28 21:25,KXBTC15M-26JUL281730-30,entry,no,75,6,4.50,0.08,63832.51,2.91
2026-07-28 21:40,KXBTC15M-26JUL281745-45,entry,yes,99,5,4.95,0.01,63911.64,11.32
2026-07-28 21:55,KXBTC15M-26JUL281800-00,entry,no,72,6,4.32,0.09,63936.90,3.38
2026-07-28 22:25,KXBTC15M-26JUL281830-30,entry,no,75,6,4.50,0.08,63860.22,7.22
2026-07-28 22:40,KXBTC15M-26JUL281845-45,entry,no,93,5,4.65,0.03,63806.90,6.06
2026-07-28 22:55,KXBTC15M-26JUL281900-00,entry,no,98,5,4.90,0.01,63752.64,7.45
2026-07-28 23:10,KXBTC15M-26JUL281915-15,entry,no,99,5,4.95,0.01,63574.57,22.58
2026-07-28 23:25,KXBTC15M-26JUL281930-30,entry,no,74,6,4.44,0.09,63485.51,9.45
2026-07-28 23:40,KXBTC15M-26JUL281945-45,entry,yes,99,5,4.95,0.01,63726.38,26.76
2026-07-28 23:55,KXBTC15M-26JUL282000-00,entry,yes,99,5,4.95,0.01,63815.65,12.12
2026-07-29 00:10,KXBTC15M-26JUL282015-15,entry,yes,96,5,4.80,0.02,63937.08,11.42
2026-07-29 00:25,KXBTC15M-26JUL282030-30,entry,no,90,5,4.50,0.04,63889.05,10.43
2026-07-29 00:40,KXBTC15M-26JUL282045-45,entry,yes,94,5,4.70,0.02,63946.62,9.34
2026-07-29 01:10,KXBTC15M-26JUL282115-15,entry,no,76,6,4.56,0.08,63796.09,13.21
2026-07-29 01:25,KXBTC15M-26JUL282130-30,entry,yes,92,5,4.60,0.03,63823.79,11.14
2026-07-29 01:40,KXBTC15M-26JUL282145-45,entry,no,74,6,4.44,0.09,63769.05,12.42
2026-07-29 01:55,KXBTC15M-26JUL282200-00,entry,no,95,5,4.75,0.02,63666.62,11.52
2026-07-29 02:10,KXBTC15M-26JUL282215-15,entry,yes,95,5,4.75,0.02,63698.59,11.47
2026-07-29 02:40,KXBTC15M-26JUL282245-45,entry,yes,97,5,4.85,0.02,64003.34,13.41
2026-07-29 02:55,KXBTC15M-26JUL282300-00,entry,no,90,5,4.50,0.04,63881.46,11.62
2026-07-29 03:10,KXBTC15M-26JUL282315-15,entry,yes,75,6,4.50,0.08,63908.09,3.87
2026-07-29 03:25,KXBTC15M-26JUL282330-30,entry,no,91,5,4.55,0.03,63777.15,12.94
2026-07-29 03:55,KXBTC15M-26JUL290000-00,entry,no,70,7,4.90,0.11,63634.97,7.44
2026-07-29 04:25,KXBTC15M-26JUL290030-30,entry,yes,73,6,4.38,0.09,63671.97,2.95
2026-07-29 04:40,KXBTC15M-26JUL290045-45,entry,yes,97,5,4.85,0.02,63816.24,16.52
2026-07-29 04:55,KXBTC15M-26JUL290100-00,entry,yes,94,5,4.70,0.02,63833.60,7.48
2026-07-29 05:10,KXBTC15M-26JUL290115-15,entry,yes,69,7,4.83,0.11,63924.99,8.60
2026-07-29 05:25,KXBTC15M-26JUL290130-30,entry,no,91,5,4.55,0.03,63866.52,8.12
2026-07-29 05:40,KXBTC15M-26JUL290145-45,entry,yes,97,5,4.85,0.02,63956.15,12.69
2026-07-29 05:55,KXBTC15M-26JUL290200-00,entry,yes,97,5,4.85,0.02,63996.88,8.81
2026-07-29 06:10,KXBTC15M-26JUL290215-15,entry,no,62,8,4.96,0.14,63972.05,1.70
2026-07-29 06:25,KXBTC15M-26JUL290230-30,entry,yes,96,5,4.80,0.02,64165.85,20.38
2026-07-29 06:40,KXBTC15M-26JUL290245-45,entry,yes,82,6,4.92,0.07,64347.22,6.92
2026-07-29 06:55,KXBTC15M-26JUL290300-00,entry,no,78,6,4.68,0.08,64335.39,4.35
2026-07-29 07:10,KXBTC15M-26JUL290315-15,entry,yes,83,6,4.98,0.06,64385.00,4.85
2026-07-29 07:25,KXBTC15M-26JUL290330-30,entry,no,73,6,4.38,0.09,64366.37,3.12
2026-07-29 07:40,KXBTC15M-26JUL290345-45,entry,no,94,5,4.70,0.02,64382.65,7.55
2026-07-29 07:55,KXBTC15M-26JUL290400-00,entry,no,77,6,4.62,0.08,64404.54,0.93
2026-07-29 08:25,KXBTC15M-26JUL290430-30,entry,no,92,5,4.60,0.03,64228.33,13.06
2026-07-29 08:40,KXBTC15M-26JUL290445-45,entry,yes,76,6,4.56,0.08,64250.69,3.71
2026-07-29 09:10,KXBTC15M-26JUL290515-15,entry,yes,68,7,4.76,0.11,64379.65,5.58
2026-07-29 09:25,KXBTC15M-26JUL290530-30,entry,yes,71,7,4.97,0.11,64398.97,3.14
2026-07-29 09:40,KXBTC15M-26JUL290545-45,entry,yes,99,5,4.95,0.01,64588.99,32.16
2026-07-29 09:55,KXBTC15M-26JUL290600-00,entry,yes,90,5,4.50,0.04,64612.00,12.73
2026-07-29 10:10,KXBTC15M-26JUL290615-15,entry,no,83,6,4.98,0.06,64561.62,11.60
2026-07-29 10:25,KXBTC15M-26JUL290630-30,entry,no,64,7,4.48,0.12,64548.84,5.46
2026-07-29 10:40,KXBTC15M-26JUL290645-45,entry,no,96,5,4.80,0.02,64504.18,6.97
2026-07-29 11:10,KXBTC15M-26JUL290715-15,entry,yes,76,6,4.56,0.08,64433.24,5.39
2026-07-29 11:40,KXBTC15M-26JUL290745-45,entry,no,99,5,4.95,0.01,64377.40,10.76
2026-07-29 11:55,KXBTC15M-26JUL290800-00,entry,yes,90,5,4.50,0.04,64402.58,7.07
2026-07-29 12:10,KXBTC15M-26JUL290815-15,entry,no,98,5,4.90,0.01,64371.01,9.18
2026-07-29 12:25,KXBTC15M-26JUL290830-30,entry,no,99,5,4.95,0.01,64288.00,18.38
2026-07-29 12:40,KXBTC15M-26JUL290845-45,entry,no,73,6,4.38,0.09,64247.46,5.82
2026-07-29 12:55,KXBTC15M-26JUL290900-00,entry,no,88,5,4.40,0.04,64236.99,3.48
2026-07-29 13:10,KXBTC15M-26JUL290915-15,entry,yes,63,7,4.41,0.12,64208.55,1.30
2026-07-29 13:25,KXBTC15M-26JUL290930-30,entry,no,97,5,4.85,0.02,64102.42,22.75
2026-07-29 13:40,KXBTC15M-26JUL290945-45,entry,yes,91,5,4.55,0.03,64212.44,11.11
2026-07-29 14:10,KXBTC15M-26JUL291015-15,entry,no,92,5,4.60,0.03,64373.21,25.76
2026-07-29 14:40,KXBTC15M-26JUL291045-45,entry,no,84,5,4.20,0.05,64035.51,16.74
2026-07-29 14:55,KXBTC15M-26JUL291100-00,entry,yes,98,5,4.90,0.01,64088.78,13.71
2026-07-29 15:10,KXBTC15M-26JUL291115-15,entry,yes,79,6,4.74,0.07,64063.45,3.32
2026-07-29 15:25,KXBTC15M-26JUL291130-30,entry,no,94,5,4.70,0.02,63942.31,17.41
2026-07-29 15:40,KXBTC15M-26JUL291145-45,entry,no,90,5,4.50,0.04,63916.80,13.08
2026-07-29 15:55,KXBTC15M-26JUL291200-00,entry,no,72,6,4.32,0.09,63845.73,8.56
2026-07-29 16:10,KXBTC15M-26JUL291215-15,entry,yes,65,7,4.55,0.12,63904.12,3.75
2026-07-29 16:25,KXBTC15M-26JUL291230-30,entry,yes,96,5,4.80,0.02,63975.66,14.75
2026-07-29 16:40,KXBTC15M-26JUL291245-45,entry,no,98,5,4.90,0.01,63807.00,23.22
2026-07-29 16:55,KXBTC15M-26JUL291300-00,entry,yes,96,5,4.80,0.02,63704.35,19.80
2026-07-29 17:25,KXBTC15M-26JUL291330-30,entry,no,74,6,4.44,0.09,63698.23,10.20
2026-07-29 17:40,KXBTC15M-26JUL291345-45,entry,yes,96,5,4.80,0.02,63796.09,18.77
2026-07-29 18:10,KXBTC15M-26JUL291415-15,entry,yes,99,5,4.95,0.01,64342.75,31.18
2026-07-29 18:40,KXBTC15M-26JUL291445-45,entry,yes,76,6,4.56,0.08,64155.10,19.80
2026-07-29 18:55,KXBTC15M-26JUL291500-00,entry,yes,97,5,4.85,0.02,64441.47,16.43
2026-07-29 19:10,KXBTC15M-26JUL291515-15,entry,no,99,5,4.95,0.01,64148.79,41.32
2026-07-29 19:25,KXBTC15M-26JUL291530-30,entry,no,95,5,4.75,0.02,63986.23,37.74
2026-07-29 19:40,KXBTC15M-26JUL291545-45,entry,no,84,5,4.20,0.05,63834.58,12.87
2026-07-29 19:55,KXBTC15M-26JUL291600-00,entry,no,98,5,4.90,0.01,63588.79,35.75
2026-07-29 20:10,KXBTC15M-26JUL291615-15,entry,no,97,5,4.85,0.02,63382.66,20.99
2026-07-29 20:40,KXBTC15M-26JUL291645-45,entry,yes,99,5,4.95,0.01,63644.49,30.37
2026-07-29 20:55,KXBTC15M-26JUL291700-00,entry,no,83,6,4.98,0.06,63433.52,18.77
2026-07-29 21:10,KXBTC15M-26JUL291715-15,entry,no,95,5,4.75,0.02,63369.84,11.04
2026-07-29 21:25,KXBTC15M-26JUL291730-30,entry,yes,78,6,4.68,0.08,63418.69,0.82
2026-07-29 21:40,KXBTC15M-26JUL291745-45,entry,yes,90,5,4.50,0.04,63570.20,13.30
2026-07-29 21:55,KXBTC15M-26JUL291800-00,entry,yes,98,5,4.90,0.01,63659.75,25.04
2026-07-29 22:10,KXBTC15M-26JUL291815-15,entry,yes,96,5,4.80,0.02,63960.31,28.46
2026-07-29 22:25,KXBTC15M-26JUL291830-30,entry,no,65,7,4.55,0.12,63950.71,0.29
2026-07-29 22:40,KXBTC15M-26JUL291845-45,entry,no,94,5,4.70,0.02,63870.23,13.22
2026-07-29 22:55,KXBTC15M-26JUL291900-00,entry,no,97,5,4.85,0.02,63857.66,14.43
2026-07-29 23:25,KXBTC15M-26JUL291930-30,entry,yes,96,5,4.80,0.02,63905.64,10.95
2026-07-29 23:40,KXBTC15M-26JUL291945-45,entry,no,84,5,4.20,0.05,63863.08,10.13
2026-07-29 23:55,KXBTC15M-26JUL292000-00,entry,yes,77,6,4.62,0.08,63921.25,0.47
2026-07-30 00:10,KXBTC15M-26JUL292015-15,entry,yes,91,5,4.55,0.03,63940.22,5.58
2026-07-30 00:25,KXBTC15M-26JUL292030-30,entry,no,94,5,4.70,0.02,63901.75,12.25
2026-07-30 00:40,KXBTC15M-26JUL292045-45,entry,no,99,5,4.95,0.01,63717.10,32.11
2026-07-30 00:55,KXBTC15M-26JUL292100-00,entry,no,94,5,4.70,0.02,63526.07,16.27
2026-07-30 01:10,KXBTC15M-26JUL292115-15,entry,yes,97,5,4.85,0.02,63691.89,16.87
2026-07-30 01:25,KXBTC15M-26JUL292130-30,entry,yes,97,5,4.85,0.02,63737.55,13.17
2026-07-30 01:40,KXBTC15M-26JUL292145-45,entry,yes,98,5,4.90,0.01,63953.02,30.86
2026-07-30 02:10,KXBTC15M-26JUL292215-15,entry,yes,79,6,4.74,0.07,64208.44,3.27
2026-07-30 02:40,KXBTC15M-26JUL292245-45,entry,no,98,5,4.90,0.01,64184.25,12.57
2026-07-30 02:55,KXBTC15M-26JUL292300-00,entry,no,96,5,4.80,0.02,64172.77,10.22
2026-07-30 03:25,KXBTC15M-26JUL292330-30,entry,yes,93,5,4.65,0.03,64153.50,9.84
2026-07-30 03:40,KXBTC15M-26JUL292345-45,entry,no,97,5,4.85,0.02,64083.35,15.78
2026-07-30 03:55,KXBTC15M-26JUL300000-00,entry,yes,89,5,4.45,0.04,64115.31,5.10
2026-07-30 04:10,KXBTC15M-26JUL300015-15,entry,no,82,6,4.92,0.07,64028.53,8.54
2026-07-30 04:25,KXBTC15M-26JUL300030-30,entry,no,72,6,4.32,0.09,64004.71,5.28
2026-07-30 05:10,KXBTC15M-26JUL300115-15,entry,no,80,6,4.80,0.07,63898.06,6.92
2026-07-30 05:25,KXBTC15M-26JUL300130-30,entry,no,96,5,4.80,0.02,63843.99,11.96
2026-07-30 05:40,KXBTC15M-26JUL300145-45,entry,yes,89,5,4.45,0.04,63981.75,9.47
2026-07-30 05:55,KXBTC15M-26JUL300200-00,entry,no,98,5,4.90,0.01,63901.68,20.79
2026-07-30 06:10,KXBTC15M-26JUL300215-15,entry,no,78,6,4.68,0.08,63899.84,8.01
2026-07-30 06:25,KXBTC15M-26JUL300230-30,entry,yes,67,7,4.69,0.11,63971.67,5.75
2026-07-30 06:40,KXBTC15M-26JUL300245-45,entry,no,86,5,4.30,0.05,63911.82,11.15
2026-07-30 10:55,KXBTC15M-26JUL300700-00,entry,no,98,5,4.90,0.01,64490.52,6.83
2026-07-30 11:10,KXBTC15M-26JUL300715-15,entry,yes,94,5,4.70,0.02,64542.99,7.44
2026-07-30 11:40,KXBTC15M-26JUL300745-45,entry,yes,93,5,4.65,0.03,64572.29,11.57
2026-07-30 11:55,KXBTC15M-26JUL300800-00,entry,yes,99,5,4.95,0.01,64743.61,24.81
2026-07-30 12:25,KXBTC15M-26JUL300830-30,entry,no,71,7,4.97,0.11,64859.96,6.38
2026-07-30 12:40,KXBTC15M-26JUL300845-45,entry,no,62,8,4.96,0.14,64762.55,7.29
2026-07-30 12:55,KXBTC15M-26JUL300900-00,entry,yes,93,5,4.65,0.03,64827.08,8.89
2026-07-30 13:10,KXBTC15M-26JUL300915-15,entry,no,88,5,4.40,0.04,64778.82,10.77
2026-07-30 13:40,KXBTC15M-26JUL300945-45,entry,no,90,5,4.50,0.04,64643.92,16.82
2026-07-30 14:10,KXBTC15M-26JUL301015-15,entry,no,99,5,4.95,0.01,64660.86,48.60
2026-07-30 14:25,KXBTC15M-26JUL301030-30,entry,yes,64,7,4.48,0.12,64690.65,2.22
2026-07-30 14:40,KXBTC15M-26JUL301045-45,entry,yes,67,7,4.69,0.11,64764.77,4.66
2026-07-30 14:55,KXBTC15M-26JUL301100-00,entry,no,86,5,4.30,0.05,64631.70,18.17
2026-07-30 15:10,KXBTC15M-26JUL301115-15,entry,yes,98,5,4.90,0.01,64662.21,5.28
2026-07-30 15:25,KXBTC15M-26JUL301130-30,entry,yes,91,5,4.55,0.03,64679.30,3.20
2026-07-30 15:40,KXBTC15M-26JUL301145-45,entry,yes,66,7,4.62,0.11,64642.08,1.16
2026-07-30 15:55,KXBTC15M-26JUL301200-00,entry,no,83,6,4.98,0.06,64644.38,10.21
2026-07-30 16:10,KXBTC15M-26JUL301215-15,entry,yes,96,5,4.80,0.02,64770.09,16.09
2026-07-30 16:25,KXBTC15M-26JUL301230-30,entry,no,95,5,4.75,0.02,64803.22,8.85
2026-07-30 16:40,KXBTC15M-26JUL301245-45,entry,no,70,7,4.90,0.11,64733.62,13.92
2026-07-30 16:55,KXBTC15M-26JUL301300-00,entry,yes,95,5,4.75,0.02,64779.86,9.90
2026-07-30 17:10,KXBTC15M-26JUL301315-15,entry,yes,65,7,4.55,0.12,64784.49,4.18
2026-07-30 17:25,KXBTC15M-26JUL301330-30,entry,yes,98,5,4.90,0.01,64852.82,18.02
2026-07-30 17:40,KXBTC15M-26JUL301345-45,entry,no,96,5,4.80,0.02,64823.04,9.90
2026-07-30 17:55,KXBTC15M-26JUL301400-00,entry,no,98,5,4.90,0.01,64803.60,13.90
2026-07-30 18:10,KXBTC15M-26JUL301415-15,entry,no,80,6,4.80,0.07,64766.14,7.34
2026-07-30 18:25,KXBTC15M-26JUL301430-30,entry,no,82,6,4.92,0.07,64738.36,4.82
2026-07-30 18:40,KXBTC15M-26JUL301445-45,entry,no,98,5,4.90,0.01,64667.49,12.00
2026-07-30 18:55,KXBTC15M-26JUL301500-00,entry,no,90,5,4.50,0.04,64626.49,7.10
2026-07-30 19:10,KXBTC15M-26JUL301515-15,entry,yes,99,5,4.95,0.01,64780.70,21.67
2026-07-30 19:40,KXBTC15M-26JUL301545-45,entry,no,90,5,4.50,0.04,64791.95,5.15
2026-07-30 19:55,KXBTC15M-26JUL301600-00,entry,no,71,7,4.97,0.11,64733.68,5.96
2026-07-30 20:25,KXBTC15M-26JUL301630-30,entry,yes,97,5,4.85,0.02,64774.08,6.18
2026-07-30 20:55,KXBTC15M-26JUL301700-00,entry,no,75,6,4.50,0.08,64766.21,3.04
2026-07-30 21:25,KXBTC15M-26JUL301730-30,entry,yes,71,7,4.97,0.11,64689.89,1.58
2026-07-30 21:40,KXBTC15M-26JUL301745-45,entry,yes,90,5,4.50,0.04,64721.31,5.60
2026-07-30 21:55,KXBTC15M-26JUL301800-00,entry,no,85,5,4.25,0.05,64674.10,2.90
2026-07-30 22:10,KXBTC15M-26JUL301815-15,entry,yes,98,5,4.90,0.01,64914.00,37.66
2026-07-30 22:40,KXBTC15M-26JUL301845-45,entry,no,97,5,4.85,0.02,64830.22,15.97
2026-07-30 22:55,KXBTC15M-26JUL301900-00,entry,no,94,5,4.70,0.02,64809.44,7.85
2026-07-30 23:10,KXBTC15M-26JUL301915-15,entry,yes,96,5,4.80,0.02,64828.39,6.43
2026-07-30 23:25,KXBTC15M-26JUL301930-30,entry,no,64,7,4.48,0.12,64866.77,1.99
2026-07-30 23:55,KXBTC15M-26JUL302000-00,entry,no,72,6,4.32,0.09,64738.43,4.36
2026-07-31 00:25,KXBTC15M-26JUL302030-30,entry,no,88,5,4.40,0.04,64707.19,8.81
2026-07-31 00:40,KXBTC15M-26JUL302045-45,entry,yes,75,6,4.50,0.08,64703.90,2.76
2026-07-31 00:55,KXBTC15M-26JUL302100-00,entry,no,99,5,4.95,0.01,64664.15,11.00
2026-07-31 01:25,KXBTC15M-26JUL302130-30,entry,no,95,5,4.75,0.02,65087.85,9.49
2026-07-31 01:40,KXBTC15M-26JUL302145-45,entry,no,99,5,4.95,0.01,64852.83,40.76
2026-07-31 01:55,KXBTC15M-26JUL302200-00,entry,no,99,5,4.95,0.01,64488.45,44.56
2026-07-31 02:25,KXBTC15M-26JUL302230-30,entry,no,98,5,4.90,0.01,64322.19,20.46
2026-07-31 02:40,KXBTC15M-26JUL302245-45,entry,no,96,5,4.80,0.02,64217.06,18.26
2026-07-31 02:55,KXBTC15M-26JUL302300-00,entry,yes,95,5,4.75,0.02,64200.37,4.45
2026-07-31 03:10,KXBTC15M-26JUL302315-15,entry,no,87,5,4.35,0.04,64159.50,10.50
2026-07-31 03:25,KXBTC15M-26JUL302330-30,entry,yes,99,5,4.95,0.01,64343.09,24.83
2026-07-31 03:40,KXBTC15M-26JUL302345-45,entry,no,92,5,4.60,0.03,64265.49,7.99
2026-07-31 04:10,KXBTC15M-26JUL310015-15,entry,yes,78,6,4.68,0.08,64323.24,2.57
2026-07-31 04:25,KXBTC15M-26JUL310030-30,entry,no,97,5,4.85,0.02,64199.35,14.17
2026-07-31 04:55,KXBTC15M-26JUL310100-00,entry,yes,75,6,4.50,0.08,64256.45,2.35
2026-07-31 05:10,KXBTC15M-26JUL310115-15,entry,yes,96,5,4.80,0.02,64319.37,11.16
2026-07-31 05:25,KXBTC15M-26JUL310130-30,entry,no,84,5,4.20,0.05,64305.01,6.89
2026-07-31 05:40,KXBTC15M-26JUL310145-45,entry,no,63,7,4.41,0.12,64254.74,2.15
2026-07-31 05:55,KXBTC15M-26JUL310200-00,entry,yes,82,6,4.92,0.07,64266.12,3.68
2026-07-31 06:10,KXBTC15M-26JUL310215-15,entry,yes,88,5,4.40,0.04,64313.31,3.07
2026-07-31 06:40,KXBTC15M-26JUL310245-45,entry,no,85,5,4.25,0.05,64310.00,5.97
2026-07-31 06:55,KXBTC15M-26JUL310300-00,entry,no,85,5,4.25,0.05,64188.57,5.50
2026-07-31 07:10,KXBTC15M-26JUL310315-15,entry,no,97,5,4.85,0.02,64045.20,23.73
2026-07-31 07:25,KXBTC15M-26JUL310330-30,entry,no,95,5,4.75,0.02,63939.30,10.00
2026-07-31 07:40,KXBTC15M-26JUL310345-45,entry,no,68,7,4.76,0.11,63907.97,5.55
2026-07-31 07:55,KXBTC15M-26JUL310400-00,entry,yes,95,5,4.75,0.02,63906.16,8.27
2026-07-31 08:10,KXBTC15M-26JUL310415-15,entry,no,98,5,4.90,0.01,63822.27,11.13
2026-07-31 08:25,KXBTC15M-26JUL310430-30,entry,no,98,5,4.90,0.01,63848.59,7.55
2026-07-31 08:40,KXBTC15M-26JUL310445-45,entry,no,98,5,4.90,0.01,63748.85,24.38
2026-07-31 08:55,KXBTC15M-26JUL310500-00,entry,no,75,6,4.50,0.08,63768.47,3.01
2026-07-31 09:10,KXBTC15M-26JUL310515-15,entry,no,86,5,4.30,0.05,63748.97,3.56
2026-07-31 09:25,KXBTC15M-26JUL310530-30,entry,no,98,5,4.90,0.01,63633.57,16.46
2026-07-31 09:55,KXBTC15M-26JUL310600-00,entry,yes,64,7,4.48,0.12,63644.11,1.56
2026-07-31 10:10,KXBTC15M-26JUL310615-15,entry,no,63,7,4.41,0.12,63647.25,0.01
2026-07-31 10:25,KXBTC15M-26JUL310630-30,entry,yes,91,5,4.55,0.03,63741.41,11.04
2026-07-31 10:40,KXBTC15M-26JUL310645-45,entry,yes,89,5,4.45,0.04,63806.39,9.10
2026-07-31 10:55,KXBTC15M-26JUL310700-00,entry,yes,94,5,4.70,0.02,63880.40,7.50
2026-07-31 11:25,KXBTC15M-26JUL310730-30,entry,yes,98,5,4.90,0.01,63886.39,6.65
2026-07-31 11:40,KXBTC15M-26JUL310745-45,entry,no,98,5,4.90,0.01,63808.29,6.52
2026-07-31 11:55,KXBTC15M-26JUL310800-00,entry,no,64,7,4.48,0.12,63762.71,3.51
2026-07-31 12:10,KXBTC15M-26JUL310815-15,entry,no,89,5,4.45,0.04,63665.99,11.79
2026-07-31 12:40,KXBTC15M-26JUL310845-45,entry,no,98,5,4.90,0.01,63622.26,12.00
2026-07-31 12:55,KXBTC15M-26JUL310900-00,entry,yes,94,5,4.70,0.02,63673.26,10.64
2026-07-31 13:25,KXBTC15M-26JUL310930-30,entry,yes,92,5,4.60,0.03,63756.95,13.71
2026-07-31 13:40,KXBTC15M-26JUL310945-45,entry,no,98,5,4.90,0.01,63489.77,38.83
2026-07-31 13:55,KXBTC15M-26JUL311000-00,entry,no,97,5,4.85,0.02,63220.32,32.40
2026-07-31 14:10,KXBTC15M-26JUL311015-15,entry,no,99,5,4.95,0.01,62509.59,108.60
2026-07-31 14:25,KXBTC15M-26JUL311030-30,entry,no,80,6,4.80,0.07,62515.43,12.95
2026-07-31 14:40,KXBTC15M-26JUL311045-45,entry,yes,88,5,4.40,0.04,62632.08,18.93
2026-07-31 14:55,KXBTC15M-26JUL311100-00,entry,no,80,6,4.80,0.07,62542.63,7.01
2026-07-31 15:10,KXBTC15M-26JUL311115-15,entry,no,86,5,4.30,0.05,62528.14,16.11
2026-07-31 15:25,KXBTC15M-26JUL311130-30,entry,no,94,5,4.70,0.02,62405.68,19.86
2026-07-31 15:40,KXBTC15M-26JUL311145-45,entry,yes,97,5,4.85,0.02,62658.56,27.22
2026-07-31 16:10,KXBTC15M-26JUL311215-15,entry,yes,98,5,4.90,0.01,62811.66,28.41
2026-07-31 16:40,KXBTC15M-26JUL311245-45,entry,no,91,5,4.55,0.03,62792.76,9.52
2026-07-31 16:55,KXBTC15M-26JUL311300-00,entry,yes,79,6,4.74,0.07,62806.67,6.43
2026-07-31 17:10,KXBTC15M-26JUL311315-15,entry,no,90,5,4.50,0.04,62790.39,4.36
2026-07-31 17:25,KXBTC15M-26JUL311330-30,entry,yes,88,5,4.40,0.04,62896.97,10.82
2026-07-31 17:40,KXBTC15M-26JUL311345-45,entry,yes,95,5,4.75,0.02,62991.77,13.58
2026-07-31 17:55,KXBTC15M-26JUL311400-00,entry,yes,99,5,4.95,0.01,63198.63,31.48
2026-07-31 18:10,KXBTC15M-26JUL311415-15,entry,no,79,6,4.74,0.07,63119.69,10.19
2026-07-31 18:40,KXBTC15M-26JUL311445-45,entry,no,96,5,4.80,0.02,62895.09,17.10
2026-07-31 18:55,KXBTC15M-26JUL311500-00,entry,yes,97,5,4.85,0.02,63070.37,17.24
2026-07-31 19:10,KXBTC15M-26JUL311515-15,entry,no,89,5,4.45,0.04,62986.62,8.81
2026-07-31 19:25,KXBTC15M-26JUL311530-30,entry,no,85,5,4.25,0.05,62950.02,8.94
2026-07-31 19:40,KXBTC15M-26JUL311545-45,entry,no,96,5,4.80,0.02,62868.30,16.12
2026-07-31 19:55,KXBTC15M-26JUL311600-00,entry,yes,73,6,4.38,0.09,62947.38,1.48
2026-07-31 20:25,KXBTC15M-26JUL311630-30,entry,no,72,6,4.32,0.09,62925.11,1.93
2026-07-31 20:40,KXBTC15M-26JUL311645-45,entry,no,94,5,4.70,0.02,62922.13,4.14
2026-07-31 20:55,KXBTC15M-26JUL311700-00,entry,no,81,6,4.86,0.07,62887.27,8.43
2026-07-31 21:10,KXBTC15M-26JUL311715-15,entry,yes,73,6,4.38,0.09,62906.75,2.15
2026-07-31 21:25,KXBTC15M-26JUL311730-30,entry,yes,90,5,4.50,0.04,62965.69,2.33
2026-07-31 21:40,KXBTC15M-26JUL311745-45,entry,yes,84,5,4.20,0.05,62947.64,0.15
2026-07-31 21:55,KXBTC15M-26JUL311800-00,entry,no,69,7,4.83,0.11,62907.72,7.60
2026-07-31 22:10,KXBTC15M-26JUL311815-15,entry,yes,93,5,4.65,0.03,62958.46,9.60
2026-07-31 22:40,KXBTC15M-26JUL311845-45,entry,no,91,5,4.55,0.03,62884.88,10.56
2026-07-31 22:55,KXBTC15M-26JUL311900-00,entry,no,73,6,4.38,0.09,62872.58,3.91
2026-07-31 23:10,KXBTC15M-26JUL311915-15,entry,yes,94,5,4.70,0.02,62933.96,8.50
2026-07-31 23:25,KXBTC15M-26JUL311930-30,entry,yes,66,7,4.62,0.11,62919.10,0.24
2026-07-31 23:40,KXBTC15M-26JUL311945-45,entry,no,61,8,4.88,0.14,62906.88,3.10
2026-07-31 23:55,KXBTC15M-26JUL312000-00,entry,no,98,5,4.90,0.01,62813.59,14.36
2026-08-01 00:10,KXBTC15M-26JUL312015-15,entry,yes,98,5,4.90,0.01,62898.32,12.35
2026-08-01 00:25,KXBTC15M-26JUL312030-30,entry,yes,63,7,4.41,0.12,62913.58,1.25
2026-08-01 00:40,KXBTC15M-26JUL312045-45,entry,no,61,8,4.88,0.14,62924.04,0.54
2026-08-01 00:55,KXBTC15M-26JUL312100-00,entry,no,80,6,4.80,0.07,62900.01,5.32
2026-08-01 01:10,KXBTC15M-26JUL312115-15,entry,yes,83,6,4.98,0.06,62888.44,0.79
2026-08-01 01:25,KXBTC15M-26JUL312130-30,entry,no,79,6,4.74,0.07,62900.12,1.47
2026-08-01 01:40,KXBTC15M-26JUL312145-45,entry,yes,89,5,4.45,0.04,62904.59,5.00
2026-08-01 01:55,KXBTC15M-26JUL312200-00,entry,no,68,7,4.76,0.11,62890.08,3.61
2026-08-01 02:10,KXBTC15M-26JUL312215-15,entry,yes,81,6,4.86,0.07,62919.11,1.97
2026-08-01 02:25,KXBTC15M-26JUL312230-30,entry,yes,90,5,4.50,0.04,62997.06,6.44
2026-08-01 02:40,KXBTC15M-26JUL312245-45,entry,yes,68,7,4.76,0.11,63008.62,0.72
2026-08-01 02:55,KXBTC15M-26JUL312300-00,entry,no,63,7,4.41,0.12,62987.01,3.99
2026-08-01 03:10,KXBTC15M-26JUL312315-15,entry,no,92,5,4.60,0.03,62964.97,6.86
2026-08-01 03:25,KXBTC15M-26JUL312330-30,entry,yes,96,5,4.80,0.02,62986.43,8.62
2026-08-01 03:40,KXBTC15M-26JUL312345-45,entry,no,80,6,4.80,0.07,62920.72,6.00
2026-08-01 04:25,KXBTC15M-26AUG010030-30,entry,yes,93,5,4.65,0.03,62984.99,4.68
2026-08-01 04:40,KXBTC15M-26AUG010045-45,entry,yes,73,6,4.38,0.09,62988.24,0.94
2026-08-01 04:55,KXBTC15M-26AUG010100-00,entry,yes,98,5,4.90,0.01,63027.82,4.39
2026-08-01 05:10,KXBTC15M-26AUG010115-15,entry,yes,96,5,4.80,0.02,63060.33,4.24
2026-08-01 05:25,KXBTC15M-26AUG010130-30,entry,no,90,5,4.50,0.04,63034.56,4.31
2026-08-01 05:40,KXBTC15M-26AUG010145-45,entry,no,97,5,4.85,0.02,62955.72,12.26
2026-08-01 05:55,KXBTC15M-26AUG010200-00,entry,yes,87,5,4.35,0.04,62977.95,3.01
2026-08-01 06:10,KXBTC15M-26AUG010215-15,entry,no,98,5,4.90,0.01,62946.77,4.58
2026-08-01 06:25,KXBTC15M-26AUG010230-30,entry,yes,95,5,4.75,0.02,63009.48,6.54
2026-08-01 07:10,KXBTC15M-26AUG010315-15,entry,yes,77,6,4.62,0.08,63038.06,3.10
2026-08-01 07:25,KXBTC15M-26AUG010330-30,entry,no,95,5,4.75,0.02,63018.63,4.56
2026-08-01 07:40,KXBTC15M-26AUG010345-45,entry,no,95,5,4.75,0.02,62975.45,6.36
2026-08-01 07:55,KXBTC15M-26AUG010400-00,entry,yes,78,6,4.68,0.08,62996.98,1.64
2026-08-01 08:10,KXBTC15M-26AUG010415-15,entry,yes,98,5,4.90,0.01,63023.98,5.06
2026-08-01 08:40,KXBTC15M-26AUG010445-45,entry,yes,74,6,4.44,0.09,63040.91,1.02
2026-08-01 08:55,KXBTC15M-26AUG010500-00,entry,yes,98,5,4.90,0.01,63084.06,6.92
2026-08-01 09:10,KXBTC15M-26AUG010515-15,entry,no,98,5,4.90,0.01,63067.08,2.62
2026-08-01 09:25,KXBTC15M-26AUG010530-30,entry,no,77,6,4.62,0.08,63044.60,2.29
2026-08-01 09:55,KXBTC15M-26AUG010600-00,entry,no,99,5,4.95,0.01,62991.53,9.54
2026-08-01 10:10,KXBTC15M-26AUG010615-15,entry,no,97,5,4.85,0.02,62931.37,11.30
2026-08-01 10:25,KXBTC15M-26AUG010630-30,entry,yes,96,5,4.80,0.02,62978.14,3.93
2026-08-01 10:55,KXBTC15M-26AUG010700-00,entry,no,82,6,4.92,0.07,62988.40,4.14
2026-08-01 11:25,KXBTC15M-26AUG010730-30,entry,yes,98,5,4.90,0.01,63021.78,4.27
2026-08-01 11:40,KXBTC15M-26AUG010745-45,entry,no,73,6,4.38,0.09,63010.94,2.13
2026-08-01 11:55,KXBTC15M-26AUG010800-00,entry,yes,75,6,4.50,0.08,63016.71,0.82
2026-08-01 12:10,KXBTC15M-26AUG010815-15,entry,yes,94,5,4.70,0.02,63041.44,3.43
2026-08-01 12:25,KXBTC15M-26AUG010830-30,entry,no,87,5,4.35,0.04,63036.75,3.17
2026-08-01 12:40,KXBTC15M-26AUG010845-45,entry,no,90,5,4.50,0.04,63020.00,4.34
2026-08-01 12:55,KXBTC15M-26AUG010900-00,entry,yes,90,5,4.50,0.04,63042.42,1.16
2026-08-01 13:25,KXBTC15M-26AUG010930-30,entry,no,94,5,4.70,0.02,63025.24,2.76
2026-08-01 13:40,KXBTC15M-26AUG010945-45,entry,no,65,7,4.55,0.12,63015.02,2.65
2026-08-01 13:55,KXBTC15M-26AUG011000-00,entry,no,83,6,4.98,0.06,63004.34,2.98
2026-08-01 14:10,KXBTC15M-26AUG011015-15,entry,yes,92,5,4.60,0.03,63028.32,2.91
2026-08-01 14:25,KXBTC15M-26AUG011030-30,entry,yes,96,5,4.80,0.02,63054.34,4.54
2026-08-01 14:40,KXBTC15M-26AUG011045-45,entry,no,90,5,4.50,0.04,63035.31,3.09
2026-08-01 15:10,KXBTC15M-26AUG011115-15,entry,no,63,7,4.41,0.12,63049.00,0.92
2026-08-01 15:25,KXBTC15M-26AUG011130-30,entry,no,99,5,4.95,0.01,62997.92,8.74
2026-08-01 15:55,KXBTC15M-26AUG011200-00,entry,no,97,5,4.85,0.02,62967.15,4.28
2026-08-01 16:10,KXBTC15M-26AUG011215-15,entry,no,98,5,4.90,0.01,62900.01,9.71
2026-08-01 16:25,KXBTC15M-26AUG011230-30,entry,no,92,5,4.60,0.03,62879.81,3.18
2026-08-01 16:40,KXBTC15M-26AUG011245-45,entry,yes,98,5,4.90,0.01,62918.65,5.73
2026-08-01 16:55,KXBTC15M-26AUG011300-00,entry,no,97,5,4.85,0.02,62829.50,12.13
2026-08-01 17:10,KXBTC15M-26AUG011315-15,entry,yes,99,5,4.95,0.01,62882.89,3.62
2026-08-01 17:25,KXBTC15M-26AUG011330-30,entry,no,77,6,4.62,0.08,62774.99,10.68
2026-08-01 17:40,KXBTC15M-26AUG011345-45,entry,no,96,5,4.80,0.02,62734.66,6.81
2026-08-01 17:55,KXBTC15M-26AUG011400-00,entry,no,97,5,4.85,0.02,62641.30,19.13
2026-08-01 18:10,KXBTC15M-26AUG011415-15,entry,yes,81,6,4.86,0.07,62672.75,2.24
2026-08-01 18:25,KXBTC15M-26AUG011430-30,entry,no,99,5,4.95,0.01,62505.18,25.20
2026-08-01 18:40,KXBTC15M-26AUG011445-45,entry,no,97,5,4.85,0.02,62387.79,17.44
2026-08-01 18:55,KXBTC15M-26AUG011500-00,entry,yes,92,5,4.60,0.03,62441.18,15.56
2026-08-01 19:10,KXBTC15M-26AUG011515-15,entry,yes,82,6,4.92,0.07,62539.81,2.72
2026-08-01 19:25,KXBTC15M-26AUG011530-30,entry,no,91,5,4.55,0.03,62465.04,9.57
2026-08-01 19:40,KXBTC15M-26AUG011545-45,entry,no,96,5,4.80,0.02,62417.20,12.62
2026-08-01 19:55,KXBTC15M-26AUG011600-00,entry,yes,94,5,4.70,0.02,62462.45,6.18
2026-08-01 20:25,KXBTC15M-26AUG011630-30,entry,yes,98,5,4.90,0.01,62547.01,6.41
2026-08-01 20:40,KXBTC15M-26AUG011645-45,entry,no,95,5,4.75,0.02,62539.96,3.91
2026-08-01 20:55,KXBTC15M-26AUG011700-00,entry,yes,97,5,4.85,0.02,62601.01,9.14
2026-08-01 21:10,KXBTC15M-26AUG011715-15,entry,yes,99,5,4.95,0.01,62704.72,15.32
2026-08-01 21:25,KXBTC15M-26AUG011730-30,entry,yes,92,5,4.60,0.03,62696.78,1.52
2026-08-01 21:55,KXBTC15M-26AUG011800-00,entry,yes,64,7,4.48,0.12,62755.82,2.94
2026-08-01 22:10,KXBTC15M-26AUG011815-15,entry,yes,85,5,4.25,0.05,62798.24,5.41
2026-08-01 22:25,KXBTC15M-26AUG011830-30,entry,no,96,5,4.80,0.02,62772.13,5.02
2026-08-01 22:40,KXBTC15M-26AUG011845-45,entry,no,64,7,4.48,0.12,62796.66,0.39
2026-08-01 22:55,KXBTC15M-26AUG011900-00,entry,no,75,6,4.50,0.08,62777.29,2.29
2026-08-01 23:25,KXBTC15M-26AUG011930-30,entry,no,94,5,4.70,0.02,62723.96,5.45
2026-08-01 23:40,KXBTC15M-26AUG011945-45,entry,yes,96,5,4.80,0.02,62761.60,6.22
2026-08-01 23:55,KXBTC15M-26AUG012000-00,entry,yes,94,5,4.70,0.02,62766.67,4.42
2026-08-02 00:10,KXBTC15M-26AUG012015-15,entry,yes,99,5,4.95,0.01,62880.48,18.09
2026-08-02 00:25,KXBTC15M-26AUG012030-30,entry,no,94,5,4.70,0.02,62846.77,6.77
2026-08-02 00:40,KXBTC15M-26AUG012045-45,entry,no,97,5,4.85,0.02,62800.01,4.47
2026-08-02 00:55,KXBTC15M-26AUG012100-00,entry,no,99,5,4.95,0.01,62745.37,9.98
2026-08-02 01:10,KXBTC15M-26AUG012115-15,entry,yes,99,5,4.95,0.01,62885.32,17.93
2026-08-02 01:25,KXBTC15M-26AUG012130-30,entry,no,65,7,4.55,0.12,62915.82,1.08
2026-08-02 01:40,KXBTC15M-26AUG012145-45,entry,yes,96,5,4.80,0.02,62948.99,4.04
2026-08-02 01:55,KXBTC15M-26AUG012200-00,entry,no,97,5,4.85,0.02,62927.27,4.57
2026-08-02 02:10,KXBTC15M-26AUG012215-15,entry,yes,98,5,4.90,0.01,63323.52,61.82
2026-08-02 02:40,KXBTC15M-26AUG012245-45,entry,no,86,5,4.30,0.05,63308.58,7.40
2026-08-02 02:55,KXBTC15M-26AUG012300-00,entry,yes,97,5,4.85,0.02,63382.01,9.61
2026-08-02 03:10,KXBTC15M-26AUG012315-15,entry,no,89,5,4.45,0.04,63344.12,4.91
2026-08-02 03:25,KXBTC15M-26AUG012330-30,entry,yes,96,5,4.80,0.02,63414.12,10.68
2026-08-02 03:40,KXBTC15M-26AUG012345-45,entry,yes,91,5,4.55,0.03,63409.49,5.25
2026-08-02 03:55,KXBTC15M-26AUG020000-00,entry,no,97,5,4.85,0.02,63380.43,8.36
2026-08-02 04:10,KXBTC15M-26AUG020015-15,entry,yes,99,5,4.95,0.01,63470.07,12.81
2026-08-02 04:55,KXBTC15M-26AUG020100-00,entry,yes,98,5,4.90,0.01,63496.62,5.37
2026-08-02 05:10,KXBTC15M-26AUG020115-15,entry,no,99,5,4.95,0.01,63409.52,19.30
2026-08-02 05:40,KXBTC15M-26AUG020145-45,entry,no,94,5,4.70,0.02,63384.79,4.62
2026-08-02 05:55,KXBTC15M-26AUG020200-00,entry,yes,96,5,4.80,0.02,63393.67,5.64
2026-08-02 06:25,KXBTC15M-26AUG020230-30,entry,yes,77,6,4.62,0.08,63412.84,4.43
2026-08-02 06:40,KXBTC15M-26AUG020245-45,entry,no,97,5,4.85,0.02,63409.52,3.42
2026-08-02 06:55,KXBTC15M-26AUG020300-00,entry,no,63,7,4.41,0.12,63421.74,0.88
2026-08-02 07:40,KXBTC15M-26AUG020345-45,entry,yes,94,5,4.70,0.02,63454.24,4.61
2026-08-02 07:55,KXBTC15M-26AUG020400-00,entry,no,96,5,4.80,0.02,63423.29,7.51
2026-08-02 08:10,KXBTC15M-26AUG020415-15,entry,yes,92,5,4.60,0.03,63460.48,5.06
2026-08-02 08:25,KXBTC15M-26AUG020430-30,entry,no,98,5,4.90,0.01,63399.01,5.53
2026-08-02 08:40,KXBTC15M-26AUG020445-45,entry,no,99,5,4.95,0.01,63186.18,23.30
2026-08-02 08:55,KXBTC15M-26AUG020500-00,entry,no,89,5,4.45,0.04,63150.77,6.09
2026-08-02 09:10,KXBTC15M-26AUG020515-15,entry,yes,94,5,4.70,0.02,63192.80,9.52
2026-08-02 09:25,KXBTC15M-26AUG020530-30,entry,yes,89,5,4.45,0.04,63230.65,4.40
2026-08-02 09:40,KXBTC15M-26AUG020545-45,entry,yes,92,5,4.60,0.03,63200.00,3.19
2026-08-02 10:10,KXBTC15M-26AUG020615-15,entry,no,96,5,4.80,0.02,63168.73,7.07
2026-08-02 10:25,KXBTC15M-26AUG020630-30,entry,no,96,5,4.80,0.02,63091.04,9.19
2026-08-02 10:40,KXBTC15M-26AUG020645-45,entry,yes,98,5,4.90,0.01,63134.32,8.71
2026-08-02 10:55,KXBTC15M-26AUG020700-00,entry,no,71,7,4.97,0.11,63134.03,2.01
2026-08-02 11:10,KXBTC15M-26AUG020715-15,entry,no,98,5,4.90,0.01,63093.04,7.54
2026-08-02 11:55,KXBTC15M-26AUG020800-00,entry,no,95,5,4.75,0.02,62997.91,8.76
2026-08-02 12:10,KXBTC15M-26AUG020815-15,entry,yes,99,5,4.95,0.01,63058.65,15.10
2026-08-02 12:25,KXBTC15M-26AUG020830-30,entry,yes,95,5,4.75,0.02,63144.65,7.13
2026-08-02 12:40,KXBTC15M-26AUG020845-45,entry,no,92,5,4.60,0.03,63081.85,7.52
2026-08-02 13:10,KXBTC15M-26AUG020915-15,entry,no,70,7,4.90,0.11,63046.66,3.24
2026-08-02 13:25,KXBTC15M-26AUG020930-30,entry,no,96,5,4.80,0.02,63019.49,6.31
2026-08-02 13:40,KXBTC15M-26AUG020945-45,entry,no,98,5,4.90,0.01,62989.83,6.69
2026-08-02 13:55,KXBTC15M-26AUG021000-00,entry,yes,92,5,4.60,0.03,63044.87,3.03
2026-08-02 14:10,KXBTC15M-26AUG021015-15,entry,no,97,5,4.85,0.02,63020.79,5.41
2026-08-02 14:25,KXBTC15M-26AUG021030-30,entry,yes,86,5,4.30,0.05,63045.44,3.70
2026-08-02 14:40,KXBTC15M-26AUG021045-45,entry,yes,72,6,4.32,0.09,63065.53,0.28
2026-08-02 14:55,KXBTC15M-26AUG021100-00,entry,no,99,5,4.95,0.01,62993.28,15.18
2026-08-02 15:10,KXBTC15M-26AUG021115-15,entry,yes,94,5,4.70,0.02,63027.69,2.58
2026-08-02 15:25,KXBTC15M-26AUG021130-30,entry,no,85,5,4.25,0.05,63055.50,1.02
2026-08-02 15:40,KXBTC15M-26AUG021145-45,entry,yes,90,5,4.50,0.04,63063.45,0.30
2026-08-02 15:55,KXBTC15M-26AUG021200-00,entry,no,97,5,4.85,0.02,63050.01,5.82
2026-08-02 16:10,KXBTC15M-26AUG021215-15,entry,yes,79,6,4.74,0.07,63063.35,2.43
2026-08-02 16:40,KXBTC15M-26AUG021245-45,entry,yes,99,5,4.95,0.01,63129.84,12.82
2026-08-02 16:55,KXBTC15M-26AUG021300-00,entry,no,98,5,4.90,0.01,63132.59,7.15
2026-08-02 17:10,KXBTC15M-26AUG021315-15,entry,no,96,5,4.80,0.02,63099.91,4.12
2026-08-02 17:25,KXBTC15M-26AUG021330-30,entry,yes,98,5,4.90,0.01,63185.93,6.76
2026-08-02 17:40,KXBTC15M-26AUG021345-45,entry,yes,91,5,4.55,0.03,63240.81,3.47
2026-08-02 18:10,KXBTC15M-26AUG021415-15,entry,no,86,5,4.30,0.05,63224.31,3.33
2026-08-02 18:25,KXBTC15M-26AUG021430-30,entry,no,69,7,4.83,0.11,63234.00,2.06
2026-08-02 18:40,KXBTC15M-26AUG021445-45,entry,yes,99,5,4.95,0.01,63383.33,24.95
2026-08-02 18:55,KXBTC15M-26AUG021500-00,entry,no,99,5,4.95,0.01,63316.44,15.88
2026-08-02 19:10,KXBTC15M-26AUG021515-15,entry,no,83,6,4.98,0.06,63288.62,4.28
2026-08-02 19:25,KXBTC15M-26AUG021530-30,entry,no,66,7,4.62,0.11,63265.04,4.50
2026-08-02 19:40,KXBTC15M-26AUG021545-45,entry,yes,97,5,4.85,0.02,63308.35,6.27
2026-08-02 19:55,KXBTC15M-26AUG021600-00,entry,yes,98,5,4.90,0.01,63370.01,8.12
2026-08-02 20:10,KXBTC15M-26AUG021615-15,entry,no,61,8,4.88,0.14,63359.47,3.97
2026-08-02 20:25,KXBTC15M-26AUG021630-30,entry,no,93,5,4.65,0.03,63348.60,5.54
2026-08-02 20:40,KXBTC15M-26AUG021645-45,entry,yes,77,6,4.62,0.08,63349.59,0.75
2026-08-02 20:55,KXBTC15M-26AUG021700-00,entry,yes,96,5,4.80,0.02,63426.00,9.94
2026-08-02 21:10,KXBTC15M-26AUG021715-15,entry,yes,97,5,4.85,0.02,63463.22,5.85
2026-08-02 21:40,KXBTC15M-26AUG021745-45,entry,no,80,6,4.80,0.07,63437.05,5.21
2026-08-02 21:55,KXBTC15M-26AUG021800-00,entry,no,96,5,4.80,0.02,63505.14,19.56
2026-08-02 22:10,KXBTC15M-26AUG021815-15,entry,yes,98,5,4.90,0.01,63660.65,23.75
2026-08-02 22:25,KXBTC15M-26AUG021830-30,entry,no,85,5,4.25,0.05,63601.31,6.50
2026-08-02 22:55,KXBTC15M-26AUG021900-00,entry,no,94,5,4.70,0.02,63347.50,11.81
2026-08-02 23:10,KXBTC15M-26AUG021915-15,entry,no,89,5,4.45,0.04,63311.99,8.28
2026-08-02 23:25,KXBTC15M-26AUG021930-30,entry,yes,99,5,4.95,0.01,63426.94,21.00
2026-08-02 23:40,KXBTC15M-26AUG021945-45,entry,no,62,8,4.96,0.14,63426.92,6.68
2026-08-03 00:10,KXBTC15M-26AUG022015-15,entry,no,98,5,4.90,0.01,63344.16,24.45
2026-08-03 00:25,KXBTC15M-26AUG022030-30,entry,no,76,6,4.56,0.08,63280.87,9.18
2026-08-03 00:40,KXBTC15M-26AUG022045-45,entry,yes,98,5,4.90,0.01,63330.66,16.14
2026-08-03 01:10,KXBTC15M-26AUG022115-15,entry,no,85,5,4.25,0.05,63211.15,5.67
2026-08-03 01:40,KXBTC15M-26AUG022145-45,entry,yes,80,6,4.80,0.07,63106.80,2.10
2026-08-03 01:55,KXBTC15M-26AUG022200-00,entry,no,97,5,4.85,0.02,63084.90,9.95
2026-08-03 02:10,KXBTC15M-26AUG022215-15,entry,no,84,5,4.20,0.05,63082.73,9.01
2026-08-03 02:25,KXBTC15M-26AUG022230-30,entry,yes,80,6,4.80,0.07,63125.44,1.82
2026-08-03 02:40,KXBTC15M-26AUG022245-45,entry,yes,94,5,4.70,0.02,63128.74,12.91
2026-08-03 02:55,KXBTC15M-26AUG022300-00,entry,no,90,5,4.50,0.04,63069.16,7.40
2026-08-03 03:25,KXBTC15M-26AUG022330-30,entry,no,79,6,4.74,0.07,62995.12,6.27
2026-08-03 03:40,KXBTC15M-26AUG022345-45,entry,no,78,6,4.68,0.08,62972.62,4.61
2026-08-03 03:55,KXBTC15M-26AUG030000-00,entry,no,98,5,4.90,0.01,62845.01,21.08
2026-08-03 04:10,KXBTC15M-26AUG030015-15,entry,no,67,7,4.69,0.11,62753.98,8.51
2026-08-03 04:25,KXBTC15M-26AUG030030-30,entry,yes,96,5,4.80,0.02,62867.54,14.01
2026-08-03 04:40,KXBTC15M-26AUG030045-45,entry,yes,87,5,4.35,0.04,62915.27,3.51
2026-08-03 04:55,KXBTC15M-26AUG030100-00,entry,no,98,5,4.90,0.01,62762.31,19.84
2026-08-03 05:10,KXBTC15M-26AUG030115-15,entry,yes,87,5,4.35,0.04,62750.29,4.62
2026-08-03 05:25,KXBTC15M-26AUG030130-30,entry,no,83,6,4.98,0.06,62750.59,5.24
2026-08-03 05:40,KXBTC15M-26AUG030145-45,entry,no,79,6,4.74,0.07,62745.43,3.02
2026-08-03 05:55,KXBTC15M-26AUG030200-00,entry,yes,67,7,4.69,0.11,62745.22,2.24
2026-08-03 06:10,KXBTC15M-26AUG030215-15,entry,yes,88,5,4.40,0.04,62766.25,3.36
2026-08-03 06:25,KXBTC15M-26AUG030230-30,entry,no,91,5,4.55,0.03,62697.45,11.96
2026-08-03 06:40,KXBTC15M-26AUG030245-45,entry,no,96,5,4.80,0.02,62589.24,19.81
2026-08-03 07:40,KXBTC15M-26AUG030345-45,entry,no,64,7,4.48,0.12,62562.04,1.31
2026-08-03 07:55,KXBTC15M-26AUG030400-00,entry,no,65,7,4.55,0.12,62539.88,2.77
2026-08-03 08:10,KXBTC15M-26AUG030415-15,entry,no,96,5,4.80,0.02,62449.47,13.33
2026-08-03 08:25,KXBTC15M-26AUG030430-30,entry,no,98,5,4.90,0.01,62320.56,26.85
2026-08-03 08:40,KXBTC15M-26AUG030445-45,entry,yes,87,5,4.35,0.04,62320.54,7.63
2026-08-03 08:55,KXBTC15M-26AUG030500-00,entry,yes,94,5,4.70,0.02,62406.40,7.17
2026-08-03 09:25,KXBTC15M-26AUG030530-30,entry,yes,97,5,4.85,0.02,62541.27,7.28
2026-08-03 09:40,KXBTC15M-26AUG030545-45,entry,yes,84,5,4.20,0.05,62580.14,2.43
2026-08-03 09:55,KXBTC15M-26AUG030600-00,entry,yes,99,5,4.95,0.01,62716.79,16.72
2026-08-03 10:10,KXBTC15M-26AUG030615-15,entry,no,98,5,4.90,0.01,62687.98,11.43
2026-08-03 10:40,KXBTC15M-26AUG030645-45,entry,no,98,5,4.90,0.01,62592.21,12.03
2026-08-03 10:55,KXBTC15M-26AUG030700-00,entry,no,74,6,4.44,0.09,62600.40,4.72
2026-08-03 11:10,KXBTC15M-26AUG030715-15,entry,no,99,5,4.95,0.01,62508.80,25.76
2026-08-03 11:25,KXBTC15M-26AUG030730-30,entry,yes,98,5,4.90,0.01,62659.21,14.26
2026-08-03 11:55,KXBTC15M-26AUG030800-00,entry,no,96,5,4.80,0.02,62524.81,15.52
2026-08-03 12:10,KXBTC15M-26AUG030815-15,entry,no,91,5,4.55,0.03,62412.80,11.75
2026-08-03 12:25,KXBTC15M-26AUG030830-30,entry,yes,97,5,4.85,0.02,62540.00,9.94
2026-08-03 13:10,KXBTC15M-26AUG030915-15,entry,yes,67,7,4.69,0.11,62636.16,2.32
2026-08-03 13:25,KXBTC15M-26AUG030930-30,entry,yes,98,5,4.90,0.01,62766.44,11.37
2026-08-03 13:40,KXBTC15M-26AUG030945-45,entry,yes,91,5,4.55,0.03,62822.31,23.01
2026-08-03 13:55,KXBTC15M-26AUG031000-00,entry,yes,99,5,4.95,0.01,63155.20,52.90
2026-08-03 14:25,KXBTC15M-26AUG031030-30,entry,yes,86,5,4.30,0.05,63376.01,21.87
2026-08-03 14:40,KXBTC15M-26AUG031045-45,entry,yes,68,7,4.76,0.11,63773.97,12.84
2026-08-03 14:55,KXBTC15M-26AUG031100-00,entry,yes,88,5,4.40,0.04,63856.75,24.11
2026-08-03 15:10,KXBTC15M-26AUG031115-15,entry,no,87,5,4.35,0.04,63819.50,8.01
2026-08-03 15:25,KXBTC15M-26AUG031130-30,entry,no,73,6,4.38,0.09,63651.78,17.02
2026-08-03 15:40,KXBTC15M-26AUG031145-45,entry,yes,98,5,4.90,0.01,63816.76,26.38
2026-08-03 15:55,KXBTC15M-26AUG031200-00,entry,no,73,6,4.38,0.09,63629.49,15.44
2026-08-03 16:10,KXBTC15M-26AUG031215-15,entry,yes,85,5,4.25,0.05,63659.73,7.73
2026-08-03 16:25,KXBTC15M-26AUG031230-30,entry,yes,96,5,4.80,0.02,63868.80,19.07
2026-08-03 16:40,KXBTC15M-26AUG031245-45,entry,no,97,5,4.85,0.02,63731.21,16.47
2026-08-03 17:10,KXBTC15M-26AUG031315-15,entry,yes,72,6,4.32,0.09,63736.04,3.33
2026-08-03 17:25,KXBTC15M-26AUG031330-30,entry,yes,95,5,4.75,0.02,63845.00,7.54
2026-08-03 17:40,KXBTC15M-26AUG031345-45,entry,yes,63,7,4.41,0.12,63778.06,1.54
2026-08-03 18:25,KXBTC15M-26AUG031430-30,entry,no,98,5,4.90,0.01,63823.86,16.25
2026-08-03 18:55,KXBTC15M-26AUG031500-00,entry,yes,97,5,4.85,0.02,63854.64,11.61
2026-08-03 19:10,KXBTC15M-26AUG031515-15,entry,yes,75,6,4.50,0.08,63821.47,0.40
2026-08-03 19:25,KXBTC15M-26AUG031530-30,entry,yes,85,5,4.25,0.05,63892.67,4.86
2026-08-03 19:40,KXBTC15M-26AUG031545-45,entry,no,94,5,4.70,0.02,63855.99,11.43
2026-08-03 19:55,KXBTC15M-26AUG031600-00,entry,no,61,8,4.88,0.14,63850.77,8.13
2026-08-03 20:25,KXBTC15M-26AUG031630-30,entry,yes,88,5,4.40,0.04,63895.88,6.77
2026-08-03 20:40,KXBTC15M-26AUG031645-45,entry,no,80,6,4.80,0.07,63852.25,6.14
2026-08-03 20:55,KXBTC15M-26AUG031700-00,entry,no,99,5,4.95,0.01,63750.93,17.03
2026-08-03 21:10,KXBTC15M-26AUG031715-15,entry,no,97,5,4.85,0.02,63660.01,12.73
2026-08-03 21:25,KXBTC15M-26AUG031730-30,entry,no,68,7,4.76,0.11,63661.97,1.34
2026-08-03 21:40,KXBTC15M-26AUG031745-45,entry,no,66,7,4.62,0.11,63629.49,5.24
2026-08-03 21:55,KXBTC15M-26AUG031800-00,entry,no,96,5,4.80,0.02,63526.73,15.32
2026-08-03 22:10,KXBTC15M-26AUG031815-15,entry,no,97,5,4.85,0.02,63459.81,13.75
2026-08-03 22:25,KXBTC15M-26AUG031830-30,entry,yes,90,5,4.50,0.04,63471.11,4.26
2026-08-03 22:40,KXBTC15M-26AUG031845-45,entry,no,89,5,4.45,0.04,63459.55,2.93
2026-08-03 22:55,KXBTC15M-26AUG031900-00,entry,yes,99,5,4.95,0.01,63565.55,17.91
2026-08-03 23:10,KXBTC15M-26AUG031915-15,entry,no,77,6,4.62,0.08,63513.43,4.60
2026-08-03 23:25,KXBTC15M-26AUG031930-30,entry,yes,80,6,4.80,0.07,63499.01,2.52
2026-08-03 23:40,KXBTC15M-26AUG031945-45,entry,no,99,5,4.95,0.01,63421.44,15.73
2026-08-04 00:10,KXBTC15M-26AUG032015-15,entry,yes,81,6,4.86,0.07,63500.67,6.00
2026-08-04 00:25,KXBTC15M-26AUG032030-30,entry,no,88,5,4.40,0.04,63376.51,7.89
2026-08-04 00:40,KXBTC15M-26AUG032045-45,entry,no,87,5,4.35,0.04,63326.19,6.20
2026-08-04 01:10,KXBTC15M-26AUG032115-15,entry,yes,98,5,4.90,0.01,63411.69,18.20
2026-08-04 01:25,KXBTC15M-26AUG032130-30,entry,yes,77,6,4.62,0.08,63429.10,3.86
2026-08-04 01:40,KXBTC15M-26AUG032145-45,entry,yes,99,5,4.95,0.01,63810.35,58.51
2026-08-04 01:55,KXBTC15M-26AUG032200-00,entry,yes,85,5,4.25,0.05,63799.46,10.37
2026-08-04 02:10,KXBTC15M-26AUG032215-15,entry,no,74,6,4.44,0.09,63732.90,8.71
2026-08-04 02:25,KXBTC15M-26AUG032230-30,entry,no,96,5,4.80,0.02,63644.34,10.91
2026-08-04 02:40,KXBTC15M-26AUG032245-45,entry,yes,98,5,4.90,0.01,63787.94,20.63
2026-08-04 02:55,KXBTC15M-26AUG032300-00,entry,no,98,5,4.90,0.01,63754.10,14.05
2026-08-04 03:10,KXBTC15M-26AUG032315-15,entry,no,88,5,4.40,0.04,63708.67,8.55
2026-08-04 03:40,KXBTC15M-26AUG032345-45,entry,yes,98,5,4.90,0.01,63766.58,8.34
2026-08-04 03:55,KXBTC15M-26AUG040000-00,entry,no,74,6,4.44,0.09,63750.99,2.07
2026-08-04 04:25,KXBTC15M-26AUG040030-30,entry,yes,94,5,4.70,0.02,63771.06,3.49
2026-08-04 04:40,KXBTC15M-26AUG040045-45,entry,yes,99,5,4.95,0.01,63944.65,25.81
2026-08-04 04:55,KXBTC15M-26AUG040100-00,entry,yes,97,5,4.85,0.02,64056.30,9.24
2026-08-04 05:10,KXBTC15M-26AUG040115-15,entry,no,99,5,4.95,0.01,63860.31,20.02
2026-08-04 05:55,KXBTC15M-26AUG040200-00,entry,no,94,5,4.70,0.02,63763.70,6.54
2026-08-04 06:10,KXBTC15M-26AUG040215-15,entry,yes,79,6,4.74,0.07,63781.68,2.79
2026-08-04 06:25,KXBTC15M-26AUG040230-30,entry,yes,81,6,4.86,0.07,63763.46,3.27
2026-08-04 06:40,KXBTC15M-26AUG040245-45,entry,no,98,5,4.90,0.01,63667.33,7.23
2026-08-04 06:55,KXBTC15M-26AUG040300-00,entry,no,93,5,4.65,0.03,63603.45,8.23
2026-08-04 07:10,KXBTC15M-26AUG040315-15,entry,no,92,5,4.60,0.03,63541.03,12.18
2026-08-04 07:25,KXBTC15M-26AUG040330-30,entry,no,77,6,4.62,0.08,63507.80,4.22
2026-08-04 07:40,KXBTC15M-26AUG040345-45,entry,yes,90,5,4.50,0.04,63610.02,5.92
2026-08-04 07:55,KXBTC15M-26AUG040400-00,entry,yes,82,6,4.92,0.07,63642.00,4.06
2026-08-04 08:10,KXBTC15M-26AUG040415-15,entry,no,87,5,4.35,0.04,63601.27,7.16
2026-08-04 08:25,KXBTC15M-26AUG040430-30,entry,no,85,5,4.25,0.05,63569.39,1.20
2026-08-04 08:40,KXBTC15M-26AUG040445-45,entry,no,84,5,4.20,0.05,63501.91,9.39
2026-08-04 08:55,KXBTC15M-26AUG040500-00,entry,yes,71,7,4.97,0.11,63529.68,1.09
2026-08-04 09:10,KXBTC15M-26AUG040515-15,entry,no,84,5,4.20,0.05,63474.61,8.05
2026-08-04 09:40,KXBTC15M-26AUG040545-45,entry,no,92,5,4.60,0.03,63495.09,3.12
2026-08-04 09:55,KXBTC15M-26AUG040600-00,entry,yes,85,5,4.25,0.05,63531.02,3.84
2026-08-04 10:10,KXBTC15M-26AUG040615-15,entry,no,98,5,4.90,0.01,63460.76,10.78
2026-08-04 10:25,KXBTC15M-26AUG040630-30,entry,no,77,6,4.62,0.08,63427.86,4.72
2026-08-04 10:40,KXBTC15M-26AUG040645-45,entry,yes,90,5,4.50,0.04,63460.23,8.75
2026-08-04 10:55,KXBTC15M-26AUG040700-00,entry,yes,98,5,4.90,0.01,63694.49,23.55
2026-08-04 11:25,KXBTC15M-26AUG040730-30,entry,yes,74,6,4.44,0.09,63706.26,4.25
2026-08-04 11:40,KXBTC15M-26AUG040745-45,entry,no,78,6,4.68,0.08,63658.35,9.31
2026-08-04 11:55,KXBTC15M-26AUG040800-00,entry,yes,99,5,4.95,0.01,63879.88,16.05
2026-08-04 12:10,KXBTC15M-26AUG040815-15,entry,no,97,5,4.85,0.02,63758.96,15.68
2026-08-04 12:25,KXBTC15M-26AUG040830-30,entry,no,80,6,4.80,0.07,63755.01,0.33
2026-08-04 12:40,KXBTC15M-26AUG040845-45,entry,yes,98,5,4.90,0.01,63943.39,27.35
2026-08-04 12:55,KXBTC15M-26AUG040900-00,entry,no,64,7,4.48,0.12,63873.12,3.88
2026-08-04 13:10,KXBTC15M-26AUG040915-15,entry,yes,88,5,4.40,0.04,63915.92,9.47
2026-08-04 13:25,KXBTC15M-26AUG040930-30,entry,no,75,6,4.50,0.08,63846.40,6.53
2026-08-04 13:40,KXBTC15M-26AUG040945-45,entry,yes,92,5,4.60,0.03,64009.74,24.42
2026-08-04 13:55,KXBTC15M-26AUG041000-00,entry,no,99,5,4.95,0.01,63697.58,43.16
2026-08-04 14:10,KXBTC15M-26AUG041015-15,entry,yes,61,8,4.88,0.14,63644.31,0.41
2026-08-04 14:25,KXBTC15M-26AUG041030-30,entry,no,83,6,4.98,0.06,63727.49,0.63
2026-08-04 14:40,KXBTC15M-26AUG041045-45,entry,yes,92,5,4.60,0.03,64022.70,31.26
2026-08-04 15:10,KXBTC15M-26AUG041115-15,entry,no,90,5,4.50,0.04,63975.77,19.98
2026-08-04 15:25,KXBTC15M-26AUG041130-30,entry,no,92,5,4.60,0.03,63962.50,8.43
2026-08-04 15:40,KXBTC15M-26AUG041145-45,entry,no,66,7,4.62,0.11,63867.03,3.97
2026-08-04 15:55,KXBTC15M-26AUG041200-00,entry,yes,95,5,4.75,0.02,64116.77,16.99
2026-08-04 16:10,KXBTC15M-26AUG041215-15,entry,no,94,5,4.70,0.02,63990.07,14.77
2026-08-04 16:25,KXBTC15M-26AUG041230-30,entry,yes,78,6,4.68,0.08,63999.99,3.63
2026-08-04 16:40,KXBTC15M-26AUG041245-45,entry,no,92,5,4.60,0.03,63910.89,13.66
2026-08-04 16:55,KXBTC15M-26AUG041300-00,entry,no,71,7,4.97,0.11,63864.93,5.13
2026-08-04 17:10,KXBTC15M-26AUG041315-15,entry,yes,99,5,4.95,0.01,64041.77,20.55
2026-08-04 17:25,KXBTC15M-26AUG041330-30,entry,no,76,6,4.56,0.08,64018.57,1.64
2026-08-04 17:55,KXBTC15M-26AUG041400-00,entry,no,99,5,4.95,0.01,63937.88,21.65
2026-08-04 18:10,KXBTC15M-26AUG041415-15,entry,yes,99,5,4.95,0.01,64067.19,20.49
2026-08-04 18:25,KXBTC15M-26AUG041430-30,entry,yes,99,5,4.95,0.01,64313.80,27.73
2026-08-04 18:40,KXBTC15M-26AUG041445-45,entry,no,98,5,4.90,0.01,64186.14,22.56
2026-08-04 18:55,KXBTC15M-26AUG041500-00,entry,yes,87,5,4.35,0.04,64243.25,1.90
2026-08-04 19:10,KXBTC15M-26AUG041515-15,entry,yes,93,5,4.65,0.03,64288.76,4.80
2026-08-04 19:25,KXBTC15M-26AUG041530-30,entry,no,99,5,4.95,0.01,64225.45,11.58
2026-08-04 19:40,KXBTC15M-26AUG041545-45,entry,yes,65,7,4.55,0.12,64265.40,3.76
2026-08-04 19:55,KXBTC15M-26AUG041600-00,entry,no,98,5,4.90,0.01,64255.38,13.57
2026-08-04 20:10,KXBTC15M-26AUG041615-15,entry,no,98,5,4.90,0.01,64130.73,18.61
2026-08-04 20:25,KXBTC15M-26AUG041630-30,entry,no,90,5,4.50,0.04,64073.59,10.22
2026-08-04 20:40,KXBTC15M-26AUG041645-45,entry,yes,99,5,4.95,0.01,64307.01,33.65
2026-08-04 20:55,KXBTC15M-26AUG041700-00,entry,no,98,5,4.90,0.01,64279.27,11.71
2026-08-04 21:10,KXBTC15M-26AUG041715-15,entry,no,85,5,4.25,0.05,64264.17,5.68
2026-08-04 21:25,KXBTC15M-26AUG041730-30,entry,yes,96,5,4.80,0.02,64214.01,5.78
2026-08-04 21:40,KXBTC15M-26AUG041745-45,entry,no,76,6,4.56,0.08,64174.27,7.00
2026-08-04 21:55,KXBTC15M-26AUG041800-00,entry,no,97,5,4.85,0.02,64128.33,12.53
2026-08-04 22:10,KXBTC15M-26AUG041815-15,entry,yes,69,7,4.83,0.11,64168.51,1.39
2026-08-04 22:25,KXBTC15M-26AUG041830-30,entry,no,91,5,4.55,0.03,64157.18,5.06
2026-08-04 22:40,KXBTC15M-26AUG041845-45,entry,no,72,6,4.32,0.09,64178.79,4.47
2026-08-04 22:55,KXBTC15M-26AUG041900-00,entry,no,69,7,4.83,0.11,64169.20,1.29
2026-08-04 23:10,KXBTC15M-26AUG041915-15,entry,yes,97,5,4.85,0.02,64359.29,20.97
2026-08-04 23:25,KXBTC15M-26AUG041930-30,entry,no,96,5,4.80,0.02,64275.20,16.35
2026-08-04 23:55,KXBTC15M-26AUG042000-00,entry,no,97,5,4.85,0.02,64071.46,17.53
2026-08-05 00:10,KXBTC15M-26AUG042015-15,entry,no,97,5,4.85,0.02,63995.11,9.89
2026-08-05 00:25,KXBTC15M-26AUG042030-30,entry,yes,61,8,4.88,0.14,63990.73,0.65
2026-08-05 00:40,KXBTC15M-26AUG042045-45,entry,yes,95,5,4.75,0.02,64040.01,9.22
2026-08-05 00:55,KXBTC15M-26AUG042100-00,entry,no,95,5,4.75,0.02,63961.94,8.96
2026-08-05 01:10,KXBTC15M-26AUG042115-15,entry,yes,78,6,4.68,0.08,63977.28,4.48
2026-08-05 01:25,KXBTC15M-26AUG042130-30,entry,yes,97,5,4.85,0.02,64028.80,9.90
2026-08-05 01:55,KXBTC15M-26AUG042200-00,entry,yes,98,5,4.90,0.01,64262.28,17.36
2026-08-05 02:10,KXBTC15M-26AUG042215-15,entry,yes,99,5,4.95,0.01,64373.78,13.16
2026-08-05 03:10,KXBTC15M-26AUG042315-15,entry,yes,70,7,4.90,0.11,64349.81,3.87
2026-08-05 03:25,KXBTC15M-26AUG042330-30,entry,no,99,5,4.95,0.01,64028.79,47.02
2026-08-05 03:40,KXBTC15M-26AUG042345-45,entry,yes,97,5,4.85,0.02,64104.54,12.13
2026-08-05 03:55,KXBTC15M-26AUG050000-00,entry,yes,90,5,4.50,0.04,64111.58,3.02
2026-08-05 04:10,KXBTC15M-26AUG050015-15,entry,no,92,5,4.60,0.03,64087.10,6.56
2026-08-05 04:40,KXBTC15M-26AUG050045-45,entry,yes,88,5,4.40,0.04,64133.49,5.02
2026-08-05 04:55,KXBTC15M-26AUG050100-00,entry,no,85,5,4.25,0.05,64103.76,3.80
2026-08-05 05:10,KXBTC15M-26AUG050115-15,entry,yes,99,5,4.95,0.01,64235.01,17.96
2026-08-05 05:25,KXBTC15M-26AUG050130-30,entry,yes,97,5,4.85,0.02,64412.04,23.29
2026-08-05 05:40,KXBTC15M-26AUG050145-45,entry,no,97,5,4.85,0.02,64301.64,12.96
2026-08-05 06:10,KXBTC15M-26AUG050215-15,entry,no,92,5,4.60,0.03,64279.99,4.34
2026-08-05 06:55,KXBTC15M-26AUG050300-00,entry,no,94,5,4.70,0.02,64197.91,7.93
2026-08-05 07:10,KXBTC15M-26AUG050315-15,entry,no,95,5,4.75,0.02,64125.03,12.45
2026-08-05 07:25,KXBTC15M-26AUG050330-30,entry,no,98,5,4.90,0.01,64002.18,20.25
2026-08-05 07:40,KXBTC15M-26AUG050345-45,entry,no,78,6,4.68,0.08,64009.89,2.07
2026-08-05 07:55,KXBTC15M-26AUG050400-00,entry,yes,92,5,4.60,0.03,63997.55,5.31
2026-08-05 08:10,KXBTC15M-26AUG050415-15,entry,yes,81,6,4.86,0.07,64148.63,6.69
2026-08-05 08:40,KXBTC15M-26AUG050445-45,entry,no,90,5,4.50,0.04,64169.65,7.05
2026-08-05 09:10,KXBTC15M-26AUG050515-15,entry,yes,94,5,4.70,0.02,64083.69,3.17
2026-08-05 09:25,KXBTC15M-26AUG050530-30,entry,yes,83,6,4.98,0.06,64108.32,3.84
2026-08-05 09:40,KXBTC15M-26AUG050545-45,entry,yes,95,5,4.75,0.02,64117.39,2.17
2026-08-05 10:55,KXBTC15M-26AUG050700-00,entry,no,99,5,4.95,0.01,64011.67,20.38
2026-08-05 11:10,KXBTC15M-26AUG050715-15,entry,yes,97,5,4.85,0.02,64030.01,2.98
2026-08-05 11:40,KXBTC15M-26AUG050745-45,entry,yes,88,5,4.40,0.04,64053.94,3.68
2026-08-05 11:55,KXBTC15M-26AUG050800-00,entry,no,93,5,4.65,0.03,64011.68,6.10
2026-08-05 12:10,KXBTC15M-26AUG050815-15,entry,yes,98,5,4.90,0.01,64148.65,19.55
2026-08-05 12:25,KXBTC15M-26AUG050830-30,entry,yes,99,5,4.95,0.01,64483.79,52.43
2026-08-05 12:40,KXBTC15M-26AUG050845-45,entry,no,91,5,4.55,0.03,64411.28,12.22
2026-08-05 13:10,KXBTC15M-26AUG050915-15,entry,no,99,5,4.95,0.01,64111.33,29.20
2026-08-05 13:40,KXBTC15M-26AUG050945-45,entry,yes,77,6,4.62,0.08,64187.16,14.91
2026-08-05 13:55,KXBTC15M-26AUG051000-00,entry,yes,86,5,4.30,0.05,64249.64,18.44
2026-08-05 14:10,KXBTC15M-26AUG051015-15,entry,yes,75,6,4.50,0.08,64452.00,18.32
2026-08-05 14:25,KXBTC15M-26AUG051030-30,entry,no,91,5,4.55,0.03,64332.02,16.71
2026-08-05 14:40,KXBTC15M-26AUG051045-45,entry,no,85,5,4.25,0.05,64280.98,9.45
2026-08-05 15:10,KXBTC15M-26AUG051115-15,entry,yes,99,5,4.95,0.01,64688.02,37.07
2026-08-05 15:25,KXBTC15M-26AUG051130-30,entry,no,98,5,4.90,0.01,64458.17,23.50
2026-08-05 15:40,KXBTC15M-26AUG051145-45,entry,yes,98,5,4.90,0.01,64584.17,16.98
2026-08-05 15:55,KXBTC15M-26AUG051200-00,entry,no,98,5,4.90,0.01,64387.40,20.54
2026-08-05 16:10,KXBTC15M-26AUG051215-15,entry,yes,98,5,4.90,0.01,64467.01,17.78
2026-08-05 16:25,KXBTC15M-26AUG051230-30,entry,yes,91,5,4.55,0.03,64652.17,22.84
2026-08-05 16:40,KXBTC15M-26AUG051245-45,entry,no,91,5,4.55,0.03,64656.63,7.03
2026-08-05 16:55,KXBTC15M-26AUG051300-00,entry,no,94,5,4.70,0.02,64570.75,11.26
2026-08-05 17:10,KXBTC15M-26AUG051315-15,entry,no,94,5,4.70,0.02,64537.36,12.15
2026-08-05 17:25,KXBTC15M-26AUG051330-30,entry,no,64,7,4.48,0.12,64537.45,1.08
2026-08-05 17:40,KXBTC15M-26AUG051345-45,entry,yes,99,5,4.95,0.01,64673.59,19.88
2026-08-05 17:55,KXBTC15M-26AUG051400-00,entry,yes,92,5,4.60,0.03,64695.64,7.42
2026-08-05 18:10,KXBTC15M-26AUG051415-15,entry,no,98,5,4.90,0.01,64643.57,11.14
2026-08-05 18:25,KXBTC15M-26AUG051430-30,entry,no,98,5,4.90,0.01,64635.98,15.64
2026-08-05 18:40,KXBTC15M-26AUG051445-45,entry,yes,96,5,4.80,0.02,64731.16,9.30
2026-08-05 18:55,KXBTC15M-26AUG051500-00,entry,no,93,5,4.65,0.03,64701.13,7.23
2026-08-05 19:10,KXBTC15M-26AUG051515-15,entry,yes,98,5,4.90,0.01,64816.62,10.71
2026-08-05 19:25,KXBTC15M-26AUG051530-30,entry,yes,70,7,4.90,0.11,64856.30,1.57
2026-08-05 19:55,KXBTC15M-26AUG051600-00,entry,yes,79,6,4.74,0.07,64869.79,1.18
2026-08-05 20:10,KXBTC15M-26AUG051615-15,entry,no,75,6,4.50,0.08,64825.51,1.27
2026-08-05 20:25,KXBTC15M-26AUG051630-30,entry,yes,96,5,4.80,0.02,64920.30,10.17
2026-08-05 20:40,KXBTC15M-26AUG051645-45,entry,no,76,6,4.56,0.08,64892.26,5.43
2026-08-05 20:55,KXBTC15M-26AUG051700-00,entry,no,97,5,4.85,0.02,64810.37,18.49
2026-08-05 21:10,KXBTC15M-26AUG051715-15,entry,no,96,5,4.80,0.02,64705.50,13.09
2026-08-05 21:25,KXBTC15M-26AUG051730-30,entry,no,97,5,4.85,0.02,64622.28,17.00
2026-08-05 21:40,KXBTC15M-26AUG051745-45,entry,yes,72,6,4.32,0.09,64638.39,3.57
2026-08-05 21:55,KXBTC15M-26AUG051800-00,entry,yes,76,6,4.56,0.08,64672.86,1.66
2026-08-05 22:10,KXBTC15M-26AUG051815-15,entry,no,96,5,4.80,0.02,64654.84,3.44
2026-08-05 22:25,KXBTC15M-26AUG051830-30,entry,yes,77,6,4.62,0.08,64634.27,0.85
2026-08-05 22:40,KXBTC15M-26AUG051845-45,entry,no,83,6,4.98,0.06,64623.00,7.26
2026-08-05 22:55,KXBTC15M-26AUG051900-00,entry,no,91,5,4.55,0.03,64600.30,6.80
2026-08-05 23:10,KXBTC15M-26AUG051915-15,entry,yes,84,5,4.20,0.05,64619.64,5.02
2026-08-05 23:25,KXBTC15M-26AUG051930-30,entry,yes,94,5,4.70,0.02,64668.30,6.95
2026-08-05 23:40,KXBTC15M-26AUG051945-45,entry,no,74,6,4.44,0.09,64626.73,3.75
2026-08-05 23:55,KXBTC15M-26AUG052000-00,entry,no,79,6,4.74,0.07,64581.00,9.11
2026-08-06 00:10,KXBTC15M-26AUG052015-15,entry,no,90,5,4.50,0.04,64546.99,8.62
2026-08-06 00:25,KXBTC15M-26AUG052030-30,entry,yes,97,5,4.85,0.02,64647.01,11.68
2026-08-06 00:55,KXBTC15M-26AUG052100-00,entry,yes,91,5,4.55,0.03,64619.53,4.64
2026-08-06 01:10,KXBTC15M-26AUG052115-15,entry,no,86,5,4.30,0.05,64553.26,8.86
2026-08-06 01:25,KXBTC15M-26AUG052130-30,entry,no,92,5,4.60,0.03,64474.50,10.98
2026-08-06 01:40,KXBTC15M-26AUG052145-45,entry,yes,90,5,4.50,0.04,64495.48,4.97
2026-08-06 01:55,KXBTC15M-26AUG052200-00,entry,yes,94,5,4.70,0.02,64550.25,5.96
2026-08-06 02:25,KXBTC15M-26AUG052230-30,entry,no,91,5,4.55,0.03,64498.02,6.62
2026-08-06 02:40,KXBTC15M-26AUG052245-45,entry,yes,65,7,4.55,0.12,64483.52,3.05
2026-08-06 03:10,KXBTC15M-26AUG052315-15,entry,no,74,6,4.44,0.09,64510.64,1.44
2026-08-06 03:25,KXBTC15M-26AUG052330-30,entry,no,96,5,4.80,0.02,64446.36,10.09
2026-08-06 03:40,KXBTC15M-26AUG052345-45,entry,no,63,7,4.41,0.12,64458.14,4.05
2026-08-06 04:10,KXBTC15M-26AUG060015-15,entry,yes,78,6,4.68,0.08,64489.49,2.05
2026-08-06 04:25,KXBTC15M-26AUG060030-30,entry,yes,98,5,4.90,0.01,64637.98,17.95
2026-08-06 04:40,KXBTC15M-26AUG060045-45,entry,no,73,6,4.38,0.09,64617.06,2.58
2026-08-06 04:55,KXBTC15M-26AUG060100-00,entry,yes,97,5,4.85,0.02,64644.11,6.84
2026-08-06 05:25,KXBTC15M-26AUG060130-30,entry,yes,93,5,4.65,0.03,64901.00,6.45
2026-08-06 05:40,KXBTC15M-26AUG060145-45,entry,no,84,5,4.20,0.05,64814.69,3.36
2026-08-06 05:55,KXBTC15M-26AUG060200-00,entry,no,90,5,4.50,0.04,64799.07,6.03
2026-08-06 06:10,KXBTC15M-26AUG060215-15,entry,no,95,5,4.75,0.02,64764.90,11.01
2026-08-06 06:25,KXBTC15M-26AUG060230-30,entry,yes,90,5,4.50,0.04,64753.20,4.51
2026-08-06 09:10,KXBTC15M-26AUG060515-15,entry,no,98,5,4.90,0.01,64748.20,20.12
2026-08-06 09:25,KXBTC15M-26AUG060530-30,entry,yes,85,5,4.25,0.05,64728.15,3.76
2026-08-06 09:40,KXBTC15M-26AUG060545-45,entry,no,90,5,4.50,0.04,64619.00,7.78
2026-08-06 09:55,KXBTC15M-26AUG060600-00,entry,yes,82,6,4.92,0.07,64622.79,2.10
2026-08-06 10:10,KXBTC15M-26AUG060615-15,entry,no,93,5,4.65,0.03,64528.70,14.39
2026-08-06 10:25,KXBTC15M-26AUG060630-30,entry,yes,96,5,4.80,0.02,64599.49,9.42
2026-08-06 10:40,KXBTC15M-26AUG060645-45,entry,no,83,6,4.98,0.06,64584.81,4.69
2026-08-06 10:55,KXBTC15M-26AUG060700-00,entry,no,79,6,4.74,0.07,64535.41,4.83
2026-08-06 11:10,KXBTC15M-26AUG060715-15,entry,no,96,5,4.80,0.02,64491.33,9.93
2026-08-06 11:25,KXBTC15M-26AUG060730-30,entry,yes,75,6,4.50,0.08,64512.60,0.60
2026-08-06 11:40,KXBTC15M-26AUG060745-45,entry,yes,94,5,4.70,0.02,64576.20,8.01
2026-08-06 11:55,KXBTC15M-26AUG060800-00,entry,no,93,5,4.65,0.03,64531.36,6.92
2026-08-06 12:10,KXBTC15M-26AUG060815-15,entry,no,99,5,4.95,0.01,64410.01,22.82
2026-08-06 12:25,KXBTC15M-26AUG060830-30,entry,yes,95,5,4.75,0.02,64464.80,6.67
2026-08-06 12:55,KXBTC15M-26AUG060900-00,entry,no,96,5,4.80,0.02,64383.54,11.11
2026-08-06 13:25,KXBTC15M-26AUG060930-30,entry,no,80,6,4.80,0.07,64148.83,4.70
2026-08-06 13:40,KXBTC15M-26AUG060945-45,entry,yes,91,5,4.55,0.03,64267.51,15.24
2026-08-06 14:40,KXBTC15M-26AUG061045-45,entry,yes,98,5,4.90,0.01,64507.19,21.20
2026-08-06 14:55,KXBTC15M-26AUG061100-00,entry,no,91,5,4.55,0.03,64647.84,15.48
2026-08-06 15:10,KXBTC15M-26AUG061115-15,entry,yes,96,5,4.80,0.02,64893.35,25.13
2026-08-06 15:25,KXBTC15M-26AUG061130-30,entry,no,83,6,4.98,0.06,64713.52,14.94
2026-08-06 15:40,KXBTC15M-26AUG061145-45,entry,no,78,6,4.68,0.08,64718.54,8.15
2026-08-06 15:55,KXBTC15M-26AUG061200-00,entry,no,94,5,4.70,0.02,64592.13,18.57
2026-08-06 16:10,KXBTC15M-26AUG061215-15,entry,yes,77,6,4.62,0.08,64655.22,6.77
2026-08-06 16:40,KXBTC15M-26AUG061245-45,entry,yes,83,6,4.98,0.06,64671.06,10.86
2026-08-06 17:25,KXBTC15M-26AUG061330-30,entry,no,88,5,4.40,0.04,64648.44,4.49
2026-08-06 17:40,KXBTC15M-26AUG061345-45,entry,no,98,5,4.90,0.01,64501.01,20.76
2026-08-06 17:55,KXBTC15M-26AUG061400-00,entry,yes,95,5,4.75,0.02,64579.07,6.13
2026-08-06 18:10,KXBTC15M-26AUG061415-15,entry,no,98,5,4.90,0.01,64441.77,19.51
2026-08-06 18:40,KXBTC15M-26AUG061445-45,entry,no,96,5,4.80,0.02,64373.62,14.00
2026-08-06 18:55,KXBTC15M-26AUG061500-00,entry,no,88,5,4.40,0.04,64339.61,4.18
2026-08-06 19:10,KXBTC15M-26AUG061515-15,entry,yes,87,5,4.35,0.04,64386.80,4.33
2026-08-06 19:25,KXBTC15M-26AUG061530-30,entry,no,69,7,4.83,0.11,64376.24,2.24
2026-08-06 19:40,KXBTC15M-26AUG061545-45,entry,yes,74,6,4.44,0.09,64373.76,3.26
2026-08-06 19:55,KXBTC15M-26AUG061600-00,entry,yes,87,5,4.35,0.04,64402.42,5.50
2026-08-06 20:10,KXBTC15M-26AUG061615-15,entry,yes,96,5,4.80,0.02,64472.03,11.64
2026-08-06 20:25,KXBTC15M-26AUG061630-30,entry,no,93,5,4.65,0.03,64435.71,6.18
2026-08-06 20:55,KXBTC15M-26AUG061700-00,entry,no,84,5,4.20,0.05,64390.89,3.96
2026-08-06 21:10,KXBTC15M-26AUG061715-15,entry,yes,82,6,4.92,0.07,64422.35,3.94
2026-08-06 21:25,KXBTC15M-26AUG061730-30,entry,no,64,7,4.48,0.12,64404.92,4.45
2026-08-06 21:40,KXBTC15M-26AUG061745-45,entry,no,86,5,4.30,0.05,64363.74,6.40
2026-08-06 21:55,KXBTC15M-26AUG061800-00,entry,no,67,7,4.69,0.11,64392.18,2.62
2026-08-06 22:10,KXBTC15M-26AUG061815-15,entry,no,74,6,4.44,0.09,64361.92,4.33
2026-08-06 22:25,KXBTC15M-26AUG061830-30,entry,no,98,5,4.90,0.01,64303.20,12.57
2026-08-06 22:40,KXBTC15M-26AUG061845-45,entry,yes,80,6,4.80,0.07,64312.13,0.82
2026-08-06 22:55,KXBTC15M-26AUG061900-00,entry,yes,76,6,4.56,0.08,64302.62,2.23
2026-08-06 23:25,KXBTC15M-26AUG061930-30,entry,no,97,5,4.85,0.02,64214.09,11.32
2026-08-06 23:40,KXBTC15M-26AUG061945-45,entry,no,90,5,4.50,0.04,64151.04,7.09
2026-08-06 23:55,KXBTC15M-26AUG062000-00,entry,yes,99,5,4.95,0.01,64270.45,15.45
2026-08-07 00:10,KXBTC15M-26AUG062015-15,entry,yes,96,5,4.80,0.02,64316.06,8.71
2026-08-07 00:55,KXBTC15M-26AUG062100-00,entry,no,78,6,4.68,0.08,64213.39,7.30
2026-08-07 01:10,KXBTC15M-26AUG062115-15,entry,yes,91,5,4.55,0.03,64293.15,6.32
2026-08-07 01:25,KXBTC15M-26AUG062130-30,entry,no,77,6,4.62,0.08,64287.37,2.79
2026-08-07 01:40,KXBTC15M-26AUG062145-45,entry,no,96,5,4.80,0.02,64255.51,17.24
2026-08-07 01:55,KXBTC15M-26AUG062200-00,entry,yes,92,5,4.60,0.03,64351.30,5.63
2026-08-07 02:10,KXBTC15M-26AUG062215-15,entry,no,97,5,4.85,0.02,64255.36,17.35
2026-08-07 02:25,KXBTC15M-26AUG062230-30,entry,no,72,6,4.32,0.09,64264.08,12.03
2026-08-07 02:40,KXBTC15M-26AUG062245-45,entry,no,63,7,4.41,0.12,64235.01,4.31
2026-08-07 02:55,KXBTC15M-26AUG062300-00,entry,yes,72,6,4.32,0.09,64366.80,1.86
2026-08-07 03:10,KXBTC15M-26AUG062315-15,entry,no,77,6,4.62,0.08,64319.36,3.77
2026-08-07 03:25,KXBTC15M-26AUG062330-30,entry,no,78,6,4.68,0.08,64248.97,4.72
2026-08-07 03:55,KXBTC15M-26AUG070000-00,entry,no,79,6,4.74,0.07,64231.52,7.88
2026-08-07 04:10,KXBTC15M-26AUG070015-15,entry,yes,74,6,4.44,0.09,64254.64,3.24
2026-08-07 04:25,KXBTC15M-26AUG070030-30,entry,yes,65,7,4.55,0.12,64253.33,0.44
2026-08-07 04:40,KXBTC15M-26AUG070045-45,entry,no,76,6,4.56,0.08,64220.39,4.14
2026-08-07 04:55,KXBTC15M-26AUG070100-00,entry,no,93,5,4.65,0.03,64166.23,5.75
2026-08-07 05:25,KXBTC15M-26AUG070130-30,entry,no,95,5,4.75,0.02,64124.09,11.49
2026-08-07 05:40,KXBTC15M-26AUG070145-45,entry,yes,93,5,4.65,0.03,64171.56,7.06
2026-08-07 05:55,KXBTC15M-26AUG070200-00,entry,yes,98,5,4.90,0.01,64311.64,13.79
2026-08-07 06:25,KXBTC15M-26AUG070230-30,entry,yes,91,5,4.55,0.03,64378.52,6.32
2026-08-07 06:40,KXBTC15M-26AUG070245-45,entry,no,95,5,4.75,0.02,64307.39,8.39
2026-08-07 06:55,KXBTC15M-26AUG070300-00,entry,no,84,5,4.20,0.05,64254.16,8.03
2026-08-07 07:10,KXBTC15M-26AUG070315-15,entry,yes,88,5,4.40,0.04,64309.31,6.43
2026-08-07 07:25,KXBTC15M-26AUG070330-30,entry,yes,96,5,4.80,0.02,64370.42,12.49
2026-08-07 07:40,KXBTC15M-26AUG070345-45,entry,no,77,6,4.62,0.08,64318.99,6.11
2026-08-07 07:55,KXBTC15M-26AUG070400-00,entry,no,65,7,4.55,0.12,64296.38,4.27
2026-08-07 08:25,KXBTC15M-26AUG070430-30,entry,yes,93,5,4.65,0.03,64375.46,7.83
2026-08-07 08:40,KXBTC15M-26AUG070445-45,entry,yes,93,5,4.65,0.03,64438.50,6.58
2026-08-07 08:55,KXBTC15M-26AUG070500-00,entry,no,90,5,4.50,0.04,64539.21,6.44
2026-08-07 09:10,KXBTC15M-26AUG070515-15,entry,yes,99,5,4.95,0.01,64645.79,14.74
2026-08-07 09:25,KXBTC15M-26AUG070530-30,entry,yes,98,5,4.90,0.01,64829.68,22.00
2026-08-07 09:40,KXBTC15M-26AUG070545-45,entry,yes,98,5,4.90,0.01,64855.14,10.01
2026-08-07 09:55,KXBTC15M-26AUG070600-00,entry,no,94,5,4.70,0.02,64791.02,10.15
2026-08-07 10:25,KXBTC15M-26AUG070630-30,entry,no,89,5,4.45,0.04,64775.34,4.37
2026-08-07 10:40,KXBTC15M-26AUG070645-45,entry,no,86,5,4.30,0.05,64823.33,3.97
2026-08-07 10:55,KXBTC15M-26AUG070700-00,entry,yes,82,6,4.92,0.07,64846.37,3.54
2026-08-07 11:10,KXBTC15M-26AUG070715-15,entry,yes,99,5,4.95,0.01,64938.97,13.84
2026-08-07 11:25,KXBTC15M-26AUG070730-30,entry,yes,99,5,4.95,0.01,65080.36,24.57
2026-08-07 11:40,KXBTC15M-26AUG070745-45,entry,no,66,7,4.62,0.11,64989.11,8.83
2026-08-07 11:55,KXBTC15M-26AUG070800-00,entry,no,77,6,4.62,0.08,64962.03,4.99
2026-08-07 12:10,KXBTC15M-26AUG070815-15,entry,yes,98,5,4.90,0.01,65158.02,27.82
2026-08-07 12:25,KXBTC15M-26AUG070830-30,entry,no,98,5,4.90,0.01,65036.93,20.54
2026-08-07 12:55,KXBTC15M-26AUG070900-00,entry,yes,99,5,4.95,0.01,65290.93,25.96
2026-08-07 13:10,KXBTC15M-26AUG070915-15,entry,no,78,6,4.68,0.08,65177.05,11.03
2026-08-07 13:25,KXBTC15M-26AUG070930-30,entry,no,86,5,4.30,0.05,65129.88,9.32
2026-08-07 13:40,KXBTC15M-26AUG070945-45,entry,yes,95,5,4.75,0.02,65221.55,16.28
2026-08-07 13:55,KXBTC15M-26AUG071000-00,entry,no,96,5,4.80,0.02,65070.44,28.64
2026-08-07 14:10,KXBTC15M-26AUG071015-15,entry,no,97,5,4.85,0.02,64831.30,22.09
2026-08-07 14:25,KXBTC15M-26AUG071030-30,entry,yes,99,5,4.95,0.01,65039.10,36.23
2026-08-07 14:55,KXBTC15M-26AUG071100-00,entry,no,94,5,4.70,0.02,64979.06,12.76
2026-08-07 15:10,KXBTC15M-26AUG071115-15,entry,yes,81,6,4.86,0.07,64954.92,5.37
2026-08-07 15:25,KXBTC15M-26AUG071130-30,entry,yes,92,5,4.60,0.03,64994.04,13.31
2026-08-07 15:40,KXBTC15M-26AUG071145-45,entry,no,67,7,4.69,0.11,64948.76,3.91
2026-08-07 15:55,KXBTC15M-26AUG071200-00,entry,no,93,5,4.65,0.03,64895.26,13.01
2026-08-07 16:10,KXBTC15M-26AUG071215-15,entry,yes,98,5,4.90,0.01,64959.09,14.89
2026-08-07 16:25,KXBTC15M-26AUG071230-30,entry,no,98,5,4.90,0.01,64879.66,20.07
2026-08-07 16:40,KXBTC15M-26AUG071245-45,entry,yes,75,6,4.50,0.08,64912.78,4.91
2026-08-07 16:55,KXBTC15M-26AUG071300-00,entry,no,98,5,4.90,0.01,64808.58,14.75
2026-08-07 17:10,KXBTC15M-26AUG071315-15,entry,no,86,5,4.30,0.05,64700.62,12.86
2026-08-07 17:25,KXBTC15M-26AUG071330-30,entry,no,94,5,4.70,0.02,64563.08,13.82
2026-08-07 17:40,KXBTC15M-26AUG071345-45,entry,yes,95,5,4.75,0.02,64607.27,9.29
2026-08-07 17:55,KXBTC15M-26AUG071400-00,entry,yes,89,5,4.45,0.04,64688.80,9.42
2026-08-07 18:10,KXBTC15M-26AUG071415-15,entry,yes,99,5,4.95,0.01,64832.81,18.53
2026-08-07 18:25,KXBTC15M-26AUG071430-30,entry,no,97,5,4.85,0.02,64755.02,9.59
2026-08-07 18:40,KXBTC15M-26AUG071445-45,entry,no,95,5,4.75,0.02,64711.12,9.55
2026-08-07 18:55,KXBTC15M-26AUG071500-00,entry,no,97,5,4.85,0.02,64646.53,7.97
2026-08-07 19:10,KXBTC15M-26AUG071515-15,entry,yes,99,5,4.95,0.01,64807.42,20.77
2026-08-07 19:25,KXBTC15M-26AUG071530-30,entry,yes,99,5,4.95,0.01,64890.84,15.23
2026-08-07 19:40,KXBTC15M-26AUG071545-45,entry,yes,91,5,4.55,0.03,64970.43,10.53
2026-08-07 19:55,KXBTC15M-26AUG071600-00,entry,no,86,5,4.30,0.05,64910.66,4.78
2026-08-07 20:10,KXBTC15M-26AUG071615-15,entry,yes,80,6,4.80,0.07,64946.04,2.36
2026-08-07 20:40,KXBTC15M-26AUG071645-45,entry,no,85,5,4.25,0.05,64920.14,3.92
2026-08-07 20:55,KXBTC15M-26AUG071700-00,entry,yes,80,6,4.80,0.07,64931.93,0.99
2026-08-07 21:25,KXBTC15M-26AUG071730-30,entry,no,66,7,4.62,0.11,64949.65,2.44
2026-08-07 21:40,KXBTC15M-26AUG071745-45,entry,yes,73,6,4.38,0.09,65004.33,5.78
2026-08-07 21:55,KXBTC15M-26AUG071800-00,entry,no,98,5,4.90,0.01,64909.23,13.89
2026-08-07 22:10,KXBTC15M-26AUG071815-15,entry,no,66,7,4.62,0.11,64895.71,2.06
2026-08-07 22:40,KXBTC15M-26AUG071845-45,entry,no,96,5,4.80,0.02,64840.15,8.41
2026-08-07 22:55,KXBTC15M-26AUG071900-00,entry,yes,80,6,4.80,0.07,64848.65,1.59
2026-08-07 23:25,KXBTC15M-26AUG071930-30,entry,no,74,6,4.44,0.09,64850.82,1.69
2026-08-07 23:40,KXBTC15M-26AUG071945-45,entry,yes,76,6,4.56,0.08,64863.14,0.63
2026-08-07 23:55,KXBTC15M-26AUG072000-00,entry,yes,95,5,4.75,0.02,64886.49,2.84
2026-08-08 00:10,KXBTC15M-26AUG072015-15,entry,no,75,6,4.50,0.08,64872.06,2.63
2026-08-08 00:25,KXBTC15M-26AUG072030-30,entry,no,96,5,4.80,0.02,64831.18,6.88
2026-08-08 00:40,KXBTC15M-26AUG072045-45,entry,yes,86,5,4.30,0.05,64867.69,2.30
2026-08-08 00:55,KXBTC15M-26AUG072100-00,entry,yes,87,5,4.35,0.04,64878.87,1.64
2026-08-08 01:25,KXBTC15M-26AUG072130-30,entry,no,94,5,4.70,0.02,64886.30,5.69
2026-08-08 01:40,KXBTC15M-26AUG072145-45,entry,yes,84,5,4.20,0.05,64891.48,0.96
2026-08-08 01:55,KXBTC15M-26AUG072200-00,entry,no,88,5,4.40,0.04,64876.18,3.68
2026-08-08 02:10,KXBTC15M-26AUG072215-15,entry,no,91,5,4.55,0.03,64859.22,3.83
2026-08-08 02:25,KXBTC15M-26AUG072230-30,entry,yes,87,5,4.35,0.04,64879.37,2.24
2026-08-08 02:40,KXBTC15M-26AUG072245-45,entry,no,64,7,4.48,0.12,64877.65,2.63
2026-08-08 03:10,KXBTC15M-26AUG072315-15,entry,yes,89,5,4.45,0.04,64900.18,1.49
2026-08-08 03:25,KXBTC15M-26AUG072330-30,entry,yes,98,5,4.90,0.01,64962.43,9.29
2026-08-08 03:40,KXBTC15M-26AUG072345-45,entry,no,76,6,4.56,0.08,64963.24,3.85
2026-08-08 04:10,KXBTC15M-26AUG080015-15,entry,no,98,5,4.90,0.01,64925.01,10.54
2026-08-08 04:40,KXBTC15M-26AUG080045-45,entry,yes,96,5,4.80,0.02,65015.90,8.00
2026-08-08 04:55,KXBTC15M-26AUG080100-00,entry,no,93,5,4.65,0.03,64975.38,3.78
2026-08-08 05:10,KXBTC15M-26AUG080115-15,entry,no,79,6,4.74,0.07,64960.22,2.22
2026-08-08 05:25,KXBTC15M-26AUG080130-30,entry,yes,97,5,4.85,0.02,64986.23,3.98
2026-08-08 05:55,KXBTC15M-26AUG080200-00,entry,no,98,5,4.90,0.01,64947.48,4.98
2026-08-08 06:40,KXBTC15M-26AUG080245-45,entry,no,61,8,4.88,0.14,64934.32,1.41
2026-08-08 06:55,KXBTC15M-26AUG080300-00,entry,yes,94,5,4.70,0.02,64970.48,4.51
2026-08-08 07:25,KXBTC15M-26AUG080330-30,entry,yes,75,6,4.50,0.08,64966.85,0.49
2026-08-08 07:40,KXBTC15M-26AUG080345-45,entry,no,97,5,4.85,0.02,64910.23,8.78
2026-08-08 07:55,KXBTC15M-26AUG080400-00,entry,yes,91,5,4.55,0.03,64930.75,1.77
2026-08-08 08:10,KXBTC15M-26AUG080415-15,entry,no,66,7,4.62,0.11,64925.36,1.34
2026-08-08 08:40,KXBTC15M-26AUG080445-45,entry,yes,96,5,4.80,0.02,64966.65,3.25
2026-08-08 08:55,KXBTC15M-26AUG080500-00,entry,no,94,5,4.70,0.02,64947.94,4.31
2026-08-08 09:10,KXBTC15M-26AUG080515-15,entry,yes,79,6,4.74,0.07,64963.19,0.97
2026-08-08 09:25,KXBTC15M-26AUG080530-30,entry,yes,90,5,4.50,0.04,64975.38,1.17
2026-08-08 09:55,KXBTC15M-26AUG080600-00,entry,no,94,5,4.70,0.02,64954.03,3.25
2026-08-08 10:10,KXBTC15M-26AUG080615-15,entry,yes,92,5,4.60,0.03,64967.67,1.53
2026-08-08 10:25,KXBTC15M-26AUG080630-30,entry,yes,83,6,4.98,0.06,64976.03,1.90
2026-08-08 11:25,KXBTC15M-26AUG080730-30,entry,no,98,5,4.90,0.01,64936.58,6.08
2026-08-08 11:40,KXBTC15M-26AUG080745-45,entry,no,69,7,4.83,0.11,64930.64,1.41
2026-08-08 12:10,KXBTC15M-26AUG080815-15,entry,no,98,5,4.90,0.01,64887.48,6.46
2026-08-08 12:40,KXBTC15M-26AUG080845-45,entry,yes,98,5,4.90,0.01,64979.00,6.62
2026-08-08 12:55,KXBTC15M-26AUG080900-00,entry,yes,91,5,4.55,0.03,64971.77,1.08
2026-08-08 13:25,KXBTC15M-26AUG080930-30,entry,yes,80,6,4.80,0.07,64970.03,0.84
2026-08-08 13:40,KXBTC15M-26AUG080945-45,entry,no,91,5,4.55,0.03,64966.06,1.87
2026-08-08 14:10,KXBTC15M-26AUG081015-15,entry,yes,93,5,4.65,0.03,64991.88,2.91
2026-08-08 14:25,KXBTC15M-26AUG081030-30,entry,yes,98,5,4.90,0.01,65066.98,7.96
2026-08-08 14:55,KXBTC15M-26AUG081100-00,entry,yes,97,5,4.85,0.02,65111.64,6.21
2026-08-08 15:10,KXBTC15M-26AUG081115-15,entry,no,95,5,4.75,0.02,65056.72,4.42
2026-08-08 15:25,KXBTC15M-26AUG081130-30,entry,no,72,6,4.32,0.09,65058.04,0.85
2026-08-08 15:40,KXBTC15M-26AUG081145-45,entry,no,94,5,4.70,0.02,65021.94,3.95
2026-08-08 15:55,KXBTC15M-26AUG081200-00,entry,yes,95,5,4.75,0.02,65049.82,3.87
2026-08-08 16:10,KXBTC15M-26AUG081215-15,entry,yes,73,6,4.38,0.09,65044.18,0.67
2026-08-08 16:40,KXBTC15M-26AUG081245-45,entry,no,93,5,4.65,0.03,65020.00,2.49
2026-08-08 16:55,KXBTC15M-26AUG081300-00,entry,yes,96,5,4.80,0.02,65036.92,2.70
2026-08-08 17:10,KXBTC15M-26AUG081315-15,entry,yes,92,5,4.60,0.03,65057.48,2.13
2026-08-08 17:25,KXBTC15M-26AUG081330-30,entry,no,90,5,4.50,0.04,65066.52,2.45
2026-08-08 17:40,KXBTC15M-26AUG081345-45,entry,yes,90,5,4.50,0.04,65076.75,0.26
2026-08-08 17:55,KXBTC15M-26AUG081400-00,entry,no,77,6,4.62,0.08,65071.80,2.61
2026-08-08 18:10,KXBTC15M-26AUG081415-15,entry,no,92,5,4.60,0.03,65057.68,3.50
2026-08-08 18:25,KXBTC15M-26AUG081430-30,entry,no,99,5,4.95,0.01,64989.62,10.98
2026-08-08 18:40,KXBTC15M-26AUG081445-45,entry,yes,66,7,4.62,0.11,65007.43,1.28
2026-08-08 18:55,KXBTC15M-26AUG081500-00,entry,no,77,6,4.62,0.08,65000.44,1.52
2026-08-08 19:10,KXBTC15M-26AUG081515-15,entry,no,92,5,4.60,0.03,64977.64,3.83
2026-08-08 19:40,KXBTC15M-26AUG081545-45,entry,yes,94,5,4.70,0.02,64992.16,1.46
2026-08-08 19:55,KXBTC15M-26AUG081600-00,entry,yes,97,5,4.85,0.02,65034.36,5.16
2026-08-08 20:10,KXBTC15M-26AUG081615-15,entry,no,64,7,4.48,0.12,65027.36,0.35
2026-08-08 20:25,KXBTC15M-26AUG081630-30,entry,no,94,5,4.70,0.02,65016.01,2.63
2026-08-08 20:40,KXBTC15M-26AUG081645-45,entry,yes,63,7,4.41,0.12,65024.66,0.73
2026-08-08 20:55,KXBTC15M-26AUG081700-00,entry,yes,80,6,4.80,0.07,65034.28,0.98
2026-08-08 21:10,KXBTC15M-26AUG081715-15,entry,no,83,6,4.98,0.06,65020.17,1.94
2026-08-08 21:25,KXBTC15M-26AUG081730-30,entry,no,79,6,4.74,0.07,64995.96,1.12
2026-08-08 21:55,KXBTC15M-26AUG081800-00,entry,no,92,5,4.60,0.03,64973.11,5.21
2026-08-08 22:40,KXBTC15M-26AUG081845-45,entry,no,88,5,4.40,0.04,64926.25,3.34
2026-08-08 22:55,KXBTC15M-26AUG081900-00,entry,no,89,5,4.45,0.04,64909.31,2.48
2026-08-08 23:10,KXBTC15M-26AUG081915-15,entry,no,75,6,4.50,0.08,64884.89,2.21
2026-08-08 23:25,KXBTC15M-26AUG081930-30,entry,yes,97,5,4.85,0.02,64912.91,3.42
2026-08-08 23:40,KXBTC15M-26AUG081945-45,entry,yes,94,5,4.70,0.02,64915.16,3.97
2026-08-09 00:25,KXBTC15M-26AUG082030-30,entry,yes,76,6,4.56,0.08,64915.06,0.58
2026-08-09 00:40,KXBTC15M-26AUG082045-45,entry,yes,92,5,4.60,0.03,64926.75,1.69
2026-08-09 01:10,KXBTC15M-26AUG082115-15,entry,yes,74,6,4.44,0.09,64928.32,0.71
2026-08-09 01:25,KXBTC15M-26AUG082130-30,entry,no,95,5,4.75,0.02,64833.69,14.96
2026-08-09 01:40,KXBTC15M-26AUG082145-45,entry,yes,90,5,4.50,0.04,64823.34,1.03
2026-08-09 01:55,KXBTC15M-26AUG082200-00,entry,no,74,6,4.44,0.09,64818.74,2.32
2026-08-09 02:10,KXBTC15M-26AUG082215-15,entry,no,90,5,4.50,0.04,64798.00,2.39
2026-08-09 02:25,KXBTC15M-26AUG082230-30,entry,no,83,6,4.98,0.06,64788.96,2.02
2026-08-09 02:40,KXBTC15M-26AUG082245-45,entry,no,78,6,4.68,0.08,64775.65,2.48
2026-08-09 02:55,KXBTC15M-26AUG082300-00,entry,yes,89,5,4.45,0.04,64768.14,3.94
2026-08-09 03:10,KXBTC15M-26AUG082315-15,entry,no,95,5,4.75,0.02,64743.98,4.27
2026-08-09 03:25,KXBTC15M-26AUG082330-30,entry,yes,96,5,4.80,0.02,64721.98,1.67
2026-08-09 03:40,KXBTC15M-26AUG082345-45,entry,yes,85,5,4.25,0.05,64743.66,1.99
2026-08-09 03:55,KXBTC15M-26AUG090000-00,entry,no,86,5,4.30,0.05,64729.23,2.79
2026-08-09 04:10,KXBTC15M-26AUG090015-15,entry,yes,92,5,4.60,0.03,64747.30,1.63
2026-08-09 04:25,KXBTC15M-26AUG090030-30,entry,no,75,6,4.50,0.08,64757.26,1.46
2026-08-09 04:40,KXBTC15M-26AUG090045-45,entry,no,79,6,4.74,0.07,64758.54,1.91
2026-08-09 04:55,KXBTC15M-26AUG090100-00,entry,no,95,5,4.75,0.02,64727.97,4.48
2026-08-09 05:55,KXBTC15M-26AUG090200-00,entry,yes,84,5,4.20,0.05,64739.62,0.86
2026-08-09 06:10,KXBTC15M-26AUG090215-15,entry,yes,69,7,4.83,0.11,64754.59,1.24
2026-08-09 06:25,KXBTC15M-26AUG090230-30,entry,yes,95,5,4.75,0.02,64783.52,4.10
2026-08-09 06:40,KXBTC15M-26AUG090245-45,entry,yes,96,5,4.80,0.02,64806.26,3.37
2026-08-09 07:25,KXBTC15M-26AUG090330-30,entry,no,89,5,4.45,0.04,64783.53,3.15
2026-08-09 07:40,KXBTC15M-26AUG090345-45,entry,no,83,6,4.98,0.06,64780.58,1.76
2026-08-09 07:55,KXBTC15M-26AUG090400-00,entry,no,89,5,4.45,0.04,64766.39,3.18
2026-08-09 08:10,KXBTC15M-26AUG090415-15,entry,yes,99,5,4.95,0.01,64866.78,13.42
2026-08-09 08:25,KXBTC15M-26AUG090430-30,entry,no,94,5,4.70,0.02,64848.69,3.04
2026-08-09 08:40,KXBTC15M-26AUG090445-45,entry,no,98,5,4.90,0.01,64771.42,9.81
2026-08-09 08:55,KXBTC15M-26AUG090500-00,entry,yes,76,6,4.56,0.08,64758.18,0.71
2026-08-09 09:10,KXBTC15M-26AUG090515-15,entry,yes,71,7,4.97,0.11,64775.96,0.62
2026-08-09 09:40,KXBTC15M-26AUG090545-45,entry,yes,80,6,4.80,0.07,64768.23,0.64
2026-08-09 09:55,KXBTC15M-26AUG090600-00,entry,yes,98,5,4.90,0.01,64802.43,5.28
2026-08-09 10:10,KXBTC15M-26AUG090615-15,entry,yes,98,5,4.90,0.01,64851.00,5.57
2026-08-09 10:25,KXBTC15M-26AUG090630-30,entry,yes,84,5,4.20,0.05,64900.18,0.08
2026-08-09 10:40,KXBTC15M-26AUG090645-45,entry,no,90,5,4.50,0.04,64892.30,2.91
2026-08-09 10:55,KXBTC15M-26AUG090700-00,entry,yes,93,5,4.65,0.03,64917.57,4.05
2026-08-09 11:10,KXBTC15M-26AUG090715-15,entry,yes,88,5,4.40,0.04,64925.84,2.51
2026-08-09 11:40,KXBTC15M-26AUG090745-45,entry,yes,78,6,4.68,0.08,64939.19,2.58
2026-08-09 11:55,KXBTC15M-26AUG090800-00,entry,no,95,5,4.75,0.02,64909.03,4.48
2026-08-09 12:10,KXBTC15M-26AUG090815-15,entry,no,90,5,4.50,0.04,64885.85,2.95
2026-08-09 12:40,KXBTC15M-26AUG090845-45,entry,no,72,6,4.32,0.09,64890.46,0.52
2026-08-09 12:55,KXBTC15M-26AUG090900-00,entry,yes,92,5,4.60,0.03,64896.93,1.01
2026-08-09 13:10,KXBTC15M-26AUG090915-15,entry,yes,98,5,4.90,0.01,64968.57,9.47
2026-08-09 13:25,KXBTC15M-26AUG090930-30,entry,yes,95,5,4.75,0.02,64993.49,3.31
2026-08-09 14:25,KXBTC15M-26AUG091030-30,entry,no,99,5,4.95,0.01,65123.79,10.09
2026-08-09 14:40,KXBTC15M-26AUG091045-45,entry,no,90,5,4.50,0.04,65108.07,4.97
2026-08-09 14:55,KXBTC15M-26AUG091100-00,entry,yes,96,5,4.80,0.02,65157.32,5.77
2026-08-09 15:10,KXBTC15M-26AUG091115-15,entry,no,92,5,4.60,0.03,65210.25,1.66
2026-08-09 15:40,KXBTC15M-26AUG091145-45,entry,yes,81,6,4.86,0.07,65187.55,0.56
2026-08-09 16:10,KXBTC15M-26AUG091215-15,entry,yes,92,5,4.60,0.03,65209.67,4.15
2026-08-09 16:25,KXBTC15M-26AUG091230-30,entry,no,98,5,4.90,0.01,65136.64,8.07
2026-08-09 16:40,KXBTC15M-26AUG091245-45,entry,yes,96,5,4.80,0.02,65188.96,7.87
2026-08-09 16:55,KXBTC15M-26AUG091300-00,entry,no,81,6,4.86,0.07,65187.18,1.72
2026-08-09 17:10,KXBTC15M-26AUG091315-15,entry,no,89,5,4.45,0.04,65170.86,2.14
2026-08-09 17:25,KXBTC15M-26AUG091330-30,entry,yes,80,6,4.80,0.07,65185.48,1.36
2026-08-09 17:55,KXBTC15M-26AUG091400-00,entry,no,99,5,4.95,0.01,65146.38,5.60
2026-08-09 18:10,KXBTC15M-26AUG091415-15,entry,yes,91,5,4.55,0.03,65156.37,1.11
2026-08-09 18:25,KXBTC15M-26AUG091430-30,entry,no,89,5,4.45,0.04,65153.01,0.06
2026-08-09 18:40,KXBTC15M-26AUG091445-45,entry,yes,69,7,4.83,0.11,65170.86,0.99
2026-08-09 18:55,KXBTC15M-26AUG091500-00,entry,no,91,5,4.55,0.03,65152.76,1.89
2026-08-09 19:10,KXBTC15M-26AUG091515-15,entry,yes,71,7,4.97,0.11,65148.15,0.10
2026-08-09 19:25,KXBTC15M-26AUG091530-30,entry,yes,98,5,4.90,0.01,65166.37,3.74
2026-08-09 19:40,KXBTC15M-26AUG091545-45,entry,no,92,5,4.60,0.03,65150.97,1.41
2026-08-09 19:55,KXBTC15M-26AUG091600-00,entry,no,92,5,4.60,0.03,65148.81,0.40
2026-08-09 20:10,KXBTC15M-26AUG091615-15,entry,no,98,5,4.90,0.01,65064.57,10.79
2026-08-09 20:25,KXBTC15M-26AUG091630-30,entry,yes,95,5,4.75,0.02,65064.58,4.06
2026-08-09 20:40,KXBTC15M-26AUG091645-45,entry,yes,90,5,4.50,0.04,65100.00,2.98
2026-08-09 21:40,KXBTC15M-26AUG091745-45,entry,yes,99,5,4.95,0.01,65162.64,11.01
2026-08-09 21:55,KXBTC15M-26AUG091800-00,entry,no,98,5,4.90,0.01,65151.81,3.92
2026-08-09 22:10,KXBTC15M-26AUG091815-15,entry,yes,98,5,4.90,0.01,65222.00,9.88
2026-08-09 22:25,KXBTC15M-26AUG091830-30,entry,no,99,5,4.95,0.01,65185.67,20.77
2026-08-09 22:40,KXBTC15M-26AUG091845-45,entry,no,99,5,4.95,0.01,64956.13,35.12
2026-08-09 22:55,KXBTC15M-26AUG091900-00,entry,yes,91,5,4.55,0.03,65050.81,10.18
2026-08-09 23:10,KXBTC15M-26AUG091915-15,entry,no,96,5,4.80,0.02,64982.61,7.36
2026-08-09 23:25,KXBTC15M-26AUG091930-30,entry,no,96,5,4.80,0.02,64898.77,14.43
2026-08-09 23:40,KXBTC15M-26AUG091945-45,entry,no,90,5,4.50,0.04,64837.95,5.88
2026-08-09 23:55,KXBTC15M-26AUG092000-00,entry,no,78,6,4.68,0.08,64801.63,8.36
2026-08-10 00:10,KXBTC15M-26AUG092015-15,entry,yes,98,5,4.90,0.01,65154.81,46.25
2026-08-10 00:25,KXBTC15M-26AUG092030-30,entry,no,99,5,4.95,0.01,64956.48,22.76
2026-08-10 00:40,KXBTC15M-26AUG092045-45,entry,no,98,5,4.90,0.01,64859.54,16.24
2026-08-10 00:55,KXBTC15M-26AUG092100-00,entry,yes,99,5,4.95,0.01,64968.14,27.22
2026-08-10 01:10,KXBTC15M-26AUG092115-15,entry,yes,77,6,4.62,0.08,64975.13,9.32
2026-08-10 01:25,KXBTC15M-26AUG092130-30,entry,yes,93,5,4.65,0.03,64999.85,7.82
2026-08-10 01:40,KXBTC15M-26AUG092145-45,entry,no,93,5,4.65,0.03,64906.60,10.40
2026-08-10 01:55,KXBTC15M-26AUG092200-00,entry,yes,99,5,4.95,0.01,65137.99,34.07
2026-08-10 02:10,KXBTC15M-26AUG092215-15,entry,no,97,5,4.85,0.02,65080.43,10.57
2026-08-10 02:25,KXBTC15M-26AUG092230-30,entry,no,99,5,4.95,0.01,64868.57,29.72
2026-08-10 02:40,KXBTC15M-26AUG092245-45,entry,yes,96,5,4.80,0.02,64993.47,12.33
2026-08-10 02:55,KXBTC15M-26AUG092300-00,entry,no,99,5,4.95,0.01,65051.14,15.54
2026-08-10 03:10,KXBTC15M-26AUG092315-15,entry,no,87,5,4.35,0.04,65004.34,6.89
2026-08-10 03:25,KXBTC15M-26AUG092330-30,entry,yes,99,5,4.95,0.01,65120.18,29.86
2026-08-10 03:40,KXBTC15M-26AUG092345-45,entry,yes,68,7,4.76,0.11,65017.62,0.71
2026-08-10 03:55,KXBTC15M-26AUG100000-00,entry,no,84,5,4.20,0.05,64919.63,7.24
2026-08-10 04:10,KXBTC15M-26AUG100015-15,entry,yes,97,5,4.85,0.02,64985.47,10.70
2026-08-10 04:25,KXBTC15M-26AUG100030-30,entry,no,82,6,4.92,0.07,64996.35,3.17
2026-08-10 04:40,KXBTC15M-26AUG100045-45,entry,no,91,5,4.55,0.03,64882.50,16.87
2026-08-10 04:55,KXBTC15M-26AUG100100-00,entry,yes,76,6,4.56,0.08,64960.82,0.71
2026-08-10 05:10,KXBTC15M-26AUG100115-15,entry,yes,94,5,4.70,0.02,64992.99,6.46
2026-08-10 05:25,KXBTC15M-26AUG100130-30,entry,yes,94,5,4.70,0.02,64982.63,6.69
2026-08-10 05:40,KXBTC15M-26AUG100145-45,entry,yes,77,6,4.62,0.08,65003.24,1.88
2026-08-10 05:55,KXBTC15M-26AUG100200-00,entry,yes,94,5,4.70,0.02,65099.41,10.56
2026-08-10 06:10,KXBTC15M-26AUG100215-15,entry,yes,89,5,4.45,0.04,65127.18,6.20
2026-08-10 06:40,KXBTC15M-26AUG100245-45,entry,yes,88,5,4.40,0.04,65149.13,4.75
2026-08-10 06:55,KXBTC15M-26AUG100300-00,entry,yes,94,5,4.70,0.02,65218.96,5.36
2026-08-10 07:10,KXBTC15M-26AUG100315-15,entry,no,93,5,4.65,0.03,65224.14,3.46
2026-08-10 07:25,KXBTC15M-26AUG100330-30,entry,yes,97,5,4.85,0.02,65243.26,4.16
2026-08-10 07:40,KXBTC15M-26AUG100345-45,entry,yes,62,8,4.96,0.14,65275.22,0.39
2026-08-10 07:55,KXBTC15M-26AUG100400-00,entry,no,98,5,4.90,0.01,65151.71,20.10
2026-08-10 08:10,KXBTC15M-26AUG100415-15,entry,yes,97,5,4.85,0.02,65215.43,8.44
2026-08-10 08:25,KXBTC15M-26AUG100430-30,entry,yes,91,5,4.55,0.03,65269.76,7.76
2026-08-10 08:40,KXBTC15M-26AUG100445-45,entry,no,97,5,4.85,0.02,65183.98,8.98
2026-08-10 08:55,KXBTC15M-26AUG100500-00,entry,yes,66,7,4.62,0.11,65179.05,0.42
2026-08-10 09:10,KXBTC15M-26AUG100515-15,entry,no,91,5,4.55,0.03,65139.76,9.31
2026-08-10 09:25,KXBTC15M-26AUG100530-30,entry,no,90,5,4.50,0.04,65124.07,7.81
2026-08-10 09:40,KXBTC15M-26AUG100545-45,entry,no,98,5,4.90,0.01,65021.48,15.16
2026-08-10 09:55,KXBTC15M-26AUG100600-00,entry,no,99,5,4.95,0.01,64919.50,13.47
2026-08-10 10:10,KXBTC15M-26AUG100615-15,entry,yes,99,5,4.95,0.01,64975.27,7.99
2026-08-10 11:25,KXBTC15M-26AUG100730-30,entry,yes,97,5,4.85,0.02,65006.12,7.35
2026-08-10 11:40,KXBTC15M-26AUG100745-45,entry,no,72,6,4.32,0.09,65023.56,1.09
2026-08-10 11:55,KXBTC15M-26AUG100800-00,entry,yes,97,5,4.85,0.02,65073.96,9.03
2026-08-10 12:10,KXBTC15M-26AUG100815-15,entry,yes,95,5,4.75,0.02,65120.01,6.23
2026-08-10 12:25,KXBTC15M-26AUG100830-30,entry,no,95,5,4.75,0.02,65020.57,9.62
2026-08-10 12:40,KXBTC15M-26AUG100845-45,entry,no,99,5,4.95,0.01,64860.00,22.02
2026-08-10 12:55,KXBTC15M-26AUG100900-00,entry,no,97,5,4.85,0.02,64845.00,18.83
2026-08-10 13:25,KXBTC15M-26AUG100930-30,entry,yes,96,5,4.80,0.02,64898.53,9.98
2026-08-10 13:40,KXBTC15M-26AUG100945-45,entry,no,99,5,4.95,0.01,64615.49,40.64
2026-08-10 13:55,KXBTC15M-26AUG101000-00,entry,no,94,5,4.70,0.02,64448.13,22.45
2026-08-10 14:10,KXBTC15M-26AUG101015-15,entry,yes,93,5,4.65,0.03,64560.37,7.84
2026-08-10 14:55,KXBTC15M-26AUG101100-00,entry,no,98,5,4.90,0.01,64593.48,30.27
2026-08-10 15:10,KXBTC15M-26AUG101115-15,entry,yes,81,6,4.86,0.07,64638.27,8.64
2026-08-10 15:25,KXBTC15M-26AUG101130-30,entry,no,99,5,4.95,0.01,64277.39,38.37
2026-08-10 15:55,KXBTC15M-26AUG101200-00,entry,no,96,5,4.80,0.02,64148.80,22.37
2026-08-10 16:10,KXBTC15M-26AUG101215-15,entry,no,85,5,4.25,0.05,64157.25,13.19
2026-08-10 16:25,KXBTC15M-26AUG101230-30,entry,no,94,5,4.70,0.02,64053.62,17.98
2026-08-10 16:40,KXBTC15M-26AUG101245-45,entry,yes,79,6,4.74,0.07,64108.27,6.26
2026-08-10 16:55,KXBTC15M-26AUG101300-00,entry,no,99,5,4.95,0.01,63758.49,27.81
2026-08-10 17:10,KXBTC15M-26AUG101315-15,entry,yes,88,5,4.40,0.04,63921.42,14.01
2026-08-10 17:25,KXBTC15M-26AUG101330-30,entry,no,95,5,4.75,0.02,63898.68,6.72
2026-08-10 17:40,KXBTC15M-26AUG101345-45,entry,yes,77,6,4.62,0.08,63933.26,8.81
2026-08-10 17:55,KXBTC15M-26AUG101400-00,entry,no,93,5,4.65,0.03,63824.48,11.25
2026-08-10 18:10,KXBTC15M-26AUG101415-15,entry,yes,76,6,4.56,0.08,63927.88,7.76
2026-08-10 18:25,KXBTC15M-26AUG101430-30,entry,yes,81,6,4.86,0.07,63939.82,6.91
2026-08-10 18:40,KXBTC15M-26AUG101445-45,entry,no,92,5,4.60,0.03,63773.61,11.37
2026-08-10 18:55,KXBTC15M-26AUG101500-00,entry,yes,77,6,4.62,0.08,63837.89,5.01
2026-08-10 19:10,KXBTC15M-26AUG101515-15,entry,yes,83,6,4.98,0.06,63850.18,3.72
2026-08-10 19:25,KXBTC15M-26AUG101530-30,entry,yes,98,5,4.90,0.01,63923.88,9.56
2026-08-10 19:40,KXBTC15M-26AUG101545-45,entry,no,90,5,4.50,0.04,63871.53,13.15
2026-08-10 20:10,KXBTC15M-26AUG101615-15,entry,yes,89,5,4.45,0.04,64003.33,5.18
2026-08-10 20:25,KXBTC15M-26AUG101630-30,entry,yes,96,5,4.80,0.02,64033.44,7.81
2026-08-10 20:55,KXBTC15M-26AUG101700-00,entry,no,87,5,4.35,0.04,64095.12,4.07
2026-08-10 21:10,KXBTC15M-26AUG101715-15,entry,no,92,5,4.60,0.03,64043.29,9.01
2026-08-10 21:25,KXBTC15M-26AUG101730-30,entry,no,90,5,4.50,0.04,64019.41,5.56
