close_utc,ticker,strike,traded,skip_reason,side,entry_price_c,entry_spot,entry_distance_bps,adds,contracts,cost,fees,payout,gross_pnl,net_pnl,won
2026-07-11 21:45,KXBTC15M-26JUL111745-45,64331.78,1,,no,68,64305.85,4.03,0,7,4.76,0.11,7.00,2.24,2.13,1
2026-07-11 22:00,KXBTC15M-26JUL111800-00,64310.58,0,odds 52c not above 60c,no,,64307.88,0.42,0,0,0.00,0.00,0.00,0.00,0.00,
2026-07-11 22:15,KXBTC15M-26JUL111815-15,64317.48,1,,yes,80,64383.25,10.23,0,6,4.80,0.07,6.00,1.20,1.13,1
2026-07-11 22:30,KXBTC15M-26JUL111830-30,64348.30,1,,no,92,64260.32,13.67,0,5,4.60,0.03,5.00,0.40,0.37,1
2026-07-11 22:45,KXBTC15M-26JUL111845-45,64230.75,1,,no,90,64190.96,6.19,0,5,4.50,0.04,5.00,0.50,0.46,1
2026-07-11 23:00,KXBTC15M-26JUL111900-00,64186.31,1,,no,96,64135.24,7.96,0,5,4.80,0.02,5.00,0.20,0.18,1
2026-07-11 23:15,KXBTC15M-26JUL111915-15,64164.02,1,,no,95,64058.05,16.52,0,5,4.75,0.02,5.00,0.25,0.23,1
2026-07-11 23:30,KXBTC15M-26JUL111930-30,64101.48,1,,no,98,63852.88,38.78,0,5,4.90,0.01,5.00,0.10,0.09,1
2026-07-11 23:45,KXBTC15M-26JUL111945-45,63891.66,1,,no,90,63878.41,2.07,0,5,4.50,0.04,0.00,-4.50,-4.54,0
2026-07-12 00:00,KXBTC15M-26JUL112000-00,63914.08,1,,no,89,63828.39,13.41,0,5,4.45,0.04,5.00,0.55,0.51,1
2026-07-12 00:15,KXBTC15M-26JUL112015-15,63788.63,1,,no,70,63787.36,0.20,0,7,4.90,0.11,0.00,-4.90,-5.01,0
2026-07-12 00:30,KXBTC15M-26JUL112030-30,63807.25,0,odds 53c not above 60c,no,,63804.11,0.49,0,0,0.00,0.00,0.00,0.00,0.00,
2026-07-12 00:45,KXBTC15M-26JUL112045-45,63828.91,1,,no,95,63689.08,21.91,0,5,4.75,0.02,5.00,0.25,0.23,1
2026-07-12 01:00,KXBTC15M-26JUL112100-00,63761.03,1,,yes,78,63798.28,5.84,0,6,4.68,0.08,6.00,1.32,1.24,1
2026-07-12 01:15,KXBTC15M-26JUL112115-15,63795.03,1,,yes,98,63919.00,19.43,0,5,4.90,0.01,5.00,0.10,0.09,1
2026-07-12 01:30,KXBTC15M-26JUL112130-30,63895.43,1,,yes,78,63912.79,2.72,0,6,4.68,0.08,6.00,1.32,1.24,1
2026-07-12 01:45,KXBTC15M-26JUL112145-45,63911.98,1,,yes,97,64062.29,23.52,0,5,4.85,0.02,5.00,0.15,0.13,1
2026-07-12 02:00,KXBTC15M-26JUL112200-00,64123.18,1,,no,78,64075.36,7.46,0,6,4.68,0.08,6.00,1.32,1.24,1
2026-07-12 02:15,KXBTC15M-26JUL112215-15,64093.25,1,,no,94,64005.77,13.65,0,5,4.70,0.02,5.00,0.30,0.28,1
2026-07-12 02:30,KXBTC15M-26JUL112230-30,64014.44,1,,yes,96,64062.35,7.48,0,5,4.80,0.02,5.00,0.20,0.18,1
2026-07-12 02:45,KXBTC15M-26JUL112245-45,64074.23,1,,no,84,64049.47,3.86,0,5,4.20,0.05,5.00,0.80,0.75,1
2026-07-12 03:00,KXBTC15M-26JUL112300-00,64044.46,0,odds 58c not above 60c,no,,64039.98,0.70,0,0,0.00,0.00,0.00,0.00,0.00,
2026-07-12 03:15,KXBTC15M-26JUL112315-15,64051.96,1,,no,90,64012.79,6.12,0,5,4.50,0.04,0.00,-4.50,-4.54,0
2026-07-12 03:30,KXBTC15M-26JUL112330-30,64080.02,0,odds 46c not above 60c,no,,64078.88,0.18,0,0,0.00,0.00,0.00,0.00,0.00,
2026-07-12 03:45,KXBTC15M-26JUL112345-45,64091.28,1,,yes,70,64118.59,4.26,0,7,4.90,0.11,7.00,2.10,1.99,1
2026-07-12 04:00,KXBTC15M-26JUL120000-00,64135.43,0,odds 51c not above 60c,no,,64118.89,2.58,0,0,0.00,0.00,0.00,0.00,0.00,
2026-07-12 04:15,KXBTC15M-26JUL120015-15,64151.71,0,odds 53c not above 60c,no,,64129.99,3.39,0,0,0.00,0.00,0.00,0.00,0.00,
2026-07-12 04:30,KXBTC15M-26JUL120030-30,64145.83,1,,no,94,64079.06,10.41,0,5,4.70,0.02,5.00,0.30,0.28,1
2026-07-12 04:45,KXBTC15M-26JUL120045-45,64046.97,1,,no,94,63970.59,11.93,0,5,4.70,0.02,5.00,0.30,0.28,1
2026-07-12 05:00,KXBTC15M-26JUL120100-00,63993.29,1,,no,91,63968.32,3.90,0,5,4.55,0.03,5.00,0.45,0.42,1
2026-07-12 05:15,KXBTC15M-26JUL120115-15,63950.90,1,,yes,86,63970.00,2.99,0,5,4.30,0.05,5.00,0.70,0.65,1
2026-07-12 05:30,KXBTC15M-26JUL120130-30,63957.80,1,,no,97,63884.21,11.51,0,5,4.85,0.02,5.00,0.15,0.13,1
2026-07-12 05:45,KXBTC15M-26JUL120145-45,63881.76,1,,yes,98,63929.65,7.50,0,5,4.90,0.01,5.00,0.10,0.09,1
2026-07-12 06:00,KXBTC15M-26JUL120200-00,63938.80,0,odds 47c not above 60c,no,,63937.23,0.25,0,0,0.00,0.00,0.00,0.00,0.00,
2026-07-12 06:15,KXBTC15M-26JUL120215-15,63945.83,1,,no,99,63739.70,32.24,0,5,4.95,0.01,5.00,0.05,0.04,1
2026-07-12 06:30,KXBTC15M-26JUL120230-30,63721.46,0,odds 40c not above 60c,no,,63710.93,1.65,0,0,0.00,0.00,0.00,0.00,0.00,
2026-07-12 06:45,KXBTC15M-26JUL120245-45,63624.18,1,,yes,96,63733.24,17.14,0,5,4.80,0.02,5.00,0.20,0.18,1
2026-07-12 07:00,KXBTC15M-26JUL120300-00,63736.75,0,odds 49c not above 60c,no,,63706.15,4.80,0,0,0.00,0.00,0.00,0.00,0.00,
2026-07-12 07:15,KXBTC15M-26JUL120315-15,63723.48,1,,yes,95,63757.55,5.35,0,5,4.75,0.02,5.00,0.25,0.23,1
2026-07-12 07:30,KXBTC15M-26JUL120330-30,63766.74,1,,yes,98,63820.10,8.37,0,5,4.90,0.01,5.00,0.10,0.09,1
2026-07-12 07:45,KXBTC15M-26JUL120345-45,63819.71,0,odds 53c not above 60c,yes,,63820.12,0.06,0,0,0.00,0.00,0.00,0.00,0.00,
2026-07-12 08:00,KXBTC15M-26JUL120400-00,63822.84,1,,yes,82,63855.40,5.10,0,6,4.92,0.07,6.00,1.08,1.01,1
2026-07-12 08:15,KXBTC15M-26JUL120415-15,63846.77,1,,yes,99,63945.23,15.42,0,5,4.95,0.01,5.00,0.05,0.04,1
2026-07-12 08:30,KXBTC15M-26JUL120430-30,64008.31,1,,no,92,63971.15,5.81,0,5,4.60,0.03,5.00,0.40,0.37,1
2026-07-12 08:45,KXBTC15M-26JUL120445-45,63959.20,0,odds 41c not above 60c,no,,63949.56,1.51,0,0,0.00,0.00,0.00,0.00,0.00,
2026-07-12 09:00,KXBTC15M-26JUL120500-00,63970.33,1,,no,95,63940.23,4.71,0,5,4.75,0.02,5.00,0.25,0.23,1
2026-07-12 09:15,KXBTC15M-26JUL120515-15,63945.15,1,,no,73,63927.02,2.84,0,6,4.38,0.09,6.00,1.62,1.53,1
2026-07-12 09:30,KXBTC15M-26JUL120530-30,63859.88,0,no quote on chosen side at decision time,no,,63764.98,14.86,0,0,0.00,0.00,0.00,0.00,0.00,
2026-07-12 09:45,KXBTC15M-26JUL120545-45,63791.97,0,no quote on chosen side at decision time,yes,,63926.86,21.15,0,0,0.00,0.00,0.00,0.00,0.00,
2026-07-12 10:00,KXBTC15M-26JUL120600-00,63971.14,1,,no,79,63943.80,4.27,0,6,4.74,0.07,6.00,1.26,1.19,1
2026-07-12 10:15,KXBTC15M-26JUL120615-15,63925.41,1,,no,98,63860.33,10.18,0,5,4.90,0.01,5.00,0.10,0.09,1
2026-07-12 10:30,KXBTC15M-26JUL120630-30,63885.37,1,,no,92,63845.91,6.18,0,5,4.60,0.03,5.00,0.40,0.37,1
2026-07-12 10:45,KXBTC15M-26JUL120645-45,63850.63,1,,no,78,63810.31,6.31,0,6,4.68,0.08,6.00,1.32,1.24,1
2026-07-12 11:00,KXBTC15M-26JUL120700-00,63820.01,0,odds 26c not above 60c,yes,,63841.50,3.37,0,0,0.00,0.00,0.00,0.00,0.00,
2026-07-12 11:15,KXBTC15M-26JUL120715-15,63838.93,0,odds 4c not above 60c,no,,63831.50,1.16,0,0,0.00,0.00,0.00,0.00,0.00,
2026-07-12 11:30,KXBTC15M-26JUL120730-30,63814.19,1,,yes,92,63829.50,2.40,0,5,4.60,0.03,5.00,0.40,0.37,1
2026-07-12 11:45,KXBTC15M-26JUL120745-45,63868.36,1,,yes,98,63939.80,11.19,0,5,4.90,0.01,5.00,0.10,0.09,1
2026-07-12 12:00,KXBTC15M-26JUL120800-00,63958.50,1,,yes,66,63967.58,1.42,0,7,4.62,0.11,7.00,2.38,2.27,1
2026-07-12 12:15,KXBTC15M-26JUL120815-15,63980.42,0,odds 37c not above 60c,yes,,64016.78,5.68,0,0,0.00,0.00,0.00,0.00,0.00,
2026-07-12 12:30,KXBTC15M-26JUL120830-30,64060.77,1,,no,97,64003.98,8.87,0,5,4.85,0.02,5.00,0.15,0.13,1
2026-07-12 12:45,KXBTC15M-26JUL120845-45,64018.94,1,,no,92,63972.24,7.29,0,5,4.60,0.03,5.00,0.40,0.37,1
2026-07-12 13:00,KXBTC15M-26JUL120900-00,63990.99,1,,yes,74,63997.61,1.03,0,6,4.44,0.09,6.00,1.56,1.47,1
2026-07-12 13:15,KXBTC15M-26JUL120915-15,63994.24,1,,yes,83,64016.11,3.42,0,6,4.98,0.06,6.00,1.02,0.96,1
2026-07-12 13:30,KXBTC15M-26JUL120930-30,64004.20,0,odds 38c not above 60c,yes,,64011.25,1.10,0,0,0.00,0.00,0.00,0.00,0.00,
2026-07-12 13:45,KXBTC15M-26JUL120945-45,64011.38,0,odds 50c not above 60c,no,,64009.00,0.37,0,0,0.00,0.00,0.00,0.00,0.00,
2026-07-12 14:00,KXBTC15M-26JUL121000-00,64008.06,1,,no,76,63990.05,2.81,0,6,4.56,0.08,6.00,1.44,1.36,1
2026-07-12 14:15,KXBTC15M-26JUL121015-15,63989.00,1,,no,82,63929.95,9.23,0,6,4.92,0.07,6.00,1.08,1.01,1
2026-07-12 14:30,KXBTC15M-26JUL121030-30,63954.06,0,odds 35c not above 60c,no,,63947.52,1.02,0,0,0.00,0.00,0.00,0.00,0.00,
2026-07-12 14:45,KXBTC15M-26JUL121045-45,63960.63,1,,yes,98,64005.76,7.06,0,5,4.90,0.01,5.00,0.10,0.09,1
2026-07-12 15:00,KXBTC15M-26JUL121100-00,64037.08,0,no quote on chosen side at decision time,yes,,64170.27,20.80,0,0,0.00,0.00,0.00,0.00,0.00,
2026-07-12 15:15,KXBTC15M-26JUL121115-15,64175.42,1,,no,83,64150.00,3.96,0,6,4.98,0.06,6.00,1.02,0.96,1
2026-07-12 15:30,KXBTC15M-26JUL121130-30,64155.74,0,odds 49c not above 60c,yes,,64185.33,4.61,0,0,0.00,0.00,0.00,0.00,0.00,
2026-07-12 15:45,KXBTC15M-26JUL121145-45,64178.54,1,,no,96,64087.00,14.26,0,5,4.80,0.02,5.00,0.20,0.18,1
2026-07-12 16:00,KXBTC15M-26JUL121200-00,64120.24,1,,yes,82,64133.16,2.01,0,6,4.92,0.07,6.00,1.08,1.01,1
2026-07-12 16:15,KXBTC15M-26JUL121215-15,64139.29,1,,yes,62,64168.00,4.48,0,8,4.96,0.14,0.00,-4.96,-5.10,0
2026-07-12 16:30,KXBTC15M-26JUL121230-30,64028.85,1,,yes,96,64129.99,15.80,0,5,4.80,0.02,5.00,0.20,0.18,1
2026-07-12 16:45,KXBTC15M-26JUL121245-45,64140.94,1,,no,96,64087.52,8.33,0,5,4.80,0.02,5.00,0.20,0.18,1
2026-07-12 17:00,KXBTC15M-26JUL121300-00,64083.73,0,odds 56c not above 60c,yes,,64087.78,0.63,0,0,0.00,0.00,0.00,0.00,0.00,
2026-07-12 17:15,KXBTC15M-26JUL121315-15,64134.64,1,,no,66,64115.20,3.03,0,7,4.62,0.11,7.00,2.38,2.27,1
2026-07-12 17:30,KXBTC15M-26JUL121330-30,64106.49,0,odds 60c not above 60c,no,,64086.40,3.13,0,0,0.00,0.00,0.00,0.00,0.00,
2026-07-12 17:45,KXBTC15M-26JUL121345-45,64094.85,1,,yes,96,64118.39,3.67,0,5,4.80,0.02,5.00,0.20,0.18,1
2026-07-12 18:00,KXBTC15M-26JUL121400-00,64121.90,1,,no,99,64021.41,15.67,0,5,4.95,0.01,5.00,0.05,0.04,1
2026-07-12 18:15,KXBTC15M-26JUL121415-15,64042.60,1,,no,93,63997.18,7.09,0,5,4.65,0.03,5.00,0.35,0.32,1
2026-07-12 18:30,KXBTC15M-26JUL121430-30,64006.28,0,odds 60c not above 60c,no,,63991.00,2.39,0,0,0.00,0.00,0.00,0.00,0.00,
2026-07-12 18:45,KXBTC15M-26JUL121445-45,64041.54,1,,yes,92,64089.89,7.55,0,5,4.60,0.03,5.00,0.40,0.37,1
2026-07-12 19:00,KXBTC15M-26JUL121500-00,64083.54,1,,yes,76,64090.53,1.09,0,6,4.56,0.08,6.00,1.44,1.36,1
2026-07-12 19:15,KXBTC15M-26JUL121515-15,64112.35,1,,yes,96,64181.80,10.83,0,5,4.80,0.02,5.00,0.20,0.18,1
2026-07-12 19:30,KXBTC15M-26JUL121530-30,64149.93,1,,yes,94,64173.16,3.62,0,5,4.70,0.02,5.00,0.30,0.28,1
2026-07-12 19:45,KXBTC15M-26JUL121545-45,64169.83,1,,no,97,64104.47,10.19,0,5,4.85,0.02,5.00,0.15,0.13,1
2026-07-12 20:00,KXBTC15M-26JUL121600-00,64124.87,1,,yes,99,64201.49,11.95,0,5,4.95,0.01,5.00,0.05,0.04,1
2026-07-12 20:15,KXBTC15M-26JUL121615-15,64195.60,1,,no,83,64154.99,6.33,0,6,4.98,0.06,6.00,1.02,0.96,1
2026-07-12 20:30,KXBTC15M-26JUL121630-30,64161.68,0,odds 54c not above 60c,no,,64159.77,0.30,0,0,0.00,0.00,0.00,0.00,0.00,
2026-07-12 20:45,KXBTC15M-26JUL121645-45,64167.19,0,odds 51c not above 60c,no,,64154.00,2.06,0,0,0.00,0.00,0.00,0.00,0.00,
2026-07-12 21:00,KXBTC15M-26JUL121700-00,64183.27,1,,no,68,64148.78,5.37,0,7,4.76,0.11,7.00,2.24,2.13,1
2026-07-12 21:15,KXBTC15M-26JUL121715-15,64167.78,0,odds 32c not above 60c,no,,64162.28,0.86,0,0,0.00,0.00,0.00,0.00,0.00,
2026-07-12 21:30,KXBTC15M-26JUL121730-30,64173.52,1,,no,98,64059.64,17.75,0,5,4.90,0.01,5.00,0.10,0.09,1
2026-07-12 21:45,KXBTC15M-26JUL121745-45,64076.90,1,,no,95,64020.32,8.83,0,5,4.75,0.02,5.00,0.25,0.23,1
2026-07-12 22:00,KXBTC15M-26JUL121800-00,64010.75,1,,no,99,63884.00,19.80,0,5,4.95,0.01,5.00,0.05,0.04,1
2026-07-12 22:15,KXBTC15M-26JUL121815-15,63905.71,1,,no,97,63810.56,14.89,0,5,4.85,0.02,5.00,0.15,0.13,1
2026-07-12 22:30,KXBTC15M-26JUL121830-30,63773.92,1,,yes,74,63794.64,3.25,0,6,4.44,0.09,6.00,1.56,1.47,1
2026-07-12 22:45,KXBTC15M-26JUL121845-45,63786.95,0,odds 52c not above 60c,no,,63753.40,5.26,0,0,0.00,0.00,0.00,0.00,0.00,
2026-07-12 23:00,KXBTC15M-26JUL121900-00,63759.01,1,,yes,74,63792.58,5.27,0,6,4.44,0.09,6.00,1.56,1.47,1
2026-07-12 23:15,KXBTC15M-26JUL121915-15,63857.69,1,,no,98,63705.01,23.91,0,5,4.90,0.01,5.00,0.10,0.09,1
2026-07-12 23:30,KXBTC15M-26JUL121930-30,63791.02,1,,yes,79,63792.43,0.22,0,6,4.74,0.07,6.00,1.26,1.19,1
2026-07-12 23:45,KXBTC15M-26JUL121945-45,63801.40,1,,no,64,63760.30,6.44,0,7,4.48,0.12,7.00,2.52,2.40,1
2026-07-13 00:00,KXBTC15M-26JUL122000-00,63774.20,1,,no,69,63728.66,7.14,0,7,4.83,0.11,7.00,2.17,2.06,1
2026-07-13 00:15,KXBTC15M-26JUL122015-15,63750.65,0,no quote on chosen side at decision time,yes,,64167.94,65.46,0,0,0.00,0.00,0.00,0.00,0.00,
2026-07-13 00:30,KXBTC15M-26JUL122030-30,64242.32,1,,no,85,64183.09,9.22,0,5,4.25,0.05,5.00,0.75,0.70,1
2026-07-13 00:45,KXBTC15M-26JUL122045-45,64145.57,0,no quote on chosen side at decision time,no,,63576.23,88.76,0,0,0.00,0.00,0.00,0.00,0.00,
2026-07-13 01:00,KXBTC15M-26JUL122100-00,63748.56,1,,yes,99,64007.48,40.62,0,5,4.95,0.01,5.00,0.05,0.04,1
2026-07-13 01:15,KXBTC15M-26JUL122115-15,64029.33,0,no quote on chosen side at decision time,no,,63694.01,52.37,0,0,0.00,0.00,0.00,0.00,0.00,
2026-07-13 01:30,KXBTC15M-26JUL122130-30,63832.30,1,,no,95,63699.99,20.73,0,5,4.75,0.02,5.00,0.25,0.23,1
2026-07-13 01:45,KXBTC15M-26JUL122145-45,63687.67,0,odds 58c not above 60c,no,,63663.41,3.81,0,0,0.00,0.00,0.00,0.00,0.00,
2026-07-13 02:00,KXBTC15M-26JUL122200-00,63664.03,1,,no,95,63456.62,32.58,0,5,4.75,0.02,5.00,0.25,0.23,1
2026-07-13 02:15,KXBTC15M-26JUL122215-15,63391.66,1,,no,88,63223.16,26.58,0,5,4.40,0.04,5.00,0.60,0.56,1
2026-07-13 02:30,KXBTC15M-26JUL122230-30,63389.84,1,,no,74,63353.98,5.66,0,6,4.44,0.09,0.00,-4.44,-4.53,0
2026-07-13 02:45,KXBTC15M-26JUL122245-45,63449.11,1,,no,79,63413.11,5.67,0,6,4.74,0.07,6.00,1.26,1.19,1
2026-07-13 03:00,KXBTC15M-26JUL122300-00,63429.78,1,,no,90,63350.86,12.44,0,5,4.50,0.04,5.00,0.50,0.46,1
2026-07-13 03:15,KXBTC15M-26JUL122315-15,63332.95,0,no quote on chosen side at decision time,no,,62945.86,61.12,0,0,0.00,0.00,0.00,0.00,0.00,
2026-07-13 03:30,KXBTC15M-26JUL122330-30,62974.44,0,odds 37c not above 60c,yes,,63003.44,4.61,0,0,0.00,0.00,0.00,0.00,0.00,
2026-07-13 03:45,KXBTC15M-26JUL122345-45,63030.46,1,,no,97,62806.18,35.58,0,5,4.85,0.02,5.00,0.15,0.13,1
2026-07-13 04:00,KXBTC15M-26JUL130000-00,62784.78,1,,no,71,62770.98,2.20,0,7,4.97,0.11,7.00,2.03,1.92,1
2026-07-13 04:15,KXBTC15M-26JUL130015-15,62773.51,0,odds 56c not above 60c,no,,62752.43,3.36,0,0,0.00,0.00,0.00,0.00,0.00,
2026-07-13 04:30,KXBTC15M-26JUL130030-30,62771.37,1,,yes,83,62808.04,5.84,0,6,4.98,0.06,6.00,1.02,0.96,1
2026-07-13 04:45,KXBTC15M-26JUL130045-45,62830.31,1,,no,97,62675.76,24.60,0,5,4.85,0.02,5.00,0.15,0.13,1
2026-07-13 05:00,KXBTC15M-26JUL130100-00,62681.02,1,,yes,85,62711.39,4.85,0,5,4.25,0.05,0.00,-4.25,-4.30,0
2026-07-13 05:15,KXBTC15M-26JUL130115-15,62654.78,1,,yes,98,62831.36,28.18,0,5,4.90,0.01,5.00,0.10,0.09,1
2026-07-13 05:30,KXBTC15M-26JUL130130-30,62782.18,1,,no,96,62657.40,19.88,0,5,4.80,0.02,5.00,0.20,0.18,1
2026-07-13 05:45,KXBTC15M-26JUL130145-45,62593.55,1,,yes,99,62738.18,23.11,0,5,4.95,0.01,5.00,0.05,0.04,1
2026-07-13 06:00,KXBTC15M-26JUL130200-00,62758.18,1,,no,61,62734.90,3.71,0,8,4.88,0.14,8.00,3.12,2.98,1
2026-07-13 06:15,KXBTC15M-26JUL130215-15,62736.25,1,,yes,97,62749.96,2.19,0,5,4.85,0.02,0.00,-4.85,-4.87,0
2026-07-13 06:30,KXBTC15M-26JUL130230-30,62700.22,0,odds 44c not above 60c,yes,,62759.11,9.39,0,0,0.00,0.00,0.00,0.00,0.00,
2026-07-13 06:45,KXBTC15M-26JUL130245-45,62784.65,1,,no,63,62754.38,4.82,0,7,4.41,0.12,0.00,-4.41,-4.53,0
2026-07-13 07:00,KXBTC15M-26JUL130300-00,62794.02,1,,no,77,62746.98,7.49,0,6,4.62,0.08,6.00,1.38,1.30,1
2026-07-13 07:15,KXBTC15M-26JUL130315-15,62753.33,1,,yes,87,62804.98,8.23,0,5,4.35,0.04,5.00,0.65,0.61,1
2026-07-13 07:30,KXBTC15M-26JUL130330-30,62816.00,1,,yes,92,62901.76,13.65,0,5,4.60,0.03,5.00,0.40,0.37,1
2026-07-13 07:45,KXBTC15M-26JUL130345-45,62926.76,1,,yes,95,62976.02,7.83,0,5,4.75,0.02,5.00,0.25,0.23,1
2026-07-13 08:00,KXBTC15M-26JUL130400-00,62937.94,0,odds 52c not above 60c,yes,,62940.51,0.41,0,0,0.00,0.00,0.00,0.00,0.00,
2026-07-13 08:15,KXBTC15M-26JUL130415-15,62959.91,1,,no,84,62894.45,10.40,0,5,4.20,0.05,0.00,-4.20,-4.25,0
2026-07-13 08:30,KXBTC15M-26JUL130430-30,62982.09,0,odds 52c not above 60c,yes,,62999.98,2.84,0,0,0.00,0.00,0.00,0.00,0.00,
2026-07-13 08:45,KXBTC15M-26JUL130445-45,63026.05,0,odds 46c not above 60c,no,,62999.48,4.22,0,0,0.00,0.00,0.00,0.00,0.00,
2026-07-13 09:00,KXBTC15M-26JUL130500-00,63053.80,1,,yes,86,63095.01,6.54,0,5,4.30,0.05,5.00,0.70,0.65,1
2026-07-13 09:15,KXBTC15M-26JUL130515-15,63145.25,1,,no,87,63101.49,6.93,0,5,4.35,0.04,5.00,0.65,0.61,1
2026-07-13 09:30,KXBTC15M-26JUL130530-30,63099.89,1,,no,88,63049.00,8.06,0,5,4.40,0.04,5.00,0.60,0.56,1
2026-07-13 09:45,KXBTC15M-26JUL130545-45,63049.34,0,odds 46c not above 60c,no,,63038.50,1.72,0,0,0.00,0.00,0.00,0.00,0.00,
2026-07-13 10:00,KXBTC15M-26JUL130600-00,63050.41,0,odds 36c not above 60c,no,,63049.95,0.07,0,0,0.00,0.00,0.00,0.00,0.00,
2026-07-13 10:15,KXBTC15M-26JUL130615-15,63048.80,1,,no,82,63014.88,5.38,0,6,4.92,0.07,6.00,1.08,1.01,1
2026-07-13 10:30,KXBTC15M-26JUL130630-30,63027.81,0,odds 37c not above 60c,no,,63019.94,1.25,0,0,0.00,0.00,0.00,0.00,0.00,
2026-07-13 10:45,KXBTC15M-26JUL130645-45,63025.94,0,odds 39c not above 60c,no,,63017.85,1.28,0,0,0.00,0.00,0.00,0.00,0.00,
2026-07-13 11:00,KXBTC15M-26JUL130700-00,62880.87,0,odds 42c not above 60c,no,,62868.11,2.03,0,0,0.00,0.00,0.00,0.00,0.00,
2026-07-13 11:15,KXBTC15M-26JUL130715-15,62811.81,1,,yes,99,63047.27,37.49,0,5,4.95,0.01,5.00,0.05,0.04,1
2026-07-13 11:30,KXBTC15M-26JUL130730-30,63032.83,1,,no,95,62968.95,10.13,0,5,4.75,0.02,5.00,0.25,0.23,1
2026-07-13 11:45,KXBTC15M-26JUL130745-45,62971.63,1,,no,86,62913.09,9.30,0,5,4.30,0.05,5.00,0.70,0.65,1
2026-07-13 12:00,KXBTC15M-26JUL130800-00,62915.31,1,,no,96,62859.61,8.85,0,5,4.80,0.02,5.00,0.20,0.18,1
2026-07-13 12:15,KXBTC15M-26JUL130815-15,62851.93,0,odds 13c not above 60c,yes,,62855.00,0.49,0,0,0.00,0.00,0.00,0.00,0.00,
2026-07-13 12:30,KXBTC15M-26JUL130830-30,62809.02,1,,no,96,62775.74,5.30,0,5,4.80,0.02,5.00,0.20,0.18,1
2026-07-13 12:45,KXBTC15M-26JUL130845-45,62700.73,1,,no,99,62511.51,30.18,0,5,4.95,0.01,5.00,0.05,0.04,1
2026-07-13 13:00,KXBTC15M-26JUL130900-00,62558.19,1,,no,62,62534.51,3.79,0,8,4.96,0.14,0.00,-4.96,-5.10,0
2026-07-13 13:15,KXBTC15M-26JUL130915-15,62571.68,1,,no,72,62473.31,15.72,0,6,4.32,0.09,6.00,1.68,1.59,1
2026-07-13 13:30,KXBTC15M-26JUL130930-30,62466.33,0,odds 60c not above 60c,yes,,62467.87,0.25,0,0,0.00,0.00,0.00,0.00,0.00,
2026-07-13 13:45,KXBTC15M-26JUL130945-45,62487.52,0,odds 32c not above 60c,no,,62428.00,9.53,0,0,0.00,0.00,0.00,0.00,0.00,
2026-07-13 14:00,KXBTC15M-26JUL131000-00,62254.05,1,,no,78,62192.81,9.84,0,6,4.68,0.08,0.00,-4.68,-4.76,0
2026-07-13 14:15,KXBTC15M-26JUL131015-15,62265.63,0,odds 55c not above 60c,no,,62253.43,1.96,0,0,0.00,0.00,0.00,0.00,0.00,
2026-07-13 14:30,KXBTC15M-26JUL131030-30,62351.21,1,,yes,65,62430.35,12.69,0,7,4.55,0.12,7.00,2.45,2.33,1
2026-07-13 14:45,KXBTC15M-26JUL131045-45,62501.47,1,,yes,76,62556.64,8.83,0,6,4.56,0.08,6.00,1.44,1.36,1
2026-07-13 15:00,KXBTC15M-26JUL131100-00,62531.33,1,,yes,80,62635.99,16.74,0,6,4.80,0.07,6.00,1.20,1.13,1
2026-07-13 15:15,KXBTC15M-26JUL131115-15,62719.81,0,odds 45c not above 60c,yes,,62740.02,3.22,0,0,0.00,0.00,0.00,0.00,0.00,
2026-07-13 15:30,KXBTC15M-26JUL131130-30,62737.69,1,,yes,95,62750.00,1.96,0,5,4.75,0.02,5.00,0.25,0.23,1
2026-07-13 15:45,KXBTC15M-26JUL131145-45,62754.67,1,,no,97,62583.23,27.32,0,5,4.85,0.02,5.00,0.15,0.13,1
2026-07-13 16:00,KXBTC15M-26JUL131200-00,62571.14,1,,no,73,62524.01,7.53,0,6,4.38,0.09,6.00,1.62,1.53,1
2026-07-13 16:15,KXBTC15M-26JUL131215-15,62547.44,1,,no,79,62517.54,4.78,0,6,4.74,0.07,6.00,1.26,1.19,1
2026-07-13 16:30,KXBTC15M-26JUL131230-30,62470.57,1,,no,99,62240.48,36.83,0,5,4.95,0.01,5.00,0.05,0.04,1
2026-07-13 16:45,KXBTC15M-26JUL131245-45,62272.01,1,,no,69,62227.92,7.08,0,7,4.83,0.11,0.00,-4.83,-4.94,0
2026-07-13 17:00,KXBTC15M-26JUL131300-00,62308.15,1,,no,95,62205.85,16.42,0,5,4.75,0.02,5.00,0.25,0.23,1
2026-07-13 17:15,KXBTC15M-26JUL131315-15,62200.96,1,,yes,83,62249.74,7.84,0,6,4.98,0.06,6.00,1.02,0.96,1
2026-07-13 17:30,KXBTC15M-26JUL131330-30,62244.75,1,,no,98,62124.35,19.34,0,5,4.90,0.01,5.00,0.10,0.09,1
2026-07-13 17:45,KXBTC15M-26JUL131345-45,62117.58,1,,no,90,61985.00,21.34,0,5,4.50,0.04,5.00,0.50,0.46,1
2026-07-13 18:00,KXBTC15M-26JUL131400-00,62031.85,1,,no,90,61945.86,13.86,0,5,4.50,0.04,5.00,0.50,0.46,1
2026-07-13 18:15,KXBTC15M-26JUL131415-15,61865.90,0,odds 17c not above 60c,no,,61863.98,0.31,0,0,0.00,0.00,0.00,0.00,0.00,
2026-07-13 18:30,KXBTC15M-26JUL131430-30,61868.18,1,,yes,83,61902.81,5.60,0,6,4.98,0.06,0.00,-4.98,-5.04,0
2026-07-13 18:45,KXBTC15M-26JUL131445-45,61863.66,1,,yes,83,61904.27,6.56,0,6,4.98,0.06,6.00,1.02,0.96,1
2026-07-13 19:00,KXBTC15M-26JUL131500-00,61925.91,1,,yes,87,61971.75,7.40,0,5,4.35,0.04,5.00,0.65,0.61,1
2026-07-13 19:15,KXBTC15M-26JUL131515-15,61953.71,1,,yes,71,61975.45,3.51,0,7,4.97,0.11,7.00,2.03,1.92,1
2026-07-13 19:30,KXBTC15M-26JUL131530-30,62016.57,1,,no,78,61949.88,10.75,0,6,4.68,0.08,6.00,1.32,1.24,1
2026-07-13 19:45,KXBTC15M-26JUL131545-45,61955.57,1,,yes,94,62047.53,14.84,0,5,4.70,0.02,5.00,0.30,0.28,1
2026-07-13 20:00,KXBTC15M-26JUL131600-00,62098.32,1,,yes,91,62180.29,13.20,0,5,4.55,0.03,5.00,0.45,0.42,1
2026-07-13 20:15,KXBTC15M-26JUL131615-15,62215.07,1,,no,91,62152.78,10.01,0,5,4.55,0.03,5.00,0.45,0.42,1
2026-07-13 20:30,KXBTC15M-26JUL131630-30,62160.36,1,,no,72,62145.79,2.34,0,6,4.32,0.09,6.00,1.68,1.59,1
2026-07-13 20:45,KXBTC15M-26JUL131645-45,62154.01,1,,yes,87,62183.82,4.80,0,5,4.35,0.04,0.00,-4.35,-4.39,0
2026-07-13 21:00,KXBTC15M-26JUL131700-00,62144.79,1,,no,83,62107.74,5.96,0,6,4.98,0.06,0.00,-4.98,-5.04,0
2026-07-13 21:15,KXBTC15M-26JUL131715-15,62148.48,1,,no,92,62048.76,16.05,0,5,4.60,0.03,5.00,0.40,0.37,1
2026-07-13 21:30,KXBTC15M-26JUL131730-30,62031.83,1,,no,63,61944.11,14.14,0,7,4.41,0.12,7.00,2.59,2.47,1
2026-07-13 21:45,KXBTC15M-26JUL131745-45,61971.31,1,,no,88,61840.64,21.09,0,5,4.40,0.04,5.00,0.60,0.56,1
2026-07-13 22:00,KXBTC15M-26JUL131800-00,61900.99,1,,yes,94,62002.72,16.43,0,5,4.70,0.02,5.00,0.30,0.28,1
2026-07-13 22:15,KXBTC15M-26JUL131815-15,62033.26,1,,yes,91,62092.65,9.57,0,5,4.55,0.03,5.00,0.45,0.42,1
2026-07-13 22:30,KXBTC15M-26JUL131830-30,62120.62,1,,no,75,62096.92,3.82,0,6,4.50,0.08,6.00,1.50,1.42,1
2026-07-13 22:45,KXBTC15M-26JUL131845-45,62103.30,1,,no,97,61991.87,17.94,0,5,4.85,0.02,5.00,0.15,0.13,1
2026-07-13 23:00,KXBTC15M-26JUL131900-00,62002.14,1,,no,97,61882.07,19.37,0,5,4.85,0.02,5.00,0.15,0.13,1
2026-07-13 23:15,KXBTC15M-26JUL131915-15,61862.33,1,,yes,98,61945.53,13.45,0,5,4.90,0.01,5.00,0.10,0.09,1
2026-07-13 23:30,KXBTC15M-26JUL131930-30,61986.29,1,,yes,98,62118.24,21.29,0,5,4.90,0.01,5.00,0.10,0.09,1
2026-07-13 23:45,KXBTC15M-26JUL131945-45,62103.22,1,,no,79,62044.39,9.47,0,6,4.74,0.07,6.00,1.26,1.19,1
2026-07-14 00:00,KXBTC15M-26JUL132000-00,62041.03,1,,yes,99,62220.46,28.92,0,5,4.95,0.01,5.00,0.05,0.04,1
2026-07-14 00:15,KXBTC15M-26JUL132015-15,62260.58,1,,yes,61,62306.95,7.45,0,8,4.88,0.14,8.00,3.12,2.98,1
2026-07-14 00:30,KXBTC15M-26JUL132030-30,62389.80,1,,no,80,62321.65,10.92,0,6,4.80,0.07,6.00,1.20,1.13,1
2026-07-14 00:45,KXBTC15M-26JUL132045-45,62301.36,0,odds 44c not above 60c,yes,,62308.24,1.10,0,0,0.00,0.00,0.00,0.00,0.00,
2026-07-14 01:00,KXBTC15M-26JUL132100-00,62237.44,1,,yes,99,62525.04,46.21,0,5,4.95,0.01,5.00,0.05,0.04,1
2026-07-14 01:15,KXBTC15M-26JUL132115-15,62486.51,1,,no,85,62397.20,14.29,0,5,4.25,0.05,5.00,0.75,0.70,1
2026-07-14 01:30,KXBTC15M-26JUL132130-30,62431.15,1,,yes,99,62555.12,19.86,0,5,4.95,0.01,5.00,0.05,0.04,1
2026-07-14 01:45,KXBTC15M-26JUL132145-45,62455.71,0,odds 60c not above 60c,no,,62431.04,3.95,0,0,0.00,0.00,0.00,0.00,0.00,
2026-07-14 02:00,KXBTC15M-26JUL132200-00,62433.03,1,,yes,78,62444.72,1.87,0,6,4.68,0.08,6.00,1.32,1.24,1
2026-07-14 02:15,KXBTC15M-26JUL132215-15,62469.24,1,,yes,84,62499.29,4.81,0,5,4.20,0.05,0.00,-4.20,-4.25,0
2026-07-14 02:30,KXBTC15M-26JUL132230-30,62437.33,1,,no,97,62316.07,19.42,0,5,4.85,0.02,5.00,0.15,0.13,1
2026-07-14 02:45,KXBTC15M-26JUL132245-45,62296.73,1,,yes,99,62496.65,32.09,0,5,4.95,0.01,5.00,0.05,0.04,1
2026-07-14 03:00,KXBTC15M-26JUL132300-00,62519.49,1,,no,94,62476.15,6.93,0,5,4.70,0.02,5.00,0.30,0.28,1
2026-07-14 03:15,KXBTC15M-26JUL132315-15,62479.70,1,,no,95,62389.99,14.36,0,5,4.75,0.02,5.00,0.25,0.23,1
2026-07-14 03:30,KXBTC15M-26JUL132330-30,62317.22,0,odds 41c not above 60c,yes,,62320.26,0.49,0,0,0.00,0.00,0.00,0.00,0.00,
2026-07-14 03:45,KXBTC15M-26JUL132345-45,62386.42,1,,yes,91,62420.40,5.45,0,5,4.55,0.03,5.00,0.45,0.42,1
2026-07-14 04:00,KXBTC15M-26JUL140000-00,62411.32,1,,yes,98,62468.64,9.18,0,5,4.90,0.01,5.00,0.10,0.09,1
2026-07-14 04:15,KXBTC15M-26JUL140015-15,62506.71,0,odds 55c not above 60c,no,,62486.79,3.19,0,0,0.00,0.00,0.00,0.00,0.00,
2026-07-14 04:30,KXBTC15M-26JUL140030-30,62509.40,1,,yes,79,62558.87,7.91,0,6,4.74,0.07,6.00,1.26,1.19,1
2026-07-14 04:45,KXBTC15M-26JUL140045-45,62580.32,1,,yes,98,62652.88,11.59,0,5,4.90,0.01,5.00,0.10,0.09,1
2026-07-14 05:00,KXBTC15M-26JUL140100-00,62651.39,1,,yes,66,62660.40,1.44,0,7,4.62,0.11,7.00,2.38,2.27,1
2026-07-14 05:15,KXBTC15M-26JUL140115-15,62681.04,1,,yes,95,62772.80,14.64,0,5,4.75,0.02,5.00,0.25,0.23,1
2026-07-14 05:30,KXBTC15M-26JUL140130-30,62766.81,1,,yes,70,62791.37,3.91,0,7,4.90,0.11,7.00,2.10,1.99,1
2026-07-14 05:45,KXBTC15M-26JUL140145-45,62779.12,1,,no,97,62681.32,15.58,0,5,4.85,0.02,5.00,0.15,0.13,1
2026-07-14 06:00,KXBTC15M-26JUL140200-00,62682.67,1,,no,78,62642.94,6.34,0,6,4.68,0.08,6.00,1.32,1.24,1
2026-07-14 06:15,KXBTC15M-26JUL140215-15,62641.09,1,,no,94,62615.27,4.12,0,5,4.70,0.02,5.00,0.30,0.28,1
2026-07-14 06:30,KXBTC15M-26JUL140230-30,62625.52,0,odds 49c not above 60c,no,,62616.44,1.45,0,0,0.00,0.00,0.00,0.00,0.00,
2026-07-14 06:45,KXBTC15M-26JUL140245-45,62616.46,1,,no,75,62577.67,6.19,0,6,4.50,0.08,0.00,-4.50,-4.58,0
2026-07-14 07:00,KXBTC15M-26JUL140300-00,62616.74,1,,no,95,62533.62,13.27,0,5,4.75,0.02,5.00,0.25,0.23,1
2026-07-14 07:15,KXBTC15M-26JUL140315-15,62544.23,1,,no,72,62502.12,6.73,0,6,4.32,0.09,6.00,1.68,1.59,1
2026-07-14 07:30,KXBTC15M-26JUL140330-30,62500.54,1,,yes,77,62530.56,4.80,0,6,4.62,0.08,6.00,1.38,1.30,1
2026-07-14 07:45,KXBTC15M-26JUL140345-45,62558.93,1,,no,88,62503.97,8.79,0,5,4.40,0.04,5.00,0.60,0.56,1
2026-07-14 08:00,KXBTC15M-26JUL140400-00,62494.26,0,odds 47c not above 60c,no,,62479.71,2.33,0,0,0.00,0.00,0.00,0.00,0.00,
2026-07-14 08:15,KXBTC15M-26JUL140415-15,62476.86,1,,no,84,62449.58,4.37,0,5,4.20,0.05,5.00,0.80,0.75,1
2026-07-14 08:30,KXBTC15M-26JUL140430-30,62460.74,1,,yes,82,62531.65,11.35,0,6,4.92,0.07,6.00,1.08,1.01,1
2026-07-14 08:45,KXBTC15M-26JUL140445-45,62583.01,1,,yes,96,62663.52,12.86,0,5,4.80,0.02,5.00,0.20,0.18,1
2026-07-14 09:00,KXBTC15M-26JUL140500-00,62700.92,1,,no,96,62640.95,9.56,0,5,4.80,0.02,5.00,0.20,0.18,1
2026-07-14 09:15,KXBTC15M-26JUL140515-15,62627.92,1,,no,62,62593.80,5.45,0,8,4.96,0.14,8.00,3.04,2.90,1
2026-07-14 09:30,KXBTC15M-26JUL140530-30,62618.20,0,odds 55c not above 60c,no,,62614.48,0.59,0,0,0.00,0.00,0.00,0.00,0.00,
2026-07-14 09:45,KXBTC15M-26JUL140545-45,62611.51,1,,no,93,62508.47,16.46,0,5,4.65,0.03,5.00,0.35,0.32,1
2026-07-14 10:00,KXBTC15M-26JUL140600-00,62508.17,1,,yes,87,62563.10,8.79,0,5,4.35,0.04,5.00,0.65,0.61,1
2026-07-14 10:15,KXBTC15M-26JUL140615-15,62560.26,1,,yes,98,62657.94,15.61,0,5,4.90,0.01,5.00,0.10,0.09,1
2026-07-14 10:30,KXBTC15M-26JUL140630-30,62648.47,0,odds 37c not above 60c,no,,62631.65,2.68,0,0,0.00,0.00,0.00,0.00,0.00,
2026-07-14 10:45,KXBTC15M-26JUL140645-45,62600.16,1,,yes,96,62701.29,16.15,0,5,4.80,0.02,5.00,0.20,0.18,1
2026-07-14 11:00,KXBTC15M-26JUL140700-00,62711.87,1,,yes,86,62751.36,6.30,0,5,4.30,0.05,5.00,0.70,0.65,1
2026-07-14 11:15,KXBTC15M-26JUL140715-15,62748.92,1,,no,96,62657.98,14.49,0,5,4.80,0.02,5.00,0.20,0.18,1
2026-07-14 11:30,KXBTC15M-26JUL140730-30,62704.75,1,,yes,86,62757.95,8.48,0,5,4.30,0.05,5.00,0.70,0.65,1
2026-07-14 11:45,KXBTC15M-26JUL140745-45,62796.38,1,,no,63,62768.19,4.49,0,7,4.41,0.12,7.00,2.59,2.47,1
2026-07-14 12:00,KXBTC15M-26JUL140800-00,62795.32,0,odds 42c not above 60c,no,,62791.35,0.63,0,0,0.00,0.00,0.00,0.00,0.00,
2026-07-14 12:15,KXBTC15M-26JUL140815-15,62777.51,1,,no,91,62717.81,9.51,0,5,4.55,0.03,5.00,0.45,0.42,1
2026-07-14 12:30,KXBTC15M-26JUL140830-30,62775.24,1,,yes,99,62959.13,29.29,0,5,4.95,0.01,5.00,0.05,0.04,1
2026-07-14 12:45,KXBTC15M-26JUL140845-45,62869.03,1,,yes,99,63373.28,80.21,0,5,4.95,0.01,5.00,0.05,0.04,1
2026-07-14 13:00,KXBTC15M-26JUL140900-00,63507.36,1,,yes,99,63788.62,44.29,0,5,4.95,0.01,5.00,0.05,0.04,1
2026-07-14 13:15,KXBTC15M-26JUL140915-15,63876.45,1,,no,95,63707.10,26.51,0,5,4.75,0.02,5.00,0.25,0.23,1
2026-07-14 13:30,KXBTC15M-26JUL140930-30,63725.07,1,,yes,99,63985.13,40.81,0,5,4.95,0.01,5.00,0.05,0.04,1
2026-07-14 13:45,KXBTC15M-26JUL140945-45,63891.38,1,,no,66,63840.65,7.94,0,7,4.62,0.11,7.00,2.38,2.27,1
2026-07-14 14:00,KXBTC15M-26JUL141000-00,63684.27,1,,yes,82,63744.96,9.53,0,6,4.92,0.07,6.00,1.08,1.01,1
2026-07-14 14:15,KXBTC15M-26JUL141015-15,63778.71,1,,no,95,63604.99,27.24,0,5,4.75,0.02,5.00,0.25,0.23,1
2026-07-14 14:30,KXBTC15M-26JUL141030-30,63772.44,0,odds 46c not above 60c,yes,,63778.37,0.93,0,0,0.00,0.00,0.00,0.00,0.00,
2026-07-14 14:45,KXBTC15M-26JUL141045-45,63817.61,1,,yes,94,64008.47,29.91,0,5,4.70,0.02,5.00,0.30,0.28,1
2026-07-14 15:00,KXBTC15M-26JUL141100-00,63949.67,1,,yes,86,64008.04,9.13,0,5,4.30,0.05,5.00,0.70,0.65,1
2026-07-14 15:15,KXBTC15M-26JUL141115-15,64131.59,1,,yes,84,64219.80,13.75,0,5,4.20,0.05,5.00,0.80,0.75,1
2026-07-14 15:30,KXBTC15M-26JUL141130-30,64158.99,1,,yes,88,64241.30,12.83,0,5,4.40,0.04,5.00,0.60,0.56,1
2026-07-14 15:45,KXBTC15M-26JUL141145-45,64458.85,1,,yes,99,64705.92,38.33,0,5,4.95,0.01,5.00,0.05,0.04,1
2026-07-14 16:00,KXBTC15M-26JUL141200-00,64740.48,1,,no,97,64541.96,30.66,0,5,4.85,0.02,5.00,0.15,0.13,1
2026-07-14 16:15,KXBTC15M-26JUL141215-15,64703.55,1,,yes,90,64815.00,17.22,0,5,4.50,0.04,5.00,0.50,0.46,1
2026-07-14 16:30,KXBTC15M-26JUL141230-30,64705.21,1,,yes,81,64810.05,16.20,0,6,4.86,0.07,6.00,1.14,1.07,1
2026-07-14 16:45,KXBTC15M-26JUL141245-45,64802.35,0,odds 52c not above 60c,no,,64793.58,1.35,0,0,0.00,0.00,0.00,0.00,0.00,
2026-07-14 17:00,KXBTC15M-26JUL141300-00,64781.32,1,,no,75,64737.80,6.72,0,6,4.50,0.08,6.00,1.50,1.42,1
2026-07-14 17:15,KXBTC15M-26JUL141315-15,64697.51,1,,no,98,64555.85,21.90,0,5,4.90,0.01,5.00,0.10,0.09,1
2026-07-14 17:30,KXBTC15M-26JUL141330-30,64564.77,1,,no,95,64422.06,22.10,0,5,4.75,0.02,5.00,0.25,0.23,1
2026-07-14 17:45,KXBTC15M-26JUL141345-45,64512.60,1,,no,95,64449.84,9.73,0,5,4.75,0.02,5.00,0.25,0.23,1
2026-07-14 18:00,KXBTC15M-26JUL141400-00,64473.19,1,,yes,99,64606.11,20.62,0,5,4.95,0.01,5.00,0.05,0.04,1
2026-07-14 18:15,KXBTC15M-26JUL141415-15,64598.44,1,,no,99,64464.99,20.66,0,5,4.95,0.01,5.00,0.05,0.04,1
2026-07-14 18:30,KXBTC15M-26JUL141430-30,64467.40,0,odds 43c not above 60c,yes,,64502.72,5.48,0,0,0.00,0.00,0.00,0.00,0.00,
2026-07-14 18:45,KXBTC15M-26JUL141445-45,64496.90,1,,yes,97,64573.86,11.93,0,5,4.85,0.02,5.00,0.15,0.13,1
2026-07-14 19:00,KXBTC15M-26JUL141500-00,64538.38,0,odds 58c not above 60c,no,,64518.33,3.11,0,0,0.00,0.00,0.00,0.00,0.00,
2026-07-14 19:15,KXBTC15M-26JUL141515-15,64535.22,0,odds 46c not above 60c,yes,,64542.11,1.07,0,0,0.00,0.00,0.00,0.00,0.00,
2026-07-14 19:30,KXBTC15M-26JUL141530-30,64600.09,1,,no,61,64584.15,2.47,0,8,4.88,0.14,8.00,3.12,2.98,1
2026-07-14 19:45,KXBTC15M-26JUL141545-45,64559.31,1,,no,97,64467.99,14.15,0,5,4.85,0.02,5.00,0.15,0.13,1
2026-07-14 20:00,KXBTC15M-26JUL141600-00,64505.36,1,,yes,99,64583.59,12.13,0,5,4.95,0.01,5.00,0.05,0.04,1
2026-07-14 20:15,KXBTC15M-26JUL141615-15,64553.72,1,,no,96,64458.87,14.69,0,5,4.80,0.02,5.00,0.20,0.18,1
2026-07-14 20:30,KXBTC15M-26JUL141630-30,64439.99,1,,no,62,64409.08,4.80,0,8,4.96,0.14,8.00,3.04,2.90,1
2026-07-14 20:45,KXBTC15M-26JUL141645-45,64409.05,1,,no,65,64402.02,1.09,0,7,4.55,0.12,0.00,-4.55,-4.67,0
2026-07-14 21:00,KXBTC15M-26JUL141700-00,64418.33,1,,yes,94,64478.94,9.41,0,5,4.70,0.02,5.00,0.30,0.28,1
2026-07-14 21:15,KXBTC15M-26JUL141715-15,64531.37,1,,yes,71,64565.64,5.31,0,7,4.97,0.11,7.00,2.03,1.92,1
2026-07-14 21:30,KXBTC15M-26JUL141730-30,64567.48,1,,yes,82,64582.01,2.25,0,6,4.92,0.07,6.00,1.08,1.01,1
2026-07-14 21:45,KXBTC15M-26JUL141745-45,64619.62,1,,yes,96,64733.78,17.67,0,5,4.80,0.02,5.00,0.20,0.18,1
2026-07-14 22:00,KXBTC15M-26JUL141800-00,64701.54,1,,no,97,64620.04,12.60,0,5,4.85,0.02,5.00,0.15,0.13,1
2026-07-14 22:15,KXBTC15M-26JUL141815-15,64635.97,1,,no,98,64528.34,16.65,0,5,4.90,0.01,5.00,0.10,0.09,1
2026-07-14 22:30,KXBTC15M-26JUL141830-30,64493.72,1,,yes,99,64890.02,61.45,0,5,4.95,0.01,5.00,0.05,0.04,1
2026-07-14 22:45,KXBTC15M-26JUL141845-45,64916.78,0,odds 57c not above 60c,no,,64896.00,3.20,0,0,0.00,0.00,0.00,0.00,0.00,
2026-07-14 23:00,KXBTC15M-26JUL141900-00,64885.01,0,odds 57c not above 60c,no,,64867.76,2.66,0,0,0.00,0.00,0.00,0.00,0.00,
2026-07-14 23:15,KXBTC15M-26JUL141915-15,64830.96,1,,yes,81,64955.68,19.24,0,6,4.86,0.07,6.00,1.14,1.07,1
2026-07-14 23:30,KXBTC15M-26JUL141930-30,64978.45,1,,no,99,64867.37,17.09,0,5,4.95,0.01,5.00,0.05,0.04,1
2026-07-14 23:45,KXBTC15M-26JUL141945-45,64863.10,1,,yes,98,64950.62,13.49,0,5,4.90,0.01,5.00,0.10,0.09,1
2026-07-15 00:00,KXBTC15M-26JUL142000-00,64957.88,1,,yes,74,64973.42,2.39,0,6,4.44,0.09,6.00,1.56,1.47,1
2026-07-15 00:15,KXBTC15M-26JUL142015-15,64970.52,0,odds 50c not above 60c,no,,64966.70,0.59,0,0,0.00,0.00,0.00,0.00,0.00,
2026-07-15 00:30,KXBTC15M-26JUL142030-30,64881.96,1,,no,92,64797.89,12.96,0,5,4.60,0.03,5.00,0.40,0.37,1
2026-07-15 00:45,KXBTC15M-26JUL142045-45,64833.99,1,,no,93,64776.03,8.94,0,5,4.65,0.03,5.00,0.35,0.32,1
2026-07-15 01:00,KXBTC15M-26JUL142100-00,64738.39,1,,yes,91,64782.72,6.85,0,5,4.55,0.03,5.00,0.45,0.42,1
2026-07-15 01:15,KXBTC15M-26JUL142115-15,64788.43,1,,no,98,64669.89,18.30,0,5,4.90,0.01,5.00,0.10,0.09,1
2026-07-15 01:30,KXBTC15M-26JUL142130-30,64701.74,1,,yes,83,64743.02,6.38,0,6,4.98,0.06,6.00,1.02,0.96,1
2026-07-15 01:45,KXBTC15M-26JUL142145-45,64791.69,1,,no,99,64652.25,21.52,0,5,4.95,0.01,5.00,0.05,0.04,1
2026-07-15 02:00,KXBTC15M-26JUL142200-00,64640.32,1,,no,69,64609.77,4.73,0,7,4.83,0.11,7.00,2.17,2.06,1
2026-07-15 02:15,KXBTC15M-26JUL142215-15,64629.87,1,,yes,83,64700.47,10.92,0,6,4.98,0.06,6.00,1.02,0.96,1
2026-07-15 02:30,KXBTC15M-26JUL142230-30,64662.82,1,,no,99,64525.45,21.24,0,5,4.95,0.01,5.00,0.05,0.04,1
2026-07-15 02:45,KXBTC15M-26JUL142245-45,64487.39,0,odds 58c not above 60c,yes,,64506.01,2.89,0,0,0.00,0.00,0.00,0.00,0.00,
2026-07-15 03:00,KXBTC15M-26JUL142300-00,64510.33,1,,no,98,64462.55,7.41,0,5,4.90,0.01,5.00,0.10,0.09,1
2026-07-15 03:15,KXBTC15M-26JUL142315-15,64453.05,1,,yes,99,64582.49,20.08,0,5,4.95,0.01,5.00,0.05,0.04,1
2026-07-15 03:30,KXBTC15M-26JUL142330-30,64581.88,1,,no,85,64548.30,5.20,0,5,4.25,0.05,5.00,0.75,0.70,1
2026-07-15 03:45,KXBTC15M-26JUL142345-45,64555.70,1,,yes,95,64620.49,10.04,0,5,4.75,0.02,5.00,0.25,0.23,1
2026-07-15 04:00,KXBTC15M-26JUL150000-00,64653.01,1,,yes,98,64755.20,15.81,0,5,4.90,0.01,5.00,0.10,0.09,1
2026-07-15 04:15,KXBTC15M-26JUL150015-15,64750.01,1,,no,67,64736.93,2.02,0,7,4.69,0.11,0.00,-4.69,-4.80,0
2026-07-15 04:30,KXBTC15M-26JUL150030-30,64785.61,1,,no,91,64743.03,6.57,0,5,4.55,0.03,5.00,0.45,0.42,1
2026-07-15 04:45,KXBTC15M-26JUL150045-45,64731.35,1,,yes,81,64745.10,2.12,0,6,4.86,0.07,6.00,1.14,1.07,1
2026-07-15 05:00,KXBTC15M-26JUL150100-00,64754.96,0,odds 41c not above 60c,no,,64738.15,2.60,0,0,0.00,0.00,0.00,0.00,0.00,
2026-07-15 05:15,KXBTC15M-26JUL150115-15,64695.48,1,,no,96,64604.08,14.13,0,5,4.80,0.02,5.00,0.20,0.18,1
2026-07-15 05:30,KXBTC15M-26JUL150130-30,64575.71,1,,yes,85,64603.24,4.26,0,5,4.25,0.05,5.00,0.75,0.70,1
2026-07-15 05:45,KXBTC15M-26JUL150145-45,64626.73,1,,yes,85,64677.99,7.93,0,5,4.25,0.05,5.00,0.75,0.70,1
2026-07-15 06:00,KXBTC15M-26JUL150200-00,64658.09,1,,yes,97,64739.73,12.63,0,5,4.85,0.02,5.00,0.15,0.13,1
2026-07-15 06:15,KXBTC15M-26JUL150215-15,64897.53,1,,yes,73,64923.01,3.93,0,6,4.38,0.09,6.00,1.62,1.53,1
2026-07-15 06:30,KXBTC15M-26JUL150230-30,64971.87,0,odds 52c not above 60c,no,,64943.21,4.41,0,0,0.00,0.00,0.00,0.00,0.00,
2026-07-15 06:45,KXBTC15M-26JUL150245-45,64924.22,1,,yes,92,65007.98,12.90,0,5,4.60,0.03,5.00,0.40,0.37,1
2026-07-15 07:00,KXBTC15M-26JUL150300-00,64987.82,1,,no,98,64878.41,16.84,0,5,4.90,0.01,5.00,0.10,0.09,1
2026-07-15 07:15,KXBTC15M-26JUL150315-15,64780.99,1,,no,65,64778.39,0.40,0,7,4.55,0.12,0.00,-4.55,-4.67,0
2026-07-15 07:30,KXBTC15M-26JUL150330-30,64825.03,1,,no,99,64575.40,38.51,0,5,4.95,0.01,5.00,0.05,0.04,1
2026-07-15 07:45,KXBTC15M-26JUL150345-45,64478.11,1,,yes,99,64546.52,10.61,0,5,4.95,0.01,5.00,0.05,0.04,1
2026-07-15 08:00,KXBTC15M-26JUL150400-00,64541.57,0,odds 59c not above 60c,yes,,64543.52,0.30,0,0,0.00,0.00,0.00,0.00,0.00,
2026-07-15 08:15,KXBTC15M-26JUL150415-15,64512.33,1,,yes,67,64545.02,5.07,0,7,4.69,0.11,7.00,2.31,2.20,1
2026-07-15 08:30,KXBTC15M-26JUL150430-30,64538.74,1,,yes,78,64564.42,3.98,0,6,4.68,0.08,6.00,1.32,1.24,1
2026-07-15 08:45,KXBTC15M-26JUL150445-45,64595.96,1,,yes,98,64677.38,12.60,0,5,4.90,0.01,5.00,0.10,0.09,1
2026-07-15 09:00,KXBTC15M-26JUL150500-00,64680.95,1,,yes,73,64688.99,1.24,0,6,4.38,0.09,6.00,1.62,1.53,1
2026-07-15 09:15,KXBTC15M-26JUL150515-15,64720.75,1,,yes,88,64791.87,10.99,0,5,4.40,0.04,5.00,0.60,0.56,1
2026-07-15 09:30,KXBTC15M-26JUL150530-30,64788.12,1,,yes,92,64820.92,5.06,0,5,4.60,0.03,5.00,0.40,0.37,1
2026-07-15 09:45,KXBTC15M-26JUL150545-45,64794.58,1,,no,96,64701.12,14.42,0,5,4.80,0.02,5.00,0.20,0.18,1
2026-07-15 10:00,KXBTC15M-26JUL150600-00,64669.99,1,,no,87,64624.90,6.97,0,5,4.35,0.04,5.00,0.65,0.61,1
2026-07-15 10:15,KXBTC15M-26JUL150615-15,64619.21,1,,yes,99,64770.09,23.35,0,5,4.95,0.01,5.00,0.05,0.04,1
2026-07-15 10:30,KXBTC15M-26JUL150630-30,64762.54,1,,no,99,64631.73,20.20,0,5,4.95,0.01,5.00,0.05,0.04,1
2026-07-15 10:45,KXBTC15M-26JUL150645-45,64590.26,1,,yes,95,64620.05,4.61,0,5,4.75,0.02,5.00,0.25,0.23,1
2026-07-15 11:00,KXBTC15M-26JUL150700-00,64624.40,1,,no,61,64603.12,3.29,0,8,4.88,0.14,8.00,3.12,2.98,1
2026-07-15 11:15,KXBTC15M-26JUL150715-15,64608.55,1,,yes,99,64668.45,9.27,0,5,4.95,0.01,5.00,0.05,0.04,1
2026-07-15 11:30,KXBTC15M-26JUL150730-30,64678.74,1,,no,99,64585.15,14.47,0,5,4.95,0.01,5.00,0.05,0.04,1
2026-07-15 11:45,KXBTC15M-26JUL150745-45,64582.09,1,,yes,99,64617.64,5.50,0,5,4.95,0.01,5.00,0.05,0.04,1
2026-07-15 12:00,KXBTC15M-26JUL150800-00,64636.98,1,,yes,94,64668.74,4.91,0,5,4.70,0.02,5.00,0.30,0.28,1
2026-07-15 12:15,KXBTC15M-26JUL150815-15,64689.40,1,,no,95,64584.96,16.14,0,5,4.75,0.02,5.00,0.25,0.23,1
2026-07-15 12:30,KXBTC15M-26JUL150830-30,64639.42,1,,no,95,64586.00,8.26,0,5,4.75,0.02,5.00,0.25,0.23,1
2026-07-15 12:45,KXBTC15M-26JUL150845-45,64626.58,1,,yes,99,64754.00,19.72,0,5,4.95,0.01,5.00,0.05,0.04,1
2026-07-15 13:00,KXBTC15M-26JUL150900-00,64758.38,0,no quote on chosen side at decision time,yes,,65053.25,45.53,0,0,0.00,0.00,0.00,0.00,0.00,
2026-07-15 13:15,KXBTC15M-26JUL150915-15,65118.84,1,,yes,97,65297.92,27.50,0,5,4.85,0.02,5.00,0.15,0.13,1
2026-07-15 13:30,KXBTC15M-26JUL150930-30,65318.28,0,odds 6c not above 60c,no,,65256.70,9.43,0,0,0.00,0.00,0.00,0.00,0.00,
2026-07-15 13:45,KXBTC15M-26JUL150945-45,65265.86,1,,yes,92,65325.01,9.06,0,5,4.60,0.03,5.00,0.40,0.37,1
2026-07-15 14:00,KXBTC15M-26JUL151000-00,65268.05,1,,no,99,64932.52,51.41,0,5,4.95,0.01,5.00,0.05,0.04,1
2026-07-15 14:15,KXBTC15M-26JUL151015-15,65051.15,1,,yes,95,65256.52,31.57,0,5,4.75,0.02,5.00,0.25,0.23,1
2026-07-15 14:30,KXBTC15M-26JUL151030-30,65255.24,1,,no,66,65061.55,29.68,0,7,4.62,0.11,0.00,-4.62,-4.73,0
2026-07-15 14:45,KXBTC15M-26JUL151045-45,65299.63,0,odds 47c not above 60c,yes,,65374.15,11.41,0,0,0.00,0.00,0.00,0.00,0.00,
2026-07-15 15:00,KXBTC15M-26JUL151100-00,65327.26,1,,yes,72,65355.65,4.35,0,6,4.32,0.09,6.00,1.68,1.59,1
2026-07-15 15:15,KXBTC15M-26JUL151115-15,65346.52,1,,yes,63,65380.00,5.12,0,7,4.41,0.12,7.00,2.59,2.47,1
2026-07-15 15:30,KXBTC15M-26JUL151130-30,65353.64,1,,no,88,65258.70,14.53,0,5,4.40,0.04,0.00,-4.40,-4.44,0
2026-07-15 15:45,KXBTC15M-26JUL151145-45,65362.21,1,,yes,94,65453.28,13.93,0,5,4.70,0.02,5.00,0.30,0.28,1
2026-07-15 16:00,KXBTC15M-26JUL151200-00,65426.33,1,,no,81,65363.21,9.65,0,6,4.86,0.07,6.00,1.14,1.07,1
2026-07-15 16:15,KXBTC15M-26JUL151215-15,65376.43,1,,no,99,65128.56,37.91,0,5,4.95,0.01,5.00,0.05,0.04,1
2026-07-15 16:30,KXBTC15M-26JUL151230-30,65067.95,0,odds 55c not above 60c,yes,,65069.96,0.31,0,0,0.00,0.00,0.00,0.00,0.00,
2026-07-15 16:45,KXBTC15M-26JUL151245-45,65109.88,1,,no,99,64787.21,49.56,0,5,4.95,0.01,5.00,0.05,0.04,1
2026-07-15 17:00,KXBTC15M-26JUL151300-00,64857.43,1,,yes,99,64985.79,19.79,0,5,4.95,0.01,5.00,0.05,0.04,1
2026-07-15 17:15,KXBTC15M-26JUL151315-15,65063.89,0,odds 42c not above 60c,no,,65027.82,5.54,0,0,0.00,0.00,0.00,0.00,0.00,
2026-07-15 17:30,KXBTC15M-26JUL151330-30,64984.34,1,,yes,75,65008.56,3.73,0,6,4.50,0.08,6.00,1.50,1.42,1
2026-07-15 17:45,KXBTC15M-26JUL151345-45,64989.14,1,,yes,66,65025.99,5.67,0,7,4.62,0.11,0.00,-4.62,-4.73,0
2026-07-15 18:00,KXBTC15M-26JUL151400-00,64986.91,0,odds 56c not above 60c,yes,,64991.33,0.68,0,0,0.00,0.00,0.00,0.00,0.00,
2026-07-15 18:15,KXBTC15M-26JUL151415-15,65017.98,1,,no,65,64999.99,2.77,0,7,4.55,0.12,0.00,-4.55,-4.67,0
2026-07-15 18:30,KXBTC15M-26JUL151430-30,65075.89,1,,no,67,64987.51,13.58,0,7,4.69,0.11,7.00,2.31,2.20,1
2026-07-15 18:45,KXBTC15M-26JUL151445-45,65007.72,0,odds 60c not above 60c,no,,64975.99,4.88,0,0,0.00,0.00,0.00,0.00,0.00,
2026-07-15 19:00,KXBTC15M-26JUL151500-00,64953.86,1,,no,96,64871.72,12.65,0,5,4.80,0.02,5.00,0.20,0.18,1
2026-07-15 19:15,KXBTC15M-26JUL151515-15,64814.50,1,,yes,92,64889.71,11.60,0,5,4.60,0.03,5.00,0.40,0.37,1
2026-07-15 19:30,KXBTC15M-26JUL151530-30,64892.94,1,,no,98,64771.95,18.64,0,5,4.90,0.01,5.00,0.10,0.09,1
2026-07-15 19:45,KXBTC15M-26JUL151545-45,64815.86,1,,yes,97,64929.71,17.57,0,5,4.85,0.02,5.00,0.15,0.13,1
2026-07-15 20:00,KXBTC15M-26JUL151600-00,64944.01,0,odds 50c not above 60c,yes,,64960.31,2.51,0,0,0.00,0.00,0.00,0.00,0.00,
2026-07-15 20:15,KXBTC15M-26JUL151615-15,64932.31,1,,no,78,64916.90,2.37,0,6,4.68,0.08,6.00,1.32,1.24,1
2026-07-15 20:30,KXBTC15M-26JUL151630-30,64908.66,1,,yes,94,64964.22,8.56,0,5,4.70,0.02,5.00,0.30,0.28,1
2026-07-15 20:45,KXBTC15M-26JUL151645-45,64967.00,0,odds 56c not above 60c,yes,,64980.67,2.10,0,0,0.00,0.00,0.00,0.00,0.00,
2026-07-15 21:00,KXBTC15M-26JUL151700-00,64966.18,1,,no,77,64940.39,3.97,0,6,4.62,0.08,6.00,1.38,1.30,1
2026-07-15 21:15,KXBTC15M-26JUL151715-15,64936.59,1,,no,79,64807.35,19.90,0,6,4.74,0.07,6.00,1.26,1.19,1
2026-07-15 21:30,KXBTC15M-26JUL151730-30,64868.47,1,,yes,75,64873.46,0.77,0,6,4.50,0.08,0.00,-4.50,-4.58,0
2026-07-15 21:45,KXBTC15M-26JUL151745-45,64839.56,1,,no,94,64780.92,9.04,0,5,4.70,0.02,5.00,0.30,0.28,1
2026-07-15 22:00,KXBTC15M-26JUL151800-00,64779.32,1,,yes,65,64779.83,0.08,0,7,4.55,0.12,7.00,2.45,2.33,1
2026-07-15 22:15,KXBTC15M-26JUL151815-15,64784.38,0,odds 51c not above 60c,yes,,64800.90,2.55,0,0,0.00,0.00,0.00,0.00,0.00,
2026-07-15 22:30,KXBTC15M-26JUL151830-30,64785.66,1,,yes,74,64805.01,2.99,0,6,4.44,0.09,6.00,1.56,1.47,1
2026-07-15 22:45,KXBTC15M-26JUL151845-45,64862.08,0,odds 40c not above 60c,no,,64847.61,2.23,0,0,0.00,0.00,0.00,0.00,0.00,
2026-07-15 23:00,KXBTC15M-26JUL151900-00,64847.97,0,odds 44c not above 60c,no,,64822.51,3.93,0,0,0.00,0.00,0.00,0.00,0.00,
2026-07-15 23:15,KXBTC15M-26JUL151915-15,64834.98,1,,yes,91,64878.99,6.79,0,5,4.55,0.03,5.00,0.45,0.42,1
2026-07-15 23:30,KXBTC15M-26JUL151930-30,64879.00,1,,no,91,64816.39,9.65,0,5,4.55,0.03,5.00,0.45,0.42,1
2026-07-15 23:45,KXBTC15M-26JUL151945-45,64812.68,1,,no,92,64754.11,9.04,0,5,4.60,0.03,5.00,0.40,0.37,1
2026-07-16 00:00,KXBTC15M-26JUL152000-00,64697.83,1,,yes,93,64751.85,8.35,0,5,4.65,0.03,5.00,0.35,0.32,1
2026-07-16 00:15,KXBTC15M-26JUL152015-15,64720.02,1,,yes,94,64796.30,11.79,0,5,4.70,0.02,5.00,0.30,0.28,1
2026-07-16 00:30,KXBTC15M-26JUL152030-30,64788.42,1,,no,99,64620.00,26.00,0,5,4.95,0.01,5.00,0.05,0.04,1
2026-07-16 00:45,KXBTC15M-26JUL152045-45,64549.69,1,,no,91,64476.67,11.31,0,5,4.55,0.03,5.00,0.45,0.42,1
2026-07-16 01:00,KXBTC15M-26JUL152100-00,64485.78,1,,yes,98,64544.02,9.03,0,5,4.90,0.01,5.00,0.10,0.09,1
2026-07-16 01:15,KXBTC15M-26JUL152115-15,64550.91,1,,yes,92,64577.70,4.15,0,5,4.60,0.03,5.00,0.40,0.37,1
2026-07-16 01:30,KXBTC15M-26JUL152130-30,64578.89,1,,no,97,64480.76,15.20,0,5,4.85,0.02,5.00,0.15,0.13,1
2026-07-16 01:45,KXBTC15M-26JUL152145-45,64528.75,1,,yes,99,64635.35,16.52,0,5,4.95,0.01,5.00,0.05,0.04,1
2026-07-16 02:00,KXBTC15M-26JUL152200-00,64576.59,1,,yes,99,64723.03,22.68,0,5,4.95,0.01,5.00,0.05,0.04,1
2026-07-16 02:15,KXBTC15M-26JUL152215-15,64693.22,1,,no,93,64626.87,10.26,0,5,4.65,0.03,5.00,0.35,0.32,1
2026-07-16 02:30,KXBTC15M-26JUL152230-30,64614.64,1,,yes,71,64645.07,4.71,0,7,4.97,0.11,7.00,2.03,1.92,1
2026-07-16 02:45,KXBTC15M-26JUL152245-45,64628.05,1,,no,94,64574.06,8.35,0,5,4.70,0.02,5.00,0.30,0.28,1
2026-07-16 03:00,KXBTC15M-26JUL152300-00,64556.77,1,,yes,80,64589.35,5.05,0,6,4.80,0.07,6.00,1.20,1.13,1
2026-07-16 03:15,KXBTC15M-26JUL152315-15,64612.23,1,,no,67,64590.22,3.41,0,7,4.69,0.11,0.00,-4.69,-4.80,0
2026-07-16 03:30,KXBTC15M-26JUL152330-30,64659.93,1,,no,98,64586.09,11.42,0,5,4.90,0.01,5.00,0.10,0.09,1
2026-07-16 03:45,KXBTC15M-26JUL152345-45,64644.32,0,odds 52c not above 60c,no,,64643.25,0.17,0,0,0.00,0.00,0.00,0.00,0.00,
2026-07-16 04:00,KXBTC15M-26JUL160000-00,64616.08,1,,no,90,64549.73,10.27,0,5,4.50,0.04,5.00,0.50,0.46,1
2026-07-16 04:15,KXBTC15M-26JUL160015-15,64564.91,1,,no,78,64562.84,0.32,0,6,4.68,0.08,0.00,-4.68,-4.76,0
2026-07-16 04:30,KXBTC15M-26JUL160030-30,64602.01,1,,no,89,64566.19,5.54,0,5,4.45,0.04,5.00,0.55,0.51,1
2026-07-16 04:45,KXBTC15M-26JUL160045-45,64598.40,1,,no,86,64539.05,9.19,0,5,4.30,0.05,5.00,0.70,0.65,1
2026-07-16 05:00,KXBTC15M-26JUL160100-00,64566.67,1,,yes,78,64569.01,0.36,0,6,4.68,0.08,0.00,-4.68,-4.76,0
2026-07-16 05:15,KXBTC15M-26JUL160115-15,64563.59,1,,yes,94,64618.48,8.50,0,5,4.70,0.02,5.00,0.30,0.28,1
2026-07-16 05:30,KXBTC15M-26JUL160130-30,64705.88,1,,yes,98,64853.58,22.83,0,5,4.90,0.01,5.00,0.10,0.09,1
2026-07-16 05:45,KXBTC15M-26JUL160145-45,64875.09,0,odds 46c not above 60c,no,,64860.85,2.19,0,0,0.00,0.00,0.00,0.00,0.00,
2026-07-16 06:00,KXBTC15M-26JUL160200-00,64861.43,0,odds 60c not above 60c,no,,64851.90,1.47,0,0,0.00,0.00,0.00,0.00,0.00,
2026-07-16 06:15,KXBTC15M-26JUL160215-15,64870.69,0,odds 37c not above 60c,no,,64845.09,3.95,0,0,0.00,0.00,0.00,0.00,0.00,
2026-07-16 06:30,KXBTC15M-26JUL160230-30,64812.99,0,odds 58c not above 60c,no,,64797.03,2.46,0,0,0.00,0.00,0.00,0.00,0.00,
2026-07-16 06:45,KXBTC15M-26JUL160245-45,64774.09,1,,no,96,64661.22,17.43,0,5,4.80,0.02,5.00,0.20,0.18,1
2026-07-16 09:15,KXBTC15M-26JUL160515-15,64067.71,1,,yes,68,64092.26,3.83,0,7,4.76,0.11,7.00,2.24,2.13,1
2026-07-16 09:30,KXBTC15M-26JUL160530-30,64089.12,1,,no,96,64019.26,10.90,0,5,4.80,0.02,5.00,0.20,0.18,1
2026-07-16 09:45,KXBTC15M-26JUL160545-45,64002.18,1,,yes,67,64033.31,4.86,0,7,4.69,0.11,7.00,2.31,2.20,1
2026-07-16 10:00,KXBTC15M-26JUL160600-00,64060.97,1,,no,81,64015.53,7.09,0,6,4.86,0.07,6.00,1.14,1.07,1
2026-07-16 10:15,KXBTC15M-26JUL160615-15,64033.46,1,,yes,99,64093.34,9.35,0,5,4.95,0.01,5.00,0.05,0.04,1
2026-07-16 10:30,KXBTC15M-26JUL160630-30,64098.96,1,,yes,96,64142.62,6.81,0,5,4.80,0.02,5.00,0.20,0.18,1
2026-07-16 10:45,KXBTC15M-26JUL160645-45,64172.39,1,,no,88,64140.98,4.89,0,5,4.40,0.04,5.00,0.60,0.56,1
2026-07-16 11:00,KXBTC15M-26JUL160700-00,64148.67,1,,no,81,64139.59,1.42,0,6,4.86,0.07,0.00,-4.86,-4.93,0
2026-07-16 11:15,KXBTC15M-26JUL160715-15,64171.26,1,,no,96,64080.38,14.16,0,5,4.80,0.02,5.00,0.20,0.18,1
2026-07-16 11:30,KXBTC15M-26JUL160730-30,64124.80,1,,yes,98,64202.75,12.16,0,5,4.90,0.01,5.00,0.10,0.09,1
2026-07-16 11:45,KXBTC15M-26JUL160745-45,64134.28,1,,yes,77,64173.78,6.16,0,6,4.62,0.08,6.00,1.38,1.30,1
2026-07-16 12:00,KXBTC15M-26JUL160800-00,64210.94,1,,no,95,64159.98,7.94,0,5,4.75,0.02,5.00,0.25,0.23,1
2026-07-16 12:15,KXBTC15M-26JUL160815-15,64207.87,1,,no,93,64139.10,10.71,0,5,4.65,0.03,5.00,0.35,0.32,1
2026-07-16 12:30,KXBTC15M-26JUL160830-30,64114.27,1,,no,75,64066.52,7.45,0,6,4.50,0.08,0.00,-4.50,-4.58,0
2026-07-16 12:45,KXBTC15M-26JUL160845-45,64126.58,1,,no,98,63896.92,35.81,0,5,4.90,0.01,5.00,0.10,0.09,1
2026-07-16 13:00,KXBTC15M-26JUL160900-00,63855.68,1,,yes,95,63957.22,15.90,0,5,4.75,0.02,5.00,0.25,0.23,1
2026-07-16 13:15,KXBTC15M-26JUL160915-15,63924.93,1,,yes,90,64028.00,16.12,0,5,4.50,0.04,5.00,0.50,0.46,1
2026-07-16 13:30,KXBTC15M-26JUL160930-30,64049.48,1,,yes,97,64126.02,11.95,0,5,4.85,0.02,5.00,0.15,0.13,1
2026-07-16 13:45,KXBTC15M-26JUL160945-45,64176.08,1,,yes,87,64263.22,13.58,0,5,4.35,0.04,0.00,-4.35,-4.39,0
2026-07-16 14:00,KXBTC15M-26JUL161000-00,64135.22,1,,yes,84,64232.01,15.09,0,5,4.20,0.05,5.00,0.80,0.75,1
2026-07-16 14:15,KXBTC15M-26JUL161015-15,64330.87,1,,yes,98,64539.09,32.37,0,5,4.90,0.01,5.00,0.10,0.09,1
2026-07-16 14:30,KXBTC15M-26JUL161030-30,64571.32,0,odds 49c not above 60c,yes,,64600.63,4.54,0,0,0.00,0.00,0.00,0.00,0.00,
2026-07-16 14:45,KXBTC15M-26JUL161045-45,64734.86,1,,no,87,64657.17,12.00,0,5,4.35,0.04,5.00,0.65,0.61,1
2026-07-16 15:00,KXBTC15M-26JUL161100-00,64655.18,1,,no,97,64403.93,38.86,0,5,4.85,0.02,5.00,0.15,0.13,1
2026-07-16 15:15,KXBTC15M-26JUL161115-15,64491.06,1,,no,92,64405.64,13.25,0,5,4.60,0.03,5.00,0.40,0.37,1
2026-07-16 15:30,KXBTC15M-26JUL161130-30,64289.68,0,no quote on chosen side at decision time,yes,,64654.62,56.76,0,0,0.00,0.00,0.00,0.00,0.00,
2026-07-16 15:45,KXBTC15M-26JUL161145-45,64764.04,0,odds 47c not above 60c,no,,64740.07,3.70,0,0,0.00,0.00,0.00,0.00,0.00,
2026-07-16 16:00,KXBTC15M-26JUL161200-00,64665.91,0,odds 21c not above 60c,no,,64654.08,1.83,0,0,0.00,0.00,0.00,0.00,0.00,
2026-07-16 16:15,KXBTC15M-26JUL161215-15,64669.86,1,,no,95,64466.81,31.40,0,5,4.75,0.02,5.00,0.25,0.23,1
2026-07-16 16:30,KXBTC15M-26JUL161230-30,64475.26,1,,no,84,64467.68,1.18,0,5,4.20,0.05,0.00,-4.20,-4.25,0
2026-07-16 16:45,KXBTC15M-26JUL161245-45,64496.91,1,,no,94,64416.41,12.48,0,5,4.70,0.02,5.00,0.30,0.28,1
2026-07-16 17:00,KXBTC15M-26JUL161300-00,64349.26,1,,yes,92,64458.70,17.01,0,5,4.60,0.03,5.00,0.40,0.37,1
2026-07-16 17:15,KXBTC15M-26JUL161315-15,64454.52,1,,no,99,64210.53,37.85,0,5,4.95,0.01,5.00,0.05,0.04,1
2026-07-16 17:30,KXBTC15M-26JUL161330-30,64170.82,0,odds 56c not above 60c,no,,64101.23,10.84,0,0,0.00,0.00,0.00,0.00,0.00,
2026-07-16 17:45,KXBTC15M-26JUL161345-45,64179.49,0,odds 38c not above 60c,no,,64153.84,4.00,0,0,0.00,0.00,0.00,0.00,0.00,
2026-07-16 18:00,KXBTC15M-26JUL161400-00,64108.59,1,,no,82,63959.46,23.26,0,6,4.92,0.07,6.00,1.08,1.01,1
2026-07-16 18:15,KXBTC15M-26JUL161415-15,64019.59,1,,yes,97,64126.26,16.66,0,5,4.85,0.02,5.00,0.15,0.13,1
2026-07-16 18:30,KXBTC15M-26JUL161430-30,64165.07,1,,yes,97,64233.60,10.68,0,5,4.85,0.02,5.00,0.15,0.13,1
2026-07-16 18:45,KXBTC15M-26JUL161445-45,64197.82,1,,no,97,64066.82,20.41,0,5,4.85,0.02,5.00,0.15,0.13,1
2026-07-16 19:00,KXBTC15M-26JUL161500-00,64102.98,1,,yes,99,64210.65,16.80,0,5,4.95,0.01,5.00,0.05,0.04,1
2026-07-16 19:15,KXBTC15M-26JUL161515-15,64222.23,1,,no,67,64204.99,2.68,0,7,4.69,0.11,7.00,2.31,2.20,1
2026-07-16 19:30,KXBTC15M-26JUL161530-30,64194.06,1,,no,88,64148.53,7.09,0,5,4.40,0.04,0.00,-4.40,-4.44,0
2026-07-16 19:45,KXBTC15M-26JUL161545-45,64226.16,1,,no,74,64180.30,7.14,0,6,4.44,0.09,6.00,1.56,1.47,1
2026-07-16 20:00,KXBTC15M-26JUL161600-00,64157.35,1,,yes,94,64228.97,11.16,0,5,4.70,0.02,5.00,0.30,0.28,1
2026-07-16 20:15,KXBTC15M-26JUL161615-15,64218.76,1,,no,96,64159.06,9.30,0,5,4.80,0.02,5.00,0.20,0.18,1
2026-07-16 20:30,KXBTC15M-26JUL161630-30,64145.91,0,odds 51c not above 60c,no,,64144.26,0.26,0,0,0.00,0.00,0.00,0.00,0.00,
2026-07-16 20:45,KXBTC15M-26JUL161645-45,64138.44,1,,no,88,64085.24,8.29,0,5,4.40,0.04,5.00,0.60,0.56,1
2026-07-16 21:00,KXBTC15M-26JUL161700-00,64107.73,1,,no,84,64080.78,4.20,0,5,4.20,0.05,5.00,0.80,0.75,1
2026-07-16 21:15,KXBTC15M-26JUL161715-15,64095.49,1,,yes,83,64111.44,2.49,0,6,4.98,0.06,6.00,1.02,0.96,1
2026-07-16 21:30,KXBTC15M-26JUL161730-30,64140.35,1,,no,79,64105.41,5.45,0,6,4.74,0.07,6.00,1.26,1.19,1
2026-07-16 21:45,KXBTC15M-26JUL161745-45,64137.10,1,,yes,72,64163.78,4.16,0,6,4.32,0.09,6.00,1.68,1.59,1
2026-07-16 22:00,KXBTC15M-26JUL161800-00,64150.39,0,odds 48c not above 60c,no,,64117.91,5.06,0,0,0.00,0.00,0.00,0.00,0.00,
2026-07-16 22:15,KXBTC15M-26JUL161815-15,64109.92,1,,yes,86,64125.98,2.51,0,5,4.30,0.05,5.00,0.70,0.65,1
2026-07-16 22:30,KXBTC15M-26JUL161830-30,64127.78,1,,no,98,63995.61,20.61,0,5,4.90,0.01,5.00,0.10,0.09,1
2026-07-16 22:45,KXBTC15M-26JUL161845-45,63976.86,1,,yes,97,63986.08,1.44,0,5,4.85,0.02,5.00,0.15,0.13,1
2026-07-16 23:00,KXBTC15M-26JUL161900-00,64033.82,1,,no,98,63910.74,19.22,0,5,4.90,0.01,5.00,0.10,0.09,1
2026-07-16 23:15,KXBTC15M-26JUL161915-15,63918.52,1,,no,73,63879.80,6.06,0,6,4.38,0.09,6.00,1.62,1.53,1
2026-07-16 23:30,KXBTC15M-26JUL161930-30,63876.93,1,,no,99,63767.70,17.10,0,5,4.95,0.01,5.00,0.05,0.04,1
2026-07-16 23:45,KXBTC15M-26JUL161945-45,63769.14,1,,no,87,63724.92,6.93,0,5,4.35,0.04,0.00,-4.35,-4.39,0
2026-07-17 00:00,KXBTC15M-26JUL162000-00,63791.99,0,odds 16c not above 60c,no,,63776.00,2.51,0,0,0.00,0.00,0.00,0.00,0.00,
2026-07-17 00:15,KXBTC15M-26JUL162015-15,63794.30,1,,no,93,63737.82,8.85,0,5,4.65,0.03,5.00,0.35,0.32,1
2026-07-17 00:30,KXBTC15M-26JUL162030-30,63738.53,0,odds 38c not above 60c,no,,63718.01,3.22,0,0,0.00,0.00,0.00,0.00,0.00,
2026-07-17 00:45,KXBTC15M-26JUL162045-45,63749.34,1,,no,95,63680.83,10.75,0,5,4.75,0.02,5.00,0.25,0.23,1
2026-07-17 01:00,KXBTC15M-26JUL162100-00,63716.61,1,,yes,92,63804.14,13.74,0,5,4.60,0.03,5.00,0.40,0.37,1
2026-07-17 01:15,KXBTC15M-26JUL162115-15,63829.88,1,,yes,98,63946.95,18.34,0,5,4.90,0.01,5.00,0.10,0.09,1
2026-07-17 01:30,KXBTC15M-26JUL162130-30,63941.56,1,,no,92,63847.46,14.72,0,5,4.60,0.03,5.00,0.40,0.37,1
2026-07-17 01:45,KXBTC15M-26JUL162145-45,63905.30,1,,no,96,63792.66,17.63,0,5,4.80,0.02,5.00,0.20,0.18,1
2026-07-17 02:00,KXBTC15M-26JUL162200-00,63703.04,0,no quote on chosen side at decision time,no,,63474.57,35.86,0,0,0.00,0.00,0.00,0.00,0.00,
2026-07-17 02:15,KXBTC15M-26JUL162215-15,63495.00,1,,no,88,63404.85,14.20,0,5,4.40,0.04,0.00,-4.40,-4.44,0
2026-07-17 02:30,KXBTC15M-26JUL162230-30,63568.00,1,,no,90,63525.61,6.67,0,5,4.50,0.04,5.00,0.50,0.46,1
2026-07-17 02:45,KXBTC15M-26JUL162245-45,63539.52,1,,no,98,63403.55,21.40,0,5,4.90,0.01,5.00,0.10,0.09,1
2026-07-17 03:00,KXBTC15M-26JUL162300-00,63404.30,1,,no,92,63363.01,6.51,0,5,4.60,0.03,0.00,-4.60,-4.63,0
2026-07-17 03:15,KXBTC15M-26JUL162315-15,63435.63,1,,yes,98,63550.81,18.16,0,5,4.90,0.01,5.00,0.10,0.09,1
2026-07-17 03:30,KXBTC15M-26JUL162330-30,63572.50,1,,yes,89,63631.78,9.32,0,5,4.45,0.04,5.00,0.55,0.51,1
2026-07-17 03:45,KXBTC15M-26JUL162345-45,63633.43,1,,no,75,63556.90,12.03,0,6,4.50,0.08,6.00,1.50,1.42,1
2026-07-17 04:00,KXBTC15M-26JUL170000-00,63574.20,1,,no,94,63527.66,7.32,0,5,4.70,0.02,5.00,0.30,0.28,1
2026-07-17 04:15,KXBTC15M-26JUL170015-15,63518.05,1,,no,97,63468.13,7.86,0,5,4.85,0.02,5.00,0.15,0.13,1
2026-07-17 04:30,KXBTC15M-26JUL170030-30,63447.19,1,,no,96,63352.11,14.99,0,5,4.80,0.02,5.00,0.20,0.18,1
2026-07-17 04:45,KXBTC15M-26JUL170045-45,63325.69,1,,yes,73,63334.65,1.41,0,6,4.38,0.09,6.00,1.62,1.53,1
2026-07-17 05:00,KXBTC15M-26JUL170100-00,63428.89,0,odds 38c not above 60c,no,,63424.02,0.77,0,0,0.00,0.00,0.00,0.00,0.00,
2026-07-17 05:15,KXBTC15M-26JUL170115-15,63433.23,1,,no,95,63375.83,9.05,0,5,4.75,0.02,5.00,0.25,0.23,1
2026-07-17 05:30,KXBTC15M-26JUL170130-30,63376.75,1,,no,98,63257.89,18.75,0,5,4.90,0.01,5.00,0.10,0.09,1
2026-07-17 05:45,KXBTC15M-26JUL170145-45,63205.39,1,,no,98,62987.86,34.42,0,5,4.90,0.01,5.00,0.10,0.09,1
2026-07-17 06:00,KXBTC15M-26JUL170200-00,62940.06,1,,no,98,62812.70,20.24,0,5,4.90,0.01,5.00,0.10,0.09,1
2026-07-17 06:15,KXBTC15M-26JUL170215-15,62782.25,0,odds 58c not above 60c,no,,62739.99,6.73,0,0,0.00,0.00,0.00,0.00,0.00,
2026-07-17 06:30,KXBTC15M-26JUL170230-30,62760.90,0,odds 60c not above 60c,yes,,62783.54,3.61,0,0,0.00,0.00,0.00,0.00,0.00,
2026-07-17 06:45,KXBTC15M-26JUL170245-45,62883.31,0,odds 47c not above 60c,no,,62862.83,3.26,0,0,0.00,0.00,0.00,0.00,0.00,
2026-07-17 07:00,KXBTC15M-26JUL170300-00,62832.21,0,odds 56c not above 60c,yes,,62841.89,1.54,0,0,0.00,0.00,0.00,0.00,0.00,
2026-07-17 07:15,KXBTC15M-26JUL170315-15,62888.10,1,,no,62,62836.21,8.25,0,8,4.96,0.14,8.00,3.04,2.90,1
2026-07-17 07:30,KXBTC15M-26JUL170330-30,62851.61,1,,no,85,62818.59,5.25,0,5,4.25,0.05,0.00,-4.25,-4.30,0
2026-07-17 07:45,KXBTC15M-26JUL170345-45,62881.43,0,odds 47c not above 60c,no,,62869.12,1.96,0,0,0.00,0.00,0.00,0.00,0.00,
2026-07-17 08:00,KXBTC15M-26JUL170400-00,62911.76,1,,no,89,62861.31,8.02,0,5,4.45,0.04,5.00,0.55,0.51,1
2026-07-17 08:15,KXBTC15M-26JUL170415-15,62779.15,1,,yes,71,62791.83,2.02,0,7,4.97,0.11,7.00,2.03,1.92,1
2026-07-17 08:30,KXBTC15M-26JUL170430-30,62835.86,1,,no,85,62732.96,16.38,0,5,4.25,0.05,5.00,0.75,0.70,1
2026-07-17 08:45,KXBTC15M-26JUL170445-45,62760.65,1,,no,96,62659.35,16.14,0,5,4.80,0.02,5.00,0.20,0.18,1
2026-07-17 09:00,KXBTC15M-26JUL170500-00,62725.95,1,,yes,96,62821.27,15.20,0,5,4.80,0.02,5.00,0.20,0.18,1
2026-07-17 09:15,KXBTC15M-26JUL170515-15,62843.70,0,odds 36c not above 60c,no,,62824.96,2.98,0,0,0.00,0.00,0.00,0.00,0.00,
2026-07-17 09:30,KXBTC15M-26JUL170530-30,62895.79,0,odds 48c not above 60c,yes,,62901.26,0.87,0,0,0.00,0.00,0.00,0.00,0.00,
2026-07-17 09:45,KXBTC15M-26JUL170545-45,62899.01,1,,yes,90,62942.72,6.95,0,5,4.50,0.04,5.00,0.50,0.46,1
2026-07-17 10:00,KXBTC15M-26JUL170600-00,62999.63,1,,no,92,62928.92,11.22,0,5,4.60,0.03,5.00,0.40,0.37,1
2026-07-17 10:15,KXBTC15M-26JUL170615-15,62937.75,1,,yes,96,62971.69,5.39,0,5,4.80,0.02,5.00,0.20,0.18,1
2026-07-17 10:30,KXBTC15M-26JUL170630-30,63037.02,1,,no,82,63001.60,5.62,0,6,4.92,0.07,0.00,-4.92,-4.99,0
2026-07-17 10:45,KXBTC15M-26JUL170645-45,63042.30,1,,yes,96,63101.76,9.43,0,5,4.80,0.02,5.00,0.20,0.18,1
2026-07-17 11:00,KXBTC15M-26JUL170700-00,63129.43,0,odds 37c not above 60c,no,,63115.67,2.18,0,0,0.00,0.00,0.00,0.00,0.00,
2026-07-17 11:15,KXBTC15M-26JUL170715-15,63127.49,1,,no,98,63057.95,11.02,0,5,4.90,0.01,5.00,0.10,0.09,1
2026-07-17 11:30,KXBTC15M-26JUL170730-30,63048.47,0,odds 55c not above 60c,no,,63043.70,0.76,0,0,0.00,0.00,0.00,0.00,0.00,
2026-07-17 11:45,KXBTC15M-26JUL170745-45,63077.27,1,,yes,99,63234.52,24.93,0,5,4.95,0.01,5.00,0.05,0.04,1
2026-07-17 12:00,KXBTC15M-26JUL170800-00,63238.36,1,,yes,93,63290.63,8.27,0,5,4.65,0.03,5.00,0.35,0.32,1
2026-07-17 12:15,KXBTC15M-26JUL170815-15,63257.83,1,,no,88,63206.44,8.12,0,5,4.40,0.04,5.00,0.60,0.56,1
2026-07-17 12:30,KXBTC15M-26JUL170830-30,63184.94,0,odds 60c not above 60c,yes,,63185.29,0.06,0,0,0.00,0.00,0.00,0.00,0.00,
2026-07-17 12:45,KXBTC15M-26JUL170845-45,63139.79,1,,no,95,63088.87,8.06,0,5,4.75,0.02,5.00,0.25,0.23,1
2026-07-17 13:00,KXBTC15M-26JUL170900-00,63064.13,1,,yes,79,63097.12,5.23,0,6,4.74,0.07,0.00,-4.74,-4.81,0
2026-07-17 13:15,KXBTC15M-26JUL170915-15,63049.15,1,,no,99,62786.66,41.63,0,5,4.95,0.01,5.00,0.05,0.04,1
2026-07-17 13:30,KXBTC15M-26JUL170930-30,62765.74,1,,yes,73,62806.55,6.50,0,6,4.38,0.09,6.00,1.62,1.53,1
2026-07-17 13:45,KXBTC15M-26JUL170945-45,62792.14,1,,no,99,62617.93,27.74,0,5,4.95,0.01,5.00,0.05,0.04,1
2026-07-17 14:00,KXBTC15M-26JUL171000-00,62494.59,1,,yes,99,62757.89,42.13,0,5,4.95,0.01,5.00,0.05,0.04,1
2026-07-17 14:15,KXBTC15M-26JUL171015-15,63076.22,1,,yes,99,63413.76,53.51,0,5,4.95,0.01,5.00,0.05,0.04,1
2026-07-17 14:30,KXBTC15M-26JUL171030-30,63328.67,1,,no,80,63269.00,9.42,0,6,4.80,0.07,6.00,1.20,1.13,1
2026-07-17 14:45,KXBTC15M-26JUL171045-45,63179.94,1,,yes,88,63262.87,13.13,0,5,4.40,0.04,5.00,0.60,0.56,1
2026-07-17 15:00,KXBTC15M-26JUL171100-00,63229.40,1,,no,88,63188.81,6.42,0,5,4.40,0.04,5.00,0.60,0.56,1
2026-07-17 15:15,KXBTC15M-26JUL171115-15,63147.79,1,,no,94,62948.00,31.64,0,5,4.70,0.02,5.00,0.30,0.28,1
2026-07-17 15:30,KXBTC15M-26JUL171130-30,62846.75,1,,yes,99,63098.00,39.98,0,5,4.95,0.01,5.00,0.05,0.04,1
2026-07-17 15:45,KXBTC15M-26JUL171145-45,63191.70,0,odds 32c not above 60c,no,,63182.87,1.40,0,0,0.00,0.00,0.00,0.00,0.00,
2026-07-17 16:00,KXBTC15M-26JUL171200-00,63158.72,1,,yes,91,63281.27,19.40,0,5,4.55,0.03,5.00,0.45,0.42,1
2026-07-17 16:15,KXBTC15M-26JUL171215-15,63376.07,1,,yes,79,63476.33,15.82,0,6,4.74,0.07,6.00,1.26,1.19,1
2026-07-17 16:30,KXBTC15M-26JUL171230-30,63446.68,1,,no,98,63347.64,15.61,0,5,4.90,0.01,5.00,0.10,0.09,1
2026-07-17 16:45,KXBTC15M-26JUL171245-45,63430.82,1,,no,68,63372.35,9.22,0,7,4.76,0.11,0.00,-4.76,-4.87,0
2026-07-17 17:00,KXBTC15M-26JUL171300-00,63469.97,1,,yes,97,63564.00,14.81,0,5,4.85,0.02,5.00,0.15,0.13,1
2026-07-17 17:15,KXBTC15M-26JUL171315-15,63559.86,1,,yes,99,63938.24,59.53,0,5,4.95,0.01,5.00,0.05,0.04,1
2026-07-17 17:30,KXBTC15M-26JUL171330-30,63960.97,0,odds 56c not above 60c,yes,,64020.00,9.23,0,0,0.00,0.00,0.00,0.00,0.00,
2026-07-17 17:45,KXBTC15M-26JUL171345-45,64012.19,0,odds 53c not above 60c,no,,63951.98,9.41,0,0,0.00,0.00,0.00,0.00,0.00,
2026-07-17 18:00,KXBTC15M-26JUL171400-00,64001.70,0,odds 51c not above 60c,no,,63985.90,2.47,0,0,0.00,0.00,0.00,0.00,0.00,
2026-07-17 18:15,KXBTC15M-26JUL171415-15,64028.69,1,,no,65,64028.03,0.10,0,7,4.55,0.12,0.00,-4.55,-4.67,0
2026-07-17 18:30,KXBTC15M-26JUL171430-30,64063.24,1,,no,98,63892.15,26.71,0,5,4.90,0.01,5.00,0.10,0.09,1
2026-07-17 18:45,KXBTC15M-26JUL171445-45,63922.73,1,,yes,97,64017.05,14.76,0,5,4.85,0.02,5.00,0.15,0.13,1
2026-07-17 19:00,KXBTC15M-26JUL171500-00,64086.14,1,,yes,99,64248.23,25.29,0,5,4.95,0.01,5.00,0.05,0.04,1
2026-07-17 19:15,KXBTC15M-26JUL171515-15,64226.76,1,,no,99,64061.15,25.79,0,5,4.95,0.01,5.00,0.05,0.04,1
2026-07-17 19:30,KXBTC15M-26JUL171530-30,64052.86,1,,no,91,63985.81,10.47,0,5,4.55,0.03,5.00,0.45,0.42,1
2026-07-17 19:45,KXBTC15M-26JUL171545-45,64046.00,1,,yes,85,64108.34,9.73,0,5,4.25,0.05,5.00,0.75,0.70,1
2026-07-17 20:00,KXBTC15M-26JUL171600-00,64144.23,0,odds 50c not above 60c,no,,64108.46,5.58,0,0,0.00,0.00,0.00,0.00,0.00,
2026-07-17 20:15,KXBTC15M-26JUL171615-15,64126.82,1,,no,99,63984.14,22.25,0,5,4.95,0.01,5.00,0.05,0.04,1
2026-07-17 20:30,KXBTC15M-26JUL171630-30,63981.07,1,,yes,79,64021.46,6.31,0,6,4.74,0.07,6.00,1.26,1.19,1
2026-07-17 20:45,KXBTC15M-26JUL171645-45,64028.67,1,,no,97,63923.27,16.46,0,5,4.85,0.02,0.00,-4.85,-4.87,0
2026-07-17 21:00,KXBTC15M-26JUL171700-00,64035.80,1,,yes,95,64129.66,14.66,0,5,4.75,0.02,5.00,0.25,0.23,1
2026-07-17 21:15,KXBTC15M-26JUL171715-15,64090.83,1,,yes,86,64114.88,3.75,0,5,4.30,0.05,5.00,0.70,0.65,1
2026-07-17 21:30,KXBTC15M-26JUL171730-30,64134.09,0,odds 58c not above 60c,yes,,64135.37,0.20,0,0,0.00,0.00,0.00,0.00,0.00,
2026-07-17 21:45,KXBTC15M-26JUL171745-45,64143.35,1,,no,96,64057.37,13.40,0,5,4.80,0.02,5.00,0.20,0.18,1
2026-07-17 22:00,KXBTC15M-26JUL171800-00,64064.10,0,odds 43c not above 60c,no,,64057.58,1.02,0,0,0.00,0.00,0.00,0.00,0.00,
2026-07-17 22:15,KXBTC15M-26JUL171815-15,64058.92,1,,no,80,64026.20,5.11,0,6,4.80,0.07,6.00,1.20,1.13,1
2026-07-17 22:30,KXBTC15M-26JUL171830-30,64046.88,1,,no,94,63976.16,11.04,0,5,4.70,0.02,5.00,0.30,0.28,1
2026-07-17 22:45,KXBTC15M-26JUL171845-45,63935.43,1,,no,89,63895.96,6.17,0,5,4.45,0.04,5.00,0.55,0.51,1
2026-07-17 23:00,KXBTC15M-26JUL171900-00,63913.42,1,,yes,92,63941.99,4.47,0,5,4.60,0.03,5.00,0.40,0.37,1
2026-07-17 23:15,KXBTC15M-26JUL171915-15,63939.24,1,,no,96,63854.38,13.27,0,5,4.80,0.02,5.00,0.20,0.18,1
2026-07-17 23:30,KXBTC15M-26JUL171930-30,63872.58,1,,yes,97,63903.70,4.87,0,5,4.85,0.02,5.00,0.15,0.13,1
2026-07-17 23:45,KXBTC15M-26JUL171945-45,63927.46,1,,yes,86,63932.80,0.84,0,5,4.30,0.05,5.00,0.70,0.65,1
2026-07-18 00:00,KXBTC15M-26JUL172000-00,63944.37,1,,no,91,63921.99,3.50,0,5,4.55,0.03,5.00,0.45,0.42,1
2026-07-18 00:15,KXBTC15M-26JUL172015-15,63901.98,1,,no,89,63861.86,6.28,0,5,4.45,0.04,0.00,-4.45,-4.49,0
2026-07-18 00:30,KXBTC15M-26JUL172030-30,63920.62,1,,yes,84,63946.25,4.01,0,5,4.20,0.05,5.00,0.80,0.75,1
2026-07-18 00:45,KXBTC15M-26JUL172045-45,63958.95,1,,no,96,63882.68,11.92,0,5,4.80,0.02,5.00,0.20,0.18,1
2026-07-18 01:00,KXBTC15M-26JUL172100-00,63883.66,1,,no,72,63852.27,4.91,0,6,4.32,0.09,6.00,1.68,1.59,1
2026-07-18 01:15,KXBTC15M-26JUL172115-15,63870.55,1,,yes,66,63876.38,0.91,0,7,4.62,0.11,7.00,2.38,2.27,1
2026-07-18 01:30,KXBTC15M-26JUL172130-30,63886.78,1,,yes,97,63945.13,9.13,0,5,4.85,0.02,5.00,0.15,0.13,1
2026-07-18 01:45,KXBTC15M-26JUL172145-45,63962.19,1,,no,95,63893.60,10.72,0,5,4.75,0.02,5.00,0.25,0.23,1
2026-07-18 02:00,KXBTC15M-26JUL172200-00,63908.62,1,,yes,95,63936.68,4.39,0,5,4.75,0.02,5.00,0.25,0.23,1
2026-07-18 02:15,KXBTC15M-26JUL172215-15,63925.47,0,odds 44c not above 60c,no,,63888.88,5.72,0,0,0.00,0.00,0.00,0.00,0.00,
2026-07-18 02:30,KXBTC15M-26JUL172230-30,63929.70,1,,yes,88,63956.83,4.24,0,5,4.40,0.04,5.00,0.60,0.56,1
2026-07-18 02:45,KXBTC15M-26JUL172245-45,63958.16,0,odds 26c not above 60c,no,,63921.60,5.72,0,0,0.00,0.00,0.00,0.00,0.00,
2026-07-18 03:00,KXBTC15M-26JUL172300-00,63931.52,0,odds 53c not above 60c,no,,63910.56,3.28,0,0,0.00,0.00,0.00,0.00,0.00,
2026-07-18 03:15,KXBTC15M-26JUL172315-15,63922.20,1,,yes,90,63934.46,1.92,0,5,4.50,0.04,5.00,0.50,0.46,1
2026-07-18 03:30,KXBTC15M-26JUL172330-30,63929.90,0,odds 54c not above 60c,no,,63905.77,3.77,0,0,0.00,0.00,0.00,0.00,0.00,
2026-07-18 03:45,KXBTC15M-26JUL172345-45,63917.82,1,,no,75,63895.40,3.51,0,6,4.50,0.08,6.00,1.50,1.42,1
2026-07-18 04:00,KXBTC15M-26JUL180000-00,63905.32,1,,yes,92,63930.00,3.86,0,5,4.60,0.03,5.00,0.40,0.37,1
2026-07-18 04:15,KXBTC15M-26JUL180015-15,63981.64,1,,no,86,63953.74,4.36,0,5,4.30,0.05,5.00,0.70,0.65,1
2026-07-18 04:30,KXBTC15M-26JUL180030-30,63958.02,1,,no,95,63922.39,5.57,0,5,4.75,0.02,5.00,0.25,0.23,1
2026-07-18 04:45,KXBTC15M-26JUL180045-45,63947.86,1,,no,91,63910.00,5.92,0,5,4.55,0.03,5.00,0.45,0.42,1
2026-07-18 05:00,KXBTC15M-26JUL180100-00,63912.98,1,,yes,85,63914.75,0.28,0,5,4.25,0.05,5.00,0.75,0.70,1
2026-07-18 05:15,KXBTC15M-26JUL180115-15,63927.67,1,,no,86,63900.00,4.33,0,5,4.30,0.05,5.00,0.70,0.65,1
2026-07-18 05:30,KXBTC15M-26JUL180130-30,63897.09,1,,yes,94,63931.83,5.44,0,5,4.70,0.02,5.00,0.30,0.28,1
2026-07-18 05:45,KXBTC15M-26JUL180145-45,63931.11,1,,no,64,63915.90,2.38,0,7,4.48,0.12,7.00,2.52,2.40,1
2026-07-18 06:00,KXBTC15M-26JUL180200-00,63927.92,1,,no,73,63897.14,4.81,0,6,4.38,0.09,6.00,1.62,1.53,1
2026-07-18 06:15,KXBTC15M-26JUL180215-15,63918.81,1,,yes,82,63927.98,1.43,0,6,4.92,0.07,6.00,1.08,1.01,1
2026-07-18 06:30,KXBTC15M-26JUL180230-30,63924.17,1,,yes,95,63941.26,2.67,0,5,4.75,0.02,5.00,0.25,0.23,1
2026-07-18 06:45,KXBTC15M-26JUL180245-45,63951.18,1,,no,94,63923.97,4.25,0,5,4.70,0.02,5.00,0.30,0.28,1
2026-07-18 07:00,KXBTC15M-26JUL180300-00,63933.25,1,,yes,77,63940.10,1.07,0,6,4.62,0.08,6.00,1.38,1.30,1
2026-07-18 07:15,KXBTC15M-26JUL180315-15,63941.40,1,,yes,86,63951.03,1.51,0,5,4.30,0.05,5.00,0.70,0.65,1
2026-07-18 07:30,KXBTC15M-26JUL180330-30,63959.33,1,,yes,92,63967.26,1.24,0,5,4.60,0.03,5.00,0.40,0.37,1
2026-07-18 07:45,KXBTC15M-26JUL180345-45,63974.14,1,,no,69,63955.60,2.90,0,7,4.83,0.11,0.00,-4.83,-4.94,0
2026-07-18 08:00,KXBTC15M-26JUL180400-00,63977.55,1,,no,84,63958.40,2.99,0,5,4.20,0.05,0.00,-4.20,-4.25,0
2026-07-18 08:15,KXBTC15M-26JUL180415-15,63978.53,1,,no,97,63932.23,7.24,0,5,4.85,0.02,5.00,0.15,0.13,1
2026-07-18 08:30,KXBTC15M-26JUL180430-30,63931.46,1,,yes,88,63940.00,1.34,0,5,4.40,0.04,5.00,0.60,0.56,1
2026-07-18 08:45,KXBTC15M-26JUL180445-45,63969.68,1,,no,71,63954.39,2.39,0,7,4.97,0.11,7.00,2.03,1.92,1
2026-07-18 09:00,KXBTC15M-26JUL180500-00,63944.16,1,,yes,84,63951.02,1.07,0,5,4.20,0.05,5.00,0.80,0.75,1
2026-07-18 09:15,KXBTC15M-26JUL180515-15,63951.59,1,,no,94,63930.11,3.36,0,5,4.70,0.02,5.00,0.30,0.28,1
2026-07-18 09:30,KXBTC15M-26JUL180530-30,63934.85,1,,no,79,63920.00,2.32,0,6,4.74,0.07,6.00,1.26,1.19,1
2026-07-18 09:45,KXBTC15M-26JUL180545-45,63920.23,1,,yes,80,63924.04,0.60,0,6,4.80,0.07,6.00,1.20,1.13,1
2026-07-18 10:00,KXBTC15M-26JUL180600-00,63929.02,1,,yes,94,63944.95,2.49,0,5,4.70,0.02,5.00,0.30,0.28,1
2026-07-18 10:15,KXBTC15M-26JUL180615-15,63944.05,1,,yes,72,63945.57,0.24,0,6,4.32,0.09,6.00,1.68,1.59,1
2026-07-18 10:30,KXBTC15M-26JUL180630-30,63949.23,1,,yes,78,63954.71,0.86,0,6,4.68,0.08,6.00,1.32,1.24,1
2026-07-18 10:45,KXBTC15M-26JUL180645-45,63962.64,0,odds 46c not above 60c,no,,63955.22,1.16,0,0,0.00,0.00,0.00,0.00,0.00,
2026-07-18 11:00,KXBTC15M-26JUL180700-00,63961.19,1,,yes,80,63965.09,0.61,0,6,4.80,0.07,6.00,1.20,1.13,1
2026-07-18 11:15,KXBTC15M-26JUL180715-15,63967.65,0,odds 42c not above 60c,no,,63967.37,0.04,0,0,0.00,0.00,0.00,0.00,0.00,
2026-07-18 11:30,KXBTC15M-26JUL180730-30,63973.07,1,,yes,80,63974.05,0.15,0,6,4.80,0.07,6.00,1.20,1.13,1
2026-07-18 11:45,KXBTC15M-26JUL180745-45,63980.20,0,odds 55c not above 60c,no,,63979.09,0.17,0,0,0.00,0.00,0.00,0.00,0.00,
2026-07-18 12:00,KXBTC15M-26JUL180800-00,63976.18,1,,yes,74,63977.65,0.23,0,6,4.44,0.09,6.00,1.56,1.47,1
2026-07-18 12:15,KXBTC15M-26JUL180815-15,64024.02,1,,yes,95,64076.16,8.14,0,5,4.75,0.02,5.00,0.25,0.23,1
2026-07-18 12:30,KXBTC15M-26JUL180830-30,64095.50,1,,no,95,64061.09,5.37,0,5,4.75,0.02,5.00,0.25,0.23,1
2026-07-18 12:45,KXBTC15M-26JUL180845-45,64062.04,1,,yes,99,64124.00,9.67,0,5,4.95,0.01,5.00,0.05,0.04,1
2026-07-18 13:00,KXBTC15M-26JUL180900-00,64145.53,1,,yes,84,64157.61,1.88,0,5,4.20,0.05,5.00,0.80,0.75,1
2026-07-18 13:15,KXBTC15M-26JUL180915-15,64179.26,1,,no,99,64038.40,21.95,0,5,4.95,0.01,5.00,0.05,0.04,1
2026-07-18 13:30,KXBTC15M-26JUL180930-30,63989.26,1,,no,95,63950.57,6.05,0,5,4.75,0.02,0.00,-4.75,-4.77,0
2026-07-18 13:45,KXBTC15M-26JUL180945-45,64015.47,0,odds 60c not above 60c,yes,,64024.62,1.43,0,0,0.00,0.00,0.00,0.00,0.00,
2026-07-18 14:00,KXBTC15M-26JUL181000-00,64011.86,1,,yes,82,64050.57,6.05,0,6,4.92,0.07,6.00,1.08,1.01,1
2026-07-18 14:15,KXBTC15M-26JUL181015-15,64062.43,1,,yes,87,64103.97,6.48,0,5,4.35,0.04,5.00,0.65,0.61,1
2026-07-18 14:30,KXBTC15M-26JUL181030-30,64129.61,1,,no,84,64101.91,4.32,0,5,4.20,0.05,0.00,-4.20,-4.25,0
2026-07-18 14:45,KXBTC15M-26JUL181045-45,64134.75,0,odds 32c not above 60c,no,,64130.22,0.71,0,0,0.00,0.00,0.00,0.00,0.00,
2026-07-18 15:00,KXBTC15M-26JUL181100-00,64128.17,1,,no,79,64108.40,3.08,0,6,4.74,0.07,6.00,1.26,1.19,1
2026-07-18 15:15,KXBTC15M-26JUL181115-15,64090.88,1,,no,87,64056.64,5.34,0,5,4.35,0.04,5.00,0.65,0.61,1
2026-07-18 15:30,KXBTC15M-26JUL181130-30,64063.46,0,odds 27c not above 60c,no,,64063.06,0.06,0,0,0.00,0.00,0.00,0.00,0.00,
2026-07-18 15:45,KXBTC15M-26JUL181145-45,64047.33,1,,no,78,64016.28,4.85,0,6,4.68,0.08,6.00,1.32,1.24,1
2026-07-18 16:00,KXBTC15M-26JUL181200-00,64022.91,1,,yes,96,64076.35,8.35,0,5,4.80,0.02,5.00,0.20,0.18,1
2026-07-18 16:15,KXBTC15M-26JUL181215-15,64082.06,1,,no,69,64076.02,0.94,0,7,4.83,0.11,0.00,-4.83,-4.94,0
2026-07-18 16:30,KXBTC15M-26JUL181230-30,64104.97,0,odds 60c not above 60c,no,,64081.91,3.60,0,0,0.00,0.00,0.00,0.00,0.00,
2026-07-18 16:45,KXBTC15M-26JUL181245-45,64097.36,0,odds 57c not above 60c,no,,64087.82,1.49,0,0,0.00,0.00,0.00,0.00,0.00,
2026-07-18 17:00,KXBTC15M-26JUL181300-00,64103.17,1,,yes,99,64245.69,22.23,0,5,4.95,0.01,5.00,0.05,0.04,1
2026-07-18 17:15,KXBTC15M-26JUL181315-15,64248.95,0,odds 33c not above 60c,yes,,64249.11,0.02,0,0,0.00,0.00,0.00,0.00,0.00,
2026-07-18 17:30,KXBTC15M-26JUL181330-30,64272.65,1,,no,63,64249.13,3.66,0,7,4.41,0.12,7.00,2.59,2.47,1
2026-07-18 17:45,KXBTC15M-26JUL181345-45,64255.30,1,,yes,99,64382.07,19.73,0,5,4.95,0.01,5.00,0.05,0.04,1
2026-07-18 18:00,KXBTC15M-26JUL181400-00,64399.82,1,,yes,81,64414.72,2.31,0,6,4.86,0.07,6.00,1.14,1.07,1
2026-07-18 18:15,KXBTC15M-26JUL181415-15,64448.86,1,,no,69,64439.42,1.46,0,7,4.83,0.11,7.00,2.17,2.06,1
2026-07-18 18:30,KXBTC15M-26JUL181430-30,64435.09,1,,yes,98,64484.64,7.69,0,5,4.90,0.01,5.00,0.10,0.09,1
2026-07-18 18:45,KXBTC15M-26JUL181445-45,64531.24,1,,no,96,64454.99,11.82,0,5,4.80,0.02,5.00,0.20,0.18,1
2026-07-18 19:00,KXBTC15M-26JUL181500-00,64452.77,0,odds 36c not above 60c,no,,64445.97,1.06,0,0,0.00,0.00,0.00,0.00,0.00,
2026-07-18 19:15,KXBTC15M-26JUL181515-15,64484.13,0,odds 31c not above 60c,no,,64480.75,0.52,0,0,0.00,0.00,0.00,0.00,0.00,
2026-07-18 19:30,KXBTC15M-26JUL181530-30,64498.97,1,,no,68,64480.97,2.79,0,7,4.76,0.11,7.00,2.24,2.13,1
2026-07-18 19:45,KXBTC15M-26JUL181545-45,64452.42,1,,yes,91,64475.23,3.54,0,5,4.55,0.03,5.00,0.45,0.42,1
2026-07-18 20:00,KXBTC15M-26JUL181600-00,64495.37,1,,yes,88,64517.32,3.40,0,5,4.40,0.04,5.00,0.60,0.56,1
2026-07-18 20:15,KXBTC15M-26JUL181615-15,64535.90,0,odds 50c not above 60c,yes,,64551.29,2.38,0,0,0.00,0.00,0.00,0.00,0.00,
2026-07-18 20:30,KXBTC15M-26JUL181630-30,64584.83,1,,yes,89,64632.89,7.44,0,5,4.45,0.04,5.00,0.55,0.51,1
2026-07-18 20:45,KXBTC15M-26JUL181645-45,64618.12,1,,no,93,64565.59,8.13,0,5,4.65,0.03,5.00,0.35,0.32,1
2026-07-18 21:00,KXBTC15M-26JUL181700-00,64573.39,1,,yes,95,64635.52,9.62,0,5,4.75,0.02,5.00,0.25,0.23,1
2026-07-18 21:15,KXBTC15M-26JUL181715-15,64665.25,1,,no,85,64634.89,4.69,0,5,4.25,0.05,0.00,-4.25,-4.30,0
2026-07-18 21:30,KXBTC15M-26JUL181730-30,64702.16,1,,no,63,64701.75,0.06,0,7,4.41,0.12,7.00,2.59,2.47,1
2026-07-18 21:45,KXBTC15M-26JUL181745-45,64696.01,1,,no,92,64641.14,8.48,0,5,4.60,0.03,5.00,0.40,0.37,1
2026-07-18 22:00,KXBTC15M-26JUL181800-00,64629.99,1,,yes,96,64710.27,12.42,0,5,4.80,0.02,5.00,0.20,0.18,1
2026-07-18 22:15,KXBTC15M-26JUL181815-15,64701.80,1,,yes,86,64783.99,12.70,0,5,4.30,0.05,5.00,0.70,0.65,1
2026-07-18 22:30,KXBTC15M-26JUL181830-30,64767.91,1,,no,91,64710.03,8.94,0,5,4.55,0.03,5.00,0.45,0.42,1
2026-07-18 22:45,KXBTC15M-26JUL181845-45,64704.32,1,,yes,70,64735.88,4.88,0,7,4.90,0.11,7.00,2.10,1.99,1
2026-07-18 23:00,KXBTC15M-26JUL181900-00,64737.87,0,odds 35c not above 60c,yes,,64749.07,1.73,0,0,0.00,0.00,0.00,0.00,0.00,
2026-07-18 23:15,KXBTC15M-26JUL181915-15,64777.78,1,,no,96,64693.57,13.00,0,5,4.80,0.02,5.00,0.20,0.18,1
2026-07-18 23:30,KXBTC15M-26JUL181930-30,64701.84,1,,yes,97,64771.03,10.69,0,5,4.85,0.02,5.00,0.15,0.13,1
2026-07-18 23:45,KXBTC15M-26JUL181945-45,64802.60,0,odds 56c not above 60c,no,,64761.62,6.32,0,0,0.00,0.00,0.00,0.00,0.00,
2026-07-19 00:00,KXBTC15M-26JUL182000-00,64789.80,0,odds 58c not above 60c,yes,,64790.00,0.03,0,0,0.00,0.00,0.00,0.00,0.00,
2026-07-19 00:15,KXBTC15M-26JUL182015-15,64797.52,1,,yes,72,64806.28,1.35,0,6,4.32,0.09,6.00,1.68,1.59,1
2026-07-19 00:30,KXBTC15M-26JUL182030-30,64811.03,0,odds 60c not above 60c,yes,,64820.82,1.51,0,0,0.00,0.00,0.00,0.00,0.00,
2026-07-19 00:45,KXBTC15M-26JUL182045-45,64762.01,1,,no,80,64739.11,3.54,0,6,4.80,0.07,6.00,1.20,1.13,1
2026-07-19 01:00,KXBTC15M-26JUL182100-00,64740.79,0,odds 27c not above 60c,no,,64736.82,0.61,0,0,0.00,0.00,0.00,0.00,0.00,
2026-07-19 01:15,KXBTC15M-26JUL182115-15,64739.60,0,odds 47c not above 60c,no,,64732.35,1.12,0,0,0.00,0.00,0.00,0.00,0.00,
2026-07-19 01:30,KXBTC15M-26JUL182130-30,64739.54,0,odds 55c not above 60c,yes,,64740.60,0.16,0,0,0.00,0.00,0.00,0.00,0.00,
2026-07-19 01:45,KXBTC15M-26JUL182145-45,64740.23,1,,no,68,64724.88,2.37,0,7,4.76,0.11,7.00,2.24,2.13,1
2026-07-19 02:00,KXBTC15M-26JUL182200-00,64733.09,0,odds 53c not above 60c,no,,64728.02,0.78,0,0,0.00,0.00,0.00,0.00,0.00,
2026-07-19 02:15,KXBTC15M-26JUL182215-15,64736.18,1,,yes,97,64833.77,15.08,0,5,4.85,0.02,5.00,0.15,0.13,1
2026-07-19 02:30,KXBTC15M-26JUL182230-30,64863.02,1,,no,96,64789.10,11.40,0,5,4.80,0.02,5.00,0.20,0.18,1
2026-07-19 02:45,KXBTC15M-26JUL182245-45,64788.48,1,,yes,92,64812.17,3.66,0,5,4.60,0.03,5.00,0.40,0.37,1
2026-07-19 03:00,KXBTC15M-26JUL182300-00,64804.27,0,odds 54c not above 60c,yes,,64806.25,0.31,0,0,0.00,0.00,0.00,0.00,0.00,
2026-07-19 03:15,KXBTC15M-26JUL182315-15,64790.92,1,,no,99,64701.21,13.85,0,5,4.95,0.01,5.00,0.05,0.04,1
2026-07-19 03:30,KXBTC15M-26JUL182330-30,64702.05,1,,no,97,64606.71,14.74,0,5,4.85,0.02,5.00,0.15,0.13,1
2026-07-19 03:45,KXBTC15M-26JUL182345-45,64627.76,0,odds 45c not above 60c,yes,,64631.83,0.63,0,0,0.00,0.00,0.00,0.00,0.00,
2026-07-19 04:00,KXBTC15M-26JUL190000-00,64625.28,1,,yes,92,64649.57,3.76,0,5,4.60,0.03,5.00,0.40,0.37,1
2026-07-19 04:15,KXBTC15M-26JUL190015-15,64665.55,1,,no,97,64601.64,9.88,0,5,4.85,0.02,5.00,0.15,0.13,1
2026-07-19 04:30,KXBTC15M-26JUL190030-30,64606.19,1,,yes,95,64634.03,4.31,0,5,4.75,0.02,5.00,0.25,0.23,1
2026-07-19 04:45,KXBTC15M-26JUL190045-45,64673.63,1,,yes,98,64714.23,6.28,0,5,4.90,0.01,5.00,0.10,0.09,1
2026-07-19 05:00,KXBTC15M-26JUL190100-00,64726.41,1,,no,98,64668.64,8.93,0,5,4.90,0.01,5.00,0.10,0.09,1
2026-07-19 05:15,KXBTC15M-26JUL190115-15,64683.68,1,,yes,94,64709.97,4.06,0,5,4.70,0.02,5.00,0.30,0.28,1
2026-07-19 05:30,KXBTC15M-26JUL190130-30,64741.59,1,,no,78,64712.39,4.51,0,6,4.68,0.08,6.00,1.32,1.24,1
2026-07-19 05:45,KXBTC15M-26JUL190145-45,64684.32,1,,no,85,64660.91,3.62,0,5,4.25,0.05,5.00,0.75,0.70,1
2026-07-19 06:00,KXBTC15M-26JUL190200-00,64660.62,1,,yes,96,64687.04,4.09,0,5,4.80,0.02,5.00,0.20,0.18,1
2026-07-19 06:15,KXBTC15M-26JUL190215-15,64686.07,1,,no,93,64654.00,4.96,0,5,4.65,0.03,0.00,-4.65,-4.68,0
2026-07-19 06:30,KXBTC15M-26JUL190230-30,64689.40,1,,yes,94,64698.08,1.34,0,5,4.70,0.02,5.00,0.30,0.28,1
2026-07-19 06:45,KXBTC15M-26JUL190245-45,64693.00,0,odds 40c not above 60c,no,,64684.80,1.27,0,0,0.00,0.00,0.00,0.00,0.00,
2026-07-19 07:00,KXBTC15M-26JUL190300-00,64693.06,1,,no,85,64670.64,3.47,0,5,4.25,0.05,5.00,0.75,0.70,1
2026-07-19 07:15,KXBTC15M-26JUL190315-15,64675.68,1,,no,81,64650.24,3.93,0,6,4.86,0.07,6.00,1.14,1.07,1
2026-07-19 07:30,KXBTC15M-26JUL190330-30,64659.41,1,,yes,90,64675.99,2.56,0,5,4.50,0.04,5.00,0.50,0.46,1
2026-07-19 07:45,KXBTC15M-26JUL190345-45,64684.08,1,,yes,83,64697.78,2.12,0,6,4.98,0.06,6.00,1.02,0.96,1
2026-07-19 08:00,KXBTC15M-26JUL190400-00,64728.30,1,,no,97,64676.91,7.94,0,5,4.85,0.02,5.00,0.15,0.13,1
2026-07-19 08:15,KXBTC15M-26JUL190415-15,64642.89,0,odds 33c not above 60c,no,,64640.00,0.45,0,0,0.00,0.00,0.00,0.00,0.00,
2026-07-19 08:30,KXBTC15M-26JUL190430-30,64685.21,1,,no,97,64623.69,9.51,0,5,4.85,0.02,5.00,0.15,0.13,1
2026-07-19 08:45,KXBTC15M-26JUL190445-45,64630.89,1,,no,79,64611.44,3.01,0,6,4.74,0.07,6.00,1.26,1.19,1
2026-07-19 09:00,KXBTC15M-26JUL190500-00,64619.21,1,,yes,96,64645.39,4.05,0,5,4.80,0.02,5.00,0.20,0.18,1
2026-07-19 09:15,KXBTC15M-26JUL190515-15,64667.34,1,,no,93,64612.27,8.52,0,5,4.65,0.03,5.00,0.35,0.32,1
2026-07-19 09:30,KXBTC15M-26JUL190530-30,64613.96,1,,no,99,64526.62,13.52,0,5,4.95,0.01,5.00,0.05,0.04,1
2026-07-19 09:45,KXBTC15M-26JUL190545-45,64538.34,1,,no,98,64463.55,11.59,0,5,4.90,0.01,5.00,0.10,0.09,1
2026-07-19 10:00,KXBTC15M-26JUL190600-00,64481.10,0,odds 55c not above 60c,no,,64459.92,3.28,0,0,0.00,0.00,0.00,0.00,0.00,
2026-07-19 10:15,KXBTC15M-26JUL190615-15,64486.14,1,,yes,74,64505.15,2.95,0,6,4.44,0.09,6.00,1.56,1.47,1
2026-07-19 10:30,KXBTC15M-26JUL190630-30,64537.26,1,,yes,87,64545.20,1.23,0,5,4.35,0.04,5.00,0.65,0.61,1
2026-07-19 10:45,KXBTC15M-26JUL190645-45,64580.55,1,,yes,87,64605.16,3.81,0,5,4.35,0.04,5.00,0.65,0.61,1
2026-07-19 11:00,KXBTC15M-26JUL190700-00,64624.38,1,,no,99,64546.90,11.99,0,5,4.95,0.01,5.00,0.05,0.04,1
2026-07-19 11:15,KXBTC15M-26JUL190715-15,64537.61,1,,yes,90,64564.00,4.09,0,5,4.50,0.04,5.00,0.50,0.46,1
2026-07-19 11:30,KXBTC15M-26JUL190730-30,64549.20,0,odds 35c not above 60c,no,,64528.80,3.16,0,0,0.00,0.00,0.00,0.00,0.00,
2026-07-19 11:45,KXBTC15M-26JUL190745-45,64511.08,1,,no,84,64474.54,5.66,0,5,4.20,0.05,5.00,0.80,0.75,1
2026-07-19 12:00,KXBTC15M-26JUL190800-00,64493.14,1,,no,98,64428.15,10.08,0,5,4.90,0.01,5.00,0.10,0.09,1
2026-07-19 12:15,KXBTC15M-26JUL190815-15,64432.77,1,,no,99,64330.07,15.94,0,5,4.95,0.01,5.00,0.05,0.04,1
2026-07-19 12:30,KXBTC15M-26JUL190830-30,64318.84,1,,yes,97,64352.00,5.16,0,5,4.85,0.02,0.00,-4.85,-4.87,0
2026-07-19 12:45,KXBTC15M-26JUL190845-45,64265.32,1,,yes,98,64355.84,14.09,0,5,4.90,0.01,5.00,0.10,0.09,1
2026-07-19 13:00,KXBTC15M-26JUL190900-00,64364.90,1,,yes,79,64398.81,5.27,0,6,4.74,0.07,6.00,1.26,1.19,1
2026-07-19 13:15,KXBTC15M-26JUL190915-15,64404.27,1,,no,96,64311.68,14.38,0,5,4.80,0.02,5.00,0.20,0.18,1
2026-07-19 13:30,KXBTC15M-26JUL190930-30,64323.50,0,odds 49c not above 60c,no,,64320.33,0.49,0,0,0.00,0.00,0.00,0.00,0.00,
2026-07-19 13:45,KXBTC15M-26JUL190945-45,64372.20,0,odds 34c not above 60c,no,,64363.21,1.40,0,0,0.00,0.00,0.00,0.00,0.00,
2026-07-19 14:00,KXBTC15M-26JUL191000-00,64383.30,1,,yes,98,64442.05,9.13,0,5,4.90,0.01,5.00,0.10,0.09,1
2026-07-19 14:15,KXBTC15M-26JUL191015-15,64444.14,1,,yes,82,64445.02,0.14,0,6,4.92,0.07,6.00,1.08,1.01,1
2026-07-19 14:30,KXBTC15M-26JUL191030-30,64504.21,1,,no,98,64390.40,17.64,0,5,4.90,0.01,5.00,0.10,0.09,1
2026-07-19 14:45,KXBTC15M-26JUL191045-45,64428.74,1,,yes,89,64457.35,4.44,0,5,4.45,0.04,5.00,0.55,0.51,1
2026-07-19 15:00,KXBTC15M-26JUL191100-00,64475.31,1,,yes,97,64548.48,11.35,0,5,4.85,0.02,5.00,0.15,0.13,1
2026-07-19 15:15,KXBTC15M-26JUL191115-15,64555.34,1,,no,95,64505.08,7.79,0,5,4.75,0.02,5.00,0.25,0.23,1
2026-07-19 15:30,KXBTC15M-26JUL191130-30,64538.11,1,,no,93,64488.10,7.75,0,5,4.65,0.03,5.00,0.35,0.32,1
2026-07-19 15:45,KXBTC15M-26JUL191145-45,64473.97,1,,yes,97,64539.97,10.24,0,5,4.85,0.02,5.00,0.15,0.13,1
2026-07-19 16:00,KXBTC15M-26JUL191200-00,64534.90,0,odds 42c not above 60c,no,,64532.49,0.37,0,0,0.00,0.00,0.00,0.00,0.00,
2026-07-19 16:15,KXBTC15M-26JUL191215-15,64533.61,1,,no,87,64488.03,7.06,0,5,4.35,0.04,5.00,0.65,0.61,1
2026-07-19 16:30,KXBTC15M-26JUL191230-30,64512.67,1,,yes,97,64554.55,6.49,0,5,4.85,0.02,5.00,0.15,0.13,1
2026-07-19 16:45,KXBTC15M-26JUL191245-45,64562.86,1,,no,97,64525.50,5.79,0,5,4.85,0.02,5.00,0.15,0.13,1
2026-07-19 17:00,KXBTC15M-26JUL191300-00,64560.52,1,,no,98,64489.31,11.03,0,5,4.90,0.01,5.00,0.10,0.09,1
2026-07-19 17:15,KXBTC15M-26JUL191315-15,64497.87,1,,yes,89,64551.06,8.25,0,5,4.45,0.04,5.00,0.55,0.51,1
2026-07-19 17:30,KXBTC15M-26JUL191330-30,64637.00,0,odds 55c not above 60c,no,,64617.11,3.08,0,0,0.00,0.00,0.00,0.00,0.00,
2026-07-19 17:45,KXBTC15M-26JUL191345-45,64612.27,0,odds 24c not above 60c,no,,64609.76,0.39,0,0,0.00,0.00,0.00,0.00,0.00,
2026-07-19 18:00,KXBTC15M-26JUL191400-00,64584.73,1,,no,94,64537.54,7.31,0,5,4.70,0.02,5.00,0.30,0.28,1
2026-07-19 18:15,KXBTC15M-26JUL191415-15,64512.13,1,,no,96,64418.99,14.44,0,5,4.80,0.02,5.00,0.20,0.18,1
2026-07-19 18:30,KXBTC15M-26JUL191430-30,64447.16,0,odds 48c not above 60c,no,,64429.42,2.75,0,0,0.00,0.00,0.00,0.00,0.00,
2026-07-19 18:45,KXBTC15M-26JUL191445-45,64375.93,1,,yes,87,64403.31,4.25,0,5,4.35,0.04,5.00,0.65,0.61,1
2026-07-19 19:00,KXBTC15M-26JUL191500-00,64388.64,1,,no,97,64328.37,9.36,0,5,4.85,0.02,5.00,0.15,0.13,1
2026-07-19 19:15,KXBTC15M-26JUL191515-15,64370.86,1,,yes,95,64404.63,5.25,0,5,4.75,0.02,5.00,0.25,0.23,1
2026-07-19 19:30,KXBTC15M-26JUL191530-30,64404.93,1,,no,77,64375.51,4.57,0,6,4.62,0.08,6.00,1.38,1.30,1
2026-07-19 19:45,KXBTC15M-26JUL191545-45,64401.47,1,,no,83,64370.07,4.88,0,6,4.98,0.06,6.00,1.02,0.96,1
2026-07-19 20:00,KXBTC15M-26JUL191600-00,64377.87,1,,no,76,64359.99,2.78,0,6,4.56,0.08,0.00,-4.56,-4.64,0
2026-07-19 20:15,KXBTC15M-26JUL191615-15,64416.46,1,,yes,96,64474.30,8.98,0,5,4.80,0.02,5.00,0.20,0.18,1
2026-07-19 20:30,KXBTC15M-26JUL191630-30,64469.32,0,odds 28c not above 60c,no,,64466.80,0.39,0,0,0.00,0.00,0.00,0.00,0.00,
2026-07-19 20:45,KXBTC15M-26JUL191645-45,64451.46,0,odds 38c not above 60c,no,,64438.63,1.99,0,0,0.00,0.00,0.00,0.00,0.00,
2026-07-19 21:00,KXBTC15M-26JUL191700-00,64458.95,1,,yes,67,64467.26,1.29,0,7,4.69,0.11,7.00,2.31,2.20,1
2026-07-19 21:15,KXBTC15M-26JUL191715-15,64473.78,0,odds 44c not above 60c,no,,64462.56,1.74,0,0,0.00,0.00,0.00,0.00,0.00,
2026-07-19 21:30,KXBTC15M-26JUL191730-30,64508.67,1,,no,97,64426.36,12.76,0,5,4.85,0.02,5.00,0.15,0.13,1
2026-07-19 21:45,KXBTC15M-26JUL191745-45,64435.79,1,,no,95,64316.91,18.45,0,5,4.75,0.02,5.00,0.25,0.23,1
2026-07-19 22:00,KXBTC15M-26JUL191800-00,64329.14,0,odds 18c not above 60c,no,,64317.90,1.75,0,0,0.00,0.00,0.00,0.00,0.00,
2026-07-19 22:15,KXBTC15M-26JUL191815-15,64364.91,1,,yes,95,64495.16,20.24,0,5,4.75,0.02,5.00,0.25,0.23,1
2026-07-19 22:30,KXBTC15M-26JUL191830-30,64610.65,1,,yes,91,64706.56,14.84,0,5,4.55,0.03,5.00,0.45,0.42,1
2026-07-19 22:45,KXBTC15M-26JUL191845-45,64732.22,0,odds 48c not above 60c,no,,64703.99,4.36,0,0,0.00,0.00,0.00,0.00,0.00,
2026-07-19 23:00,KXBTC15M-26JUL191900-00,64770.83,1,,no,97,64648.48,18.89,0,5,4.85,0.02,5.00,0.15,0.13,1
2026-07-19 23:15,KXBTC15M-26JUL191915-15,64635.63,0,odds 39c not above 60c,yes,,64636.16,0.08,0,0,0.00,0.00,0.00,0.00,0.00,
2026-07-19 23:30,KXBTC15M-26JUL191930-30,64652.09,0,odds 45c not above 60c,yes,,64668.63,2.56,0,0,0.00,0.00,0.00,0.00,0.00,
2026-07-19 23:45,KXBTC15M-26JUL191945-45,64625.93,0,odds 59c not above 60c,no,,64621.80,0.64,0,0,0.00,0.00,0.00,0.00,0.00,
2026-07-20 00:00,KXBTC15M-26JUL192000-00,64686.07,1,,no,81,64653.91,4.97,0,6,4.86,0.07,0.00,-4.86,-4.93,0
2026-07-20 00:15,KXBTC15M-26JUL192015-15,64686.93,1,,yes,90,64850.42,25.27,0,5,4.50,0.04,5.00,0.50,0.46,1
2026-07-20 00:30,KXBTC15M-26JUL192030-30,64992.86,1,,no,90,64815.84,27.24,0,5,4.50,0.04,5.00,0.50,0.46,1
2026-07-20 00:45,KXBTC15M-26JUL192045-45,64842.22,0,odds 46c not above 60c,no,,64834.24,1.23,0,0,0.00,0.00,0.00,0.00,0.00,
2026-07-20 01:00,KXBTC15M-26JUL192100-00,64791.55,1,,no,98,64527.21,40.80,0,5,4.90,0.01,5.00,0.10,0.09,1
2026-07-20 01:15,KXBTC15M-26JUL192115-15,64516.57,0,no quote on chosen side at decision time,yes,,64884.09,56.97,0,0,0.00,0.00,0.00,0.00,0.00,
2026-07-20 01:30,KXBTC15M-26JUL192130-30,64775.50,1,,yes,72,64848.95,11.34,0,6,4.32,0.09,6.00,1.68,1.59,1
2026-07-20 01:45,KXBTC15M-26JUL192145-45,64825.85,1,,yes,66,64831.15,0.82,0,7,4.62,0.11,0.00,-4.62,-4.73,0
2026-07-20 02:00,KXBTC15M-26JUL192200-00,64710.16,1,,no,99,64465.08,37.87,0,5,4.95,0.01,5.00,0.05,0.04,1
2026-07-20 02:15,KXBTC15M-26JUL192215-15,64586.83,1,,yes,99,64845.77,40.09,0,5,4.95,0.01,5.00,0.05,0.04,1
2026-07-20 02:30,KXBTC15M-26JUL192230-30,64801.28,1,,no,98,64639.07,25.03,0,5,4.90,0.01,5.00,0.10,0.09,1
2026-07-20 02:45,KXBTC15M-26JUL192245-45,64655.49,1,,yes,83,64739.98,13.07,0,6,4.98,0.06,6.00,1.02,0.96,1
2026-07-20 03:00,KXBTC15M-26JUL192300-00,64818.06,0,odds 44c not above 60c,no,,64793.76,3.75,0,0,0.00,0.00,0.00,0.00,0.00,
2026-07-20 03:15,KXBTC15M-26JUL192315-15,64788.32,1,,no,61,64763.14,3.89,0,8,4.88,0.14,0.00,-4.88,-5.02,0
2026-07-20 03:30,KXBTC15M-26JUL192330-30,64803.94,1,,no,93,64665.94,21.30,0,5,4.65,0.03,5.00,0.35,0.32,1
2026-07-20 03:45,KXBTC15M-26JUL192345-45,64644.92,1,,yes,97,64749.60,16.19,0,5,4.85,0.02,5.00,0.15,0.13,1
2026-07-20 04:00,KXBTC15M-26JUL200000-00,64847.79,1,,no,84,64788.83,9.09,0,5,4.20,0.05,5.00,0.80,0.75,1
2026-07-20 04:15,KXBTC15M-26JUL200015-15,64779.22,1,,no,96,64728.76,7.79,0,5,4.80,0.02,5.00,0.20,0.18,1
2026-07-20 04:30,KXBTC15M-26JUL200030-30,64671.81,0,odds 51c not above 60c,no,,64662.60,1.42,0,0,0.00,0.00,0.00,0.00,0.00,
2026-07-20 04:45,KXBTC15M-26JUL200045-45,64712.97,0,odds 45c not above 60c,no,,64668.65,6.85,0,0,0.00,0.00,0.00,0.00,0.00,
2026-07-20 05:00,KXBTC15M-26JUL200100-00,64695.77,1,,no,99,64512.89,28.27,0,5,4.95,0.01,5.00,0.05,0.04,1
2026-07-20 05:15,KXBTC15M-26JUL200115-15,64503.79,1,,no,99,64320.00,28.49,0,5,4.95,0.01,5.00,0.05,0.04,1
2026-07-20 05:30,KXBTC15M-26JUL200130-30,64193.64,1,,no,62,64168.15,3.97,0,8,4.96,0.14,8.00,3.04,2.90,1
2026-07-20 05:45,KXBTC15M-26JUL200145-45,64143.45,0,odds 57c not above 60c,yes,,64171.99,4.45,0,0,0.00,0.00,0.00,0.00,0.00,
2026-07-20 06:00,KXBTC15M-26JUL200200-00,64174.02,1,,no,96,64060.24,17.73,0,5,4.80,0.02,5.00,0.20,0.18,1
2026-07-20 06:15,KXBTC15M-26JUL200215-15,64080.91,0,odds 36c not above 60c,no,,64070.91,1.56,0,0,0.00,0.00,0.00,0.00,0.00,
2026-07-20 06:30,KXBTC15M-26JUL200230-30,64141.26,1,,no,94,64064.02,12.04,0,5,4.70,0.02,5.00,0.30,0.28,1
2026-07-20 06:45,KXBTC15M-26JUL200245-45,64089.24,1,,no,98,63833.29,39.94,0,5,4.90,0.01,5.00,0.10,0.09,1
2026-07-20 07:00,KXBTC15M-26JUL200300-00,63763.93,1,,yes,94,63869.70,16.59,0,5,4.70,0.02,5.00,0.30,0.28,1
2026-07-20 07:15,KXBTC15M-26JUL200315-15,63847.62,1,,yes,95,63917.91,11.01,0,5,4.75,0.02,5.00,0.25,0.23,1
2026-07-20 07:30,KXBTC15M-26JUL200330-30,63923.54,1,,yes,95,64027.55,16.27,0,5,4.75,0.02,5.00,0.25,0.23,1
2026-07-20 07:45,KXBTC15M-26JUL200345-45,64075.79,0,odds 46c not above 60c,yes,,64079.99,0.66,0,0,0.00,0.00,0.00,0.00,0.00,
2026-07-20 08:00,KXBTC15M-26JUL200400-00,64139.51,1,,yes,93,64183.02,6.78,0,5,4.65,0.03,5.00,0.35,0.32,1
2026-07-20 08:15,KXBTC15M-26JUL200415-15,64203.69,0,odds 52c not above 60c,no,,64182.74,3.26,0,0,0.00,0.00,0.00,0.00,0.00,
2026-07-20 08:30,KXBTC15M-26JUL200430-30,64242.54,1,,no,89,64182.88,9.29,0,5,4.45,0.04,5.00,0.55,0.51,1
2026-07-20 08:45,KXBTC15M-26JUL200445-45,64183.76,1,,no,99,63916.30,41.67,0,5,4.95,0.01,5.00,0.05,0.04,1
2026-07-20 09:00,KXBTC15M-26JUL200500-00,63909.62,1,,yes,84,63976.00,10.39,0,5,4.20,0.05,5.00,0.80,0.75,1
2026-07-20 09:15,KXBTC15M-26JUL200515-15,63988.70,0,odds 39c not above 60c,yes,,64000.40,1.83,0,0,0.00,0.00,0.00,0.00,0.00,
2026-07-20 09:30,KXBTC15M-26JUL200530-30,64040.67,1,,yes,92,64127.67,13.59,0,5,4.60,0.03,5.00,0.40,0.37,1
2026-07-20 09:45,KXBTC15M-26JUL200545-45,64139.83,1,,yes,83,64164.47,3.84,0,6,4.98,0.06,6.00,1.02,0.96,1
2026-07-20 10:00,KXBTC15M-26JUL200600-00,64179.17,0,odds 49c not above 60c,no,,64158.35,3.24,0,0,0.00,0.00,0.00,0.00,0.00,
2026-07-20 10:15,KXBTC15M-26JUL200615-15,64154.69,1,,yes,68,64191.36,5.72,0,7,4.76,0.11,7.00,2.24,2.13,1
2026-07-20 10:30,KXBTC15M-26JUL200630-30,64220.08,1,,yes,98,64290.50,10.97,0,5,4.90,0.01,5.00,0.10,0.09,1
2026-07-20 10:45,KXBTC15M-26JUL200645-45,64301.75,1,,no,98,64204.09,15.19,0,5,4.90,0.01,5.00,0.10,0.09,1
2026-07-20 11:00,KXBTC15M-26JUL200700-00,64264.12,1,,yes,86,64271.56,1.16,0,5,4.30,0.05,0.00,-4.30,-4.35,0
2026-07-20 11:15,KXBTC15M-26JUL200715-15,64240.13,1,,yes,99,64355.35,17.94,0,5,4.95,0.01,5.00,0.05,0.04,1
2026-07-20 11:30,KXBTC15M-26JUL200730-30,64326.62,1,,no,95,64293.57,5.14,0,5,4.75,0.02,5.00,0.25,0.23,1
2026-07-20 11:45,KXBTC15M-26JUL200745-45,64297.89,0,no quote on chosen side at decision time,yes,,64848.95,85.70,0,0,0.00,0.00,0.00,0.00,0.00,
2026-07-20 12:00,KXBTC15M-26JUL200800-00,64793.18,1,,yes,98,64899.79,16.45,0,5,4.90,0.01,5.00,0.10,0.09,1
2026-07-20 12:15,KXBTC15M-26JUL200815-15,64960.15,1,,no,98,64766.17,29.86,0,5,4.90,0.01,5.00,0.10,0.09,1
2026-07-20 12:30,KXBTC15M-26JUL200830-30,64684.54,1,,no,69,64622.27,9.63,0,7,4.83,0.11,7.00,2.17,2.06,1
2026-07-20 12:45,KXBTC15M-26JUL200845-45,64652.22,1,,no,66,64627.19,3.87,0,7,4.62,0.11,7.00,2.38,2.27,1
2026-07-20 13:00,KXBTC15M-26JUL200900-00,64580.83,1,,yes,70,64596.45,2.42,0,7,4.90,0.11,7.00,2.10,1.99,1
2026-07-20 13:15,KXBTC15M-26JUL200915-15,64585.28,1,,yes,94,64642.11,8.80,0,5,4.70,0.02,5.00,0.30,0.28,1
2026-07-20 13:30,KXBTC15M-26JUL200930-30,64648.20,1,,no,94,64504.63,22.21,0,5,4.70,0.02,5.00,0.30,0.28,1
2026-07-20 13:45,KXBTC15M-26JUL200945-45,64485.81,1,,yes,90,64542.60,8.81,0,5,4.50,0.04,5.00,0.50,0.46,1
2026-07-20 14:00,KXBTC15M-26JUL201000-00,64612.08,1,,no,99,64232.10,58.81,0,5,4.95,0.01,5.00,0.05,0.04,1
2026-07-20 14:15,KXBTC15M-26JUL201015-15,64257.26,1,,yes,96,64336.95,12.40,0,5,4.80,0.02,5.00,0.20,0.18,1
2026-07-20 14:30,KXBTC15M-26JUL201030-30,64272.76,0,odds 53c not above 60c,yes,,64301.87,4.53,0,0,0.00,0.00,0.00,0.00,0.00,
2026-07-20 14:45,KXBTC15M-26JUL201045-45,64380.24,0,odds 38c not above 60c,yes,,64393.49,2.06,0,0,0.00,0.00,0.00,0.00,0.00,
2026-07-20 15:00,KXBTC15M-26JUL201100-00,64367.89,1,,no,85,64327.72,6.24,0,5,4.25,0.05,5.00,0.75,0.70,1
2026-07-20 15:15,KXBTC15M-26JUL201115-15,64321.44,0,no quote on chosen side at decision time,yes,,64759.97,68.18,0,0,0.00,0.00,0.00,0.00,0.00,
2026-07-20 15:30,KXBTC15M-26JUL201130-30,64885.64,0,odds 45c not above 60c,no,,64881.61,0.62,0,0,0.00,0.00,0.00,0.00,0.00,
2026-07-20 15:45,KXBTC15M-26JUL201145-45,64868.78,0,odds 25c not above 60c,yes,,64913.77,6.94,0,0,0.00,0.00,0.00,0.00,0.00,
2026-07-20 16:00,KXBTC15M-26JUL201200-00,65174.88,1,,yes,99,65515.18,52.21,0,5,4.95,0.01,5.00,0.05,0.04,1
2026-07-20 16:15,KXBTC15M-26JUL201215-15,65535.15,1,,no,87,65491.91,6.60,0,5,4.35,0.04,5.00,0.65,0.61,1
2026-07-20 16:30,KXBTC15M-26JUL201230-30,65508.59,1,,no,83,65365.85,21.79,0,6,4.98,0.06,6.00,1.02,0.96,1
2026-07-20 16:45,KXBTC15M-26JUL201245-45,65390.50,1,,yes,71,65471.99,12.46,0,7,4.97,0.11,0.00,-4.97,-5.08,0
2026-07-20 17:00,KXBTC15M-26JUL201300-00,65355.48,0,odds 41c not above 60c,no,,65342.08,2.05,0,0,0.00,0.00,0.00,0.00,0.00,
2026-07-20 17:15,KXBTC15M-26JUL201315-15,65443.99,0,odds 31c not above 60c,no,,65418.46,3.90,0,0,0.00,0.00,0.00,0.00,0.00,
2026-07-20 17:30,KXBTC15M-26JUL201330-30,65466.79,1,,no,76,65428.73,5.81,0,6,4.56,0.08,6.00,1.44,1.36,1
2026-07-20 17:45,KXBTC15M-26JUL201345-45,65449.65,1,,no,95,65329.12,18.42,0,5,4.75,0.02,5.00,0.25,0.23,1
2026-07-20 18:00,KXBTC15M-26JUL201400-00,65317.32,1,,yes,99,65507.83,29.17,0,5,4.95,0.01,5.00,0.05,0.04,1
2026-07-20 18:15,KXBTC15M-26JUL201415-15,65538.80,0,odds 58c not above 60c,yes,,65548.27,1.44,0,0,0.00,0.00,0.00,0.00,0.00,
2026-07-20 18:30,KXBTC15M-26JUL201430-30,65722.44,1,,no,99,65570.53,23.11,0,5,4.95,0.01,5.00,0.05,0.04,1
2026-07-20 18:45,KXBTC15M-26JUL201445-45,65558.35,1,,no,98,65403.38,23.64,0,5,4.90,0.01,5.00,0.10,0.09,1
2026-07-20 19:00,KXBTC15M-26JUL201500-00,65324.84,1,,no,98,65181.23,21.98,0,5,4.90,0.01,5.00,0.10,0.09,1
2026-07-20 19:15,KXBTC15M-26JUL201515-15,65182.93,0,odds 53c not above 60c,no,,65180.99,0.30,0,0,0.00,0.00,0.00,0.00,0.00,
2026-07-20 19:30,KXBTC15M-26JUL201530-30,65106.28,0,odds 58c not above 60c,no,,65047.37,9.05,0,0,0.00,0.00,0.00,0.00,0.00,
2026-07-20 19:45,KXBTC15M-26JUL201545-45,65084.28,0,odds 41c not above 60c,yes,,65104.49,3.11,0,0,0.00,0.00,0.00,0.00,0.00,
2026-07-20 20:00,KXBTC15M-26JUL201600-00,65075.08,1,,yes,89,65115.17,6.16,0,5,4.45,0.04,5.00,0.55,0.51,1
2026-07-20 20:15,KXBTC15M-26JUL201615-15,65095.97,0,odds 49c not above 60c,no,,65080.86,2.32,0,0,0.00,0.00,0.00,0.00,0.00,
2026-07-20 20:30,KXBTC15M-26JUL201630-30,65182.22,1,,yes,93,65270.02,13.47,0,5,4.65,0.03,5.00,0.35,0.32,1
2026-07-20 20:45,KXBTC15M-26JUL201645-45,65248.05,1,,yes,88,65301.82,8.24,0,5,4.40,0.04,5.00,0.60,0.56,1
2026-07-20 21:00,KXBTC15M-26JUL201700-00,65266.13,1,,yes,94,65315.17,7.51,0,5,4.70,0.02,5.00,0.30,0.28,1
2026-07-20 21:15,KXBTC15M-26JUL201715-15,65326.85,1,,no,84,65307.42,2.97,0,5,4.20,0.05,5.00,0.80,0.75,1
2026-07-20 21:30,KXBTC15M-26JUL201730-30,65297.30,0,odds 53c not above 60c,no,,65276.37,3.21,0,0,0.00,0.00,0.00,0.00,0.00,
2026-07-20 21:45,KXBTC15M-26JUL201745-45,65274.06,1,,yes,94,65328.21,8.30,0,5,4.70,0.02,5.00,0.30,0.28,1
2026-07-20 22:00,KXBTC15M-26JUL201800-00,65323.79,1,,no,94,65259.46,9.85,0,5,4.70,0.02,5.00,0.30,0.28,1
2026-07-20 22:15,KXBTC15M-26JUL201815-15,65259.87,1,,no,96,65172.09,13.45,0,5,4.80,0.02,5.00,0.20,0.18,1
2026-07-20 22:30,KXBTC15M-26JUL201830-30,65165.30,1,,yes,86,65191.73,4.06,0,5,4.30,0.05,5.00,0.70,0.65,1
2026-07-20 22:45,KXBTC15M-26JUL201845-45,65181.56,1,,no,97,65068.60,17.33,0,5,4.85,0.02,5.00,0.15,0.13,1
2026-07-20 23:00,KXBTC15M-26JUL201900-00,65090.25,0,odds 40c not above 60c,no,,65079.11,1.71,0,0,0.00,0.00,0.00,0.00,0.00,
2026-07-20 23:15,KXBTC15M-26JUL201915-15,65111.43,1,,yes,98,65147.60,5.56,0,5,4.90,0.01,5.00,0.10,0.09,1
2026-07-20 23:30,KXBTC15M-26JUL201930-30,65121.58,1,,yes,96,65166.15,6.84,0,5,4.80,0.02,5.00,0.20,0.18,1
2026-07-20 23:45,KXBTC15M-26JUL201945-45,65210.31,1,,no,93,65165.68,6.84,0,5,4.65,0.03,5.00,0.35,0.32,1
2026-07-21 00:00,KXBTC15M-26JUL202000-00,65193.42,0,odds 13c not above 60c,yes,,65226.01,5.00,0,0,0.00,0.00,0.00,0.00,0.00,
2026-07-21 00:15,KXBTC15M-26JUL202015-15,65216.99,1,,no,85,65132.76,12.92,0,5,4.25,0.05,5.00,0.75,0.70,1
2026-07-21 00:30,KXBTC15M-26JUL202030-30,65176.94,1,,yes,99,65359.07,27.94,0,5,4.95,0.01,5.00,0.05,0.04,1
2026-07-21 00:45,KXBTC15M-26JUL202045-45,65326.64,1,,yes,96,65446.02,18.27,0,5,4.80,0.02,5.00,0.20,0.18,1
2026-07-21 01:00,KXBTC15M-26JUL202100-00,65467.69,0,odds 16c not above 60c,no,,65462.95,0.72,0,0,0.00,0.00,0.00,0.00,0.00,
2026-07-21 01:15,KXBTC15M-26JUL202115-15,65537.21,1,,yes,90,65577.96,6.22,0,5,4.50,0.04,0.00,-4.50,-4.54,0
2026-07-21 01:30,KXBTC15M-26JUL202130-30,65521.05,1,,no,98,65432.98,13.44,0,5,4.90,0.01,5.00,0.10,0.09,1
2026-07-21 01:45,KXBTC15M-26JUL202145-45,65429.74,1,,no,93,65339.65,13.77,0,5,4.65,0.03,5.00,0.35,0.32,1
2026-07-21 02:00,KXBTC15M-26JUL202200-00,65305.88,1,,no,94,65221.99,12.85,0,5,4.70,0.02,5.00,0.30,0.28,1
2026-07-21 02:15,KXBTC15M-26JUL202215-15,65205.40,1,,yes,88,65232.93,4.22,0,5,4.40,0.04,5.00,0.60,0.56,1
2026-07-21 02:30,KXBTC15M-26JUL202230-30,65235.44,1,,yes,79,65247.37,1.83,0,6,4.74,0.07,0.00,-4.74,-4.81,0
2026-07-21 02:45,KXBTC15M-26JUL202245-45,65231.00,1,,yes,92,65270.32,6.03,0,5,4.60,0.03,5.00,0.40,0.37,1
2026-07-21 03:00,KXBTC15M-26JUL202300-00,65310.60,1,,yes,89,65423.94,17.35,0,5,4.45,0.04,5.00,0.55,0.51,1
2026-07-21 03:15,KXBTC15M-26JUL202315-15,65383.07,1,,yes,78,65420.80,5.77,0,6,4.68,0.08,6.00,1.32,1.24,1
2026-07-21 03:30,KXBTC15M-26JUL202330-30,65448.99,1,,no,65,65430.68,2.80,0,7,4.55,0.12,7.00,2.45,2.33,1
2026-07-21 03:45,KXBTC15M-26JUL202345-45,65439.61,1,,yes,87,65482.19,6.51,0,5,4.35,0.04,5.00,0.65,0.61,1
2026-07-21 04:00,KXBTC15M-26JUL210000-00,65457.31,1,,yes,80,65476.01,2.86,0,6,4.80,0.07,6.00,1.20,1.13,1
2026-07-21 04:15,KXBTC15M-26JUL210015-15,65539.82,1,,yes,90,65591.02,7.81,0,5,4.50,0.04,5.00,0.50,0.46,1
2026-07-21 04:30,KXBTC15M-26JUL210030-30,65559.70,1,,no,81,65519.98,6.06,0,6,4.86,0.07,6.00,1.14,1.07,1
2026-07-21 04:45,KXBTC15M-26JUL210045-45,65492.88,0,odds 46c not above 60c,no,,65478.52,2.19,0,0,0.00,0.00,0.00,0.00,0.00,
2026-07-21 05:00,KXBTC15M-26JUL210100-00,65500.14,1,,no,84,65437.37,9.58,0,5,4.20,0.05,5.00,0.80,0.75,1
2026-07-21 05:15,KXBTC15M-26JUL210115-15,65483.13,1,,yes,67,65484.02,0.14,0,7,4.69,0.11,7.00,2.31,2.20,1
2026-07-21 05:30,KXBTC15M-26JUL210130-30,65485.97,1,,yes,95,65558.35,11.05,0,5,4.75,0.02,5.00,0.25,0.23,1
2026-07-21 05:45,KXBTC15M-26JUL210145-45,65574.86,1,,no,91,65556.90,2.74,0,5,4.55,0.03,0.00,-4.55,-4.58,0
2026-07-21 06:00,KXBTC15M-26JUL210200-00,65597.93,1,,yes,94,65692.13,14.36,0,5,4.70,0.02,5.00,0.30,0.28,1
2026-07-21 06:15,KXBTC15M-26JUL210215-15,65710.92,1,,no,92,65617.90,14.16,0,5,4.60,0.03,5.00,0.40,0.37,1
2026-07-21 06:30,KXBTC15M-26JUL210230-30,65683.79,1,,yes,91,65735.44,7.86,0,5,4.55,0.03,5.00,0.45,0.42,1
2026-07-21 06:45,KXBTC15M-26JUL210245-45,65788.65,1,,yes,97,65897.72,16.58,0,5,4.85,0.02,5.00,0.15,0.13,1
2026-07-21 07:00,KXBTC15M-26JUL210300-00,65901.42,1,,no,79,65848.79,7.99,0,6,4.74,0.07,6.00,1.26,1.19,1
2026-07-21 07:15,KXBTC15M-26JUL210315-15,65887.58,1,,no,89,65822.82,9.83,0,5,4.45,0.04,5.00,0.55,0.51,1
2026-07-21 07:30,KXBTC15M-26JUL210330-30,65873.40,0,odds 42c not above 60c,yes,,65874.67,0.19,0,0,0.00,0.00,0.00,0.00,0.00,
2026-07-21 07:45,KXBTC15M-26JUL210345-45,65920.18,1,,yes,95,66004.62,12.81,0,5,4.75,0.02,5.00,0.25,0.23,1
2026-07-21 08:00,KXBTC15M-26JUL210400-00,65993.47,1,,yes,99,66171.83,27.03,0,5,4.95,0.01,5.00,0.05,0.04,1
2026-07-21 08:15,KXBTC15M-26JUL210415-15,66160.91,1,,no,64,66127.55,5.04,0,7,4.48,0.12,0.00,-4.48,-4.60,0
2026-07-21 08:30,KXBTC15M-26JUL210430-30,66226.43,1,,yes,69,66257.36,4.67,0,7,4.83,0.11,0.00,-4.83,-4.94,0
2026-07-21 08:45,KXBTC15M-26JUL210445-45,66178.99,1,,yes,97,66289.47,16.69,0,5,4.85,0.02,5.00,0.15,0.13,1
2026-07-21 09:00,KXBTC15M-26JUL210500-00,66263.71,1,,no,93,66214.60,7.41,0,5,4.65,0.03,5.00,0.35,0.32,1
2026-07-21 09:15,KXBTC15M-26JUL210515-15,66191.32,1,,no,70,66162.33,4.38,0,7,4.90,0.11,7.00,2.10,1.99,1
2026-07-21 09:30,KXBTC15M-26JUL210530-30,66173.68,1,,yes,73,66200.26,4.02,0,6,4.38,0.09,6.00,1.62,1.53,1
2026-07-21 09:45,KXBTC15M-26JUL210545-45,66204.80,1,,yes,96,66245.76,6.19,0,5,4.80,0.02,5.00,0.20,0.18,1
2026-07-21 10:00,KXBTC15M-26JUL210600-00,66266.10,1,,yes,86,66310.09,6.64,0,5,4.30,0.05,0.00,-4.30,-4.35,0
2026-07-21 10:15,KXBTC15M-26JUL210615-15,66250.46,1,,yes,62,66332.00,12.31,0,8,4.96,0.14,8.00,3.04,2.90,1
2026-07-21 10:30,KXBTC15M-26JUL210630-30,66328.23,0,odds 39c not above 60c,no,,66325.36,0.43,0,0,0.00,0.00,0.00,0.00,0.00,
2026-07-21 10:45,KXBTC15M-26JUL210645-45,66359.26,1,,no,79,66284.40,11.28,0,6,4.74,0.07,6.00,1.26,1.19,1
2026-07-21 11:00,KXBTC15M-26JUL210700-00,66344.97,1,,no,99,66156.35,28.43,0,5,4.95,0.01,5.00,0.05,0.04,1
2026-07-21 11:15,KXBTC15M-26JUL210715-15,66166.55,1,,no,88,66114.04,7.94,0,5,4.40,0.04,0.00,-4.40,-4.44,0
2026-07-21 11:30,KXBTC15M-26JUL210730-30,66212.43,1,,no,86,66175.93,5.51,0,5,4.30,0.05,5.00,0.70,0.65,1
2026-07-21 11:45,KXBTC15M-26JUL210745-45,66200.68,1,,yes,90,66260.56,9.05,0,5,4.50,0.04,5.00,0.50,0.46,1
2026-07-21 12:00,KXBTC15M-26JUL210800-00,66295.25,0,odds 43c not above 60c,no,,66289.08,0.93,0,0,0.00,0.00,0.00,0.00,0.00,
2026-07-21 12:15,KXBTC15M-26JUL210815-15,66293.30,1,,yes,84,66332.78,5.96,0,5,4.20,0.05,5.00,0.80,0.75,1
2026-07-21 12:30,KXBTC15M-26JUL210830-30,66376.35,1,,yes,78,66427.11,7.65,0,6,4.68,0.08,6.00,1.32,1.24,1
2026-07-21 12:45,KXBTC15M-26JUL210845-45,66407.85,1,,yes,99,66586.35,26.88,0,5,4.95,0.01,5.00,0.05,0.04,1
2026-07-21 13:00,KXBTC15M-26JUL210900-00,66478.06,0,odds 55c not above 60c,no,,66476.04,0.30,0,0,0.00,0.00,0.00,0.00,0.00,
2026-07-21 13:15,KXBTC15M-26JUL210915-15,66522.63,1,,yes,69,66544.86,3.34,0,7,4.83,0.11,7.00,2.17,2.06,1
2026-07-21 13:30,KXBTC15M-26JUL210930-30,66579.93,1,,no,98,66404.99,26.28,0,5,4.90,0.01,5.00,0.10,0.09,1
2026-07-21 13:45,KXBTC15M-26JUL210945-45,66401.46,1,,no,65,66323.31,11.77,0,7,4.55,0.12,7.00,2.45,2.33,1
2026-07-21 14:00,KXBTC15M-26JUL211000-00,66314.34,0,no quote on chosen side at decision time,yes,,66739.64,64.13,0,0,0.00,0.00,0.00,0.00,0.00,
2026-07-21 14:15,KXBTC15M-26JUL211015-15,66733.55,1,,yes,77,66881.83,22.22,0,6,4.62,0.08,6.00,1.38,1.30,1
2026-07-21 14:30,KXBTC15M-26JUL211030-30,66894.01,1,,no,99,66663.50,34.46,0,5,4.95,0.01,5.00,0.05,0.04,1
2026-07-21 14:45,KXBTC15M-26JUL211045-45,66685.43,1,,yes,89,66713.36,4.19,0,5,4.45,0.04,5.00,0.55,0.51,1
2026-07-21 15:00,KXBTC15M-26JUL211100-00,66805.41,1,,yes,61,66819.56,2.12,0,8,4.88,0.14,8.00,3.12,2.98,1
2026-07-21 15:15,KXBTC15M-26JUL211115-15,66830.15,1,,no,84,66714.25,17.34,0,5,4.20,0.05,5.00,0.80,0.75,1
2026-07-21 15:30,KXBTC15M-26JUL211130-30,66718.03,1,,no,79,66654.55,9.51,0,6,4.74,0.07,6.00,1.26,1.19,1
2026-07-21 15:45,KXBTC15M-26JUL211145-45,66623.29,1,,yes,79,66623.31,0.00,0,6,4.74,0.07,0.00,-4.74,-4.81,0
2026-07-21 16:00,KXBTC15M-26JUL211200-00,66605.99,1,,yes,89,66638.02,4.81,0,5,4.45,0.04,5.00,0.55,0.51,1
2026-07-21 16:15,KXBTC15M-26JUL211215-15,66673.12,1,,no,93,66621.65,7.72,0,5,4.65,0.03,5.00,0.35,0.32,1
2026-07-21 16:30,KXBTC15M-26JUL211230-30,66598.85,1,,no,89,66563.37,5.33,0,5,4.45,0.04,5.00,0.55,0.51,1
2026-07-21 16:45,KXBTC15M-26JUL211245-45,66520.09,1,,yes,94,66596.36,11.47,0,5,4.70,0.02,5.00,0.30,0.28,1
2026-07-21 17:00,KXBTC15M-26JUL211300-00,66544.26,0,odds 32c not above 60c,yes,,66579.09,5.23,0,0,0.00,0.00,0.00,0.00,0.00,
2026-07-21 17:15,KXBTC15M-26JUL211315-15,66531.45,1,,no,91,66452.28,11.90,0,5,4.55,0.03,5.00,0.45,0.42,1
2026-07-21 17:30,KXBTC15M-26JUL211330-30,66432.37,1,,yes,65,66457.48,3.78,0,7,4.55,0.12,0.00,-4.55,-4.67,0
2026-07-21 17:45,KXBTC15M-26JUL211345-45,66427.89,0,odds 56c not above 60c,yes,,66451.24,3.52,0,0,0.00,0.00,0.00,0.00,0.00,
2026-07-21 18:00,KXBTC15M-26JUL211400-00,66462.78,0,no quote on chosen side at decision time,no,,66188.70,41.24,0,0,0.00,0.00,0.00,0.00,0.00,
2026-07-21 18:15,KXBTC15M-26JUL211415-15,66163.28,1,,yes,97,66257.23,14.20,0,5,4.85,0.02,5.00,0.15,0.13,1
2026-07-21 18:30,KXBTC15M-26JUL211430-30,66265.78,1,,no,87,66194.11,10.82,0,5,4.35,0.04,5.00,0.65,0.61,1
2026-07-21 18:45,KXBTC15M-26JUL211445-45,66202.35,1,,yes,72,66210.01,1.16,0,6,4.32,0.09,6.00,1.68,1.59,1
2026-07-21 19:00,KXBTC15M-26JUL211500-00,66250.59,1,,yes,66,66251.74,0.17,0,7,4.62,0.11,7.00,2.38,2.27,1
2026-07-21 19:15,KXBTC15M-26JUL211515-15,66273.55,1,,yes,95,66342.17,10.35,0,5,4.75,0.02,0.00,-4.75,-4.77,0
2026-07-21 19:30,KXBTC15M-26JUL211530-30,66250.08,1,,yes,98,66341.60,13.81,0,5,4.90,0.01,5.00,0.10,0.09,1
2026-07-21 19:45,KXBTC15M-26JUL211545-45,66369.85,1,,yes,96,66436.83,10.09,0,5,4.80,0.02,5.00,0.20,0.18,1
2026-07-21 20:00,KXBTC15M-26JUL211600-00,66433.71,1,,no,61,66426.79,1.04,0,8,4.88,0.14,8.00,3.12,2.98,1
2026-07-21 20:15,KXBTC15M-26JUL211615-15,66411.34,1,,no,61,66406.25,0.77,0,8,4.88,0.14,8.00,3.12,2.98,1
2026-07-21 20:30,KXBTC15M-26JUL211630-30,66392.24,1,,no,92,66362.00,4.55,0,5,4.60,0.03,5.00,0.40,0.37,1
2026-07-21 20:45,KXBTC15M-26JUL211645-45,66356.94,1,,yes,91,66414.42,8.66,0,5,4.55,0.03,5.00,0.45,0.42,1
2026-07-21 21:00,KXBTC15M-26JUL211700-00,66410.38,1,,no,87,66390.02,3.07,0,5,4.35,0.04,5.00,0.65,0.61,1
2026-07-21 21:15,KXBTC15M-26JUL211715-15,66376.13,1,,no,91,66321.00,8.31,0,5,4.55,0.03,5.00,0.45,0.42,1
2026-07-21 21:30,KXBTC15M-26JUL211730-30,66366.09,1,,no,90,66320.47,6.87,0,5,4.50,0.04,5.00,0.50,0.46,1
2026-07-21 21:45,KXBTC15M-26JUL211745-45,66293.22,0,odds 53c not above 60c,yes,,66299.17,0.90,0,0,0.00,0.00,0.00,0.00,0.00,
2026-07-21 22:00,KXBTC15M-26JUL211800-00,66311.28,1,,yes,87,66315.23,0.60,0,5,4.35,0.04,5.00,0.65,0.61,1
2026-07-21 22:15,KXBTC15M-26JUL211815-15,66338.83,1,,no,80,66310.44,4.28,0,6,4.80,0.07,6.00,1.20,1.13,1
2026-07-21 22:30,KXBTC15M-26JUL211830-30,66289.58,1,,no,98,66233.37,8.48,0,5,4.90,0.01,5.00,0.10,0.09,1
2026-07-21 22:45,KXBTC15M-26JUL211845-45,66246.43,1,,yes,90,66282.35,5.42,0,5,4.50,0.04,5.00,0.50,0.46,1
2026-07-21 23:00,KXBTC15M-26JUL211900-00,66282.01,1,,no,76,66259.01,3.47,0,6,4.56,0.08,6.00,1.44,1.36,1
2026-07-21 23:15,KXBTC15M-26JUL211915-15,66271.53,1,,no,88,66210.40,9.22,0,5,4.40,0.04,5.00,0.60,0.56,1
2026-07-21 23:30,KXBTC15M-26JUL211930-30,66243.56,1,,yes,96,66297.66,8.17,0,5,4.80,0.02,5.00,0.20,0.18,1
2026-07-21 23:45,KXBTC15M-26JUL211945-45,66353.79,1,,yes,97,66404.00,7.57,0,5,4.85,0.02,5.00,0.15,0.13,1
2026-07-22 00:00,KXBTC15M-26JUL212000-00,66391.34,1,,yes,99,66528.43,20.65,0,5,4.95,0.01,5.00,0.05,0.04,1
2026-07-22 00:15,KXBTC15M-26JUL212015-15,66517.23,1,,yes,94,66572.33,8.28,0,5,4.70,0.02,5.00,0.30,0.28,1
2026-07-22 00:30,KXBTC15M-26JUL212030-30,66634.46,1,,no,67,66623.31,1.67,0,7,4.69,0.11,7.00,2.31,2.20,1
2026-07-22 00:45,KXBTC15M-26JUL212045-45,66602.43,1,,yes,94,66660.38,8.70,0,5,4.70,0.02,5.00,0.30,0.28,1
2026-07-22 01:00,KXBTC15M-26JUL212100-00,66684.25,1,,no,94,66574.91,16.40,0,5,4.70,0.02,5.00,0.30,0.28,1
2026-07-22 01:15,KXBTC15M-26JUL212115-15,66621.97,1,,no,96,66496.77,18.79,0,5,4.80,0.02,5.00,0.20,0.18,1
2026-07-22 01:30,KXBTC15M-26JUL212130-30,66456.84,1,,no,97,66333.64,18.54,0,5,4.85,0.02,5.00,0.15,0.13,1
2026-07-22 01:45,KXBTC15M-26JUL212145-45,66358.96,0,odds 49c not above 60c,no,,66344.94,2.11,0,0,0.00,0.00,0.00,0.00,0.00,
2026-07-22 02:00,KXBTC15M-26JUL212200-00,66330.16,1,,yes,87,66394.41,9.69,0,5,4.35,0.04,5.00,0.65,0.61,1
2026-07-22 02:15,KXBTC15M-26JUL212215-15,66367.31,0,odds 39c not above 60c,no,,66363.31,0.60,0,0,0.00,0.00,0.00,0.00,0.00,
2026-07-22 02:30,KXBTC15M-26JUL212230-30,66423.74,0,odds 56c not above 60c,no,,66367.83,8.42,0,0,0.00,0.00,0.00,0.00,0.00,
2026-07-22 02:45,KXBTC15M-26JUL212245-45,66380.33,1,,no,97,66329.41,7.67,0,5,4.85,0.02,5.00,0.15,0.13,1
2026-07-22 03:00,KXBTC15M-26JUL212300-00,66333.53,1,,no,74,66277.00,8.52,0,6,4.44,0.09,6.00,1.56,1.47,1
2026-07-22 03:15,KXBTC15M-26JUL212315-15,66275.85,1,,no,83,66203.73,10.88,0,6,4.98,0.06,6.00,1.02,0.96,1
2026-07-22 03:30,KXBTC15M-26JUL212330-30,66171.59,1,,yes,97,66231.99,9.13,0,5,4.85,0.02,5.00,0.15,0.13,1
2026-07-22 03:45,KXBTC15M-26JUL212345-45,66264.15,1,,no,95,66209.16,8.30,0,5,4.75,0.02,5.00,0.25,0.23,1
2026-07-22 04:00,KXBTC15M-26JUL220000-00,66235.06,0,odds 35c not above 60c,no,,66207.06,4.23,0,0,0.00,0.00,0.00,0.00,0.00,
2026-07-22 04:15,KXBTC15M-26JUL220015-15,66167.76,1,,yes,98,66298.99,19.83,0,5,4.90,0.01,5.00,0.10,0.09,1
2026-07-22 04:30,KXBTC15M-26JUL220030-30,66295.23,1,,yes,92,66325.67,4.59,0,5,4.60,0.03,5.00,0.40,0.37,1
2026-07-22 04:45,KXBTC15M-26JUL220045-45,66349.67,0,odds 59c not above 60c,no,,66340.26,1.42,0,0,0.00,0.00,0.00,0.00,0.00,
2026-07-22 05:00,KXBTC15M-26JUL220100-00,66376.09,1,,no,95,66313.62,9.41,0,5,4.75,0.02,5.00,0.25,0.23,1
2026-07-22 05:15,KXBTC15M-26JUL220115-15,66339.43,1,,no,99,66238.97,15.14,0,5,4.95,0.01,5.00,0.05,0.04,1
2026-07-22 05:30,KXBTC15M-26JUL220130-30,66231.49,1,,no,99,66073.87,23.80,0,5,4.95,0.01,5.00,0.05,0.04,1
2026-07-22 05:45,KXBTC15M-26JUL220145-45,66032.23,1,,no,93,65944.05,13.35,0,5,4.65,0.03,5.00,0.35,0.32,1
2026-07-22 06:00,KXBTC15M-26JUL220200-00,65945.01,1,,no,68,65922.40,3.43,0,7,4.76,0.11,7.00,2.24,2.13,1
2026-07-22 06:15,KXBTC15M-26JUL220215-15,65934.79,1,,no,90,65844.00,13.77,0,5,4.50,0.04,5.00,0.50,0.46,1
2026-07-22 06:30,KXBTC15M-26JUL220230-30,65933.51,1,,no,97,65833.32,15.20,0,5,4.85,0.02,5.00,0.15,0.13,1
2026-07-22 06:45,KXBTC15M-26JUL220245-45,65814.35,1,,yes,98,65898.00,12.71,0,5,4.90,0.01,5.00,0.10,0.09,1
2026-07-22 07:00,KXBTC15M-26JUL220300-00,65918.73,1,,no,83,65876.44,6.42,0,6,4.98,0.06,6.00,1.02,0.96,1
2026-07-22 07:15,KXBTC15M-26JUL220315-15,65891.01,0,odds 56c not above 60c,no,,65861.21,4.52,0,0,0.00,0.00,0.00,0.00,0.00,
2026-07-22 07:30,KXBTC15M-26JUL220330-30,65868.22,1,,no,82,65815.27,8.04,0,6,4.92,0.07,6.00,1.08,1.01,1
2026-07-22 07:45,KXBTC15M-26JUL220345-45,65861.68,1,,no,99,65716.00,22.12,0,5,4.95,0.01,5.00,0.05,0.04,1
2026-07-22 08:00,KXBTC15M-26JUL220400-00,65740.61,1,,yes,91,65796.57,8.51,0,5,4.55,0.03,5.00,0.45,0.42,1
2026-07-22 08:15,KXBTC15M-26JUL220415-15,65805.18,0,no quote on chosen side at decision time,yes,,65971.21,25.23,0,0,0.00,0.00,0.00,0.00,0.00,
2026-07-22 08:30,KXBTC15M-26JUL220430-30,65985.75,1,,yes,87,65986.56,0.12,0,5,4.35,0.04,0.00,-4.35,-4.39,0
2026-07-22 08:45,KXBTC15M-26JUL220445-45,65973.97,1,,no,86,65949.98,3.64,0,5,4.30,0.05,5.00,0.70,0.65,1
2026-07-22 09:00,KXBTC15M-26JUL220500-00,65898.24,1,,yes,87,65925.12,4.08,0,5,4.35,0.04,5.00,0.65,0.61,1
2026-07-22 09:15,KXBTC15M-26JUL220515-15,65945.65,1,,yes,96,66004.52,8.93,0,5,4.80,0.02,5.00,0.20,0.18,1
2026-07-22 09:30,KXBTC15M-26JUL220530-30,65957.95,1,,yes,83,65987.70,4.51,0,6,4.98,0.06,6.00,1.02,0.96,1
2026-07-22 09:45,KXBTC15M-26JUL220545-45,65985.19,1,,no,99,65827.15,23.95,0,5,4.95,0.01,5.00,0.05,0.04,1
2026-07-22 10:00,KXBTC15M-26JUL220600-00,65842.13,1,,yes,64,65844.86,0.41,0,7,4.48,0.12,7.00,2.52,2.40,1
2026-07-22 10:15,KXBTC15M-26JUL220615-15,65892.33,1,,no,66,65874.38,2.72,0,7,4.62,0.11,7.00,2.38,2.27,1
2026-07-22 10:30,KXBTC15M-26JUL220630-30,65882.03,1,,yes,94,65918.00,5.46,0,5,4.70,0.02,5.00,0.30,0.28,1
2026-07-22 10:45,KXBTC15M-26JUL220645-45,65928.84,1,,yes,66,65939.39,1.60,0,7,4.62,0.11,7.00,2.38,2.27,1
2026-07-22 11:00,KXBTC15M-26JUL220700-00,65963.10,1,,yes,96,65995.53,4.92,0,5,4.80,0.02,5.00,0.20,0.18,1
2026-07-22 11:15,KXBTC15M-26JUL220715-15,65998.57,0,odds 48c not above 60c,no,,65987.36,1.70,0,0,0.00,0.00,0.00,0.00,0.00,
2026-07-22 11:30,KXBTC15M-26JUL220730-30,65982.57,1,,yes,97,66029.53,7.12,0,5,4.85,0.02,5.00,0.15,0.13,1
2026-07-22 11:45,KXBTC15M-26JUL220745-45,66013.00,1,,no,90,65913.27,15.11,0,5,4.50,0.04,5.00,0.50,0.46,1
2026-07-22 12:00,KXBTC15M-26JUL220800-00,65883.34,1,,yes,99,65981.56,14.91,0,5,4.95,0.01,5.00,0.05,0.04,1
2026-07-22 12:15,KXBTC15M-26JUL220815-15,65976.87,1,,no,99,65850.28,19.19,0,5,4.95,0.01,5.00,0.05,0.04,1
2026-07-22 12:30,KXBTC15M-26JUL220830-30,65855.56,1,,no,88,65819.26,5.51,0,5,4.40,0.04,5.00,0.60,0.56,1
2026-07-22 12:45,KXBTC15M-26JUL220845-45,65842.98,1,,no,93,65790.35,7.99,0,5,4.65,0.03,5.00,0.35,0.32,1
2026-07-22 13:00,KXBTC15M-26JUL220900-00,65748.06,1,,no,88,65599.58,22.58,0,5,4.40,0.04,5.00,0.60,0.56,1
2026-07-22 13:15,KXBTC15M-26JUL220915-15,65605.88,1,,yes,72,65621.98,2.45,0,6,4.32,0.09,0.00,-4.32,-4.41,0
2026-07-22 13:30,KXBTC15M-26JUL220930-30,65605.75,1,,no,94,65543.82,9.44,0,5,4.70,0.02,5.00,0.30,0.28,1
2026-07-22 13:45,KXBTC15M-26JUL220945-45,65574.92,1,,yes,99,65774.41,30.42,0,5,4.95,0.01,5.00,0.05,0.04,1
2026-07-22 14:00,KXBTC15M-26JUL221000-00,65848.21,1,,yes,69,65900.41,7.93,0,7,4.83,0.11,7.00,2.17,2.06,1
2026-07-22 14:15,KXBTC15M-26JUL221015-15,65914.13,1,,yes,73,65957.91,6.64,0,6,4.38,0.09,0.00,-4.38,-4.47,0
2026-07-22 14:30,KXBTC15M-26JUL221030-30,65889.46,1,,no,99,65680.04,31.78,0,5,4.95,0.01,5.00,0.05,0.04,1
2026-07-22 14:45,KXBTC15M-26JUL221045-45,65582.58,1,,yes,92,65623.80,6.29,0,5,4.60,0.03,5.00,0.40,0.37,1
2026-07-22 15:00,KXBTC15M-26JUL221100-00,65689.16,0,odds 34c not above 60c,no,,65679.36,1.49,0,0,0.00,0.00,0.00,0.00,0.00,
2026-07-22 15:15,KXBTC15M-26JUL221115-15,65751.00,1,,yes,93,65863.68,17.14,0,5,4.65,0.03,5.00,0.35,0.32,1
2026-07-22 15:30,KXBTC15M-26JUL221130-30,65904.60,1,,yes,89,66020.07,17.52,0,5,4.45,0.04,5.00,0.55,0.51,1
2026-07-22 15:45,KXBTC15M-26JUL221145-45,66055.59,1,,no,97,65966.57,13.48,0,5,4.85,0.02,5.00,0.15,0.13,1
2026-07-22 16:00,KXBTC15M-26JUL221200-00,65981.82,0,odds 60c not above 60c,yes,,66031.86,7.58,0,0,0.00,0.00,0.00,0.00,0.00,
2026-07-22 16:15,KXBTC15M-26JUL221215-15,65999.46,1,,yes,98,66041.14,6.32,0,5,4.90,0.01,5.00,0.10,0.09,1
2026-07-22 16:30,KXBTC15M-26JUL221230-30,66104.03,1,,no,99,65929.91,26.34,0,5,4.95,0.01,5.00,0.05,0.04,1
2026-07-22 16:45,KXBTC15M-26JUL221245-45,66009.29,0,no quote on chosen side at decision time,yes,,66261.25,38.17,0,0,0.00,0.00,0.00,0.00,0.00,
2026-07-22 17:00,KXBTC15M-26JUL221300-00,66266.28,1,,no,99,66181.53,12.79,0,5,4.95,0.01,5.00,0.05,0.04,1
2026-07-22 17:15,KXBTC15M-26JUL221315-15,66207.69,1,,no,71,66174.67,4.99,0,7,4.97,0.11,7.00,2.03,1.92,1
2026-07-22 17:30,KXBTC15M-26JUL221330-30,66152.85,1,,no,98,65991.25,24.43,0,5,4.90,0.01,5.00,0.10,0.09,1
2026-07-22 17:45,KXBTC15M-26JUL221345-45,65978.34,1,,yes,99,66117.36,21.07,0,5,4.95,0.01,5.00,0.05,0.04,1
2026-07-22 18:00,KXBTC15M-26JUL221400-00,66149.77,1,,no,99,66023.75,19.05,0,5,4.95,0.01,5.00,0.05,0.04,1
2026-07-22 18:15,KXBTC15M-26JUL221415-15,66002.67,1,,no,74,65984.30,2.78,0,6,4.44,0.09,6.00,1.56,1.47,1
2026-07-22 19:00,KXBTC15M-26JUL221500-00,65748.21,1,,yes,99,65882.45,20.42,0,5,4.95,0.01,5.00,0.05,0.04,1
2026-07-22 19:15,KXBTC15M-26JUL221515-15,65868.82,1,,no,99,65758.83,16.70,0,5,4.95,0.01,5.00,0.05,0.04,1
2026-07-22 19:30,KXBTC15M-26JUL221530-30,65718.57,1,,yes,99,65846.16,19.41,0,5,4.95,0.01,5.00,0.05,0.04,1
2026-07-22 19:45,KXBTC15M-26JUL221545-45,65881.45,0,odds 57c not above 60c,no,,65860.32,3.21,0,0,0.00,0.00,0.00,0.00,0.00,
2026-07-22 20:00,KXBTC15M-26JUL221600-00,65841.71,1,,yes,65,65877.28,5.40,0,7,4.55,0.12,7.00,2.45,2.33,1
2026-07-22 20:15,KXBTC15M-26JUL221615-15,65911.80,0,no quote on chosen side at decision time,no,,65799.38,17.06,0,0,0.00,0.00,0.00,0.00,0.00,
2026-07-22 20:30,KXBTC15M-26JUL221630-30,65877.55,1,,yes,78,65931.85,8.24,0,6,4.68,0.08,6.00,1.32,1.24,1
2026-07-22 20:45,KXBTC15M-26JUL221645-45,65902.15,0,odds 46c not above 60c,no,,65896.84,0.81,0,0,0.00,0.00,0.00,0.00,0.00,
2026-07-22 21:00,KXBTC15M-26JUL221700-00,65916.00,1,,no,78,65897.41,2.82,0,6,4.68,0.08,6.00,1.32,1.24,1
2026-07-22 21:15,KXBTC15M-26JUL221715-15,65888.27,1,,yes,64,65899.67,1.73,0,7,4.48,0.12,7.00,2.52,2.40,1
2026-07-22 21:30,KXBTC15M-26JUL221730-30,65896.38,1,,no,65,65866.32,4.56,0,7,4.55,0.12,7.00,2.45,2.33,1
2026-07-22 21:45,KXBTC15M-26JUL221745-45,65883.31,1,,yes,99,66049.39,25.21,0,5,4.95,0.01,5.00,0.05,0.04,1
2026-07-22 22:00,KXBTC15M-26JUL221800-00,66088.35,1,,no,93,66028.26,9.09,0,5,4.65,0.03,5.00,0.35,0.32,1
2026-07-22 22:15,KXBTC15M-26JUL221815-15,66031.84,1,,no,94,65980.48,7.78,0,5,4.70,0.02,5.00,0.30,0.28,1
2026-07-22 22:30,KXBTC15M-26JUL221830-30,65983.86,0,odds 37c not above 60c,yes,,65990.66,1.03,0,0,0.00,0.00,0.00,0.00,0.00,
2026-07-22 22:45,KXBTC15M-26JUL221845-45,65996.77,1,,no,98,65910.65,13.05,0,5,4.90,0.01,5.00,0.10,0.09,1
2026-07-22 23:00,KXBTC15M-26JUL221900-00,65931.12,1,,yes,99,65997.89,10.13,0,5,4.95,0.01,5.00,0.05,0.04,1
2026-07-22 23:15,KXBTC15M-26JUL221915-15,66007.36,1,,yes,87,66034.50,4.11,0,5,4.35,0.04,0.00,-4.35,-4.39,0
2026-07-22 23:30,KXBTC15M-26JUL221930-30,65877.21,1,,yes,96,65930.80,8.13,0,5,4.80,0.02,5.00,0.20,0.18,1
2026-07-22 23:45,KXBTC15M-26JUL221945-45,65958.67,0,odds 43c not above 60c,yes,,65967.06,1.27,0,0,0.00,0.00,0.00,0.00,0.00,
2026-07-23 00:00,KXBTC15M-26JUL222000-00,65955.64,1,,yes,98,66020.92,9.90,0,5,4.90,0.01,5.00,0.10,0.09,1
2026-07-23 00:15,KXBTC15M-26JUL222015-15,66086.19,1,,yes,97,66169.84,12.66,0,5,4.85,0.02,5.00,0.15,0.13,1
2026-07-23 00:30,KXBTC15M-26JUL222030-30,66156.82,1,,yes,98,66247.45,13.70,0,5,4.90,0.01,5.00,0.10,0.09,1
2026-07-23 00:45,KXBTC15M-26JUL222045-45,66227.57,1,,no,95,66163.23,9.71,0,5,4.75,0.02,5.00,0.25,0.23,1
2026-07-23 01:00,KXBTC15M-26JUL222100-00,66137.13,1,,no,91,66048.41,13.41,0,5,4.55,0.03,5.00,0.45,0.42,1
2026-07-23 01:15,KXBTC15M-26JUL222115-15,66039.16,1,,no,75,66019.46,2.98,0,6,4.50,0.08,6.00,1.50,1.42,1
2026-07-23 01:30,KXBTC15M-26JUL222130-30,66010.86,1,,no,97,65898.57,17.01,0,5,4.85,0.02,5.00,0.15,0.13,1
2026-07-23 01:45,KXBTC15M-26JUL222145-45,65906.24,1,,no,99,65749.31,23.81,0,5,4.95,0.01,5.00,0.05,0.04,1
2026-07-23 02:00,KXBTC15M-26JUL222200-00,65770.64,1,,yes,94,65826.02,8.42,0,5,4.70,0.02,5.00,0.30,0.28,1
2026-07-23 02:15,KXBTC15M-26JUL222215-15,65803.55,1,,no,67,65797.88,0.86,0,7,4.69,0.11,7.00,2.31,2.20,1
2026-07-23 02:30,KXBTC15M-26JUL222230-30,65738.41,1,,no,79,65677.11,9.32,0,6,4.74,0.07,6.00,1.26,1.19,1
2026-07-23 02:45,KXBTC15M-26JUL222245-45,65718.69,0,odds 26c not above 60c,no,,65718.22,0.07,0,0,0.00,0.00,0.00,0.00,0.00,
2026-07-23 03:00,KXBTC15M-26JUL222300-00,65744.55,0,odds 59c not above 60c,yes,,65767.45,3.48,0,0,0.00,0.00,0.00,0.00,0.00,
2026-07-23 03:15,KXBTC15M-26JUL222315-15,65776.62,1,,no,90,65672.89,15.77,0,5,4.50,0.04,5.00,0.50,0.46,1
2026-07-23 03:30,KXBTC15M-26JUL222330-30,65601.78,0,odds 29c not above 60c,no,,65562.57,5.98,0,0,0.00,0.00,0.00,0.00,0.00,
2026-07-23 03:45,KXBTC15M-26JUL222345-45,65617.74,1,,yes,93,65660.79,6.56,0,5,4.65,0.03,5.00,0.35,0.32,1
2026-07-23 04:00,KXBTC15M-26JUL230000-00,65656.47,1,,no,83,65613.04,6.61,0,6,4.98,0.06,6.00,1.02,0.96,1
2026-07-23 04:15,KXBTC15M-26JUL230015-15,65624.32,1,,no,81,65605.95,2.80,0,6,4.86,0.07,0.00,-4.86,-4.93,0
2026-07-23 04:30,KXBTC15M-26JUL230030-30,65634.81,1,,yes,88,65698.29,9.67,0,5,4.40,0.04,5.00,0.60,0.56,1
2026-07-23 04:45,KXBTC15M-26JUL230045-45,65677.56,1,,no,97,65603.09,11.34,0,5,4.85,0.02,5.00,0.15,0.13,1
2026-07-23 05:00,KXBTC15M-26JUL230100-00,65599.97,1,,no,80,65570.72,4.46,0,6,4.80,0.07,6.00,1.20,1.13,1
2026-07-23 05:15,KXBTC15M-26JUL230115-15,65571.34,1,,yes,79,65581.91,1.61,0,6,4.74,0.07,6.00,1.26,1.19,1
2026-07-23 05:30,KXBTC15M-26JUL230130-30,65605.64,0,odds 53c not above 60c,yes,,65631.68,3.97,0,0,0.00,0.00,0.00,0.00,0.00,
2026-07-23 05:45,KXBTC15M-26JUL230145-45,65682.22,0,odds 51c not above 60c,yes,,65693.92,1.78,0,0,0.00,0.00,0.00,0.00,0.00,
2026-07-23 06:00,KXBTC15M-26JUL230200-00,65705.70,1,,no,99,65644.16,9.37,0,5,4.95,0.01,5.00,0.05,0.04,1
2026-07-23 06:15,KXBTC15M-26JUL230215-15,65663.50,1,,no,79,65632.58,4.71,0,6,4.74,0.07,6.00,1.26,1.19,1
2026-07-23 06:30,KXBTC15M-26JUL230230-30,65640.07,1,,no,83,65636.60,0.53,0,6,4.98,0.06,0.00,-4.98,-5.04,0
2026-07-23 06:45,KXBTC15M-26JUL230245-45,65711.35,0,odds 56c not above 60c,yes,,65721.13,1.49,0,0,0.00,0.00,0.00,0.00,0.00,
2026-07-23 09:15,KXBTC15M-26JUL230515-15,65618.74,1,,yes,94,65679.76,9.30,0,5,4.70,0.02,5.00,0.30,0.28,1
2026-07-23 09:30,KXBTC15M-26JUL230530-30,65645.07,1,,yes,83,65687.14,6.41,0,6,4.98,0.06,6.00,1.02,0.96,1
2026-07-23 09:45,KXBTC15M-26JUL230545-45,65696.60,1,,no,80,65672.48,3.67,0,6,4.80,0.07,6.00,1.20,1.13,1
2026-07-23 10:00,KXBTC15M-26JUL230600-00,65693.68,1,,no,97,65644.61,7.47,0,5,4.85,0.02,5.00,0.15,0.13,1
2026-07-23 10:15,KXBTC15M-26JUL230615-15,65601.09,1,,yes,95,65662.74,9.40,0,5,4.75,0.02,5.00,0.25,0.23,1
2026-07-23 10:30,KXBTC15M-26JUL230630-30,65678.64,0,odds 57c not above 60c,yes,,65694.42,2.40,0,0,0.00,0.00,0.00,0.00,0.00,
2026-07-23 10:45,KXBTC15M-26JUL230645-45,65729.63,1,,yes,64,65743.40,2.09,0,7,4.48,0.12,7.00,2.52,2.40,1
2026-07-23 11:00,KXBTC15M-26JUL230700-00,65744.31,1,,no,95,65696.58,7.26,0,5,4.75,0.02,5.00,0.25,0.23,1
2026-07-23 11:15,KXBTC15M-26JUL230715-15,65700.16,1,,no,98,65646.44,8.18,0,5,4.90,0.01,5.00,0.10,0.09,1
2026-07-23 11:30,KXBTC15M-26JUL230730-30,65673.33,1,,no,97,65611.43,9.43,0,5,4.85,0.02,5.00,0.15,0.13,1
2026-07-23 11:45,KXBTC15M-26JUL230745-45,65612.63,1,,no,97,65521.17,13.94,0,5,4.85,0.02,5.00,0.15,0.13,1
2026-07-23 12:00,KXBTC15M-26JUL230800-00,65540.44,0,odds 39c not above 60c,no,,65531.31,1.39,0,0,0.00,0.00,0.00,0.00,0.00,
2026-07-23 12:15,KXBTC15M-26JUL230815-15,65536.37,1,,no,97,65434.57,15.53,0,5,4.85,0.02,5.00,0.15,0.13,1
2026-07-23 12:30,KXBTC15M-26JUL230830-30,65493.59,1,,no,96,65400.79,14.17,0,5,4.80,0.02,5.00,0.20,0.18,1
2026-07-23 12:45,KXBTC15M-26JUL230845-45,65401.49,0,no quote on chosen side at decision time,no,,65119.99,43.04,0,0,0.00,0.00,0.00,0.00,0.00,
2026-07-23 13:00,KXBTC15M-26JUL230900-00,65090.73,1,,yes,97,65181.31,13.92,0,5,4.85,0.02,5.00,0.15,0.13,1
2026-07-23 13:15,KXBTC15M-26JUL230915-15,65115.65,1,,no,95,65009.21,16.35,0,5,4.75,0.02,5.00,0.25,0.23,1
2026-07-23 13:30,KXBTC15M-26JUL230930-30,64986.58,0,odds 28c not above 60c,no,,64983.64,0.45,0,0,0.00,0.00,0.00,0.00,0.00,
2026-07-23 13:45,KXBTC15M-26JUL230945-45,64968.77,0,odds 50c not above 60c,yes,,64975.23,0.99,0,0,0.00,0.00,0.00,0.00,0.00,
2026-07-23 14:00,KXBTC15M-26JUL231000-00,65037.69,0,odds 50c not above 60c,no,,65032.46,0.80,0,0,0.00,0.00,0.00,0.00,0.00,
2026-07-23 14:15,KXBTC15M-26JUL231015-15,64869.16,0,odds 52c not above 60c,yes,,64922.95,8.29,0,0,0.00,0.00,0.00,0.00,0.00,
2026-07-23 14:30,KXBTC15M-26JUL231030-30,65015.59,1,,yes,85,65115.79,15.41,0,5,4.25,0.05,5.00,0.75,0.70,1
2026-07-23 14:45,KXBTC15M-26JUL231045-45,65078.27,1,,yes,79,65092.65,2.21,0,6,4.74,0.07,0.00,-4.74,-4.81,0
2026-07-23 15:00,KXBTC15M-26JUL231100-00,64985.75,1,,no,98,64803.99,27.97,0,5,4.90,0.01,5.00,0.10,0.09,1
2026-07-23 15:15,KXBTC15M-26JUL231115-15,64856.32,1,,no,89,64768.65,13.52,0,5,4.45,0.04,5.00,0.55,0.51,1
2026-07-23 15:30,KXBTC15M-26JUL231130-30,64700.83,1,,yes,99,64873.53,26.69,0,5,4.95,0.01,5.00,0.05,0.04,1
2026-07-23 15:45,KXBTC15M-26JUL231145-45,64823.58,1,,yes,95,64894.67,10.97,0,5,4.75,0.02,5.00,0.25,0.23,1
2026-07-23 16:00,KXBTC15M-26JUL231200-00,64870.52,1,,yes,86,64938.01,10.40,0,5,4.30,0.05,5.00,0.70,0.65,1
2026-07-23 16:15,KXBTC15M-26JUL231215-15,64912.46,1,,no,98,64798.76,17.52,0,5,4.90,0.01,5.00,0.10,0.09,1
2026-07-23 16:30,KXBTC15M-26JUL231230-30,64820.74,1,,no,88,64754.87,10.16,0,5,4.40,0.04,5.00,0.60,0.56,1
2026-07-23 16:45,KXBTC15M-26JUL231245-45,64761.87,1,,no,75,64694.38,10.42,0,6,4.50,0.08,6.00,1.50,1.42,1
2026-07-23 17:00,KXBTC15M-26JUL231300-00,64696.61,1,,yes,65,64721.91,3.91,0,7,4.55,0.12,7.00,2.45,2.33,1
2026-07-23 17:15,KXBTC15M-26JUL231315-15,64737.27,1,,no,61,64725.31,1.85,0,8,4.88,0.14,8.00,3.12,2.98,1
2026-07-23 17:30,KXBTC15M-26JUL231330-30,64693.65,1,,yes,98,64765.36,11.08,0,5,4.90,0.01,5.00,0.10,0.09,1
2026-07-23 17:45,KXBTC15M-26JUL231345-45,64800.42,1,,no,93,64747.87,8.11,0,5,4.65,0.03,5.00,0.35,0.32,1
2026-07-23 18:00,KXBTC15M-26JUL231400-00,64773.49,1,,no,76,64732.61,6.31,0,6,4.56,0.08,6.00,1.44,1.36,1
2026-07-23 18:15,KXBTC15M-26JUL231415-15,64620.86,1,,yes,99,64701.34,12.45,0,5,4.95,0.01,5.00,0.05,0.04,1
2026-07-23 18:30,KXBTC15M-26JUL231430-30,64685.31,0,odds 43c not above 60c,no,,64685.03,0.04,0,0,0.00,0.00,0.00,0.00,0.00,
2026-07-23 18:45,KXBTC15M-26JUL231445-45,64752.63,1,,yes,61,64768.23,2.41,0,8,4.88,0.14,8.00,3.12,2.98,1
2026-07-23 19:00,KXBTC15M-26JUL231500-00,64758.53,1,,yes,92,64849.39,14.03,0,5,4.60,0.03,5.00,0.40,0.37,1
2026-07-23 19:15,KXBTC15M-26JUL231515-15,64807.79,0,odds 28c not above 60c,no,,64796.76,1.70,0,0,0.00,0.00,0.00,0.00,0.00,
2026-07-23 19:30,KXBTC15M-26JUL231530-30,64742.06,1,,yes,94,64817.29,11.62,0,5,4.70,0.02,5.00,0.30,0.28,1
2026-07-23 19:45,KXBTC15M-26JUL231545-45,64833.75,1,,no,96,64745.22,13.65,0,5,4.80,0.02,5.00,0.20,0.18,1
2026-07-23 20:00,KXBTC15M-26JUL231600-00,64703.10,1,,no,80,64701.98,0.17,0,6,4.80,0.07,0.00,-4.80,-4.87,0
2026-07-23 20:15,KXBTC15M-26JUL231615-15,64791.74,1,,yes,99,64972.03,27.83,0,5,4.95,0.01,5.00,0.05,0.04,1
2026-07-23 20:30,KXBTC15M-26JUL231630-30,64994.56,1,,yes,97,65079.99,13.14,0,5,4.85,0.02,5.00,0.15,0.13,1
2026-07-23 20:45,KXBTC15M-26JUL231645-45,65124.54,1,,no,93,65063.04,9.44,0,5,4.65,0.03,5.00,0.35,0.32,1
2026-07-23 21:00,KXBTC15M-26JUL231700-00,65084.53,1,,yes,62,65101.99,2.68,0,8,4.96,0.14,8.00,3.04,2.90,1
2026-07-23 21:15,KXBTC15M-26JUL231715-15,65099.79,1,,no,95,65025.64,11.39,0,5,4.75,0.02,5.00,0.25,0.23,1
2026-07-23 21:30,KXBTC15M-26JUL231730-30,65007.10,1,,yes,78,65052.55,6.99,0,6,4.68,0.08,6.00,1.32,1.24,1
2026-07-23 21:45,KXBTC15M-26JUL231745-45,65074.35,1,,no,90,65052.54,3.35,0,5,4.50,0.04,5.00,0.50,0.46,1
2026-07-23 22:00,KXBTC15M-26JUL231800-00,65049.56,1,,yes,92,65091.89,6.51,0,5,4.60,0.03,5.00,0.40,0.37,1
2026-07-23 22:15,KXBTC15M-26JUL231815-15,65105.92,0,odds 34c not above 60c,no,,65046.48,9.13,0,0,0.00,0.00,0.00,0.00,0.00,
2026-07-23 22:30,KXBTC15M-26JUL231830-30,65050.02,1,,yes,92,65138.36,13.58,0,5,4.60,0.03,5.00,0.40,0.37,1
2026-07-23 22:45,KXBTC15M-26JUL231845-45,65108.79,1,,yes,97,65134.92,4.01,0,5,4.85,0.02,5.00,0.15,0.13,1
2026-07-23 23:00,KXBTC15M-26JUL231900-00,65169.64,1,,no,96,65138.55,4.77,0,5,4.80,0.02,5.00,0.20,0.18,1
2026-07-23 23:15,KXBTC15M-26JUL231915-15,65148.85,1,,no,73,65127.36,3.30,0,6,4.38,0.09,6.00,1.62,1.53,1
2026-07-23 23:30,KXBTC15M-26JUL231930-30,65134.31,0,odds 59c not above 60c,no,,65127.83,0.99,0,0,0.00,0.00,0.00,0.00,0.00,
2026-07-23 23:45,KXBTC15M-26JUL231945-45,65121.17,0,odds 17c not above 60c,no,,65105.88,2.35,0,0,0.00,0.00,0.00,0.00,0.00,
2026-07-24 00:00,KXBTC15M-26JUL232000-00,65127.43,1,,no,99,65013.56,17.48,0,5,4.95,0.01,5.00,0.05,0.04,1
2026-07-24 00:15,KXBTC15M-26JUL232015-15,65054.34,1,,no,99,64859.99,29.88,0,5,4.95,0.01,5.00,0.05,0.04,1
2026-07-24 00:30,KXBTC15M-26JUL232030-30,64889.62,0,odds 23c not above 60c,no,,64861.04,4.40,0,0,0.00,0.00,0.00,0.00,0.00,
2026-07-24 00:45,KXBTC15M-26JUL232045-45,64839.26,1,,no,96,64726.90,17.33,0,5,4.80,0.02,5.00,0.20,0.18,1
2026-07-24 01:00,KXBTC15M-26JUL232100-00,64809.04,1,,yes,95,64874.46,10.09,0,5,4.75,0.02,5.00,0.25,0.23,1
2026-07-24 01:15,KXBTC15M-26JUL232115-15,64924.15,1,,yes,99,65019.97,14.76,0,5,4.95,0.01,5.00,0.05,0.04,1
2026-07-24 01:30,KXBTC15M-26JUL232130-30,65003.84,0,odds 40c not above 60c,yes,,65036.00,4.95,0,0,0.00,0.00,0.00,0.00,0.00,
2026-07-24 01:45,KXBTC15M-26JUL232145-45,65045.16,1,,yes,85,65093.98,7.51,0,5,4.25,0.05,5.00,0.75,0.70,1
2026-07-24 02:00,KXBTC15M-26JUL232200-00,65068.14,1,,no,65,65036.63,4.84,0,7,4.55,0.12,7.00,2.45,2.33,1
2026-07-24 02:15,KXBTC15M-26JUL232215-15,65039.49,1,,yes,87,65078.54,6.00,0,5,4.35,0.04,5.00,0.65,0.61,1
2026-07-24 02:30,KXBTC15M-26JUL232230-30,65122.78,1,,no,71,65107.67,2.32,0,7,4.97,0.11,7.00,2.03,1.92,1
2026-07-24 02:45,KXBTC15M-26JUL232245-45,65088.12,1,,no,99,65002.06,13.22,0,5,4.95,0.01,5.00,0.05,0.04,1
2026-07-24 03:00,KXBTC15M-26JUL232300-00,65012.14,1,,no,87,64976.99,5.41,0,5,4.35,0.04,0.00,-4.35,-4.39,0
2026-07-24 03:15,KXBTC15M-26JUL232315-15,65057.99,1,,yes,98,65216.03,24.29,0,5,4.90,0.01,5.00,0.10,0.09,1
2026-07-24 03:30,KXBTC15M-26JUL232330-30,65266.32,0,odds 53c not above 60c,yes,,65282.61,2.50,0,0,0.00,0.00,0.00,0.00,0.00,
2026-07-24 03:45,KXBTC15M-26JUL232345-45,65290.34,1,,no,83,65281.30,1.38,0,6,4.98,0.06,0.00,-4.98,-5.04,0
2026-07-24 04:00,KXBTC15M-26JUL240000-00,65351.51,1,,yes,71,65380.52,4.44,0,7,4.97,0.11,7.00,2.03,1.92,1
2026-07-24 04:15,KXBTC15M-26JUL240015-15,65407.99,1,,no,90,65341.99,10.09,0,5,4.50,0.04,5.00,0.50,0.46,1
2026-07-24 04:30,KXBTC15M-26JUL240030-30,65349.84,1,,yes,63,65374.37,3.75,0,7,4.41,0.12,7.00,2.59,2.47,1
2026-07-24 04:45,KXBTC15M-26JUL240045-45,65371.58,1,,no,98,65259.28,17.18,0,5,4.90,0.01,5.00,0.10,0.09,1
2026-07-24 05:00,KXBTC15M-26JUL240100-00,65291.13,1,,no,89,65251.08,6.13,0,5,4.45,0.04,5.00,0.55,0.51,1
2026-07-24 05:15,KXBTC15M-26JUL240115-15,65237.70,1,,yes,96,65304.03,10.17,0,5,4.80,0.02,5.00,0.20,0.18,1
2026-07-24 05:30,KXBTC15M-26JUL240130-30,65309.19,0,odds 53c not above 60c,no,,65279.46,4.55,0,0,0.00,0.00,0.00,0.00,0.00,
2026-07-24 05:45,KXBTC15M-26JUL240145-45,65286.98,1,,no,98,65218.54,10.48,0,5,4.90,0.01,5.00,0.10,0.09,1
2026-07-24 06:00,KXBTC15M-26JUL240200-00,65250.67,0,odds 34c not above 60c,no,,65237.04,2.09,0,0,0.00,0.00,0.00,0.00,0.00,
2026-07-24 06:15,KXBTC15M-26JUL240215-15,65252.20,1,,yes,80,65286.76,5.30,0,6,4.80,0.07,6.00,1.20,1.13,1
2026-07-24 06:30,KXBTC15M-26JUL240230-30,65312.41,1,,yes,98,65419.55,16.40,0,5,4.90,0.01,5.00,0.10,0.09,1
2026-07-24 06:45,KXBTC15M-26JUL240245-45,65383.32,1,,yes,94,65427.73,6.79,0,5,4.70,0.02,5.00,0.30,0.28,1
2026-07-24 07:00,KXBTC15M-26JUL240300-00,65418.15,1,,no,66,65381.08,5.67,0,7,4.62,0.11,0.00,-4.62,-4.73,0
2026-07-24 07:15,KXBTC15M-26JUL240315-15,65423.19,1,,yes,99,65661.61,36.44,0,5,4.95,0.01,5.00,0.05,0.04,1
2026-07-24 07:30,KXBTC15M-26JUL240330-30,65710.40,1,,no,99,65610.00,15.28,0,5,4.95,0.01,5.00,0.05,0.04,1
2026-07-24 07:45,KXBTC15M-26JUL240345-45,65591.26,1,,no,99,65402.05,28.85,0,5,4.95,0.01,5.00,0.05,0.04,1
2026-07-24 08:00,KXBTC15M-26JUL240400-00,65338.06,1,,yes,98,65451.07,17.30,0,5,4.90,0.01,5.00,0.10,0.09,1
2026-07-24 08:15,KXBTC15M-26JUL240415-15,65457.51,1,,no,65,65423.05,5.26,0,7,4.55,0.12,7.00,2.45,2.33,1
2026-07-24 08:30,KXBTC15M-26JUL240430-30,65407.96,1,,no,98,65265.99,21.71,0,5,4.90,0.01,5.00,0.10,0.09,1
2026-07-24 08:45,KXBTC15M-26JUL240445-45,65345.54,1,,yes,96,65401.18,8.51,0,5,4.80,0.02,5.00,0.20,0.18,1
2026-07-24 09:00,KXBTC15M-26JUL240500-00,65396.06,1,,no,99,65276.97,18.21,0,5,4.95,0.01,5.00,0.05,0.04,1
2026-07-24 09:15,KXBTC15M-26JUL240515-15,65270.30,0,no quote on chosen side at decision time,no,,65063.70,31.65,0,0,0.00,0.00,0.00,0.00,0.00,
2026-07-24 09:30,KXBTC15M-26JUL240530-30,65018.80,1,,no,98,64961.05,8.88,0,5,4.90,0.01,5.00,0.10,0.09,1
2026-07-24 09:45,KXBTC15M-26JUL240545-45,64931.73,1,,yes,95,65022.24,13.94,0,5,4.75,0.02,5.00,0.25,0.23,1
2026-07-24 10:00,KXBTC15M-26JUL240600-00,65043.34,1,,yes,91,65076.37,5.08,0,5,4.55,0.03,5.00,0.45,0.42,1
2026-07-24 10:15,KXBTC15M-26JUL240615-15,65067.58,1,,no,96,65024.46,6.63,0,5,4.80,0.02,5.00,0.20,0.18,1
2026-07-24 10:30,KXBTC15M-26JUL240630-30,64966.05,0,odds 46c not above 60c,no,,64955.83,1.57,0,0,0.00,0.00,0.00,0.00,0.00,
2026-07-24 10:45,KXBTC15M-26JUL240645-45,64973.29,0,odds 60c not above 60c,no,,64962.11,1.72,0,0,0.00,0.00,0.00,0.00,0.00,
2026-07-24 11:00,KXBTC15M-26JUL240700-00,64984.30,1,,no,98,64872.80,17.16,0,5,4.90,0.01,5.00,0.10,0.09,1
2026-07-24 11:15,KXBTC15M-26JUL240715-15,64907.76,1,,yes,80,64930.70,3.53,0,6,4.80,0.07,6.00,1.20,1.13,1
2026-07-24 11:30,KXBTC15M-26JUL240730-30,64961.65,1,,yes,90,64979.24,2.71,0,5,4.50,0.04,5.00,0.50,0.46,1
2026-07-24 11:45,KXBTC15M-26JUL240745-45,64995.71,1,,no,85,64934.74,9.38,0,5,4.25,0.05,5.00,0.75,0.70,1
2026-07-24 12:00,KXBTC15M-26JUL240800-00,64919.57,1,,yes,98,64985.61,10.17,0,5,4.90,0.01,5.00,0.10,0.09,1
2026-07-24 12:15,KXBTC15M-26JUL240815-15,65032.26,0,odds 48c not above 60c,no,,65027.61,0.72,0,0,0.00,0.00,0.00,0.00,0.00,
2026-07-24 12:30,KXBTC15M-26JUL240830-30,65024.49,1,,yes,84,65042.72,2.80,0,5,4.20,0.05,0.00,-4.20,-4.25,0
2026-07-24 12:45,KXBTC15M-26JUL240845-45,64988.01,1,,no,64,64956.63,4.83,0,7,4.48,0.12,7.00,2.52,2.40,1
2026-07-24 13:00,KXBTC15M-26JUL240900-00,64885.79,1,,no,96,64823.27,9.64,0,5,4.80,0.02,5.00,0.20,0.18,1
2026-07-24 13:15,KXBTC15M-26JUL240915-15,64729.55,1,,no,99,64368.69,55.75,0,5,4.95,0.01,5.00,0.05,0.04,1
2026-07-24 13:30,KXBTC15M-26JUL240930-30,64316.87,1,,yes,65,64333.30,2.55,0,7,4.55,0.12,7.00,2.45,2.33,1
2026-07-24 13:45,KXBTC15M-26JUL240945-45,64330.69,1,,no,90,64213.92,18.15,0,5,4.50,0.04,5.00,0.50,0.46,1
2026-07-24 14:00,KXBTC15M-26JUL241000-00,64328.10,1,,no,99,63865.93,71.85,0,5,4.95,0.01,5.00,0.05,0.04,1
2026-07-24 14:15,KXBTC15M-26JUL241015-15,64049.14,1,,yes,78,64129.57,12.56,0,6,4.68,0.08,0.00,-4.68,-4.76,0
2026-07-24 14:30,KXBTC15M-26JUL241030-30,63951.02,1,,no,98,63687.48,41.21,0,5,4.90,0.01,5.00,0.10,0.09,1
2026-07-24 14:45,KXBTC15M-26JUL241045-45,63777.92,1,,no,64,63771.09,1.07,0,7,4.48,0.12,7.00,2.52,2.40,1
2026-07-24 15:00,KXBTC15M-26JUL241100-00,63766.40,1,,yes,92,63872.28,16.60,0,5,4.60,0.03,5.00,0.40,0.37,1
2026-07-24 15:15,KXBTC15M-26JUL241115-15,63975.66,0,odds 4c not above 60c,yes,,63993.49,2.79,0,0,0.00,0.00,0.00,0.00,0.00,
2026-07-24 15:30,KXBTC15M-26JUL241130-30,64028.26,0,odds 57c not above 60c,yes,,64055.18,4.20,0,0,0.00,0.00,0.00,0.00,0.00,
2026-07-24 15:45,KXBTC15M-26JUL241145-45,64058.65,1,,yes,99,64238.09,28.01,0,5,4.95,0.01,5.00,0.05,0.04,1
2026-07-24 16:00,KXBTC15M-26JUL241200-00,64141.80,1,,no,86,64106.56,5.49,0,5,4.30,0.05,5.00,0.70,0.65,1
2026-07-24 16:15,KXBTC15M-26JUL241215-15,64066.39,1,,yes,69,64138.12,11.20,0,7,4.83,0.11,7.00,2.17,2.06,1
2026-07-24 16:30,KXBTC15M-26JUL241230-30,64082.49,0,odds 50c not above 60c,yes,,64093.24,1.68,0,0,0.00,0.00,0.00,0.00,0.00,
2026-07-24 16:45,KXBTC15M-26JUL241245-45,64045.71,1,,no,96,63920.75,19.51,0,5,4.80,0.02,5.00,0.20,0.18,1
2026-07-24 17:00,KXBTC15M-26JUL241300-00,63889.77,1,,no,64,63887.80,0.31,0,7,4.48,0.12,0.00,-4.48,-4.60,0
2026-07-24 17:15,KXBTC15M-26JUL241315-15,63924.96,1,,no,83,63856.55,10.70,0,6,4.98,0.06,6.00,1.02,0.96,1
2026-07-24 17:30,KXBTC15M-26JUL241330-30,63896.93,1,,yes,99,64074.54,27.80,0,5,4.95,0.01,5.00,0.05,0.04,1
2026-07-24 17:45,KXBTC15M-26JUL241345-45,64068.43,1,,yes,73,64094.93,4.14,0,6,4.38,0.09,6.00,1.62,1.53,1
2026-07-24 18:00,KXBTC15M-26JUL241400-00,64109.57,1,,no,73,64101.79,1.21,0,6,4.38,0.09,0.00,-4.38,-4.47,0
2026-07-24 18:15,KXBTC15M-26JUL241415-15,64122.25,1,,no,66,64108.13,2.20,0,7,4.62,0.11,0.00,-4.62,-4.73,0
2026-07-24 18:30,KXBTC15M-26JUL241430-30,64138.52,1,,no,88,64106.85,4.94,0,5,4.40,0.04,5.00,0.60,0.56,1
2026-07-24 18:45,KXBTC15M-26JUL241445-45,64084.73,1,,yes,79,64087.93,0.50,0,6,4.74,0.07,6.00,1.26,1.19,1
2026-07-24 19:00,KXBTC15M-26JUL241500-00,64111.29,1,,yes,99,64217.79,16.61,0,5,4.95,0.01,5.00,0.05,0.04,1
2026-07-24 19:15,KXBTC15M-26JUL241515-15,64213.36,1,,no,99,64089.86,19.23,0,5,4.95,0.01,5.00,0.05,0.04,1
2026-07-24 19:30,KXBTC15M-26JUL241530-30,64102.43,1,,yes,89,64132.51,4.69,0,5,4.45,0.04,5.00,0.55,0.51,1
2026-07-24 19:45,KXBTC15M-26JUL241545-45,64156.46,1,,yes,90,64189.83,5.20,0,5,4.50,0.04,5.00,0.50,0.46,1
2026-07-24 20:00,KXBTC15M-26JUL241600-00,64194.25,1,,no,85,64137.52,8.84,0,5,4.25,0.05,5.00,0.75,0.70,1
2026-07-24 20:15,KXBTC15M-26JUL241615-15,64161.04,1,,no,80,64135.99,3.90,0,6,4.80,0.07,6.00,1.20,1.13,1
2026-07-24 20:30,KXBTC15M-26JUL241630-30,64148.70,1,,yes,94,64201.20,8.18,0,5,4.70,0.02,5.00,0.30,0.28,1
2026-07-24 20:45,KXBTC15M-26JUL241645-45,64182.23,1,,no,79,64143.30,6.07,0,6,4.74,0.07,6.00,1.26,1.19,1
2026-07-24 21:00,KXBTC15M-26JUL241700-00,64122.69,1,,no,62,64102.71,3.12,0,8,4.96,0.14,8.00,3.04,2.90,1
2026-07-24 21:15,KXBTC15M-26JUL241715-15,64106.33,0,odds 34c not above 60c,no,,64092.35,2.18,0,0,0.00,0.00,0.00,0.00,0.00,
2026-07-24 21:30,KXBTC15M-26JUL241730-30,64090.06,1,,yes,87,64118.01,4.36,0,5,4.35,0.04,5.00,0.65,0.61,1
2026-07-24 21:45,KXBTC15M-26JUL241745-45,64099.74,1,,yes,65,64109.10,1.46,0,7,4.55,0.12,7.00,2.45,2.33,1
2026-07-24 22:00,KXBTC15M-26JUL241800-00,64100.25,1,,no,63,64085.25,2.34,0,7,4.41,0.12,7.00,2.59,2.47,1
2026-07-24 22:15,KXBTC15M-26JUL241815-15,64077.36,1,,yes,78,64110.64,5.19,0,6,4.68,0.08,6.00,1.32,1.24,1
2026-07-24 22:30,KXBTC15M-26JUL241830-30,64088.00,1,,yes,86,64093.36,0.84,0,5,4.30,0.05,5.00,0.70,0.65,1
2026-07-24 22:45,KXBTC15M-26JUL241845-45,64107.84,1,,yes,88,64149.99,6.57,0,5,4.40,0.04,5.00,0.60,0.56,1
2026-07-24 23:00,KXBTC15M-26JUL241900-00,64140.70,1,,no,95,64110.90,4.65,0,5,4.75,0.02,5.00,0.25,0.23,1
2026-07-24 23:15,KXBTC15M-26JUL241915-15,64106.87,0,odds 57c not above 60c,no,,64099.95,1.08,0,0,0.00,0.00,0.00,0.00,0.00,
2026-07-24 23:30,KXBTC15M-26JUL241930-30,64105.08,0,odds 37c not above 60c,no,,64100.53,0.71,0,0,0.00,0.00,0.00,0.00,0.00,
2026-07-24 23:45,KXBTC15M-26JUL241945-45,64112.47,0,odds 45c not above 60c,no,,64095.31,2.68,0,0,0.00,0.00,0.00,0.00,0.00,
2026-07-25 00:00,KXBTC15M-26JUL242000-00,64115.86,1,,no,92,64092.80,3.60,0,5,4.60,0.03,5.00,0.40,0.37,1
2026-07-25 00:15,KXBTC15M-26JUL242015-15,64095.68,1,,no,64,64085.48,1.59,0,7,4.48,0.12,7.00,2.52,2.40,1
2026-07-25 00:30,KXBTC15M-26JUL242030-30,64090.76,1,,yes,80,64099.74,1.40,0,6,4.80,0.07,6.00,1.20,1.13,1
2026-07-25 00:45,KXBTC15M-26JUL242045-45,64105.11,1,,no,73,64083.51,3.37,0,6,4.38,0.09,6.00,1.62,1.53,1
2026-07-25 01:00,KXBTC15M-26JUL242100-00,64051.54,1,,no,90,64026.67,3.88,0,5,4.50,0.04,5.00,0.50,0.46,1
2026-07-25 01:15,KXBTC15M-26JUL242115-15,64008.72,0,odds 59c not above 60c,no,,63982.84,4.04,0,0,0.00,0.00,0.00,0.00,0.00,
2026-07-25 01:30,KXBTC15M-26JUL242130-30,63964.70,0,odds 51c not above 60c,no,,63961.50,0.50,0,0,0.00,0.00,0.00,0.00,0.00,
2026-07-25 01:45,KXBTC15M-26JUL242145-45,64003.97,1,,yes,63,64033.97,4.69,0,7,4.41,0.12,7.00,2.59,2.47,1
2026-07-25 02:00,KXBTC15M-26JUL242200-00,64060.64,1,,no,90,64033.24,4.28,0,5,4.50,0.04,5.00,0.50,0.46,1
2026-07-25 02:15,KXBTC15M-26JUL242215-15,64009.13,1,,yes,85,64023.22,2.20,0,5,4.25,0.05,5.00,0.75,0.70,1
2026-07-25 02:30,KXBTC15M-26JUL242230-30,64012.96,1,,no,94,63971.27,6.51,0,5,4.70,0.02,5.00,0.30,0.28,1
2026-07-25 02:45,KXBTC15M-26JUL242245-45,63995.82,0,odds 57c not above 60c,no,,63990.51,0.83,0,0,0.00,0.00,0.00,0.00,0.00,
2026-07-25 03:00,KXBTC15M-26JUL242300-00,63993.35,1,,no,70,63963.93,4.60,0,7,4.90,0.11,7.00,2.10,1.99,1
2026-07-25 03:15,KXBTC15M-26JUL242315-15,63968.14,1,,yes,88,63982.23,2.20,0,5,4.40,0.04,5.00,0.60,0.56,1
2026-07-25 03:30,KXBTC15M-26JUL242330-30,64010.31,0,odds 43c not above 60c,yes,,64022.01,1.83,0,0,0.00,0.00,0.00,0.00,0.00,
2026-07-25 03:45,KXBTC15M-26JUL242345-45,64018.68,1,,yes,65,64019.92,0.19,0,7,4.55,0.12,7.00,2.45,2.33,1
2026-07-25 04:00,KXBTC15M-26JUL250000-00,64031.46,1,,no,86,64006.03,3.97,0,5,4.30,0.05,5.00,0.70,0.65,1
2026-07-25 04:15,KXBTC15M-26JUL250015-15,64026.58,1,,yes,97,64063.45,5.76,0,5,4.85,0.02,5.00,0.15,0.13,1
2026-07-25 04:30,KXBTC15M-26JUL250030-30,64064.07,1,,no,93,64048.51,2.43,0,5,4.65,0.03,5.00,0.35,0.32,1
2026-07-25 04:45,KXBTC15M-26JUL250045-45,64048.13,1,,yes,94,64073.99,4.04,0,5,4.70,0.02,5.00,0.30,0.28,1
2026-07-25 05:00,KXBTC15M-26JUL250100-00,64122.27,1,,no,97,64091.65,4.78,0,5,4.85,0.02,5.00,0.15,0.13,1
2026-07-25 05:15,KXBTC15M-26JUL250115-15,64102.10,1,,yes,82,64108.40,0.98,0,6,4.92,0.07,0.00,-4.92,-4.99,0
2026-07-25 05:30,KXBTC15M-26JUL250130-30,64093.60,0,odds 54c not above 60c,no,,64090.00,0.56,0,0,0.00,0.00,0.00,0.00,0.00,
2026-07-25 05:45,KXBTC15M-26JUL250145-45,64086.52,1,,no,99,63967.67,18.55,0,5,4.95,0.01,5.00,0.05,0.04,1
2026-07-25 06:00,KXBTC15M-26JUL250200-00,63981.10,1,,no,90,63955.21,4.05,0,5,4.50,0.04,5.00,0.50,0.46,1
2026-07-25 06:15,KXBTC15M-26JUL250215-15,63961.97,1,,yes,96,63979.59,2.75,0,5,4.80,0.02,5.00,0.20,0.18,1
2026-07-25 06:30,KXBTC15M-26JUL250230-30,63992.48,1,,no,98,63932.41,9.39,0,5,4.90,0.01,5.00,0.10,0.09,1
2026-07-25 06:45,KXBTC15M-26JUL250245-45,63950.82,0,odds 17c not above 60c,no,,63949.12,0.27,0,0,0.00,0.00,0.00,0.00,0.00,
2026-07-25 07:00,KXBTC15M-26JUL250300-00,63935.02,0,odds 56c not above 60c,no,,63925.38,1.51,0,0,0.00,0.00,0.00,0.00,0.00,
2026-07-25 07:15,KXBTC15M-26JUL250315-15,63947.84,0,odds 58c not above 60c,yes,,63948.97,0.18,0,0,0.00,0.00,0.00,0.00,0.00,
2026-07-25 07:30,KXBTC15M-26JUL250330-30,63956.30,0,odds 50c not above 60c,yes,,63961.28,0.78,0,0,0.00,0.00,0.00,0.00,0.00,
2026-07-25 07:45,KXBTC15M-26JUL250345-45,63965.45,0,odds 20c not above 60c,no,,63964.83,0.10,0,0,0.00,0.00,0.00,0.00,0.00,
2026-07-25 08:00,KXBTC15M-26JUL250400-00,63966.33,1,,no,79,63965.92,0.06,0,6,4.74,0.07,0.00,-4.74,-4.81,0
2026-07-25 08:15,KXBTC15M-26JUL250415-15,63967.02,1,,no,98,63875.24,14.35,0,5,4.90,0.01,5.00,0.10,0.09,1
2026-07-25 08:30,KXBTC15M-26JUL250430-30,63899.91,1,,yes,87,63920.78,3.27,0,5,4.35,0.04,5.00,0.65,0.61,1
2026-07-25 08:45,KXBTC15M-26JUL250445-45,63937.74,1,,no,96,63909.80,4.37,0,5,4.80,0.02,5.00,0.20,0.18,1
2026-07-25 09:00,KXBTC15M-26JUL250500-00,63900.49,1,,no,99,63764.99,21.20,0,5,4.95,0.01,5.00,0.05,0.04,1
2026-07-25 09:15,KXBTC15M-26JUL250515-15,63806.86,0,odds 48c not above 60c,no,,63786.62,3.17,0,0,0.00,0.00,0.00,0.00,0.00,
2026-07-25 09:30,KXBTC15M-26JUL250530-30,63811.83,1,,yes,98,63859.58,7.48,0,5,4.90,0.01,5.00,0.10,0.09,1
2026-07-25 09:45,KXBTC15M-26JUL250545-45,63880.81,1,,no,80,63872.81,1.25,0,6,4.80,0.07,6.00,1.20,1.13,1
2026-07-25 10:00,KXBTC15M-26JUL250600-00,63880.05,1,,yes,97,63936.26,8.80,0,5,4.85,0.02,5.00,0.15,0.13,1
2026-07-25 10:15,KXBTC15M-26JUL250615-15,63934.74,1,,yes,91,63959.24,3.83,0,5,4.55,0.03,5.00,0.45,0.42,1
2026-07-25 10:30,KXBTC15M-26JUL250630-30,63976.95,1,,no,74,63967.48,1.48,0,6,4.44,0.09,6.00,1.56,1.47,1
2026-07-25 10:45,KXBTC15M-26JUL250645-45,63968.34,1,,no,90,63955.31,2.04,0,5,4.50,0.04,5.00,0.50,0.46,1
2026-07-25 11:00,KXBTC15M-26JUL250700-00,63960.46,1,,yes,85,63974.98,2.27,0,5,4.25,0.05,5.00,0.75,0.70,1
2026-07-25 11:15,KXBTC15M-26JUL250715-15,64002.37,1,,no,69,63984.44,2.80,0,7,4.83,0.11,0.00,-4.83,-4.94,0
2026-07-25 11:30,KXBTC15M-26JUL250730-30,64008.33,0,odds 25c not above 60c,no,,64005.94,0.37,0,0,0.00,0.00,0.00,0.00,0.00,
2026-07-25 11:45,KXBTC15M-26JUL250745-45,64012.82,0,odds 36c not above 60c,yes,,64014.82,0.31,0,0,0.00,0.00,0.00,0.00,0.00,
2026-07-25 12:00,KXBTC15M-26JUL250800-00,63997.51,1,,yes,72,64012.46,2.34,0,6,4.32,0.09,6.00,1.68,1.59,1
2026-07-25 12:15,KXBTC15M-26JUL250815-15,64001.10,1,,no,67,63994.36,1.05,0,7,4.69,0.11,7.00,2.31,2.20,1
2026-07-25 12:30,KXBTC15M-26JUL250830-30,63992.12,0,odds 32c not above 60c,yes,,63995.98,0.60,0,0,0.00,0.00,0.00,0.00,0.00,
2026-07-25 12:45,KXBTC15M-26JUL250845-45,63987.70,1,,yes,94,64021.95,5.35,0,5,4.70,0.02,5.00,0.30,0.28,1
2026-07-25 13:00,KXBTC15M-26JUL250900-00,64034.45,1,,yes,83,64040.76,0.99,0,6,4.98,0.06,6.00,1.02,0.96,1
2026-07-25 13:15,KXBTC15M-26JUL250915-15,64055.80,1,,yes,85,64062.60,1.06,0,5,4.25,0.05,5.00,0.75,0.70,1
2026-07-25 13:30,KXBTC15M-26JUL250930-30,64066.47,0,odds 38c not above 60c,yes,,64075.31,1.38,0,0,0.00,0.00,0.00,0.00,0.00,
2026-07-25 13:45,KXBTC15M-26JUL250945-45,64069.44,1,,yes,77,64114.00,6.95,0,6,4.62,0.08,6.00,1.38,1.30,1
2026-07-25 14:00,KXBTC15M-26JUL251000-00,64134.31,1,,no,65,64120.00,2.23,0,7,4.55,0.12,7.00,2.45,2.33,1
2026-07-25 14:15,KXBTC15M-26JUL251015-15,64108.12,0,odds 38c not above 60c,no,,64102.68,0.85,0,0,0.00,0.00,0.00,0.00,0.00,
2026-07-25 14:30,KXBTC15M-26JUL251030-30,64105.53,1,,no,72,64091.99,2.11,0,6,4.32,0.09,6.00,1.68,1.59,1
2026-07-25 14:45,KXBTC15M-26JUL251045-45,64098.70,1,,yes,92,64132.22,5.23,0,5,4.60,0.03,5.00,0.40,0.37,1
2026-07-25 15:00,KXBTC15M-26JUL251100-00,64120.74,1,,yes,92,64148.98,4.40,0,5,4.60,0.03,5.00,0.40,0.37,1
2026-07-25 15:15,KXBTC15M-26JUL251115-15,64148.34,1,,yes,70,64165.47,2.67,0,7,4.90,0.11,7.00,2.10,1.99,1
2026-07-25 15:30,KXBTC15M-26JUL251130-30,64185.17,1,,no,87,64150.65,5.38,0,5,4.35,0.04,5.00,0.65,0.61,1
2026-07-25 15:45,KXBTC15M-26JUL251145-45,64142.83,1,,yes,94,64169.21,4.11,0,5,4.70,0.02,5.00,0.30,0.28,1
2026-07-25 16:00,KXBTC15M-26JUL251200-00,64153.32,1,,no,96,64127.18,4.07,0,5,4.80,0.02,5.00,0.20,0.18,1
2026-07-25 16:15,KXBTC15M-26JUL251215-15,64120.37,1,,no,92,64102.00,2.86,0,5,4.60,0.03,0.00,-4.60,-4.63,0
2026-07-25 16:30,KXBTC15M-26JUL251230-30,64134.87,1,,no,99,64063.89,11.07,0,5,4.95,0.01,5.00,0.05,0.04,1
2026-07-25 16:45,KXBTC15M-26JUL251245-45,64075.23,1,,yes,97,64138.37,9.85,0,5,4.85,0.02,5.00,0.15,0.13,1
2026-07-25 17:00,KXBTC15M-26JUL251300-00,64140.38,0,odds 43c not above 60c,no,,64126.72,2.13,0,0,0.00,0.00,0.00,0.00,0.00,
2026-07-25 17:15,KXBTC15M-26JUL251315-15,64148.63,1,,yes,74,64161.81,2.05,0,6,4.44,0.09,0.00,-4.44,-4.53,0
2026-07-25 17:30,KXBTC15M-26JUL251330-30,64146.03,1,,yes,97,64202.31,8.77,0,5,4.85,0.02,5.00,0.15,0.13,1
2026-07-25 17:45,KXBTC15M-26JUL251345-45,64209.96,0,odds 29c not above 60c,yes,,64217.12,1.12,0,0,0.00,0.00,0.00,0.00,0.00,
2026-07-25 18:00,KXBTC15M-26JUL251400-00,64226.69,1,,no,85,64203.24,3.65,0,5,4.25,0.05,5.00,0.75,0.70,1
2026-07-25 18:15,KXBTC15M-26JUL251415-15,64194.27,1,,yes,97,64296.36,15.90,0,5,4.85,0.02,5.00,0.15,0.13,1
2026-07-25 18:30,KXBTC15M-26JUL251430-30,64299.60,1,,yes,61,64303.59,0.62,0,8,4.88,0.14,8.00,3.12,2.98,1
2026-07-25 18:45,KXBTC15M-26JUL251445-45,64349.44,1,,no,72,64329.62,3.08,0,6,4.32,0.09,6.00,1.68,1.59,1
2026-07-25 19:00,KXBTC15M-26JUL251500-00,64342.53,0,odds 39c not above 60c,yes,,64350.25,1.20,0,0,0.00,0.00,0.00,0.00,0.00,
2026-07-25 19:15,KXBTC15M-26JUL251515-15,64365.87,0,odds 55c not above 60c,yes,,64374.38,1.32,0,0,0.00,0.00,0.00,0.00,0.00,
2026-07-25 19:30,KXBTC15M-26JUL251530-30,64377.81,1,,no,80,64364.01,2.14,0,6,4.80,0.07,6.00,1.20,1.13,1
2026-07-25 19:45,KXBTC15M-26JUL251545-45,64366.22,1,,no,89,64338.32,4.33,0,5,4.45,0.04,5.00,0.55,0.51,1
2026-07-25 20:00,KXBTC15M-26JUL251600-00,64349.90,1,,yes,88,64366.26,2.54,0,5,4.40,0.04,0.00,-4.40,-4.44,0
2026-07-25 20:15,KXBTC15M-26JUL251615-15,64335.34,1,,no,95,64309.14,4.07,0,5,4.75,0.02,5.00,0.25,0.23,1
2026-07-25 20:30,KXBTC15M-26JUL251630-30,64316.47,0,odds 52c not above 60c,no,,64311.85,0.72,0,0,0.00,0.00,0.00,0.00,0.00,
2026-07-25 20:45,KXBTC15M-26JUL251645-45,64314.45,1,,no,92,64274.10,6.27,0,5,4.60,0.03,5.00,0.40,0.37,1
2026-07-25 21:00,KXBTC15M-26JUL251700-00,64265.08,1,,yes,73,64276.82,1.83,0,6,4.38,0.09,6.00,1.62,1.53,1
2026-07-25 21:15,KXBTC15M-26JUL251715-15,64273.09,1,,no,87,64248.98,3.75,0,5,4.35,0.04,5.00,0.65,0.61,1
2026-07-25 21:30,KXBTC15M-26JUL251730-30,64222.96,1,,yes,66,64225.27,0.36,0,7,4.62,0.11,7.00,2.38,2.27,1
2026-07-25 21:45,KXBTC15M-26JUL251745-45,64234.34,1,,yes,97,64300.08,10.23,0,5,4.85,0.02,5.00,0.15,0.13,1
2026-07-25 22:00,KXBTC15M-26JUL251800-00,64286.53,1,,yes,61,64303.11,2.58,0,8,4.88,0.14,8.00,3.12,2.98,1
2026-07-25 22:15,KXBTC15M-26JUL251815-15,64287.52,1,,yes,96,64341.18,8.35,0,5,4.80,0.02,5.00,0.20,0.18,1
2026-07-25 22:30,KXBTC15M-26JUL251830-30,64316.51,1,,yes,84,64336.49,3.11,0,5,4.20,0.05,5.00,0.80,0.75,1
2026-07-25 22:45,KXBTC15M-26JUL251845-45,64326.24,0,odds 20c not above 60c,no,,64326.03,0.03,0,0,0.00,0.00,0.00,0.00,0.00,
2026-07-25 23:00,KXBTC15M-26JUL251900-00,64332.07,1,,yes,72,64352.62,3.19,0,6,4.32,0.09,6.00,1.68,1.59,1
2026-07-25 23:15,KXBTC15M-26JUL251915-15,64352.77,0,odds 50c not above 60c,no,,64347.90,0.76,0,0,0.00,0.00,0.00,0.00,0.00,
2026-07-25 23:30,KXBTC15M-26JUL251930-30,64359.54,1,,no,77,64344.00,2.41,0,6,4.62,0.08,6.00,1.38,1.30,1
2026-07-25 23:45,KXBTC15M-26JUL251945-45,64346.28,0,odds 58c not above 60c,no,,64334.88,1.77,0,0,0.00,0.00,0.00,0.00,0.00,
2026-07-26 00:00,KXBTC15M-26JUL252000-00,64333.74,1,,no,93,64307.24,4.12,0,5,4.65,0.03,5.00,0.35,0.32,1
2026-07-26 00:15,KXBTC15M-26JUL252015-15,64320.53,1,,yes,92,64340.97,3.18,0,5,4.60,0.03,5.00,0.40,0.37,1
2026-07-26 00:30,KXBTC15M-26JUL252030-30,64371.40,1,,yes,94,64396.73,3.93,0,5,4.70,0.02,5.00,0.30,0.28,1
2026-07-26 00:45,KXBTC15M-26JUL252045-45,64413.75,1,,no,97,64354.70,9.17,0,5,4.85,0.02,5.00,0.15,0.13,1
2026-07-26 01:00,KXBTC15M-26JUL252100-00,64365.60,1,,yes,97,64413.64,7.46,0,5,4.85,0.02,5.00,0.15,0.13,1
2026-07-26 01:15,KXBTC15M-26JUL252115-15,64442.72,1,,no,82,64415.13,4.28,0,6,4.92,0.07,6.00,1.08,1.01,1
2026-07-26 01:30,KXBTC15M-26JUL252130-30,64440.88,1,,no,87,64412.98,4.33,0,5,4.35,0.04,5.00,0.65,0.61,1
2026-07-26 01:45,KXBTC15M-26JUL252145-45,64424.38,1,,yes,73,64431.16,1.05,0,6,4.38,0.09,0.00,-4.38,-4.47,0
2026-07-26 02:00,KXBTC15M-26JUL252200-00,64414.25,1,,yes,69,64421.98,1.20,0,7,4.83,0.11,0.00,-4.83,-4.94,0
2026-07-26 02:15,KXBTC15M-26JUL252215-15,64401.79,1,,no,76,64392.93,1.38,0,6,4.56,0.08,0.00,-4.56,-4.64,0
2026-07-26 02:30,KXBTC15M-26JUL252230-30,64418.95,1,,no,92,64388.09,4.79,0,5,4.60,0.03,0.00,-4.60,-4.63,0
2026-07-26 02:45,KXBTC15M-26JUL252245-45,64421.21,1,,no,86,64382.13,6.07,0,5,4.30,0.05,5.00,0.70,0.65,1
2026-07-26 03:00,KXBTC15M-26JUL252300-00,64383.46,1,,yes,99,64455.47,11.18,0,5,4.95,0.01,5.00,0.05,0.04,1
2026-07-26 03:15,KXBTC15M-26JUL252315-15,64462.80,1,,no,76,64437.47,3.93,0,6,4.56,0.08,0.00,-4.56,-4.64,0
2026-07-26 03:30,KXBTC15M-26JUL252330-30,64514.32,1,,no,79,64494.02,3.15,0,6,4.74,0.07,6.00,1.26,1.19,1
2026-07-26 03:45,KXBTC15M-26JUL252345-45,64491.56,1,,yes,93,64505.17,2.11,0,5,4.65,0.03,5.00,0.35,0.32,1
2026-07-26 04:00,KXBTC15M-26JUL260000-00,64494.17,1,,no,71,64481.50,1.96,0,7,4.97,0.11,7.00,2.03,1.92,1
2026-07-26 04:15,KXBTC15M-26JUL260015-15,64478.24,1,,no,89,64449.87,4.40,0,5,4.45,0.04,5.00,0.55,0.51,1
2026-07-26 04:30,KXBTC15M-26JUL260030-30,64450.49,1,,yes,95,64468.80,2.84,0,5,4.75,0.02,5.00,0.25,0.23,1
2026-07-26 04:45,KXBTC15M-26JUL260045-45,64490.58,1,,yes,61,64493.97,0.53,0,8,4.88,0.14,8.00,3.12,2.98,1
2026-07-26 05:00,KXBTC15M-26JUL260100-00,64503.73,1,,no,78,64474.22,4.57,0,6,4.68,0.08,6.00,1.32,1.24,1
2026-07-26 05:15,KXBTC15M-26JUL260115-15,64467.51,1,,no,89,64445.99,3.34,0,5,4.45,0.04,5.00,0.55,0.51,1
2026-07-26 05:30,KXBTC15M-26JUL260130-30,64460.25,1,,no,83,64443.66,2.57,0,6,4.98,0.06,6.00,1.02,0.96,1
2026-07-26 05:45,KXBTC15M-26JUL260145-45,64434.35,1,,no,87,64412.96,3.32,0,5,4.35,0.04,5.00,0.65,0.61,1
2026-07-26 06:00,KXBTC15M-26JUL260200-00,64416.31,1,,no,97,64369.72,7.23,0,5,4.85,0.02,5.00,0.15,0.13,1
2026-07-26 06:15,KXBTC15M-26JUL260215-15,64364.31,1,,no,96,64321.72,6.62,0,5,4.80,0.02,5.00,0.20,0.18,1
2026-07-26 06:30,KXBTC15M-26JUL260230-30,64295.33,1,,no,99,64248.84,7.23,0,5,4.95,0.01,5.00,0.05,0.04,1
2026-07-26 06:45,KXBTC15M-26JUL260245-45,64245.14,1,,yes,99,64304.68,9.27,0,5,4.95,0.01,5.00,0.05,0.04,1
2026-07-26 07:00,KXBTC15M-26JUL260300-00,64316.26,1,,yes,99,64372.19,8.70,0,5,4.95,0.01,5.00,0.05,0.04,1
2026-07-26 07:15,KXBTC15M-26JUL260315-15,64379.33,1,,no,88,64338.76,6.30,0,5,4.40,0.04,5.00,0.60,0.56,1
2026-07-26 07:30,KXBTC15M-26JUL260330-30,64358.34,1,,no,99,64306.50,8.05,0,5,4.95,0.01,5.00,0.05,0.04,1
2026-07-26 07:45,KXBTC15M-26JUL260345-45,64315.22,1,,no,88,64298.73,2.56,0,5,4.40,0.04,5.00,0.60,0.56,1
2026-07-26 08:00,KXBTC15M-26JUL260400-00,64306.98,0,odds 39c not above 60c,no,,64305.11,0.29,0,0,0.00,0.00,0.00,0.00,0.00,
2026-07-26 08:15,KXBTC15M-26JUL260415-15,64312.98,1,,yes,70,64317.75,0.74,0,7,4.90,0.11,7.00,2.10,1.99,1
2026-07-26 08:30,KXBTC15M-26JUL260430-30,64330.65,0,odds 42c not above 60c,no,,64323.80,1.06,0,0,0.00,0.00,0.00,0.00,0.00,
2026-07-26 08:45,KXBTC15M-26JUL260445-45,64339.36,1,,yes,66,64345.66,0.98,0,7,4.62,0.11,7.00,2.38,2.27,1
2026-07-26 09:00,KXBTC15M-26JUL260500-00,64382.47,1,,yes,98,64429.28,7.27,0,5,4.90,0.01,5.00,0.10,0.09,1
2026-07-26 09:15,KXBTC15M-26JUL260515-15,64423.20,1,,yes,89,64445.99,3.54,0,5,4.45,0.04,5.00,0.55,0.51,1
2026-07-26 09:30,KXBTC15M-26JUL260530-30,64439.02,1,,yes,98,64486.36,7.35,0,5,4.90,0.01,5.00,0.10,0.09,1
2026-07-26 09:45,KXBTC15M-26JUL260545-45,64474.18,1,,yes,72,64487.41,2.05,0,6,4.32,0.09,6.00,1.68,1.59,1
2026-07-26 10:00,KXBTC15M-26JUL260600-00,64481.91,0,odds 51c not above 60c,yes,,64482.75,0.13,0,0,0.00,0.00,0.00,0.00,0.00,
2026-07-26 10:15,KXBTC15M-26JUL260615-15,64476.72,1,,no,97,64443.50,5.15,0,5,4.85,0.02,5.00,0.15,0.13,1
2026-07-26 10:30,KXBTC15M-26JUL260630-30,64453.23,1,,yes,90,64468.74,2.41,0,5,4.50,0.04,5.00,0.50,0.46,1
2026-07-26 10:45,KXBTC15M-26JUL260645-45,64462.24,1,,yes,96,64493.77,4.89,0,5,4.80,0.02,5.00,0.20,0.18,1
2026-07-26 11:00,KXBTC15M-26JUL260700-00,64492.50,1,,no,97,64459.63,5.10,0,5,4.85,0.02,5.00,0.15,0.13,1
2026-07-26 11:15,KXBTC15M-26JUL260715-15,64462.07,1,,no,71,64444.46,2.73,0,7,4.97,0.11,7.00,2.03,1.92,1
2026-07-26 11:30,KXBTC15M-26JUL260730-30,64453.24,0,odds 42c not above 60c,no,,64445.66,1.18,0,0,0.00,0.00,0.00,0.00,0.00,
2026-07-26 11:45,KXBTC15M-26JUL260745-45,64448.45,1,,no,83,64431.60,2.61,0,6,4.98,0.06,6.00,1.02,0.96,1
2026-07-26 12:00,KXBTC15M-26JUL260800-00,64438.52,1,,yes,85,64446.18,1.19,0,5,4.25,0.05,5.00,0.75,0.70,1
2026-07-26 12:15,KXBTC15M-26JUL260815-15,64451.98,1,,yes,98,64522.19,10.89,0,5,4.90,0.01,5.00,0.10,0.09,1
2026-07-26 12:30,KXBTC15M-26JUL260830-30,64555.54,1,,no,94,64508.73,7.25,0,5,4.70,0.02,5.00,0.30,0.28,1
2026-07-26 12:45,KXBTC15M-26JUL260845-45,64521.84,1,,no,98,64458.72,9.78,0,5,4.90,0.01,5.00,0.10,0.09,1
2026-07-26 13:00,KXBTC15M-26JUL260900-00,64449.64,1,,no,92,64419.96,4.61,0,5,4.60,0.03,5.00,0.40,0.37,1
2026-07-26 13:15,KXBTC15M-26JUL260915-15,64410.90,1,,no,98,64360.50,7.82,0,5,4.90,0.01,5.00,0.10,0.09,1
2026-07-26 13:30,KXBTC15M-26JUL260930-30,64367.42,1,,yes,99,64431.23,9.91,0,5,4.95,0.01,5.00,0.05,0.04,1
2026-07-26 13:45,KXBTC15M-26JUL260945-45,64412.86,1,,yes,81,64450.51,5.85,0,6,4.86,0.07,6.00,1.14,1.07,1
2026-07-26 14:00,KXBTC15M-26JUL261000-00,64488.23,1,,no,90,64458.05,4.68,0,5,4.50,0.04,5.00,0.50,0.46,1
2026-07-26 14:15,KXBTC15M-26JUL261015-15,64466.74,1,,yes,99,64647.97,28.11,0,5,4.95,0.01,5.00,0.05,0.04,1
2026-07-26 14:30,KXBTC15M-26JUL261030-30,64640.94,1,,no,97,64595.18,7.08,0,5,4.85,0.02,5.00,0.15,0.13,1
2026-07-26 14:45,KXBTC15M-26JUL261045-45,64584.42,1,,yes,82,64609.49,3.88,0,6,4.92,0.07,6.00,1.08,1.01,1
2026-07-26 15:00,KXBTC15M-26JUL261100-00,64635.89,1,,yes,74,64647.50,1.80,0,6,4.44,0.09,6.00,1.56,1.47,1
2026-07-26 15:15,KXBTC15M-26JUL261115-15,64660.26,1,,no,80,64635.47,3.83,0,6,4.80,0.07,6.00,1.20,1.13,1
2026-07-26 15:30,KXBTC15M-26JUL261130-30,64621.44,1,,yes,99,64709.20,13.58,0,5,4.95,0.01,5.00,0.05,0.04,1
2026-07-26 15:45,KXBTC15M-26JUL261145-45,64702.75,1,,yes,96,64751.81,7.58,0,5,4.80,0.02,5.00,0.20,0.18,1
2026-07-26 16:00,KXBTC15M-26JUL261200-00,64745.96,1,,no,91,64721.99,3.70,0,5,4.55,0.03,5.00,0.45,0.42,1
2026-07-26 16:15,KXBTC15M-26JUL261215-15,64712.31,1,,no,98,64651.78,9.35,0,5,4.90,0.01,5.00,0.10,0.09,1
2026-07-26 16:30,KXBTC15M-26JUL261230-30,64663.10,1,,yes,96,64703.98,6.32,0,5,4.80,0.02,5.00,0.20,0.18,1
2026-07-26 16:45,KXBTC15M-26JUL261245-45,64735.64,1,,yes,89,64773.76,5.89,0,5,4.45,0.04,5.00,0.55,0.51,1
2026-07-26 17:00,KXBTC15M-26JUL261300-00,64769.95,1,,no,98,64697.18,11.24,0,5,4.90,0.01,5.00,0.10,0.09,1
2026-07-26 17:15,KXBTC15M-26JUL261315-15,64688.58,1,,no,83,64660.86,4.29,0,6,4.98,0.06,0.00,-4.98,-5.04,0
2026-07-26 17:30,KXBTC15M-26JUL261330-30,64712.86,1,,no,90,64674.28,5.96,0,5,4.50,0.04,5.00,0.50,0.46,1
2026-07-26 17:45,KXBTC15M-26JUL261345-45,64664.30,1,,no,92,64617.37,7.26,0,5,4.60,0.03,5.00,0.40,0.37,1
2026-07-26 18:00,KXBTC15M-26JUL261400-00,64631.51,0,odds 18c not above 60c,no,,64630.06,0.22,0,0,0.00,0.00,0.00,0.00,0.00,
2026-07-26 18:15,KXBTC15M-26JUL261415-15,64633.15,0,odds 60c not above 60c,yes,,64641.77,1.33,0,0,0.00,0.00,0.00,0.00,0.00,
2026-07-26 18:30,KXBTC15M-26JUL261430-30,64643.77,1,,no,71,64626.02,2.75,0,7,4.97,0.11,7.00,2.03,1.92,1
2026-07-26 18:45,KXBTC15M-26JUL261445-45,64636.12,1,,yes,95,64655.52,3.00,0,5,4.75,0.02,5.00,0.25,0.23,1
2026-07-26 19:00,KXBTC15M-26JUL261500-00,64653.93,1,,yes,92,64691.38,5.79,0,5,4.60,0.03,5.00,0.40,0.37,1
2026-07-26 19:15,KXBTC15M-26JUL261515-15,64685.80,1,,no,95,64633.99,8.01,0,5,4.75,0.02,5.00,0.25,0.23,1
2026-07-26 19:30,KXBTC15M-26JUL261530-30,64626.70,1,,yes,93,64653.99,4.22,0,5,4.65,0.03,5.00,0.35,0.32,1
2026-07-26 19:45,KXBTC15M-26JUL261545-45,64664.65,0,odds 59c not above 60c,yes,,64672.44,1.20,0,0,0.00,0.00,0.00,0.00,0.00,
2026-07-26 20:00,KXBTC15M-26JUL261600-00,64672.74,1,,no,90,64639.29,5.17,0,5,4.50,0.04,5.00,0.50,0.46,1
2026-07-26 20:15,KXBTC15M-26JUL261615-15,64646.88,0,odds 37c not above 60c,no,,64636.50,1.61,0,0,0.00,0.00,0.00,0.00,0.00,
2026-07-26 20:30,KXBTC15M-26JUL261630-30,64644.80,1,,no,97,64592.09,8.15,0,5,4.85,0.02,5.00,0.15,0.13,1
2026-07-26 20:45,KXBTC15M-26JUL261645-45,64597.53,1,,yes,75,64616.96,3.01,0,6,4.50,0.08,6.00,1.50,1.42,1
2026-07-26 21:00,KXBTC15M-26JUL261700-00,64612.90,1,,no,93,64595.31,2.72,0,5,4.65,0.03,5.00,0.35,0.32,1
2026-07-26 21:15,KXBTC15M-26JUL261715-15,64598.29,1,,yes,81,64601.58,0.51,0,6,4.86,0.07,6.00,1.14,1.07,1
2026-07-26 21:30,KXBTC15M-26JUL261730-30,64640.12,1,,yes,99,64783.80,22.23,0,5,4.95,0.01,5.00,0.05,0.04,1
2026-07-26 21:45,KXBTC15M-26JUL261745-45,64760.67,1,,no,75,64738.84,3.37,0,6,4.50,0.08,0.00,-4.50,-4.58,0
2026-07-26 22:00,KXBTC15M-26JUL261800-00,64763.41,1,,yes,96,64822.00,9.05,0,5,4.80,0.02,5.00,0.20,0.18,1
2026-07-26 22:15,KXBTC15M-26JUL261815-15,64797.72,1,,yes,99,65158.03,55.61,0,5,4.95,0.01,5.00,0.05,0.04,1
2026-07-26 22:30,KXBTC15M-26JUL261830-30,65151.65,0,odds 48c not above 60c,no,,65108.88,6.56,0,0,0.00,0.00,0.00,0.00,0.00,
2026-07-26 22:45,KXBTC15M-26JUL261845-45,65178.49,1,,yes,99,65435.23,39.39,0,5,4.95,0.01,5.00,0.05,0.04,1
2026-07-26 23:00,KXBTC15M-26JUL261900-00,65413.03,1,,no,88,65313.99,15.14,0,5,4.40,0.04,5.00,0.60,0.56,1
2026-07-26 23:15,KXBTC15M-26JUL261915-15,65351.73,1,,yes,99,65433.96,12.58,0,5,4.95,0.01,5.00,0.05,0.04,1
2026-07-26 23:30,KXBTC15M-26JUL261930-30,65367.21,1,,no,94,65294.97,11.05,0,5,4.70,0.02,5.00,0.30,0.28,1
2026-07-26 23:45,KXBTC15M-26JUL261945-45,65277.53,0,odds 46c not above 60c,no,,65273.79,0.57,0,0,0.00,0.00,0.00,0.00,0.00,
2026-07-27 00:00,KXBTC15M-26JUL262000-00,65345.17,0,odds 27c not above 60c,no,,65300.00,6.91,0,0,0.00,0.00,0.00,0.00,0.00,
2026-07-27 00:15,KXBTC15M-26JUL262015-15,65338.70,1,,no,99,65136.67,30.92,0,5,4.95,0.01,5.00,0.05,0.04,1
2026-07-27 00:30,KXBTC15M-26JUL262030-30,65170.24,1,,no,95,65165.46,0.73,0,5,4.75,0.02,5.00,0.25,0.23,1
2026-07-27 00:45,KXBTC15M-26JUL262045-45,65152.54,1,,no,96,65080.47,11.06,0,5,4.80,0.02,5.00,0.20,0.18,1
2026-07-27 01:00,KXBTC15M-26JUL262100-00,65093.70,1,,no,77,65004.25,13.74,0,6,4.62,0.08,6.00,1.38,1.30,1
2026-07-27 01:15,KXBTC15M-26JUL262115-15,65063.08,1,,yes,94,65089.30,4.03,0,5,4.70,0.02,0.00,-4.70,-4.72,0
2026-07-27 01:30,KXBTC15M-26JUL262130-30,64996.16,0,odds 33c not above 60c,no,,64973.42,3.50,0,0,0.00,0.00,0.00,0.00,0.00,
2026-07-27 01:45,KXBTC15M-26JUL262145-45,64963.76,1,,yes,92,65042.27,12.09,0,5,4.60,0.03,5.00,0.40,0.37,1
2026-07-27 02:00,KXBTC15M-26JUL262200-00,65033.80,1,,yes,95,65123.18,13.74,0,5,4.75,0.02,5.00,0.25,0.23,1
2026-07-27 02:15,KXBTC15M-26JUL262215-15,65146.37,0,odds 43c not above 60c,no,,65126.15,3.10,0,0,0.00,0.00,0.00,0.00,0.00,
2026-07-27 02:30,KXBTC15M-26JUL262230-30,65147.45,1,,no,73,65139.66,1.20,0,6,4.38,0.09,6.00,1.62,1.53,1
2026-07-27 02:45,KXBTC15M-26JUL262245-45,65133.70,1,,yes,91,65169.50,5.50,0,5,4.55,0.03,5.00,0.45,0.42,1
2026-07-27 03:00,KXBTC15M-26JUL262300-00,65195.91,1,,no,95,65117.00,12.10,0,5,4.75,0.02,5.00,0.25,0.23,1
2026-07-27 03:15,KXBTC15M-26JUL262315-15,65121.49,1,,yes,74,65122.36,0.13,0,6,4.44,0.09,6.00,1.56,1.47,1
2026-07-27 03:30,KXBTC15M-26JUL262330-30,65206.66,1,,yes,88,65282.46,11.62,0,5,4.40,0.04,5.00,0.60,0.56,1
2026-07-27 03:45,KXBTC15M-26JUL262345-45,65265.91,1,,no,90,65239.25,4.08,0,5,4.50,0.04,0.00,-4.50,-4.54,0
2026-07-27 04:00,KXBTC15M-26JUL270000-00,65291.55,1,,no,93,65215.50,11.65,0,5,4.65,0.03,5.00,0.35,0.32,1
2026-07-27 04:15,KXBTC15M-26JUL270015-15,65222.47,0,odds 40c not above 60c,no,,65213.37,1.40,0,0,0.00,0.00,0.00,0.00,0.00,
2026-07-27 04:30,KXBTC15M-26JUL270030-30,65248.52,1,,yes,92,65331.75,12.76,0,5,4.60,0.03,5.00,0.40,0.37,1
2026-07-27 04:45,KXBTC15M-26JUL270045-45,65260.64,1,,yes,85,65308.50,7.33,0,5,4.25,0.05,5.00,0.75,0.70,1
2026-07-27 05:00,KXBTC15M-26JUL270100-00,65327.69,1,,no,92,65251.55,11.66,0,5,4.60,0.03,5.00,0.40,0.37,1
2026-07-27 05:15,KXBTC15M-26JUL270115-15,65235.55,1,,yes,82,65292.51,8.73,0,6,4.92,0.07,6.00,1.08,1.01,1
2026-07-27 05:30,KXBTC15M-26JUL270130-30,65328.75,1,,yes,76,65333.08,0.66,0,6,4.56,0.08,6.00,1.44,1.36,1
2026-07-27 05:45,KXBTC15M-26JUL270145-45,65353.83,1,,no,76,65331.06,3.48,0,6,4.56,0.08,6.00,1.44,1.36,1
2026-07-27 06:00,KXBTC15M-26JUL270200-00,65343.63,0,odds 41c not above 60c,yes,,65346.26,0.40,0,0,0.00,0.00,0.00,0.00,0.00,
2026-07-27 06:15,KXBTC15M-26JUL270215-15,65417.12,1,,yes,89,65543.86,19.37,0,5,4.45,0.04,5.00,0.55,0.51,1
2026-07-27 06:30,KXBTC15M-26JUL270230-30,65541.82,1,,no,89,65473.31,10.45,0,5,4.45,0.04,5.00,0.55,0.51,1
2026-07-27 06:45,KXBTC15M-26JUL270245-45,65430.51,1,,yes,79,65445.57,2.30,0,6,4.74,0.07,6.00,1.26,1.19,1
2026-07-27 07:00,KXBTC15M-26JUL270300-00,65480.33,1,,no,98,65369.76,16.89,0,5,4.90,0.01,5.00,0.10,0.09,1
2026-07-27 07:15,KXBTC15M-26JUL270315-15,65368.76,0,odds 49c not above 60c,no,,65337.20,4.83,0,0,0.00,0.00,0.00,0.00,0.00,
2026-07-27 07:30,KXBTC15M-26JUL270330-30,65370.95,0,odds 29c not above 60c,no,,65364.72,0.95,0,0,0.00,0.00,0.00,0.00,0.00,
2026-07-27 07:45,KXBTC15M-26JUL270345-45,65365.97,1,,no,99,65195.51,26.08,0,5,4.95,0.01,5.00,0.05,0.04,1
2026-07-27 08:00,KXBTC15M-26JUL270400-00,65225.64,1,,yes,80,65234.08,1.29,0,6,4.80,0.07,0.00,-4.80,-4.87,0
2026-07-27 08:15,KXBTC15M-26JUL270415-15,65184.59,1,,no,86,65117.79,10.25,0,5,4.30,0.05,5.00,0.70,0.65,1
2026-07-27 08:30,KXBTC15M-26JUL270430-30,65145.03,1,,yes,71,65192.45,7.28,0,7,4.97,0.11,7.00,2.03,1.92,1
2026-07-27 08:45,KXBTC15M-26JUL270445-45,65179.58,1,,no,97,65104.50,11.52,0,5,4.85,0.02,5.00,0.15,0.13,1
2026-07-27 09:00,KXBTC15M-26JUL270500-00,65114.16,1,,yes,63,65129.78,2.40,0,7,4.41,0.12,7.00,2.59,2.47,1
2026-07-27 09:15,KXBTC15M-26JUL270515-15,65117.21,1,,no,94,65092.00,3.87,0,5,4.70,0.02,5.00,0.30,0.28,1
2026-07-27 09:30,KXBTC15M-26JUL270530-30,65074.57,1,,yes,96,65158.08,12.83,0,5,4.80,0.02,5.00,0.20,0.18,1
2026-07-27 09:45,KXBTC15M-26JUL270545-45,65164.87,1,,yes,97,65252.35,13.42,0,5,4.85,0.02,5.00,0.15,0.13,1
2026-07-27 10:00,KXBTC15M-26JUL270600-00,65242.06,1,,no,89,65216.76,3.88,0,5,4.45,0.04,5.00,0.55,0.51,1
2026-07-27 10:15,KXBTC15M-26JUL270615-15,65211.09,0,odds 58c not above 60c,no,,65180.17,4.74,0,0,0.00,0.00,0.00,0.00,0.00,
2026-07-27 10:30,KXBTC15M-26JUL270630-30,65190.87,1,,yes,99,65296.05,16.13,0,5,4.95,0.01,5.00,0.05,0.04,1
2026-07-27 10:45,KXBTC15M-26JUL270645-45,65294.58,1,,yes,94,65348.60,8.27,0,5,4.70,0.02,5.00,0.30,0.28,1
2026-07-27 11:00,KXBTC15M-26JUL270700-00,65352.85,1,,no,95,65288.87,9.79,0,5,4.75,0.02,5.00,0.25,0.23,1
2026-07-27 11:15,KXBTC15M-26JUL270715-15,65283.56,1,,no,87,65245.83,5.78,0,5,4.35,0.04,5.00,0.65,0.61,1
2026-07-27 11:30,KXBTC15M-26JUL270730-30,65201.98,1,,no,98,65150.71,7.86,0,5,4.90,0.01,5.00,0.10,0.09,1
2026-07-27 11:45,KXBTC15M-26JUL270745-45,65125.05,1,,yes,66,65133.73,1.33,0,7,4.62,0.11,0.00,-4.62,-4.73,0
2026-07-27 12:00,KXBTC15M-26JUL270800-00,65110.95,1,,no,92,65046.62,9.88,0,5,4.60,0.03,5.00,0.40,0.37,1
2026-07-27 12:15,KXBTC15M-26JUL270815-15,65052.32,1,,yes,99,65160.68,16.66,0,5,4.95,0.01,0.00,-4.95,-4.96,0
2026-07-27 12:30,KXBTC15M-26JUL270830-30,65048.56,1,,no,90,64965.54,12.76,0,5,4.50,0.04,5.00,0.50,0.46,1
2026-07-27 12:45,KXBTC15M-26JUL270845-45,64975.03,1,,no,86,64918.75,8.66,0,5,4.30,0.05,0.00,-4.30,-4.35,0
2026-07-27 13:00,KXBTC15M-26JUL270900-00,64990.42,1,,yes,81,65035.86,6.99,0,6,4.86,0.07,6.00,1.14,1.07,1
2026-07-27 13:15,KXBTC15M-26JUL270915-15,65021.99,1,,no,68,64977.51,6.84,0,7,4.76,0.11,7.00,2.24,2.13,1
2026-07-27 13:30,KXBTC15M-26JUL270930-30,64929.24,1,,no,79,64864.98,9.90,0,6,4.74,0.07,6.00,1.26,1.19,1
2026-07-27 13:45,KXBTC15M-26JUL270945-45,64892.81,0,no quote on chosen side at decision time,yes,,65497.99,93.26,0,0,0.00,0.00,0.00,0.00,0.00,
2026-07-27 14:00,KXBTC15M-26JUL271000-00,65600.71,1,,no,97,65377.66,34.00,0,5,4.85,0.02,5.00,0.15,0.13,1
2026-07-27 14:15,KXBTC15M-26JUL271015-15,65164.74,1,,yes,95,65194.90,4.63,0,5,4.75,0.02,5.00,0.25,0.23,1
2026-07-27 14:30,KXBTC15M-26JUL271030-30,65298.01,1,,no,99,64955.68,52.43,0,5,4.95,0.01,5.00,0.05,0.04,1
2026-07-27 14:45,KXBTC15M-26JUL271045-45,64861.12,1,,no,98,64529.18,51.18,0,5,4.90,0.01,5.00,0.10,0.09,1
2026-07-27 15:00,KXBTC15M-26JUL271100-00,64456.61,1,,yes,75,64602.77,22.68,0,6,4.50,0.08,6.00,1.50,1.42,1
2026-07-27 15:15,KXBTC15M-26JUL271115-15,64602.86,1,,no,81,64525.70,11.94,0,6,4.86,0.07,0.00,-4.86,-4.93,0
2026-07-27 15:30,KXBTC15M-26JUL271130-30,64664.92,1,,no,92,64564.06,15.60,0,5,4.60,0.03,5.00,0.40,0.37,1
2026-07-27 15:45,KXBTC15M-26JUL271145-45,64558.57,1,,no,82,64505.65,8.20,0,6,4.92,0.07,6.00,1.08,1.01,1
2026-07-27 16:00,KXBTC15M-26JUL271200-00,64515.27,0,odds 47c not above 60c,yes,,64541.57,4.08,0,0,0.00,0.00,0.00,0.00,0.00,
2026-07-27 16:15,KXBTC15M-26JUL271215-15,64485.45,1,,yes,92,64593.85,16.81,0,5,4.60,0.03,5.00,0.40,0.37,1
2026-07-27 16:30,KXBTC15M-26JUL271230-30,64545.03,0,odds 40c not above 60c,yes,,64673.91,19.97,0,0,0.00,0.00,0.00,0.00,0.00,
2026-07-27 16:45,KXBTC15M-26JUL271245-45,64671.16,1,,yes,99,64872.49,31.13,0,5,4.95,0.01,5.00,0.05,0.04,1
2026-07-27 17:00,KXBTC15M-26JUL271300-00,64848.76,1,,no,96,64768.00,12.45,0,5,4.80,0.02,5.00,0.20,0.18,1
2026-07-27 17:15,KXBTC15M-26JUL271315-15,64838.44,1,,no,88,64797.49,6.32,0,5,4.40,0.04,5.00,0.60,0.56,1
2026-07-27 17:30,KXBTC15M-26JUL271330-30,64825.66,1,,yes,98,64959.36,20.62,0,5,4.90,0.01,5.00,0.10,0.09,1
2026-07-27 17:45,KXBTC15M-26JUL271345-45,64938.13,1,,yes,78,64972.38,5.27,0,6,4.68,0.08,6.00,1.32,1.24,1
2026-07-27 18:00,KXBTC15M-26JUL271400-00,64942.36,1,,no,76,64909.73,5.02,0,6,4.56,0.08,0.00,-4.56,-4.64,0
2026-07-27 18:15,KXBTC15M-26JUL271415-15,64951.86,1,,no,83,64900.49,7.91,0,6,4.98,0.06,6.00,1.02,0.96,1
2026-07-27 18:30,KXBTC15M-26JUL271430-30,64908.12,1,,no,96,64832.21,11.69,0,5,4.80,0.02,5.00,0.20,0.18,1
2026-07-27 18:45,KXBTC15M-26JUL271445-45,64841.90,1,,no,99,64690.73,23.31,0,5,4.95,0.01,5.00,0.05,0.04,1
2026-07-27 19:00,KXBTC15M-26JUL271500-00,64788.28,0,odds 34c not above 60c,yes,,64807.07,2.90,0,0,0.00,0.00,0.00,0.00,0.00,
2026-07-27 19:15,KXBTC15M-26JUL271515-15,64803.99,1,,yes,90,64932.00,19.75,0,5,4.50,0.04,5.00,0.50,0.46,1
2026-07-27 19:30,KXBTC15M-26JUL271530-30,64907.88,0,odds 60c not above 60c,no,,64871.81,5.56,0,0,0.00,0.00,0.00,0.00,0.00,
2026-07-27 19:45,KXBTC15M-26JUL271545-45,64907.12,1,,yes,84,64955.66,7.48,0,5,4.20,0.05,5.00,0.80,0.75,1
2026-07-27 20:00,KXBTC15M-26JUL271600-00,64916.04,1,,no,74,64903.51,1.93,0,6,4.44,0.09,6.00,1.56,1.47,1
2026-07-27 20:15,KXBTC15M-26JUL271615-15,64902.54,1,,no,63,64882.84,3.04,0,7,4.41,0.12,7.00,2.59,2.47,1
2026-07-27 20:30,KXBTC15M-26JUL271630-30,64891.30,1,,yes,71,64915.21,3.68,0,7,4.97,0.11,7.00,2.03,1.92,1
2026-07-27 20:45,KXBTC15M-26JUL271645-45,64941.19,1,,no,93,64882.08,9.10,0,5,4.65,0.03,5.00,0.35,0.32,1
2026-07-27 21:00,KXBTC15M-26JUL271700-00,64887.65,0,odds 42c not above 60c,yes,,64888.08,0.07,0,0,0.00,0.00,0.00,0.00,0.00,
2026-07-27 21:15,KXBTC15M-26JUL271715-15,64898.33,1,,no,82,64878.73,3.02,0,6,4.92,0.07,6.00,1.08,1.01,1
2026-07-27 21:30,KXBTC15M-26JUL271730-30,64846.12,1,,no,86,64801.90,6.82,0,5,4.30,0.05,5.00,0.70,0.65,1
2026-07-27 21:45,KXBTC15M-26JUL271745-45,64778.59,1,,no,75,64762.32,2.51,0,6,4.50,0.08,6.00,1.50,1.42,1
2026-07-27 22:00,KXBTC15M-26JUL271800-00,64761.43,1,,yes,83,64793.75,4.99,0,6,4.98,0.06,6.00,1.02,0.96,1
2026-07-27 22:15,KXBTC15M-26JUL271815-15,64771.27,1,,no,97,64670.14,15.61,0,5,4.85,0.02,5.00,0.15,0.13,1
2026-07-27 22:30,KXBTC15M-26JUL271830-30,64656.74,1,,no,84,64536.94,18.53,0,5,4.20,0.05,5.00,0.80,0.75,1
2026-07-27 22:45,KXBTC15M-26JUL271845-45,64547.43,1,,no,96,64178.18,57.21,0,5,4.80,0.02,5.00,0.20,0.18,1
2026-07-27 23:00,KXBTC15M-26JUL271900-00,64160.27,1,,no,99,63991.52,26.30,0,5,4.95,0.01,5.00,0.05,0.04,1
2026-07-27 23:15,KXBTC15M-26JUL271915-15,63772.29,1,,no,93,63624.52,23.17,0,5,4.65,0.03,5.00,0.35,0.32,1
2026-07-27 23:30,KXBTC15M-26JUL271930-30,63757.34,1,,yes,75,63873.76,18.26,0,6,4.50,0.08,6.00,1.50,1.42,1
2026-07-27 23:45,KXBTC15M-26JUL271945-45,63835.80,1,,no,96,63689.76,22.88,0,5,4.80,0.02,5.00,0.20,0.18,1
2026-07-28 00:00,KXBTC15M-26JUL272000-00,63627.38,1,,yes,94,63680.00,8.27,0,5,4.70,0.02,5.00,0.30,0.28,1
2026-07-28 00:15,KXBTC15M-26JUL272015-15,63703.28,1,,no,95,63514.65,29.61,0,5,4.75,0.02,5.00,0.25,0.23,1
2026-07-28 00:30,KXBTC15M-26JUL272030-30,63585.35,0,odds 58c not above 60c,yes,,63589.39,0.64,0,0,0.00,0.00,0.00,0.00,0.00,
2026-07-28 00:45,KXBTC15M-26JUL272045-45,63631.54,0,odds 42c not above 60c,no,,63608.73,3.58,0,0,0.00,0.00,0.00,0.00,0.00,
2026-07-28 01:00,KXBTC15M-26JUL272100-00,63578.08,1,,no,97,63499.48,12.36,0,5,4.85,0.02,5.00,0.15,0.13,1
2026-07-28 01:15,KXBTC15M-26JUL272115-15,63424.86,1,,no,97,63103.11,50.73,0,5,4.85,0.02,5.00,0.15,0.13,1
2026-07-28 01:30,KXBTC15M-26JUL272130-30,63166.52,0,odds 43c not above 60c,yes,,63202.23,5.65,0,0,0.00,0.00,0.00,0.00,0.00,
2026-07-28 01:45,KXBTC15M-26JUL272145-45,63255.52,1,,no,75,63134.37,19.15,0,6,4.50,0.08,6.00,1.50,1.42,1
2026-07-28 02:00,KXBTC15M-26JUL272200-00,63140.94,0,odds 38c not above 60c,no,,63125.68,2.42,0,0,0.00,0.00,0.00,0.00,0.00,
2026-07-28 02:15,KXBTC15M-26JUL272215-15,63170.40,1,,yes,64,63197.06,4.22,0,7,4.48,0.12,7.00,2.52,2.40,1
2026-07-28 02:30,KXBTC15M-26JUL272230-30,63199.04,1,,yes,77,63212.40,2.11,0,6,4.62,0.08,0.00,-4.62,-4.70,0
2026-07-28 02:45,KXBTC15M-26JUL272245-45,63179.44,1,,no,88,63095.50,13.29,0,5,4.40,0.04,5.00,0.60,0.56,1
2026-07-28 03:00,KXBTC15M-26JUL272300-00,63073.16,1,,yes,91,63114.69,6.58,0,5,4.55,0.03,5.00,0.45,0.42,1
2026-07-28 03:15,KXBTC15M-26JUL272315-15,63124.48,0,odds 56c not above 60c,yes,,63134.09,1.52,0,0,0.00,0.00,0.00,0.00,0.00,
2026-07-28 03:30,KXBTC15M-26JUL272330-30,63210.47,1,,yes,86,63245.74,5.58,0,5,4.30,0.05,5.00,0.70,0.65,1
2026-07-28 03:45,KXBTC15M-26JUL272345-45,63224.21,1,,yes,92,63303.00,12.46,0,5,4.60,0.03,5.00,0.40,0.37,1
2026-07-28 04:00,KXBTC15M-26JUL280000-00,63297.20,1,,no,83,63255.52,6.58,0,6,4.98,0.06,6.00,1.02,0.96,1
2026-07-28 04:15,KXBTC15M-26JUL280015-15,63260.73,1,,yes,62,63268.82,1.28,0,8,4.96,0.14,0.00,-4.96,-5.10,0
2026-07-28 04:30,KXBTC15M-26JUL280030-30,63260.45,0,odds 36c not above 60c,no,,63252.86,1.20,0,0,0.00,0.00,0.00,0.00,0.00,
2026-07-28 04:45,KXBTC15M-26JUL280045-45,63230.46,1,,no,93,63166.55,10.11,0,5,4.65,0.03,5.00,0.35,0.32,1
2026-07-28 05:00,KXBTC15M-26JUL280100-00,63211.37,1,,yes,99,63281.99,11.17,0,5,4.95,0.01,5.00,0.05,0.04,1
2026-07-28 05:15,KXBTC15M-26JUL280115-15,63277.33,0,no quote on chosen side at decision time,yes,,63400.81,19.51,0,0,0.00,0.00,0.00,0.00,0.00,
2026-07-28 05:30,KXBTC15M-26JUL280130-30,63387.41,1,,yes,94,63423.82,5.74,0,5,4.70,0.02,5.00,0.30,0.28,1
2026-07-28 05:45,KXBTC15M-26JUL280145-45,63470.33,1,,no,66,63451.35,2.99,0,7,4.62,0.11,0.00,-4.62,-4.73,0
2026-07-28 06:00,KXBTC15M-26JUL280200-00,63479.07,1,,no,87,63435.01,6.94,0,5,4.35,0.04,5.00,0.65,0.61,1
2026-07-28 06:15,KXBTC15M-26JUL280215-15,63404.26,1,,no,84,63342.60,9.72,0,5,4.20,0.05,5.00,0.80,0.75,1
2026-07-28 06:30,KXBTC15M-26JUL280230-30,63366.57,1,,yes,94,63425.99,9.38,0,5,4.70,0.02,5.00,0.30,0.28,1
2026-07-28 06:45,KXBTC15M-26JUL280245-45,63459.41,1,,yes,94,63510.00,7.97,0,5,4.70,0.02,5.00,0.30,0.28,1
2026-07-28 07:00,KXBTC15M-26JUL280300-00,63518.87,1,,yes,96,63573.26,8.56,0,5,4.80,0.02,5.00,0.20,0.18,1
2026-07-28 07:15,KXBTC15M-26JUL280315-15,63571.28,1,,no,98,63491.03,12.62,0,5,4.90,0.01,5.00,0.10,0.09,1
2026-07-28 07:30,KXBTC15M-26JUL280330-30,63495.22,0,odds 49c not above 60c,no,,63491.47,0.59,0,0,0.00,0.00,0.00,0.00,0.00,
2026-07-28 07:45,KXBTC15M-26JUL280345-45,63501.93,1,,no,77,63456.01,7.23,0,6,4.62,0.08,6.00,1.38,1.30,1
2026-07-28 08:00,KXBTC15M-26JUL280400-00,63426.33,1,,yes,70,63456.83,4.81,0,7,4.90,0.11,7.00,2.10,1.99,1
2026-07-28 08:15,KXBTC15M-26JUL280415-15,63438.95,1,,no,69,63388.52,7.95,0,7,4.83,0.11,7.00,2.17,2.06,1
2026-07-28 08:30,KXBTC15M-26JUL280430-30,63379.57,1,,yes,92,63392.73,2.08,0,5,4.60,0.03,5.00,0.40,0.37,1
2026-07-28 08:45,KXBTC15M-26JUL280445-45,63415.78,1,,no,74,63409.13,1.05,0,6,4.44,0.09,0.00,-4.44,-4.53,0
2026-07-28 09:00,KXBTC15M-26JUL280500-00,63440.67,1,,no,98,63348.77,14.49,0,5,4.90,0.01,5.00,0.10,0.09,1
2026-07-28 09:15,KXBTC15M-26JUL280515-15,63362.45,1,,yes,86,63381.23,2.96,0,5,4.30,0.05,5.00,0.70,0.65,1
2026-07-28 09:30,KXBTC15M-26JUL280530-30,63368.73,1,,yes,94,63394.51,4.07,0,5,4.70,0.02,5.00,0.30,0.28,1
2026-07-28 09:45,KXBTC15M-26JUL280545-45,63417.93,1,,yes,98,63475.67,9.10,0,5,4.90,0.01,5.00,0.10,0.09,1
2026-07-28 10:00,KXBTC15M-26JUL280600-00,63457.56,1,,no,99,63323.35,21.15,0,5,4.95,0.01,5.00,0.05,0.04,1
2026-07-28 10:15,KXBTC15M-26JUL280615-15,63331.64,1,,no,94,63258.02,11.62,0,5,4.70,0.02,5.00,0.30,0.28,1
2026-07-28 10:30,KXBTC15M-26JUL280630-30,63282.53,0,odds 11c not above 60c,no,,63258.48,3.80,0,0,0.00,0.00,0.00,0.00,0.00,
2026-07-28 10:45,KXBTC15M-26JUL280645-45,63302.81,1,,yes,99,63408.06,16.63,0,5,4.95,0.01,5.00,0.05,0.04,1
2026-07-28 11:00,KXBTC15M-26JUL280700-00,63442.84,0,odds 36c not above 60c,no,,63429.36,2.12,0,0,0.00,0.00,0.00,0.00,0.00,
2026-07-28 11:15,KXBTC15M-26JUL280715-15,63412.42,1,,no,97,63321.23,14.38,0,5,4.85,0.02,5.00,0.15,0.13,1
2026-07-28 11:30,KXBTC15M-26JUL280730-30,63308.79,1,,yes,97,63398.93,14.24,0,5,4.85,0.02,5.00,0.15,0.13,1
2026-07-28 11:45,KXBTC15M-26JUL280745-45,63403.37,0,odds 35c not above 60c,no,,63392.82,1.66,0,0,0.00,0.00,0.00,0.00,0.00,
2026-07-28 12:00,KXBTC15M-26JUL280800-00,63337.75,1,,yes,94,63400.01,9.83,0,5,4.70,0.02,5.00,0.30,0.28,1
2026-07-28 12:15,KXBTC15M-26JUL280815-15,63434.98,1,,no,70,63423.68,1.78,0,7,4.90,0.11,7.00,2.10,1.99,1
2026-07-28 12:30,KXBTC15M-26JUL280830-30,63392.62,1,,yes,63,63397.58,0.78,0,7,4.41,0.12,7.00,2.59,2.47,1
2026-07-28 12:45,KXBTC15M-26JUL280845-45,63395.66,1,,no,76,63348.78,7.39,0,6,4.56,0.08,0.00,-4.56,-4.64,0
2026-07-28 13:00,KXBTC15M-26JUL280900-00,63407.99,1,,yes,93,63437.67,4.68,0,5,4.65,0.03,5.00,0.35,0.32,1
2026-07-28 13:15,KXBTC15M-26JUL280915-15,63491.16,1,,no,82,63422.00,10.89,0,6,4.92,0.07,6.00,1.08,1.01,1
2026-07-28 13:30,KXBTC15M-26JUL280930-30,63436.77,1,,no,96,63289.43,23.23,0,5,4.80,0.02,5.00,0.20,0.18,1
2026-07-28 13:45,KXBTC15M-26JUL280945-45,63255.58,1,,no,99,62987.10,42.44,0,5,4.95,0.01,5.00,0.05,0.04,1
2026-07-28 14:00,KXBTC15M-26JUL281000-00,62937.76,0,odds 52c not above 60c,no,,62936.20,0.25,0,0,0.00,0.00,0.00,0.00,0.00,
2026-07-28 14:15,KXBTC15M-26JUL281015-15,63016.87,1,,yes,93,63138.90,19.36,0,5,4.65,0.03,5.00,0.35,0.32,1
2026-07-28 14:30,KXBTC15M-26JUL281030-30,63106.21,0,odds 37c not above 60c,no,,63095.94,1.63,0,0,0.00,0.00,0.00,0.00,0.00,
2026-07-28 14:45,KXBTC15M-26JUL281045-45,63107.35,1,,yes,70,63221.67,18.12,0,7,4.90,0.11,7.00,2.10,1.99,1
2026-07-28 15:00,KXBTC15M-26JUL281100-00,63286.19,1,,yes,91,63399.66,17.93,0,5,4.55,0.03,5.00,0.45,0.42,1
2026-07-28 15:15,KXBTC15M-26JUL281115-15,63347.16,0,odds 56c not above 60c,no,,63310.62,5.77,0,0,0.00,0.00,0.00,0.00,0.00,
2026-07-28 15:30,KXBTC15M-26JUL281130-30,63410.51,1,,yes,99,63797.88,61.09,0,5,4.95,0.01,5.00,0.05,0.04,1
2026-07-28 15:45,KXBTC15M-26JUL281145-45,63699.77,1,,yes,81,63785.95,13.53,0,6,4.86,0.07,6.00,1.14,1.07,1
2026-07-28 16:00,KXBTC15M-26JUL281200-00,63796.55,0,odds 49c not above 60c,no,,63756.16,6.33,0,0,0.00,0.00,0.00,0.00,0.00,
2026-07-28 16:15,KXBTC15M-26JUL281215-15,63859.57,1,,no,92,63750.82,17.03,0,5,4.60,0.03,5.00,0.40,0.37,1
2026-07-28 16:30,KXBTC15M-26JUL281230-30,63749.36,1,,yes,72,63774.25,3.90,0,6,4.32,0.09,6.00,1.68,1.59,1
2026-07-28 16:45,KXBTC15M-26JUL281245-45,63776.80,0,odds 53c not above 60c,yes,,63791.78,2.35,0,0,0.00,0.00,0.00,0.00,0.00,
2026-07-28 17:00,KXBTC15M-26JUL281300-00,63857.56,1,,yes,97,63970.97,17.76,0,5,4.85,0.02,5.00,0.15,0.13,1
2026-07-28 17:15,KXBTC15M-26JUL281315-15,63972.63,0,no quote on chosen side at decision time,no,,63758.80,33.43,0,0,0.00,0.00,0.00,0.00,0.00,
2026-07-28 17:30,KXBTC15M-26JUL281330-30,63742.50,1,,no,88,63679.66,9.86,0,5,4.40,0.04,5.00,0.60,0.56,1
2026-07-28 17:45,KXBTC15M-26JUL281345-45,63671.93,1,,no,99,63515.39,24.59,0,5,4.95,0.01,5.00,0.05,0.04,1
2026-07-28 18:00,KXBTC15M-26JUL281400-00,63498.03,1,,yes,88,63542.19,6.95,0,5,4.40,0.04,5.00,0.60,0.56,1
2026-07-28 18:15,KXBTC15M-26JUL281415-15,63607.95,1,,yes,88,63673.15,10.25,0,5,4.40,0.04,5.00,0.60,0.56,1
2026-07-28 18:30,KXBTC15M-26JUL281430-30,63631.48,0,odds 36c not above 60c,no,,63625.51,0.94,0,0,0.00,0.00,0.00,0.00,0.00,
2026-07-28 18:45,KXBTC15M-26JUL281445-45,63628.10,1,,yes,74,63649.47,3.36,0,6,4.44,0.09,6.00,1.56,1.47,1
2026-07-28 19:00,KXBTC15M-26JUL281500-00,63686.27,1,,no,93,63626.61,9.37,0,5,4.65,0.03,5.00,0.35,0.32,1
2026-07-28 19:15,KXBTC15M-26JUL281515-15,63663.50,1,,yes,90,63695.71,5.06,0,5,4.50,0.04,5.00,0.50,0.46,1
2026-07-28 19:30,KXBTC15M-26JUL281530-30,63689.35,0,odds 47c not above 60c,no,,63660.46,4.54,0,0,0.00,0.00,0.00,0.00,0.00,
2026-07-28 19:45,KXBTC15M-26JUL281545-45,63679.15,1,,yes,72,63692.24,2.06,0,6,4.32,0.09,0.00,-4.32,-4.41,0
2026-07-28 20:00,KXBTC15M-26JUL281600-00,63618.87,1,,yes,99,63768.53,23.52,0,5,4.95,0.01,5.00,0.05,0.04,1
2026-07-28 20:15,KXBTC15M-26JUL281615-15,63801.27,1,,yes,92,63850.20,7.67,0,5,4.60,0.03,5.00,0.40,0.37,1
2026-07-28 20:30,KXBTC15M-26JUL281630-30,63908.16,1,,no,95,63860.62,7.44,0,5,4.75,0.02,5.00,0.25,0.23,1
2026-07-28 20:45,KXBTC15M-26JUL281645-45,63828.93,1,,no,73,63808.24,3.24,0,6,4.38,0.09,0.00,-4.38,-4.47,0
2026-07-28 21:00,KXBTC15M-26JUL281700-00,63849.21,0,odds 57c not above 60c,yes,,63853.39,0.65,0,0,0.00,0.00,0.00,0.00,0.00,
2026-07-28 21:15,KXBTC15M-26JUL281715-15,63838.75,1,,yes,83,63851.23,1.95,0,6,4.98,0.06,6.00,1.02,0.96,1
2026-07-28 21:30,KXBTC15M-26JUL281730-30,63851.11,1,,no,75,63832.51,2.91,0,6,4.50,0.08,6.00,1.50,1.42,1
2026-07-28 21:45,KXBTC15M-26JUL281745-45,63839.37,1,,yes,99,63911.64,11.32,0,5,4.95,0.01,5.00,0.05,0.04,1
2026-07-28 22:00,KXBTC15M-26JUL281800-00,63958.53,1,,no,72,63936.90,3.38,0,6,4.32,0.09,6.00,1.68,1.59,1
2026-07-28 22:15,KXBTC15M-26JUL281815-15,63912.47,0,odds 56c not above 60c,no,,63879.43,5.17,0,0,0.00,0.00,0.00,0.00,0.00,
2026-07-28 22:30,KXBTC15M-26JUL281830-30,63906.35,1,,no,75,63860.22,7.22,0,6,4.50,0.08,6.00,1.50,1.42,1
2026-07-28 22:45,KXBTC15M-26JUL281845-45,63845.59,1,,no,93,63806.90,6.06,0,5,4.65,0.03,5.00,0.35,0.32,1
2026-07-28 23:00,KXBTC15M-26JUL281900-00,63800.19,1,,no,98,63752.64,7.45,0,5,4.90,0.01,5.00,0.10,0.09,1
2026-07-28 23:15,KXBTC15M-26JUL281915-15,63718.44,1,,no,99,63574.57,22.58,0,5,4.95,0.01,5.00,0.05,0.04,1
2026-07-28 23:30,KXBTC15M-26JUL281930-30,63545.55,1,,no,74,63485.51,9.45,0,6,4.44,0.09,0.00,-4.44,-4.53,0
2026-07-28 23:45,KXBTC15M-26JUL281945-45,63556.33,1,,yes,99,63726.38,26.76,0,5,4.95,0.01,5.00,0.05,0.04,1
2026-07-29 00:00,KXBTC15M-26JUL282000-00,63738.38,1,,yes,99,63815.65,12.12,0,5,4.95,0.01,5.00,0.05,0.04,1
2026-07-29 00:15,KXBTC15M-26JUL282015-15,63864.12,1,,yes,96,63937.08,11.42,0,5,4.80,0.02,5.00,0.20,0.18,1
2026-07-29 00:30,KXBTC15M-26JUL282030-30,63955.76,1,,no,90,63889.05,10.43,0,5,4.50,0.04,5.00,0.50,0.46,1
2026-07-29 00:45,KXBTC15M-26JUL282045-45,63886.96,1,,yes,94,63946.62,9.34,0,5,4.70,0.02,5.00,0.30,0.28,1
2026-07-29 01:00,KXBTC15M-26JUL282100-00,63995.05,0,odds 32c not above 60c,no,,63968.88,4.09,0,0,0.00,0.00,0.00,0.00,0.00,
2026-07-29 01:15,KXBTC15M-26JUL282115-15,63880.45,1,,no,76,63796.09,13.21,0,6,4.56,0.08,6.00,1.44,1.36,1
2026-07-29 01:30,KXBTC15M-26JUL282130-30,63752.79,1,,yes,92,63823.79,11.14,0,5,4.60,0.03,5.00,0.40,0.37,1
2026-07-29 01:45,KXBTC15M-26JUL282145-45,63848.37,1,,no,74,63769.05,12.42,0,6,4.44,0.09,6.00,1.56,1.47,1
2026-07-29 02:00,KXBTC15M-26JUL282200-00,63740.03,1,,no,95,63666.62,11.52,0,5,4.75,0.02,5.00,0.25,0.23,1
2026-07-29 02:15,KXBTC15M-26JUL282215-15,63625.62,1,,yes,95,63698.59,11.47,0,5,4.75,0.02,5.00,0.25,0.23,1
2026-07-29 02:30,KXBTC15M-26JUL282230-30,63763.48,0,odds 45c not above 60c,yes,,63795.88,5.08,0,0,0.00,0.00,0.00,0.00,0.00,
2026-07-29 02:45,KXBTC15M-26JUL282245-45,63917.63,1,,yes,97,64003.34,13.41,0,5,4.85,0.02,5.00,0.15,0.13,1
2026-07-29 03:00,KXBTC15M-26JUL282300-00,63955.76,1,,no,90,63881.46,11.62,0,5,4.50,0.04,5.00,0.50,0.46,1
2026-07-29 03:15,KXBTC15M-26JUL282315-15,63883.36,1,,yes,75,63908.09,3.87,0,6,4.50,0.08,0.00,-4.50,-4.58,0
2026-07-29 03:30,KXBTC15M-26JUL282330-30,63859.81,1,,no,91,63777.15,12.94,0,5,4.55,0.03,5.00,0.45,0.42,1
2026-07-29 03:45,KXBTC15M-26JUL282345-45,63724.25,0,odds 50c not above 60c,no,,63708.12,2.53,0,0,0.00,0.00,0.00,0.00,0.00,
2026-07-29 04:00,KXBTC15M-26JUL290000-00,63682.37,1,,no,70,63634.97,7.44,0,7,4.90,0.11,7.00,2.10,1.99,1
2026-07-29 04:15,KXBTC15M-26JUL290015-15,63650.03,0,odds 34c not above 60c,no,,63623.92,4.10,0,0,0.00,0.00,0.00,0.00,0.00,
2026-07-29 04:30,KXBTC15M-26JUL290030-30,63653.21,1,,yes,73,63671.97,2.95,0,6,4.38,0.09,6.00,1.62,1.53,1
2026-07-29 04:45,KXBTC15M-26JUL290045-45,63711.02,1,,yes,97,63816.24,16.52,0,5,4.85,0.02,5.00,0.15,0.13,1
2026-07-29 05:00,KXBTC15M-26JUL290100-00,63785.92,1,,yes,94,63833.60,7.48,0,5,4.70,0.02,5.00,0.30,0.28,1
2026-07-29 05:15,KXBTC15M-26JUL290115-15,63870.09,1,,yes,69,63924.99,8.60,0,7,4.83,0.11,7.00,2.17,2.06,1
2026-07-29 05:30,KXBTC15M-26JUL290130-30,63918.42,1,,no,91,63866.52,8.12,0,5,4.55,0.03,5.00,0.45,0.42,1
2026-07-29 05:45,KXBTC15M-26JUL290145-45,63875.08,1,,yes,97,63956.15,12.69,0,5,4.85,0.02,5.00,0.15,0.13,1
2026-07-29 06:00,KXBTC15M-26JUL290200-00,63940.54,1,,yes,97,63996.88,8.81,0,5,4.85,0.02,5.00,0.15,0.13,1
2026-07-29 06:15,KXBTC15M-26JUL290215-15,63982.94,1,,no,62,63972.05,1.70,0,8,4.96,0.14,0.00,-4.96,-5.10,0
2026-07-29 06:30,KXBTC15M-26JUL290230-30,64035.34,1,,yes,96,64165.85,20.38,0,5,4.80,0.02,5.00,0.20,0.18,1
2026-07-29 06:45,KXBTC15M-26JUL290245-45,64302.73,1,,yes,82,64347.22,6.92,0,6,4.92,0.07,6.00,1.08,1.01,1
2026-07-29 07:00,KXBTC15M-26JUL290300-00,64363.37,1,,no,78,64335.39,4.35,0,6,4.68,0.08,6.00,1.32,1.24,1
2026-07-29 07:15,KXBTC15M-26JUL290315-15,64353.79,1,,yes,83,64385.00,4.85,0,6,4.98,0.06,6.00,1.02,0.96,1
2026-07-29 07:30,KXBTC15M-26JUL290330-30,64386.43,1,,no,73,64366.37,3.12,0,6,4.38,0.09,0.00,-4.38,-4.47,0
2026-07-29 07:45,KXBTC15M-26JUL290345-45,64431.31,1,,no,94,64382.65,7.55,0,5,4.70,0.02,5.00,0.30,0.28,1
2026-07-29 08:00,KXBTC15M-26JUL290400-00,64410.50,1,,no,77,64404.54,0.93,0,6,4.62,0.08,0.00,-4.62,-4.70,0
2026-07-29 08:15,KXBTC15M-26JUL290415-15,64487.43,0,no quote on chosen side at decision time,no,,64334.61,23.70,0,0,0.00,0.00,0.00,0.00,0.00,
2026-07-29 08:30,KXBTC15M-26JUL290430-30,64312.35,1,,no,92,64228.33,13.06,0,5,4.60,0.03,5.00,0.40,0.37,1
2026-07-29 08:45,KXBTC15M-26JUL290445-45,64226.84,1,,yes,76,64250.69,3.71,0,6,4.56,0.08,6.00,1.44,1.36,1
2026-07-29 09:00,KXBTC15M-26JUL290500-00,64333.79,0,odds 57c not above 60c,no,,64322.70,1.72,0,0,0.00,0.00,0.00,0.00,0.00,
2026-07-29 09:15,KXBTC15M-26JUL290515-15,64343.72,1,,yes,68,64379.65,5.58,0,7,4.76,0.11,7.00,2.24,2.13,1
2026-07-29 09:30,KXBTC15M-26JUL290530-30,64378.78,1,,yes,71,64398.97,3.14,0,7,4.97,0.11,7.00,2.03,1.92,1
2026-07-29 09:45,KXBTC15M-26JUL290545-45,64381.96,1,,yes,99,64588.99,32.16,0,5,4.95,0.01,5.00,0.05,0.04,1
2026-07-29 10:00,KXBTC15M-26JUL290600-00,64529.84,1,,yes,90,64612.00,12.73,0,5,4.50,0.04,5.00,0.50,0.46,1
2026-07-29 10:15,KXBTC15M-26JUL290615-15,64636.61,1,,no,83,64561.62,11.60,0,6,4.98,0.06,6.00,1.02,0.96,1
2026-07-29 10:30,KXBTC15M-26JUL290630-30,64584.13,1,,no,64,64548.84,5.46,0,7,4.48,0.12,7.00,2.52,2.40,1
2026-07-29 10:45,KXBTC15M-26JUL290645-45,64549.15,1,,no,96,64504.18,6.97,0,5,4.80,0.02,0.00,-4.80,-4.82,0
2026-07-29 11:00,KXBTC15M-26JUL290700-00,64604.42,0,no quote on chosen side at decision time,no,,64341.49,40.70,0,0,0.00,0.00,0.00,0.00,0.00,
2026-07-29 11:15,KXBTC15M-26JUL290715-15,64398.56,1,,yes,76,64433.24,5.39,0,6,4.56,0.08,6.00,1.44,1.36,1
2026-07-29 11:30,KXBTC15M-26JUL290730-30,64453.30,0,odds 57c not above 60c,yes,,64454.78,0.23,0,0,0.00,0.00,0.00,0.00,0.00,
2026-07-29 11:45,KXBTC15M-26JUL290745-45,64446.73,1,,no,99,64377.40,10.76,0,5,4.95,0.01,5.00,0.05,0.04,1
2026-07-29 12:00,KXBTC15M-26JUL290800-00,64357.07,1,,yes,90,64402.58,7.07,0,5,4.50,0.04,5.00,0.50,0.46,1
2026-07-29 12:15,KXBTC15M-26JUL290815-15,64430.18,1,,no,98,64371.01,9.18,0,5,4.90,0.01,5.00,0.10,0.09,1
2026-07-29 12:30,KXBTC15M-26JUL290830-30,64406.40,1,,no,99,64288.00,18.38,0,5,4.95,0.01,5.00,0.05,0.04,1
2026-07-29 12:45,KXBTC15M-26JUL290845-45,64284.88,1,,no,73,64247.46,5.82,0,6,4.38,0.09,6.00,1.62,1.53,1
2026-07-29 13:00,KXBTC15M-26JUL290900-00,64259.33,1,,no,88,64236.99,3.48,0,5,4.40,0.04,5.00,0.60,0.56,1
2026-07-29 13:15,KXBTC15M-26JUL290915-15,64200.20,1,,yes,63,64208.55,1.30,0,7,4.41,0.12,7.00,2.59,2.47,1
2026-07-29 13:30,KXBTC15M-26JUL290930-30,64248.59,1,,no,97,64102.42,22.75,0,5,4.85,0.02,5.00,0.15,0.13,1
2026-07-29 13:45,KXBTC15M-26JUL290945-45,64141.18,1,,yes,91,64212.44,11.11,0,5,4.55,0.03,5.00,0.45,0.42,1
2026-07-29 14:00,KXBTC15M-26JUL291000-00,64403.86,0,odds 48c not above 60c,no,,64316.34,13.59,0,0,0.00,0.00,0.00,0.00,0.00,
2026-07-29 14:15,KXBTC15M-26JUL291015-15,64539.47,1,,no,92,64373.21,25.76,0,5,4.60,0.03,5.00,0.40,0.37,1
2026-07-29 14:30,KXBTC15M-26JUL291030-30,64196.76,0,odds 35c not above 60c,no,,64132.27,10.05,0,0,0.00,0.00,0.00,0.00,0.00,
2026-07-29 14:45,KXBTC15M-26JUL291045-45,64142.89,1,,no,84,64035.51,16.74,0,5,4.20,0.05,5.00,0.80,0.75,1
2026-07-29 15:00,KXBTC15M-26JUL291100-00,64001.02,1,,yes,98,64088.78,13.71,0,5,4.90,0.01,5.00,0.10,0.09,1
2026-07-29 15:15,KXBTC15M-26JUL291115-15,64042.18,1,,yes,79,64063.45,3.32,0,6,4.74,0.07,6.00,1.26,1.19,1
2026-07-29 15:30,KXBTC15M-26JUL291130-30,64053.84,1,,no,94,63942.31,17.41,0,5,4.70,0.02,5.00,0.30,0.28,1
2026-07-29 15:45,KXBTC15M-26JUL291145-45,64000.51,1,,no,90,63916.80,13.08,0,5,4.50,0.04,5.00,0.50,0.46,1
2026-07-29 16:00,KXBTC15M-26JUL291200-00,63900.46,1,,no,72,63845.73,8.56,0,6,4.32,0.09,6.00,1.68,1.59,1
2026-07-29 16:15,KXBTC15M-26JUL291215-15,63880.15,1,,yes,65,63904.12,3.75,0,7,4.55,0.12,7.00,2.45,2.33,1
2026-07-29 16:30,KXBTC15M-26JUL291230-30,63881.42,1,,yes,96,63975.66,14.75,0,5,4.80,0.02,5.00,0.20,0.18,1
2026-07-29 16:45,KXBTC15M-26JUL291245-45,63955.48,1,,no,98,63807.00,23.22,0,5,4.90,0.01,5.00,0.10,0.09,1
2026-07-29 17:00,KXBTC15M-26JUL291300-00,63578.45,1,,yes,96,63704.35,19.80,0,5,4.80,0.02,5.00,0.20,0.18,1
2026-07-29 17:15,KXBTC15M-26JUL291315-15,63726.88,0,odds 19c not above 60c,yes,,63750.24,3.67,0,0,0.00,0.00,0.00,0.00,0.00,
2026-07-29 17:30,KXBTC15M-26JUL291330-30,63763.28,1,,no,74,63698.23,10.20,0,6,4.44,0.09,6.00,1.56,1.47,1
2026-07-29 17:45,KXBTC15M-26JUL291345-45,63676.60,1,,yes,96,63796.09,18.77,0,5,4.80,0.02,5.00,0.20,0.18,1
2026-07-29 18:00,KXBTC15M-26JUL291400-00,63886.14,0,no quote on chosen side at decision time,yes,,64096.59,32.94,0,0,0.00,0.00,0.00,0.00,0.00,
2026-07-29 18:15,KXBTC15M-26JUL291415-15,64142.73,1,,yes,99,64342.75,31.18,0,5,4.95,0.01,5.00,0.05,0.04,1
2026-07-29 18:30,KXBTC15M-26JUL291430-30,64289.05,0,no quote on chosen side at decision time,no,,63927.17,56.29,0,0,0.00,0.00,0.00,0.00,0.00,
2026-07-29 18:45,KXBTC15M-26JUL291445-45,64028.33,1,,yes,76,64155.10,19.80,0,6,4.56,0.08,6.00,1.44,1.36,1
2026-07-29 19:00,KXBTC15M-26JUL291500-00,64335.78,1,,yes,97,64441.47,16.43,0,5,4.85,0.02,5.00,0.15,0.13,1
2026-07-29 19:15,KXBTC15M-26JUL291515-15,64414.98,1,,no,99,64148.79,41.32,0,5,4.95,0.01,5.00,0.05,0.04,1
2026-07-29 19:30,KXBTC15M-26JUL291530-30,64228.60,1,,no,95,63986.23,37.74,0,5,4.75,0.02,5.00,0.25,0.23,1
2026-07-29 19:45,KXBTC15M-26JUL291545-45,63916.84,1,,no,84,63834.58,12.87,0,5,4.20,0.05,5.00,0.80,0.75,1
2026-07-29 20:00,KXBTC15M-26JUL291600-00,63816.94,1,,no,98,63588.79,35.75,0,5,4.90,0.01,5.00,0.10,0.09,1
2026-07-29 20:15,KXBTC15M-26JUL291615-15,63515.95,1,,no,97,63382.66,20.99,0,5,4.85,0.02,0.00,-4.85,-4.87,0
2026-07-29 20:30,KXBTC15M-26JUL291630-30,63540.97,0,odds 43c not above 60c,no,,63509.26,4.99,0,0,0.00,0.00,0.00,0.00,0.00,
2026-07-29 20:45,KXBTC15M-26JUL291645-45,63451.76,1,,yes,99,63644.49,30.37,0,5,4.95,0.01,5.00,0.05,0.04,1
2026-07-29 21:00,KXBTC15M-26JUL291700-00,63552.82,1,,no,83,63433.52,18.77,0,6,4.98,0.06,6.00,1.02,0.96,1
2026-07-29 21:15,KXBTC15M-26JUL291715-15,63439.90,1,,no,95,63369.84,11.04,0,5,4.75,0.02,5.00,0.25,0.23,1
2026-07-29 21:30,KXBTC15M-26JUL291730-30,63413.47,1,,yes,78,63418.69,0.82,0,6,4.68,0.08,6.00,1.32,1.24,1
2026-07-29 21:45,KXBTC15M-26JUL291745-45,63485.78,1,,yes,90,63570.20,13.30,0,5,4.50,0.04,5.00,0.50,0.46,1
2026-07-29 22:00,KXBTC15M-26JUL291800-00,63500.72,1,,yes,98,63659.75,25.04,0,5,4.90,0.01,5.00,0.10,0.09,1
2026-07-29 22:15,KXBTC15M-26JUL291815-15,63778.80,1,,yes,96,63960.31,28.46,0,5,4.80,0.02,5.00,0.20,0.18,1
2026-07-29 22:30,KXBTC15M-26JUL291830-30,63952.59,1,,no,65,63950.71,0.29,0,7,4.55,0.12,0.00,-4.55,-4.67,0
2026-07-29 22:45,KXBTC15M-26JUL291845-45,63954.77,1,,no,94,63870.23,13.22,0,5,4.70,0.02,5.00,0.30,0.28,1
2026-07-29 23:00,KXBTC15M-26JUL291900-00,63949.96,1,,no,97,63857.66,14.43,0,5,4.85,0.02,5.00,0.15,0.13,1
2026-07-29 23:15,KXBTC15M-26JUL291915-15,63862.93,0,odds 27c not above 60c,no,,63839.99,3.59,0,0,0.00,0.00,0.00,0.00,0.00,
2026-07-29 23:30,KXBTC15M-26JUL291930-30,63835.73,1,,yes,96,63905.64,10.95,0,5,4.80,0.02,5.00,0.20,0.18,1
2026-07-29 23:45,KXBTC15M-26JUL291945-45,63927.84,1,,no,84,63863.08,10.13,0,5,4.20,0.05,5.00,0.80,0.75,1
2026-07-30 00:00,KXBTC15M-26JUL292000-00,63918.22,1,,yes,77,63921.25,0.47,0,6,4.62,0.08,0.00,-4.62,-4.70,0
2026-07-30 00:15,KXBTC15M-26JUL292015-15,63904.58,1,,yes,91,63940.22,5.58,0,5,4.55,0.03,5.00,0.45,0.42,1
2026-07-30 00:30,KXBTC15M-26JUL292030-30,63980.10,1,,no,94,63901.75,12.25,0,5,4.70,0.02,5.00,0.30,0.28,1
2026-07-30 00:45,KXBTC15M-26JUL292045-45,63922.33,1,,no,99,63717.10,32.11,0,5,4.95,0.01,5.00,0.05,0.04,1
2026-07-30 01:00,KXBTC15M-26JUL292100-00,63629.62,1,,no,94,63526.07,16.27,0,5,4.70,0.02,5.00,0.30,0.28,1
2026-07-30 01:15,KXBTC15M-26JUL292115-15,63584.64,1,,yes,97,63691.89,16.87,0,5,4.85,0.02,5.00,0.15,0.13,1
2026-07-30 01:30,KXBTC15M-26JUL292130-30,63653.71,1,,yes,97,63737.55,13.17,0,5,4.85,0.02,5.00,0.15,0.13,1
2026-07-30 01:45,KXBTC15M-26JUL292145-45,63756.24,1,,yes,98,63953.02,30.86,0,5,4.90,0.01,5.00,0.10,0.09,1
2026-07-30 02:00,KXBTC15M-26JUL292200-00,63983.49,0,no quote on chosen side at decision time,yes,,64232.12,38.86,0,0,0.00,0.00,0.00,0.00,0.00,
2026-07-30 02:15,KXBTC15M-26JUL292215-15,64187.42,1,,yes,79,64208.44,3.27,0,6,4.74,0.07,6.00,1.26,1.19,1
2026-07-30 02:30,KXBTC15M-26JUL292230-30,64260.15,0,odds 45c not above 60c,no,,64238.99,3.29,0,0,0.00,0.00,0.00,0.00,0.00,
2026-07-30 02:45,KXBTC15M-26JUL292245-45,64265.00,1,,no,98,64184.25,12.57,0,5,4.90,0.01,5.00,0.10,0.09,1
2026-07-30 03:00,KXBTC15M-26JUL292300-00,64238.45,1,,no,96,64172.77,10.22,0,5,4.80,0.02,5.00,0.20,0.18,1
2026-07-30 03:15,KXBTC15M-26JUL292315-15,64105.23,0,odds 45c not above 60c,no,,64075.74,4.60,0,0,0.00,0.00,0.00,0.00,0.00,
2026-07-30 03:30,KXBTC15M-26JUL292330-30,64090.45,1,,yes,93,64153.50,9.84,0,5,4.65,0.03,5.00,0.35,0.32,1
2026-07-30 03:45,KXBTC15M-26JUL292345-45,64184.64,1,,no,97,64083.35,15.78,0,5,4.85,0.02,5.00,0.15,0.13,1
2026-07-30 04:00,KXBTC15M-26JUL300000-00,64082.64,1,,yes,89,64115.31,5.10,0,5,4.45,0.04,5.00,0.55,0.51,1
2026-07-30 04:15,KXBTC15M-26JUL300015-15,64083.25,1,,no,82,64028.53,8.54,0,6,4.92,0.07,6.00,1.08,1.01,1
2026-07-30 04:30,KXBTC15M-26JUL300030-30,64038.50,1,,no,72,64004.71,5.28,0,6,4.32,0.09,6.00,1.68,1.59,1
2026-07-30 04:45,KXBTC15M-26JUL300045-45,64034.19,0,odds 60c not above 60c,no,,64023.38,1.69,0,0,0.00,0.00,0.00,0.00,0.00,
2026-07-30 05:00,KXBTC15M-26JUL300100-00,63991.76,0,odds 27c not above 60c,no,,63982.04,1.52,0,0,0.00,0.00,0.00,0.00,0.00,
2026-07-30 05:15,KXBTC15M-26JUL300115-15,63942.32,1,,no,80,63898.06,6.92,0,6,4.80,0.07,6.00,1.20,1.13,1
2026-07-30 05:30,KXBTC15M-26JUL300130-30,63920.41,1,,no,96,63843.99,11.96,0,5,4.80,0.02,0.00,-4.80,-4.82,0
2026-07-30 05:45,KXBTC15M-26JUL300145-45,63921.21,1,,yes,89,63981.75,9.47,0,5,4.45,0.04,5.00,0.55,0.51,1
2026-07-30 06:00,KXBTC15M-26JUL300200-00,64034.78,1,,no,98,63901.68,20.79,0,5,4.90,0.01,5.00,0.10,0.09,1
2026-07-30 06:15,KXBTC15M-26JUL300215-15,63951.04,1,,no,78,63899.84,8.01,0,6,4.68,0.08,6.00,1.32,1.24,1
2026-07-30 06:30,KXBTC15M-26JUL300230-30,63934.93,1,,yes,67,63971.67,5.75,0,7,4.69,0.11,7.00,2.31,2.20,1
2026-07-30 06:45,KXBTC15M-26JUL300245-45,63983.17,1,,no,86,63911.82,11.15,0,5,4.30,0.05,5.00,0.70,0.65,1
2026-07-30 09:15,KXBTC15M-26JUL300515-15,64220.19,0,odds 34c not above 60c,no,,64212.86,1.14,0,0,0.00,0.00,0.00,0.00,0.00,
2026-07-30 09:30,KXBTC15M-26JUL300530-30,64315.91,0,no candlestick at decision time,yes,,64401.20,13.26,0,0,0.00,0.00,0.00,0.00,0.00,
2026-07-30 09:45,KXBTC15M-26JUL300545-45,64418.52,0,no candlestick at decision time,yes,,64475.17,8.79,0,0,0.00,0.00,0.00,0.00,0.00,
2026-07-30 10:00,KXBTC15M-26JUL300600-00,64506.61,0,no candlestick at decision time,no,,64495.40,1.74,0,0,0.00,0.00,0.00,0.00,0.00,
2026-07-30 10:15,KXBTC15M-26JUL300615-15,64490.47,0,no candlestick at decision time,yes,,64513.20,3.52,0,0,0.00,0.00,0.00,0.00,0.00,
2026-07-30 10:30,KXBTC15M-26JUL300630-30,64491.76,0,no candlestick at decision time,yes,,64540.61,7.57,0,0,0.00,0.00,0.00,0.00,0.00,
2026-07-30 10:45,KXBTC15M-26JUL300645-45,64536.28,0,no candlestick at decision time,no,,64512.91,3.62,0,0,0.00,0.00,0.00,0.00,0.00,
2026-07-30 11:00,KXBTC15M-26JUL300700-00,64534.58,1,,no,98,64490.52,6.83,0,5,4.90,0.01,5.00,0.10,0.09,1
2026-07-30 11:15,KXBTC15M-26JUL300715-15,64494.98,1,,yes,94,64542.99,7.44,0,5,4.70,0.02,5.00,0.30,0.28,1
2026-07-30 11:30,KXBTC15M-26JUL300730-30,64523.50,0,odds 53c not above 60c,no,,64498.67,3.85,0,0,0.00,0.00,0.00,0.00,0.00,
2026-07-30 11:45,KXBTC15M-26JUL300745-45,64497.66,1,,yes,93,64572.29,11.57,0,5,4.65,0.03,5.00,0.35,0.32,1
2026-07-30 12:00,KXBTC15M-26JUL300800-00,64583.38,1,,yes,99,64743.61,24.81,0,5,4.95,0.01,5.00,0.05,0.04,1
2026-07-30 12:15,KXBTC15M-26JUL300815-15,64704.57,0,no quote on chosen side at decision time,yes,,64826.86,18.90,0,0,0.00,0.00,0.00,0.00,0.00,
2026-07-30 12:30,KXBTC15M-26JUL300830-30,64901.39,1,,no,71,64859.96,6.38,0,7,4.97,0.11,7.00,2.03,1.92,1
2026-07-30 12:45,KXBTC15M-26JUL300845-45,64809.77,1,,no,62,64762.55,7.29,0,8,4.96,0.14,8.00,3.04,2.90,1
2026-07-30 13:00,KXBTC15M-26JUL300900-00,64769.48,1,,yes,93,64827.08,8.89,0,5,4.65,0.03,5.00,0.35,0.32,1
2026-07-30 13:15,KXBTC15M-26JUL300915-15,64848.65,1,,no,88,64778.82,10.77,0,5,4.40,0.04,5.00,0.60,0.56,1
2026-07-30 13:30,KXBTC15M-26JUL300930-30,64774.61,0,odds 53c not above 60c,yes,,64782.53,1.22,0,0,0.00,0.00,0.00,0.00,0.00,
2026-07-30 13:45,KXBTC15M-26JUL300945-45,64752.82,1,,no,90,64643.92,16.82,0,5,4.50,0.04,0.00,-4.50,-4.54,0
2026-07-30 14:00,KXBTC15M-26JUL301000-00,64920.27,0,odds 60c not above 60c,yes,,64987.00,10.28,0,0,0.00,0.00,0.00,0.00,0.00,
2026-07-30 14:15,KXBTC15M-26JUL301015-15,64976.62,1,,no,99,64660.86,48.60,0,5,4.95,0.01,5.00,0.05,0.04,1
2026-07-30 14:30,KXBTC15M-26JUL301030-30,64676.32,1,,yes,64,64690.65,2.22,0,7,4.48,0.12,7.00,2.52,2.40,1
2026-07-30 14:45,KXBTC15M-26JUL301045-45,64734.60,1,,yes,67,64764.77,4.66,0,7,4.69,0.11,7.00,2.31,2.20,1
2026-07-30 15:00,KXBTC15M-26JUL301100-00,64749.35,1,,no,86,64631.70,18.17,0,5,4.30,0.05,5.00,0.70,0.65,1
2026-07-30 15:15,KXBTC15M-26JUL301115-15,64628.07,1,,yes,98,64662.21,5.28,0,5,4.90,0.01,5.00,0.10,0.09,1
2026-07-30 15:30,KXBTC15M-26JUL301130-30,64658.60,1,,yes,91,64679.30,3.20,0,5,4.55,0.03,0.00,-4.55,-4.58,0
2026-07-30 15:45,KXBTC15M-26JUL301145-45,64634.59,1,,yes,66,64642.08,1.16,0,7,4.62,0.11,7.00,2.38,2.27,1
2026-07-30 16:00,KXBTC15M-26JUL301200-00,64710.42,1,,no,83,64644.38,10.21,0,6,4.98,0.06,6.00,1.02,0.96,1
2026-07-30 16:15,KXBTC15M-26JUL301215-15,64666.02,1,,yes,96,64770.09,16.09,0,5,4.80,0.02,5.00,0.20,0.18,1
2026-07-30 16:30,KXBTC15M-26JUL301230-30,64860.65,1,,no,95,64803.22,8.85,0,5,4.75,0.02,5.00,0.25,0.23,1
2026-07-30 16:45,KXBTC15M-26JUL301245-45,64823.87,1,,no,70,64733.62,13.92,0,7,4.90,0.11,7.00,2.10,1.99,1
2026-07-30 17:00,KXBTC15M-26JUL301300-00,64715.81,1,,yes,95,64779.86,9.90,0,5,4.75,0.02,5.00,0.25,0.23,1
2026-07-30 17:15,KXBTC15M-26JUL301315-15,64757.39,1,,yes,65,64784.49,4.18,0,7,4.55,0.12,0.00,-4.55,-4.67,0
2026-07-30 17:30,KXBTC15M-26JUL301330-30,64736.19,1,,yes,98,64852.82,18.02,0,5,4.90,0.01,5.00,0.10,0.09,1
2026-07-30 17:45,KXBTC15M-26JUL301345-45,64887.31,1,,no,96,64823.04,9.90,0,5,4.80,0.02,0.00,-4.80,-4.82,0
2026-07-30 18:00,KXBTC15M-26JUL301400-00,64893.79,1,,no,98,64803.60,13.90,0,5,4.90,0.01,5.00,0.10,0.09,1
2026-07-30 18:15,KXBTC15M-26JUL301415-15,64813.71,1,,no,80,64766.14,7.34,0,6,4.80,0.07,6.00,1.20,1.13,1
2026-07-30 18:30,KXBTC15M-26JUL301430-30,64769.55,1,,no,82,64738.36,4.82,0,6,4.92,0.07,6.00,1.08,1.01,1
2026-07-30 18:45,KXBTC15M-26JUL301445-45,64745.21,1,,no,98,64667.49,12.00,0,5,4.90,0.01,5.00,0.10,0.09,1
2026-07-30 19:00,KXBTC15M-26JUL301500-00,64672.38,1,,no,90,64626.49,7.10,0,5,4.50,0.04,5.00,0.50,0.46,1
2026-07-30 19:15,KXBTC15M-26JUL301515-15,64640.60,1,,yes,99,64780.70,21.67,0,5,4.95,0.01,5.00,0.05,0.04,1
2026-07-30 19:30,KXBTC15M-26JUL301530-30,64773.91,0,odds 59c not above 60c,yes,,64805.98,4.95,0,0,0.00,0.00,0.00,0.00,0.00,
2026-07-30 19:45,KXBTC15M-26JUL301545-45,64825.33,1,,no,90,64791.95,5.15,0,5,4.50,0.04,5.00,0.50,0.46,1
2026-07-30 20:00,KXBTC15M-26JUL301600-00,64772.31,1,,no,71,64733.68,5.96,0,7,4.97,0.11,7.00,2.03,1.92,1
2026-07-30 20:15,KXBTC15M-26JUL301615-15,64754.70,0,odds 59c not above 60c,yes,,64755.10,0.06,0,0,0.00,0.00,0.00,0.00,0.00,
2026-07-30 20:30,KXBTC15M-26JUL301630-30,64734.08,1,,yes,97,64774.08,6.18,0,5,4.85,0.02,5.00,0.15,0.13,1
2026-07-30 20:45,KXBTC15M-26JUL301645-45,64753.40,0,odds 20c not above 60c,yes,,64770.17,2.59,0,0,0.00,0.00,0.00,0.00,0.00,
2026-07-30 21:00,KXBTC15M-26JUL301700-00,64785.93,1,,no,75,64766.21,3.04,0,6,4.50,0.08,6.00,1.50,1.42,1
2026-07-30 21:15,KXBTC15M-26JUL301715-15,64714.68,0,odds 46c not above 60c,yes,,64714.72,0.01,0,0,0.00,0.00,0.00,0.00,0.00,
2026-07-30 21:30,KXBTC15M-26JUL301730-30,64679.67,1,,yes,71,64689.89,1.58,0,7,4.97,0.11,7.00,2.03,1.92,1
2026-07-30 21:45,KXBTC15M-26JUL301745-45,64685.10,1,,yes,90,64721.31,5.60,0,5,4.50,0.04,5.00,0.50,0.46,1
2026-07-30 22:00,KXBTC15M-26JUL301800-00,64692.86,1,,no,85,64674.10,2.90,0,5,4.25,0.05,5.00,0.75,0.70,1
2026-07-30 22:15,KXBTC15M-26JUL301815-15,64670.42,1,,yes,98,64914.00,37.66,0,5,4.90,0.01,5.00,0.10,0.09,1
2026-07-30 22:30,KXBTC15M-26JUL301830-30,64859.16,0,odds 39c not above 60c,yes,,64859.46,0.05,0,0,0.00,0.00,0.00,0.00,0.00,
2026-07-30 22:45,KXBTC15M-26JUL301845-45,64933.93,1,,no,97,64830.22,15.97,0,5,4.85,0.02,5.00,0.15,0.13,1
2026-07-30 23:00,KXBTC15M-26JUL301900-00,64860.37,1,,no,94,64809.44,7.85,0,5,4.70,0.02,5.00,0.30,0.28,1
2026-07-30 23:15,KXBTC15M-26JUL301915-15,64786.74,1,,yes,96,64828.39,6.43,0,5,4.80,0.02,5.00,0.20,0.18,1
2026-07-30 23:30,KXBTC15M-26JUL301930-30,64879.67,1,,no,64,64866.77,1.99,0,7,4.48,0.12,7.00,2.52,2.40,1
2026-07-30 23:45,KXBTC15M-26JUL301945-45,64854.44,0,no quote on chosen side at decision time,yes,,64937.33,12.78,0,0,0.00,0.00,0.00,0.00,0.00,
2026-07-31 00:00,KXBTC15M-26JUL302000-00,64766.69,1,,no,72,64738.43,4.36,0,6,4.32,0.09,6.00,1.68,1.59,1
2026-07-31 00:15,KXBTC15M-26JUL302015-15,64725.01,0,odds 60c not above 60c,yes,,64727.55,0.39,0,0,0.00,0.00,0.00,0.00,0.00,
2026-07-31 00:30,KXBTC15M-26JUL302030-30,64764.27,1,,no,88,64707.19,8.81,0,5,4.40,0.04,5.00,0.60,0.56,1
2026-07-31 00:45,KXBTC15M-26JUL302045-45,64686.02,1,,yes,75,64703.90,2.76,0,6,4.50,0.08,6.00,1.50,1.42,1
2026-07-31 01:00,KXBTC15M-26JUL302100-00,64735.34,1,,no,99,64664.15,11.00,0,5,4.95,0.01,5.00,0.05,0.04,1
2026-07-31 01:15,KXBTC15M-26JUL302115-15,64661.51,0,no quote on chosen side at decision time,yes,,65310.77,100.41,0,0,0.00,0.00,0.00,0.00,0.00,
2026-07-31 01:30,KXBTC15M-26JUL302130-30,65149.67,1,,no,95,65087.85,9.49,0,5,4.75,0.02,5.00,0.25,0.23,1
2026-07-31 01:45,KXBTC15M-26JUL302145-45,65118.28,1,,no,99,64852.83,40.76,0,5,4.95,0.01,5.00,0.05,0.04,1
2026-07-31 02:00,KXBTC15M-26JUL302200-00,64777.12,1,,no,99,64488.45,44.56,0,5,4.95,0.01,5.00,0.05,0.04,1
2026-07-31 02:15,KXBTC15M-26JUL302215-15,64498.11,0,odds 23c not above 60c,no,,64480.61,2.71,0,0,0.00,0.00,0.00,0.00,0.00,
2026-07-31 02:30,KXBTC15M-26JUL302230-30,64454.08,1,,no,98,64322.19,20.46,0,5,4.90,0.01,5.00,0.10,0.09,1
2026-07-31 02:45,KXBTC15M-26JUL302245-45,64334.53,1,,no,96,64217.06,18.26,0,5,4.80,0.02,5.00,0.20,0.18,1
2026-07-31 03:00,KXBTC15M-26JUL302300-00,64171.82,1,,yes,95,64200.37,4.45,0,5,4.75,0.02,5.00,0.25,0.23,1
2026-07-31 03:15,KXBTC15M-26JUL302315-15,64226.93,1,,no,87,64159.50,10.50,0,5,4.35,0.04,5.00,0.65,0.61,1
2026-07-31 03:30,KXBTC15M-26JUL302330-30,64183.75,1,,yes,99,64343.09,24.83,0,5,4.95,0.01,5.00,0.05,0.04,1
2026-07-31 03:45,KXBTC15M-26JUL302345-45,64316.86,1,,no,92,64265.49,7.99,0,5,4.60,0.03,0.00,-4.60,-4.63,0
2026-07-31 04:00,KXBTC15M-26JUL310000-00,64319.08,0,odds 9c not above 60c,no,,64313.31,0.90,0,0,0.00,0.00,0.00,0.00,0.00,
2026-07-31 04:15,KXBTC15M-26JUL310015-15,64306.69,1,,yes,78,64323.24,2.57,0,6,4.68,0.08,0.00,-4.68,-4.76,0
2026-07-31 04:30,KXBTC15M-26JUL310030-30,64290.42,1,,no,97,64199.35,14.17,0,5,4.85,0.02,5.00,0.15,0.13,1
2026-07-31 04:45,KXBTC15M-26JUL310045-45,64261.00,0,odds 49c not above 60c,no,,64224.46,5.69,0,0,0.00,0.00,0.00,0.00,0.00,
2026-07-31 05:00,KXBTC15M-26JUL310100-00,64241.38,1,,yes,75,64256.45,2.35,0,6,4.50,0.08,6.00,1.50,1.42,1
2026-07-31 05:15,KXBTC15M-26JUL310115-15,64247.69,1,,yes,96,64319.37,11.16,0,5,4.80,0.02,5.00,0.20,0.18,1
2026-07-31 05:30,KXBTC15M-26JUL310130-30,64349.34,1,,no,84,64305.01,6.89,0,5,4.20,0.05,5.00,0.80,0.75,1
2026-07-31 05:45,KXBTC15M-26JUL310145-45,64268.54,1,,no,63,64254.74,2.15,0,7,4.41,0.12,7.00,2.59,2.47,1
2026-07-31 06:00,KXBTC15M-26JUL310200-00,64242.45,1,,yes,82,64266.12,3.68,0,6,4.92,0.07,6.00,1.08,1.01,1
2026-07-31 06:15,KXBTC15M-26JUL310215-15,64293.59,1,,yes,88,64313.31,3.07,0,5,4.40,0.04,5.00,0.60,0.56,1
2026-07-31 06:30,KXBTC15M-26JUL310230-30,64317.18,0,odds 58c not above 60c,no,,64307.09,1.57,0,0,0.00,0.00,0.00,0.00,0.00,
2026-07-31 06:45,KXBTC15M-26JUL310245-45,64348.39,1,,no,85,64310.00,5.97,0,5,4.25,0.05,5.00,0.75,0.70,1
2026-07-31 07:00,KXBTC15M-26JUL310300-00,64223.88,1,,no,85,64188.57,5.50,0,5,4.25,0.05,5.00,0.75,0.70,1
2026-07-31 07:15,KXBTC15M-26JUL310315-15,64197.51,1,,no,97,64045.20,23.73,0,5,4.85,0.02,5.00,0.15,0.13,1
2026-07-31 07:30,KXBTC15M-26JUL310330-30,64003.33,1,,no,95,63939.30,10.00,0,5,4.75,0.02,5.00,0.25,0.23,1
2026-07-31 07:45,KXBTC15M-26JUL310345-45,63943.49,1,,no,68,63907.97,5.55,0,7,4.76,0.11,7.00,2.24,2.13,1
2026-07-31 08:00,KXBTC15M-26JUL310400-00,63853.38,1,,yes,95,63906.16,8.27,0,5,4.75,0.02,5.00,0.25,0.23,1
2026-07-31 08:15,KXBTC15M-26JUL310415-15,63893.36,1,,no,98,63822.27,11.13,0,5,4.90,0.01,0.00,-4.90,-4.91,0
2026-07-31 08:30,KXBTC15M-26JUL310430-30,63896.81,1,,no,98,63848.59,7.55,0,5,4.90,0.01,0.00,-4.90,-4.91,0
2026-07-31 08:45,KXBTC15M-26JUL310445-45,63904.68,1,,no,98,63748.85,24.38,0,5,4.90,0.01,5.00,0.10,0.09,1
2026-07-31 09:00,KXBTC15M-26JUL310500-00,63787.65,1,,no,75,63768.47,3.01,0,6,4.50,0.08,6.00,1.50,1.42,1
2026-07-31 09:15,KXBTC15M-26JUL310515-15,63771.67,1,,no,86,63748.97,3.56,0,5,4.30,0.05,5.00,0.70,0.65,1
2026-07-31 09:30,KXBTC15M-26JUL310530-30,63738.48,1,,no,98,63633.57,16.46,0,5,4.90,0.01,5.00,0.10,0.09,1
2026-07-31 09:45,KXBTC15M-26JUL310545-45,63629.94,0,odds 44c not above 60c,no,,63627.62,0.36,0,0,0.00,0.00,0.00,0.00,0.00,
2026-07-31 10:00,KXBTC15M-26JUL310600-00,63634.17,1,,yes,64,63644.11,1.56,0,7,4.48,0.12,7.00,2.52,2.40,1
2026-07-31 10:15,KXBTC15M-26JUL310615-15,63647.33,1,,no,63,63647.25,0.01,0,7,4.41,0.12,0.00,-4.41,-4.53,0
2026-07-31 10:30,KXBTC15M-26JUL310630-30,63671.12,1,,yes,91,63741.41,11.04,0,5,4.55,0.03,5.00,0.45,0.42,1
2026-07-31 10:45,KXBTC15M-26JUL310645-45,63748.35,1,,yes,89,63806.39,9.10,0,5,4.45,0.04,5.00,0.55,0.51,1
2026-07-31 11:00,KXBTC15M-26JUL310700-00,63832.55,1,,yes,94,63880.40,7.50,0,5,4.70,0.02,5.00,0.30,0.28,1
2026-07-31 11:15,KXBTC15M-26JUL310715-15,63857.51,0,odds 34c not above 60c,no,,63857.44,0.01,0,0,0.00,0.00,0.00,0.00,0.00,
2026-07-31 11:30,KXBTC15M-26JUL310730-30,63843.91,1,,yes,98,63886.39,6.65,0,5,4.90,0.01,5.00,0.10,0.09,1
2026-07-31 11:45,KXBTC15M-26JUL310745-45,63849.90,1,,no,98,63808.29,6.52,0,5,4.90,0.01,5.00,0.10,0.09,1
2026-07-31 12:00,KXBTC15M-26JUL310800-00,63785.08,1,,no,64,63762.71,3.51,0,7,4.48,0.12,7.00,2.52,2.40,1
2026-07-31 12:15,KXBTC15M-26JUL310815-15,63741.16,1,,no,89,63665.99,11.79,0,5,4.45,0.04,5.00,0.55,0.51,1
2026-07-31 12:30,KXBTC15M-26JUL310830-30,63669.12,0,odds 45c not above 60c,yes,,63677.16,1.26,0,0,0.00,0.00,0.00,0.00,0.00,
2026-07-31 12:45,KXBTC15M-26JUL310845-45,63698.71,1,,no,98,63622.26,12.00,0,5,4.90,0.01,5.00,0.10,0.09,1
2026-07-31 13:00,KXBTC15M-26JUL310900-00,63605.59,1,,yes,94,63673.26,10.64,0,5,4.70,0.02,5.00,0.30,0.28,1
2026-07-31 13:15,KXBTC15M-26JUL310915-15,63679.31,0,odds 33c not above 60c,yes,,63684.18,0.76,0,0,0.00,0.00,0.00,0.00,0.00,
2026-07-31 13:30,KXBTC15M-26JUL310930-30,63669.69,1,,yes,92,63756.95,13.71,0,5,4.60,0.03,5.00,0.40,0.37,1
2026-07-31 13:45,KXBTC15M-26JUL310945-45,63737.23,1,,no,98,63489.77,38.83,0,5,4.90,0.01,5.00,0.10,0.09,1
2026-07-31 14:00,KXBTC15M-26JUL311000-00,63425.79,1,,no,97,63220.32,32.40,0,5,4.85,0.02,5.00,0.15,0.13,1
2026-07-31 14:15,KXBTC15M-26JUL311015-15,63195.91,1,,no,99,62509.59,108.60,0,5,4.95,0.01,5.00,0.05,0.04,1
2026-07-31 14:30,KXBTC15M-26JUL311030-30,62596.52,1,,no,80,62515.43,12.95,0,6,4.80,0.07,6.00,1.20,1.13,1
2026-07-31 14:45,KXBTC15M-26JUL311045-45,62513.74,1,,yes,88,62632.08,18.93,0,5,4.40,0.04,5.00,0.60,0.56,1
2026-07-31 15:00,KXBTC15M-26JUL311100-00,62586.52,1,,no,80,62542.63,7.01,0,6,4.80,0.07,0.00,-4.80,-4.87,0
2026-07-31 15:15,KXBTC15M-26JUL311115-15,62629.06,1,,no,86,62528.14,16.11,0,5,4.30,0.05,5.00,0.70,0.65,1
2026-07-31 15:30,KXBTC15M-26JUL311130-30,62529.89,1,,no,94,62405.68,19.86,0,5,4.70,0.02,5.00,0.30,0.28,1
2026-07-31 15:45,KXBTC15M-26JUL311145-45,62488.44,1,,yes,97,62658.56,27.22,0,5,4.85,0.02,5.00,0.15,0.13,1
2026-07-31 16:00,KXBTC15M-26JUL311200-00,62652.67,0,odds 42c not above 60c,no,,62650.00,0.43,0,0,0.00,0.00,0.00,0.00,0.00,
2026-07-31 16:15,KXBTC15M-26JUL311215-15,62633.73,1,,yes,98,62811.66,28.41,0,5,4.90,0.01,5.00,0.10,0.09,1
2026-07-31 16:30,KXBTC15M-26JUL311230-30,62799.32,0,odds 15c not above 60c,no,,62793.16,0.98,0,0,0.00,0.00,0.00,0.00,0.00,
2026-07-31 16:45,KXBTC15M-26JUL311245-45,62852.57,1,,no,91,62792.76,9.52,0,5,4.55,0.03,5.00,0.45,0.42,1
2026-07-31 17:00,KXBTC15M-26JUL311300-00,62766.33,1,,yes,79,62806.67,6.43,0,6,4.74,0.07,6.00,1.26,1.19,1
2026-07-31 17:15,KXBTC15M-26JUL311315-15,62817.79,1,,no,90,62790.39,4.36,0,5,4.50,0.04,0.00,-4.50,-4.54,0
2026-07-31 17:30,KXBTC15M-26JUL311330-30,62829.01,1,,yes,88,62896.97,10.82,0,5,4.40,0.04,5.00,0.60,0.56,1
2026-07-31 17:45,KXBTC15M-26JUL311345-45,62906.37,1,,yes,95,62991.77,13.58,0,5,4.75,0.02,5.00,0.25,0.23,1
2026-07-31 18:00,KXBTC15M-26JUL311400-00,63000.29,1,,yes,99,63198.63,31.48,0,5,4.95,0.01,5.00,0.05,0.04,1
2026-07-31 18:15,KXBTC15M-26JUL311415-15,63184.10,1,,no,79,63119.69,10.19,0,6,4.74,0.07,6.00,1.26,1.19,1
2026-07-31 18:30,KXBTC15M-26JUL311430-30,63083.73,0,odds 26c not above 60c,no,,63058.31,4.03,0,0,0.00,0.00,0.00,0.00,0.00,
2026-07-31 18:45,KXBTC15M-26JUL311445-45,63002.82,1,,no,96,62895.09,17.10,0,5,4.80,0.02,5.00,0.20,0.18,1
2026-07-31 19:00,KXBTC15M-26JUL311500-00,62961.84,1,,yes,97,63070.37,17.24,0,5,4.85,0.02,5.00,0.15,0.13,1
2026-07-31 19:15,KXBTC15M-26JUL311515-15,63042.19,1,,no,89,62986.62,8.81,0,5,4.45,0.04,5.00,0.55,0.51,1
2026-07-31 19:30,KXBTC15M-26JUL311530-30,63006.35,1,,no,85,62950.02,8.94,0,5,4.25,0.05,5.00,0.75,0.70,1
2026-07-31 19:45,KXBTC15M-26JUL311545-45,62969.81,1,,no,96,62868.30,16.12,0,5,4.80,0.02,5.00,0.20,0.18,1
2026-07-31 20:00,KXBTC15M-26JUL311600-00,62938.08,1,,yes,73,62947.38,1.48,0,6,4.38,0.09,0.00,-4.38,-4.47,0
2026-07-31 20:15,KXBTC15M-26JUL311615-15,62913.20,0,odds 53c not above 60c,yes,,62925.00,1.88,0,0,0.00,0.00,0.00,0.00,0.00,
2026-07-31 20:30,KXBTC15M-26JUL311630-30,62937.28,1,,no,72,62925.11,1.93,0,6,4.32,0.09,0.00,-4.32,-4.41,0
2026-07-31 20:45,KXBTC15M-26JUL311645-45,62948.21,1,,no,94,62922.13,4.14,0,5,4.70,0.02,5.00,0.30,0.28,1
2026-07-31 21:00,KXBTC15M-26JUL311700-00,62940.36,1,,no,81,62887.27,8.43,0,6,4.86,0.07,6.00,1.14,1.07,1
2026-07-31 21:15,KXBTC15M-26JUL311715-15,62893.21,1,,yes,73,62906.75,2.15,0,6,4.38,0.09,6.00,1.62,1.53,1
2026-07-31 21:30,KXBTC15M-26JUL311730-30,62951.01,1,,yes,90,62965.69,2.33,0,5,4.50,0.04,0.00,-4.50,-4.54,0
2026-07-31 21:45,KXBTC15M-26JUL311745-45,62946.71,1,,yes,84,62947.64,0.15,0,5,4.20,0.05,5.00,0.80,0.75,1
2026-07-31 22:00,KXBTC15M-26JUL311800-00,62955.54,1,,no,69,62907.72,7.60,0,7,4.83,0.11,7.00,2.17,2.06,1
2026-07-31 22:15,KXBTC15M-26JUL311815-15,62898.10,1,,yes,93,62958.46,9.60,0,5,4.65,0.03,5.00,0.35,0.32,1
2026-07-31 22:30,KXBTC15M-26JUL311830-30,62947.32,0,odds 58c not above 60c,no,,62931.31,2.54,0,0,0.00,0.00,0.00,0.00,0.00,
2026-07-31 22:45,KXBTC15M-26JUL311845-45,62951.36,1,,no,91,62884.88,10.56,0,5,4.55,0.03,5.00,0.45,0.42,1
2026-07-31 23:00,KXBTC15M-26JUL311900-00,62897.16,1,,no,73,62872.58,3.91,0,6,4.38,0.09,6.00,1.62,1.53,1
2026-07-31 23:15,KXBTC15M-26JUL311915-15,62880.52,1,,yes,94,62933.96,8.50,0,5,4.70,0.02,5.00,0.30,0.28,1
2026-07-31 23:30,KXBTC15M-26JUL311930-30,62917.59,1,,yes,66,62919.10,0.24,0,7,4.62,0.11,7.00,2.38,2.27,1
2026-07-31 23:45,KXBTC15M-26JUL311945-45,62926.40,1,,no,61,62906.88,3.10,0,8,4.88,0.14,8.00,3.12,2.98,1
2026-08-01 00:00,KXBTC15M-26JUL312000-00,62903.95,1,,no,98,62813.59,14.36,0,5,4.90,0.01,5.00,0.10,0.09,1
2026-08-01 00:15,KXBTC15M-26JUL312015-15,62820.73,1,,yes,98,62898.32,12.35,0,5,4.90,0.01,5.00,0.10,0.09,1
2026-08-01 00:30,KXBTC15M-26JUL312030-30,62905.70,1,,yes,63,62913.58,1.25,0,7,4.41,0.12,7.00,2.59,2.47,1
2026-08-01 00:45,KXBTC15M-26JUL312045-45,62927.42,1,,no,61,62924.04,0.54,0,8,4.88,0.14,0.00,-4.88,-5.02,0
2026-08-01 01:00,KXBTC15M-26JUL312100-00,62933.49,1,,no,80,62900.01,5.32,0,6,4.80,0.07,6.00,1.20,1.13,1
2026-08-01 01:15,KXBTC15M-26JUL312115-15,62883.46,1,,yes,83,62888.44,0.79,0,6,4.98,0.06,6.00,1.02,0.96,1
2026-08-01 01:30,KXBTC15M-26JUL312130-30,62909.37,1,,no,79,62900.12,1.47,0,6,4.74,0.07,6.00,1.26,1.19,1
2026-08-01 01:45,KXBTC15M-26JUL312145-45,62873.18,1,,yes,89,62904.59,5.00,0,5,4.45,0.04,5.00,0.55,0.51,1
2026-08-01 02:00,KXBTC15M-26JUL312200-00,62912.80,1,,no,68,62890.08,3.61,0,7,4.76,0.11,7.00,2.24,2.13,1
2026-08-01 02:15,KXBTC15M-26JUL312215-15,62906.71,1,,yes,81,62919.11,1.97,0,6,4.86,0.07,6.00,1.14,1.07,1
2026-08-01 02:30,KXBTC15M-26JUL312230-30,62956.51,1,,yes,90,62997.06,6.44,0,5,4.50,0.04,5.00,0.50,0.46,1
2026-08-01 02:45,KXBTC15M-26JUL312245-45,63004.11,1,,yes,68,63008.62,0.72,0,7,4.76,0.11,7.00,2.24,2.13,1
2026-08-01 03:00,KXBTC15M-26JUL312300-00,63012.16,1,,no,63,62987.01,3.99,0,7,4.41,0.12,7.00,2.59,2.47,1
2026-08-01 03:15,KXBTC15M-26JUL312315-15,63008.19,1,,no,92,62964.97,6.86,0,5,4.60,0.03,5.00,0.40,0.37,1
2026-08-01 03:30,KXBTC15M-26JUL312330-30,62932.16,1,,yes,96,62986.43,8.62,0,5,4.80,0.02,5.00,0.20,0.18,1
2026-08-01 03:45,KXBTC15M-26JUL312345-45,62958.47,1,,no,80,62920.72,6.00,0,6,4.80,0.07,6.00,1.20,1.13,1
2026-08-01 04:00,KXBTC15M-26AUG010000-00,62940.21,0,odds 41c not above 60c,no,,62937.45,0.44,0,0,0.00,0.00,0.00,0.00,0.00,
2026-08-01 04:15,KXBTC15M-26AUG010015-15,62945.19,0,odds 56c not above 60c,no,,62933.89,1.80,0,0,0.00,0.00,0.00,0.00,0.00,
2026-08-01 04:30,KXBTC15M-26AUG010030-30,62955.51,1,,yes,93,62984.99,4.68,0,5,4.65,0.03,5.00,0.35,0.32,1
2026-08-01 04:45,KXBTC15M-26AUG010045-45,62982.29,1,,yes,73,62988.24,0.94,0,6,4.38,0.09,6.00,1.62,1.53,1
2026-08-01 05:00,KXBTC15M-26AUG010100-00,63000.19,1,,yes,98,63027.82,4.39,0,5,4.90,0.01,5.00,0.10,0.09,1
2026-08-01 05:15,KXBTC15M-26AUG010115-15,63033.63,1,,yes,96,63060.33,4.24,0,5,4.80,0.02,5.00,0.20,0.18,1
2026-08-01 05:30,KXBTC15M-26AUG010130-30,63061.76,1,,no,90,63034.56,4.31,0,5,4.50,0.04,5.00,0.50,0.46,1
2026-08-01 05:45,KXBTC15M-26AUG010145-45,63033.02,1,,no,97,62955.72,12.26,0,5,4.85,0.02,5.00,0.15,0.13,1
2026-08-01 06:00,KXBTC15M-26AUG010200-00,62959.00,1,,yes,87,62977.95,3.01,0,5,4.35,0.04,5.00,0.65,0.61,1
2026-08-01 06:15,KXBTC15M-26AUG010215-15,62975.61,1,,no,98,62946.77,4.58,0,5,4.90,0.01,5.00,0.10,0.09,1
2026-08-01 06:30,KXBTC15M-26AUG010230-30,62968.31,1,,yes,95,63009.48,6.54,0,5,4.75,0.02,5.00,0.25,0.23,1
2026-08-01 06:45,KXBTC15M-26AUG010245-45,63014.00,0,odds 55c not above 60c,no,,63012.53,0.23,0,0,0.00,0.00,0.00,0.00,0.00,
2026-08-01 07:00,KXBTC15M-26AUG010300-00,63014.16,0,odds 59c not above 60c,yes,,63015.03,0.14,0,0,0.00,0.00,0.00,0.00,0.00,
2026-08-01 07:15,KXBTC15M-26AUG010315-15,63018.50,1,,yes,77,63038.06,3.10,0,6,4.62,0.08,6.00,1.38,1.30,1
2026-08-01 07:30,KXBTC15M-26AUG010330-30,63047.41,1,,no,95,63018.63,4.56,0,5,4.75,0.02,5.00,0.25,0.23,1
2026-08-01 07:45,KXBTC15M-26AUG010345-45,63015.54,1,,no,95,62975.45,6.36,0,5,4.75,0.02,5.00,0.25,0.23,1
2026-08-01 08:00,KXBTC15M-26AUG010400-00,62986.67,1,,yes,78,62996.98,1.64,0,6,4.68,0.08,6.00,1.32,1.24,1
2026-08-01 08:15,KXBTC15M-26AUG010415-15,62992.09,1,,yes,98,63023.98,5.06,0,5,4.90,0.01,5.00,0.10,0.09,1
2026-08-01 08:30,KXBTC15M-26AUG010430-30,63041.71,0,odds 48c not above 60c,yes,,63042.76,0.17,0,0,0.00,0.00,0.00,0.00,0.00,
2026-08-01 08:45,KXBTC15M-26AUG010445-45,63034.46,1,,yes,74,63040.91,1.02,0,6,4.44,0.09,6.00,1.56,1.47,1
2026-08-01 09:00,KXBTC15M-26AUG010500-00,63040.45,1,,yes,98,63084.06,6.92,0,5,4.90,0.01,5.00,0.10,0.09,1
2026-08-01 09:15,KXBTC15M-26AUG010515-15,63083.59,1,,no,98,63067.08,2.62,0,5,4.90,0.01,5.00,0.10,0.09,1
2026-08-01 09:30,KXBTC15M-26AUG010530-30,63059.06,1,,no,77,63044.60,2.29,0,6,4.62,0.08,6.00,1.38,1.30,1
2026-08-01 09:45,KXBTC15M-26AUG010545-45,63055.75,0,odds 48c not above 60c,no,,63048.63,1.13,0,0,0.00,0.00,0.00,0.00,0.00,
2026-08-01 10:00,KXBTC15M-26AUG010600-00,63051.70,1,,no,99,62991.53,9.54,0,5,4.95,0.01,5.00,0.05,0.04,1
2026-08-01 10:15,KXBTC15M-26AUG010615-15,63002.54,1,,no,97,62931.37,11.30,0,5,4.85,0.02,5.00,0.15,0.13,1
2026-08-01 10:30,KXBTC15M-26AUG010630-30,62953.43,1,,yes,96,62978.14,3.93,0,5,4.80,0.02,5.00,0.20,0.18,1
2026-08-01 10:45,KXBTC15M-26AUG010645-45,62985.95,0,odds 60c not above 60c,no,,62974.44,1.83,0,0,0.00,0.00,0.00,0.00,0.00,
2026-08-01 11:00,KXBTC15M-26AUG010700-00,63014.49,1,,no,82,62988.40,4.14,0,6,4.92,0.07,6.00,1.08,1.01,1
2026-08-01 11:15,KXBTC15M-26AUG010715-15,62998.94,0,odds 60c not above 60c,no,,62986.01,2.05,0,0,0.00,0.00,0.00,0.00,0.00,
2026-08-01 11:30,KXBTC15M-26AUG010730-30,62994.86,1,,yes,98,63021.78,4.27,0,5,4.90,0.01,5.00,0.10,0.09,1
2026-08-01 11:45,KXBTC15M-26AUG010745-45,63024.35,1,,no,73,63010.94,2.13,0,6,4.38,0.09,6.00,1.62,1.53,1
2026-08-01 12:00,KXBTC15M-26AUG010800-00,63011.57,1,,yes,75,63016.71,0.82,0,6,4.50,0.08,6.00,1.50,1.42,1
2026-08-01 12:15,KXBTC15M-26AUG010815-15,63019.80,1,,yes,94,63041.44,3.43,0,5,4.70,0.02,5.00,0.30,0.28,1
2026-08-01 12:30,KXBTC15M-26AUG010830-30,63056.75,1,,no,87,63036.75,3.17,0,5,4.35,0.04,5.00,0.65,0.61,1
2026-08-01 12:45,KXBTC15M-26AUG010845-45,63047.37,1,,no,90,63020.00,4.34,0,5,4.50,0.04,5.00,0.50,0.46,1
2026-08-01 13:00,KXBTC15M-26AUG010900-00,63035.10,1,,yes,90,63042.42,1.16,0,5,4.50,0.04,5.00,0.50,0.46,1
2026-08-01 13:15,KXBTC15M-26AUG010915-15,63040.37,0,odds 32c not above 60c,no,,63039.18,0.19,0,0,0.00,0.00,0.00,0.00,0.00,
2026-08-01 13:30,KXBTC15M-26AUG010930-30,63042.67,1,,no,94,63025.24,2.76,0,5,4.70,0.02,5.00,0.30,0.28,1
2026-08-01 13:45,KXBTC15M-26AUG010945-45,63031.74,1,,no,65,63015.02,2.65,0,7,4.55,0.12,7.00,2.45,2.33,1
2026-08-01 14:00,KXBTC15M-26AUG011000-00,63023.14,1,,no,83,63004.34,2.98,0,6,4.98,0.06,6.00,1.02,0.96,1
2026-08-01 14:15,KXBTC15M-26AUG011015-15,63009.99,1,,yes,92,63028.32,2.91,0,5,4.60,0.03,5.00,0.40,0.37,1
2026-08-01 14:30,KXBTC15M-26AUG011030-30,63025.75,1,,yes,96,63054.34,4.54,0,5,4.80,0.02,5.00,0.20,0.18,1
2026-08-01 14:45,KXBTC15M-26AUG011045-45,63054.79,1,,no,90,63035.31,3.09,0,5,4.50,0.04,5.00,0.50,0.46,1
2026-08-01 15:00,KXBTC15M-26AUG011100-00,63036.60,0,odds 53c not above 60c,no,,63021.66,2.37,0,0,0.00,0.00,0.00,0.00,0.00,
2026-08-01 15:15,KXBTC15M-26AUG011115-15,63054.81,1,,no,63,63049.00,0.92,0,7,4.41,0.12,7.00,2.59,2.47,1
2026-08-01 15:30,KXBTC15M-26AUG011130-30,63053.01,1,,no,99,62997.92,8.74,0,5,4.95,0.01,5.00,0.05,0.04,1
2026-08-01 15:45,KXBTC15M-26AUG011145-45,63003.54,0,odds 46c not above 60c,no,,62996.30,1.15,0,0,0.00,0.00,0.00,0.00,0.00,
2026-08-01 16:00,KXBTC15M-26AUG011200-00,62994.11,1,,no,97,62967.15,4.28,0,5,4.85,0.02,5.00,0.15,0.13,1
2026-08-01 16:15,KXBTC15M-26AUG011215-15,62961.17,1,,no,98,62900.01,9.71,0,5,4.90,0.01,5.00,0.10,0.09,1
2026-08-01 16:30,KXBTC15M-26AUG011230-30,62899.79,1,,no,92,62879.81,3.18,0,5,4.60,0.03,5.00,0.40,0.37,1
2026-08-01 16:45,KXBTC15M-26AUG011245-45,62882.62,1,,yes,98,62918.65,5.73,0,5,4.90,0.01,5.00,0.10,0.09,1
2026-08-01 17:00,KXBTC15M-26AUG011300-00,62905.78,1,,no,97,62829.50,12.13,0,5,4.85,0.02,5.00,0.15,0.13,1
2026-08-01 17:15,KXBTC15M-26AUG011315-15,62860.13,1,,yes,99,62882.89,3.62,0,5,4.95,0.01,0.00,-4.95,-4.96,0
2026-08-01 17:30,KXBTC15M-26AUG011330-30,62842.11,1,,no,77,62774.99,10.68,0,6,4.62,0.08,6.00,1.38,1.30,1
2026-08-01 17:45,KXBTC15M-26AUG011345-45,62777.39,1,,no,96,62734.66,6.81,0,5,4.80,0.02,5.00,0.20,0.18,1
2026-08-01 18:00,KXBTC15M-26AUG011400-00,62761.38,1,,no,97,62641.30,19.13,0,5,4.85,0.02,5.00,0.15,0.13,1
2026-08-01 18:15,KXBTC15M-26AUG011415-15,62658.72,1,,yes,81,62672.75,2.24,0,6,4.86,0.07,6.00,1.14,1.07,1
2026-08-01 18:30,KXBTC15M-26AUG011430-30,62663.07,1,,no,99,62505.18,25.20,0,5,4.95,0.01,5.00,0.05,0.04,1
2026-08-01 18:45,KXBTC15M-26AUG011445-45,62496.78,1,,no,97,62387.79,17.44,0,5,4.85,0.02,5.00,0.15,0.13,1
2026-08-01 19:00,KXBTC15M-26AUG011500-00,62344.15,1,,yes,92,62441.18,15.56,0,5,4.60,0.03,5.00,0.40,0.37,1
2026-08-01 19:15,KXBTC15M-26AUG011515-15,62522.81,1,,yes,82,62539.81,2.72,0,6,4.92,0.07,6.00,1.08,1.01,1
2026-08-01 19:30,KXBTC15M-26AUG011530-30,62524.90,1,,no,91,62465.04,9.57,0,5,4.55,0.03,5.00,0.45,0.42,1
2026-08-01 19:45,KXBTC15M-26AUG011545-45,62496.07,1,,no,96,62417.20,12.62,0,5,4.80,0.02,5.00,0.20,0.18,1
2026-08-01 20:00,KXBTC15M-26AUG011600-00,62423.87,1,,yes,94,62462.45,6.18,0,5,4.70,0.02,5.00,0.30,0.28,1
2026-08-01 20:15,KXBTC15M-26AUG011615-15,62478.87,0,odds 51c not above 60c,yes,,62492.97,2.26,0,0,0.00,0.00,0.00,0.00,0.00,
2026-08-01 20:30,KXBTC15M-26AUG011630-30,62506.97,1,,yes,98,62547.01,6.41,0,5,4.90,0.01,5.00,0.10,0.09,1
2026-08-01 20:45,KXBTC15M-26AUG011645-45,62564.45,1,,no,95,62539.96,3.91,0,5,4.75,0.02,5.00,0.25,0.23,1
2026-08-01 21:00,KXBTC15M-26AUG011700-00,62543.82,1,,yes,97,62601.01,9.14,0,5,4.85,0.02,5.00,0.15,0.13,1
2026-08-01 21:15,KXBTC15M-26AUG011715-15,62608.79,1,,yes,99,62704.72,15.32,0,5,4.95,0.01,5.00,0.05,0.04,1
2026-08-01 21:30,KXBTC15M-26AUG011730-30,62687.25,1,,yes,92,62696.78,1.52,0,5,4.60,0.03,5.00,0.40,0.37,1
2026-08-01 21:45,KXBTC15M-26AUG011745-45,62734.10,0,odds 47c not above 60c,no,,62724.05,1.60,0,0,0.00,0.00,0.00,0.00,0.00,
2026-08-01 22:00,KXBTC15M-26AUG011800-00,62737.39,1,,yes,64,62755.82,2.94,0,7,4.48,0.12,7.00,2.52,2.40,1
2026-08-01 22:15,KXBTC15M-26AUG011815-15,62764.26,1,,yes,85,62798.24,5.41,0,5,4.25,0.05,5.00,0.75,0.70,1
2026-08-01 22:30,KXBTC15M-26AUG011830-30,62803.65,1,,no,96,62772.13,5.02,0,5,4.80,0.02,5.00,0.20,0.18,1
2026-08-01 22:45,KXBTC15M-26AUG011845-45,62799.10,1,,no,64,62796.66,0.39,0,7,4.48,0.12,7.00,2.52,2.40,1
2026-08-01 23:00,KXBTC15M-26AUG011900-00,62791.67,1,,no,75,62777.29,2.29,0,6,4.50,0.08,6.00,1.50,1.42,1
2026-08-01 23:15,KXBTC15M-26AUG011915-15,62778.81,0,odds 40c not above 60c,no,,62774.09,0.75,0,0,0.00,0.00,0.00,0.00,0.00,
2026-08-01 23:30,KXBTC15M-26AUG011930-30,62758.18,1,,no,94,62723.96,5.45,0,5,4.70,0.02,5.00,0.30,0.28,1
2026-08-01 23:45,KXBTC15M-26AUG011945-45,62722.57,1,,yes,96,62761.60,6.22,0,5,4.80,0.02,5.00,0.20,0.18,1
2026-08-02 00:00,KXBTC15M-26AUG012000-00,62738.92,1,,yes,94,62766.67,4.42,0,5,4.70,0.02,5.00,0.30,0.28,1
2026-08-02 00:15,KXBTC15M-26AUG012015-15,62766.96,1,,yes,99,62880.48,18.09,0,5,4.95,0.01,5.00,0.05,0.04,1
2026-08-02 00:30,KXBTC15M-26AUG012030-30,62889.36,1,,no,94,62846.77,6.77,0,5,4.70,0.02,5.00,0.30,0.28,1
2026-08-02 00:45,KXBTC15M-26AUG012045-45,62828.12,1,,no,97,62800.01,4.47,0,5,4.85,0.02,5.00,0.15,0.13,1
2026-08-02 01:00,KXBTC15M-26AUG012100-00,62808.07,1,,no,99,62745.37,9.98,0,5,4.95,0.01,5.00,0.05,0.04,1
2026-08-02 01:15,KXBTC15M-26AUG012115-15,62772.77,1,,yes,99,62885.32,17.93,0,5,4.95,0.01,5.00,0.05,0.04,1
2026-08-02 01:30,KXBTC15M-26AUG012130-30,62922.63,1,,no,65,62915.82,1.08,0,7,4.55,0.12,0.00,-4.55,-4.67,0
2026-08-02 01:45,KXBTC15M-26AUG012145-45,62923.60,1,,yes,96,62948.99,4.04,0,5,4.80,0.02,5.00,0.20,0.18,1
2026-08-02 02:00,KXBTC15M-26AUG012200-00,62956.07,1,,no,97,62927.27,4.57,0,5,4.85,0.02,5.00,0.15,0.13,1
2026-08-02 02:15,KXBTC15M-26AUG012215-15,62934.43,1,,yes,98,63323.52,61.82,0,5,4.90,0.01,5.00,0.10,0.09,1
2026-08-02 02:30,KXBTC15M-26AUG012230-30,63377.08,0,odds 6c not above 60c,no,,63375.12,0.31,0,0,0.00,0.00,0.00,0.00,0.00,
2026-08-02 02:45,KXBTC15M-26AUG012245-45,63355.44,1,,no,86,63308.58,7.40,0,5,4.30,0.05,5.00,0.70,0.65,1
2026-08-02 03:00,KXBTC15M-26AUG012300-00,63321.15,1,,yes,97,63382.01,9.61,0,5,4.85,0.02,5.00,0.15,0.13,1
2026-08-02 03:15,KXBTC15M-26AUG012315-15,63375.26,1,,no,89,63344.12,4.91,0,5,4.45,0.04,5.00,0.55,0.51,1
2026-08-02 03:30,KXBTC15M-26AUG012330-30,63346.44,1,,yes,96,63414.12,10.68,0,5,4.80,0.02,5.00,0.20,0.18,1
2026-08-02 03:45,KXBTC15M-26AUG012345-45,63376.22,1,,yes,91,63409.49,5.25,0,5,4.55,0.03,5.00,0.45,0.42,1
2026-08-02 04:00,KXBTC15M-26AUG020000-00,63433.46,1,,no,97,63380.43,8.36,0,5,4.85,0.02,5.00,0.15,0.13,1
2026-08-02 04:15,KXBTC15M-26AUG020015-15,63388.84,1,,yes,99,63470.07,12.81,0,5,4.95,0.01,5.00,0.05,0.04,1
2026-08-02 04:30,KXBTC15M-26AUG020030-30,63485.03,0,odds 43c not above 60c,yes,,63488.64,0.57,0,0,0.00,0.00,0.00,0.00,0.00,
2026-08-02 04:45,KXBTC15M-26AUG020045-45,63479.74,0,odds 58c not above 60c,no,,63464.57,2.39,0,0,0.00,0.00,0.00,0.00,0.00,
2026-08-02 05:00,KXBTC15M-26AUG020100-00,63462.56,1,,yes,98,63496.62,5.37,0,5,4.90,0.01,5.00,0.10,0.09,1
2026-08-02 05:15,KXBTC15M-26AUG020115-15,63532.16,1,,no,99,63409.52,19.30,0,5,4.95,0.01,5.00,0.05,0.04,1
2026-08-02 05:30,KXBTC15M-26AUG020130-30,63418.14,0,odds 56c not above 60c,yes,,63427.91,1.54,0,0,0.00,0.00,0.00,0.00,0.00,
2026-08-02 05:45,KXBTC15M-26AUG020145-45,63414.08,1,,no,94,63384.79,4.62,0,5,4.70,0.02,5.00,0.30,0.28,1
2026-08-02 06:00,KXBTC15M-26AUG020200-00,63357.92,1,,yes,96,63393.67,5.64,0,5,4.80,0.02,5.00,0.20,0.18,1
2026-08-02 06:15,KXBTC15M-26AUG020215-15,63389.30,0,odds 45c not above 60c,no,,63385.44,0.61,0,0,0.00,0.00,0.00,0.00,0.00,
2026-08-02 06:30,KXBTC15M-26AUG020230-30,63384.74,1,,yes,77,63412.84,4.43,0,6,4.62,0.08,6.00,1.38,1.30,1
2026-08-02 06:45,KXBTC15M-26AUG020245-45,63431.24,1,,no,97,63409.52,3.42,0,5,4.85,0.02,5.00,0.15,0.13,1
2026-08-02 07:00,KXBTC15M-26AUG020300-00,63427.35,1,,no,63,63421.74,0.88,0,7,4.41,0.12,7.00,2.59,2.47,1
2026-08-02 07:15,KXBTC15M-26AUG020315-15,63425.13,0,odds 57c not above 60c,no,,63421.99,0.50,0,0,0.00,0.00,0.00,0.00,0.00,
2026-08-02 07:30,KXBTC15M-26AUG020330-30,63420.65,0,odds 56c not above 60c,no,,63411.32,1.47,0,0,0.00,0.00,0.00,0.00,0.00,
2026-08-02 07:45,KXBTC15M-26AUG020345-45,63424.98,1,,yes,94,63454.24,4.61,0,5,4.70,0.02,5.00,0.30,0.28,1
2026-08-02 08:00,KXBTC15M-26AUG020400-00,63470.98,1,,no,96,63423.29,7.51,0,5,4.80,0.02,5.00,0.20,0.18,1
2026-08-02 08:15,KXBTC15M-26AUG020415-15,63428.41,1,,yes,92,63460.48,5.06,0,5,4.60,0.03,5.00,0.40,0.37,1
2026-08-02 08:30,KXBTC15M-26AUG020430-30,63434.09,1,,no,98,63399.01,5.53,0,5,4.90,0.01,5.00,0.10,0.09,1
2026-08-02 08:45,KXBTC15M-26AUG020445-45,63333.72,1,,no,99,63186.18,23.30,0,5,4.95,0.01,5.00,0.05,0.04,1
2026-08-02 09:00,KXBTC15M-26AUG020500-00,63189.23,1,,no,89,63150.77,6.09,0,5,4.45,0.04,5.00,0.55,0.51,1
2026-08-02 09:15,KXBTC15M-26AUG020515-15,63132.70,1,,yes,94,63192.80,9.52,0,5,4.70,0.02,5.00,0.30,0.28,1
2026-08-02 09:30,KXBTC15M-26AUG020530-30,63202.87,1,,yes,89,63230.65,4.40,0,5,4.45,0.04,0.00,-4.45,-4.49,0
2026-08-02 09:45,KXBTC15M-26AUG020545-45,63179.83,1,,yes,92,63200.00,3.19,0,5,4.60,0.03,5.00,0.40,0.37,1
2026-08-02 10:00,KXBTC15M-26AUG020600-00,63214.41,0,odds 56c not above 60c,no,,63207.43,1.10,0,0,0.00,0.00,0.00,0.00,0.00,
2026-08-02 10:15,KXBTC15M-26AUG020615-15,63213.40,1,,no,96,63168.73,7.07,0,5,4.80,0.02,5.00,0.20,0.18,1
2026-08-02 10:30,KXBTC15M-26AUG020630-30,63149.09,1,,no,96,63091.04,9.19,0,5,4.80,0.02,5.00,0.20,0.18,1
2026-08-02 10:45,KXBTC15M-26AUG020645-45,63079.36,1,,yes,98,63134.32,8.71,0,5,4.90,0.01,5.00,0.10,0.09,1
2026-08-02 11:00,KXBTC15M-26AUG020700-00,63146.75,1,,no,71,63134.03,2.01,0,7,4.97,0.11,7.00,2.03,1.92,1
2026-08-02 11:15,KXBTC15M-26AUG020715-15,63140.64,1,,no,98,63093.04,7.54,0,5,4.90,0.01,5.00,0.10,0.09,1
2026-08-02 11:30,KXBTC15M-26AUG020730-30,63091.63,0,odds 49c not above 60c,yes,,63099.92,1.31,0,0,0.00,0.00,0.00,0.00,0.00,
2026-08-02 11:45,KXBTC15M-26AUG020745-45,63113.88,0,odds 54c not above 60c,no,,63098.89,2.38,0,0,0.00,0.00,0.00,0.00,0.00,
2026-08-02 12:00,KXBTC15M-26AUG020800-00,63053.16,1,,no,95,62997.91,8.76,0,5,4.75,0.02,5.00,0.25,0.23,1
2026-08-02 12:15,KXBTC15M-26AUG020815-15,62963.57,1,,yes,99,63058.65,15.10,0,5,4.95,0.01,5.00,0.05,0.04,1
2026-08-02 12:30,KXBTC15M-26AUG020830-30,63099.64,1,,yes,95,63144.65,7.13,0,5,4.75,0.02,5.00,0.25,0.23,1
2026-08-02 12:45,KXBTC15M-26AUG020845-45,63129.33,1,,no,92,63081.85,7.52,0,5,4.60,0.03,5.00,0.40,0.37,1
2026-08-02 13:00,KXBTC15M-26AUG020900-00,63085.82,0,odds 40c not above 60c,no,,63055.21,4.85,0,0,0.00,0.00,0.00,0.00,0.00,
2026-08-02 13:15,KXBTC15M-26AUG020915-15,63067.07,1,,no,70,63046.66,3.24,0,7,4.90,0.11,7.00,2.10,1.99,1
2026-08-02 13:30,KXBTC15M-26AUG020930-30,63059.25,1,,no,96,63019.49,6.31,0,5,4.80,0.02,5.00,0.20,0.18,1
2026-08-02 13:45,KXBTC15M-26AUG020945-45,63031.98,1,,no,98,62989.83,6.69,0,5,4.90,0.01,5.00,0.10,0.09,1
2026-08-02 14:00,KXBTC15M-26AUG021000-00,63025.75,1,,yes,92,63044.87,3.03,0,5,4.60,0.03,5.00,0.40,0.37,1
2026-08-02 14:15,KXBTC15M-26AUG021015-15,63054.93,1,,no,97,63020.79,5.41,0,5,4.85,0.02,5.00,0.15,0.13,1
2026-08-02 14:30,KXBTC15M-26AUG021030-30,63022.14,1,,yes,86,63045.44,3.70,0,5,4.30,0.05,5.00,0.70,0.65,1
2026-08-02 14:45,KXBTC15M-26AUG021045-45,63063.76,1,,yes,72,63065.53,0.28,0,6,4.32,0.09,6.00,1.68,1.59,1
2026-08-02 15:00,KXBTC15M-26AUG021100-00,63089.06,1,,no,99,62993.28,15.18,0,5,4.95,0.01,5.00,0.05,0.04,1
2026-08-02 15:15,KXBTC15M-26AUG021115-15,63011.43,1,,yes,94,63027.69,2.58,0,5,4.70,0.02,5.00,0.30,0.28,1
2026-08-02 15:30,KXBTC15M-26AUG021130-30,63061.96,1,,no,85,63055.50,1.02,0,5,4.25,0.05,5.00,0.75,0.70,1
2026-08-02 15:45,KXBTC15M-26AUG021145-45,63061.54,1,,yes,90,63063.45,0.30,0,5,4.50,0.04,5.00,0.50,0.46,1
2026-08-02 16:00,KXBTC15M-26AUG021200-00,63086.72,1,,no,97,63050.01,5.82,0,5,4.85,0.02,5.00,0.15,0.13,1
2026-08-02 16:15,KXBTC15M-26AUG021215-15,63048.04,1,,yes,79,63063.35,2.43,0,6,4.74,0.07,6.00,1.26,1.19,1
2026-08-02 16:30,KXBTC15M-26AUG021230-30,63049.66,0,odds 24c not above 60c,no,,63048.32,0.21,0,0,0.00,0.00,0.00,0.00,0.00,
2026-08-02 16:45,KXBTC15M-26AUG021245-45,63049.04,1,,yes,99,63129.84,12.82,0,5,4.95,0.01,5.00,0.05,0.04,1
2026-08-02 17:00,KXBTC15M-26AUG021300-00,63177.78,1,,no,98,63132.59,7.15,0,5,4.90,0.01,5.00,0.10,0.09,1
2026-08-02 17:15,KXBTC15M-26AUG021315-15,63125.94,1,,no,96,63099.91,4.12,0,5,4.80,0.02,0.00,-4.80,-4.82,0
2026-08-02 17:30,KXBTC15M-26AUG021330-30,63143.22,1,,yes,98,63185.93,6.76,0,5,4.90,0.01,5.00,0.10,0.09,1
2026-08-02 17:45,KXBTC15M-26AUG021345-45,63218.86,1,,yes,91,63240.81,3.47,0,5,4.55,0.03,5.00,0.45,0.42,1
2026-08-02 18:00,KXBTC15M-26AUG021400-00,63242.60,0,odds 50c not above 60c,no,,63232.64,1.57,0,0,0.00,0.00,0.00,0.00,0.00,
2026-08-02 18:15,KXBTC15M-26AUG021415-15,63245.37,1,,no,86,63224.31,3.33,0,5,4.30,0.05,0.00,-4.30,-4.35,0
2026-08-02 18:30,KXBTC15M-26AUG021430-30,63247.05,1,,no,69,63234.00,2.06,0,7,4.83,0.11,7.00,2.17,2.06,1
2026-08-02 18:45,KXBTC15M-26AUG021445-45,63225.60,1,,yes,99,63383.33,24.95,0,5,4.95,0.01,5.00,0.05,0.04,1
2026-08-02 19:00,KXBTC15M-26AUG021500-00,63417.14,1,,no,99,63316.44,15.88,0,5,4.95,0.01,5.00,0.05,0.04,1
2026-08-02 19:15,KXBTC15M-26AUG021515-15,63315.69,1,,no,83,63288.62,4.28,0,6,4.98,0.06,6.00,1.02,0.96,1
2026-08-02 19:30,KXBTC15M-26AUG021530-30,63293.50,1,,no,66,63265.04,4.50,0,7,4.62,0.11,7.00,2.38,2.27,1
2026-08-02 19:45,KXBTC15M-26AUG021545-45,63268.71,1,,yes,97,63308.35,6.27,0,5,4.85,0.02,5.00,0.15,0.13,1
2026-08-02 20:00,KXBTC15M-26AUG021600-00,63318.57,1,,yes,98,63370.01,8.12,0,5,4.90,0.01,5.00,0.10,0.09,1
2026-08-02 20:15,KXBTC15M-26AUG021615-15,63384.63,1,,no,61,63359.47,3.97,0,8,4.88,0.14,8.00,3.12,2.98,1
2026-08-02 20:30,KXBTC15M-26AUG021630-30,63383.72,1,,no,93,63348.60,5.54,0,5,4.65,0.03,5.00,0.35,0.32,1
2026-08-02 20:45,KXBTC15M-26AUG021645-45,63344.86,1,,yes,77,63349.59,0.75,0,6,4.62,0.08,6.00,1.38,1.30,1
2026-08-02 21:00,KXBTC15M-26AUG021700-00,63362.99,1,,yes,96,63426.00,9.94,0,5,4.80,0.02,5.00,0.20,0.18,1
2026-08-02 21:15,KXBTC15M-26AUG021715-15,63426.13,1,,yes,97,63463.22,5.85,0,5,4.85,0.02,5.00,0.15,0.13,1
2026-08-02 21:30,KXBTC15M-26AUG021730-30,63458.02,0,odds 49c not above 60c,no,,63440.99,2.68,0,0,0.00,0.00,0.00,0.00,0.00,
2026-08-02 21:45,KXBTC15M-26AUG021745-45,63470.11,1,,no,80,63437.05,5.21,0,6,4.80,0.07,0.00,-4.80,-4.87,0
2026-08-02 22:00,KXBTC15M-26AUG021800-00,63629.63,1,,no,96,63505.14,19.56,0,5,4.80,0.02,5.00,0.20,0.18,1
2026-08-02 22:15,KXBTC15M-26AUG021815-15,63509.81,1,,yes,98,63660.65,23.75,0,5,4.90,0.01,5.00,0.10,0.09,1
2026-08-02 22:30,KXBTC15M-26AUG021830-30,63642.67,1,,no,85,63601.31,6.50,0,5,4.25,0.05,5.00,0.75,0.70,1
2026-08-02 22:45,KXBTC15M-26AUG021845-45,63524.92,0,no quote on chosen side at decision time,no,,63339.85,29.13,0,0,0.00,0.00,0.00,0.00,0.00,
2026-08-02 23:00,KXBTC15M-26AUG021900-00,63422.42,1,,no,94,63347.50,11.81,0,5,4.70,0.02,5.00,0.30,0.28,1
2026-08-02 23:15,KXBTC15M-26AUG021915-15,63364.47,1,,no,89,63311.99,8.28,0,5,4.45,0.04,5.00,0.55,0.51,1
2026-08-02 23:30,KXBTC15M-26AUG021930-30,63294.00,1,,yes,99,63426.94,21.00,0,5,4.95,0.01,5.00,0.05,0.04,1
2026-08-02 23:45,KXBTC15M-26AUG021945-45,63469.33,1,,no,62,63426.92,6.68,0,8,4.96,0.14,8.00,3.04,2.90,1
2026-08-03 00:00,KXBTC15M-26AUG022000-00,63455.46,0,odds 36c not above 60c,yes,,63461.63,0.97,0,0,0.00,0.00,0.00,0.00,0.00,
2026-08-03 00:15,KXBTC15M-26AUG022015-15,63499.39,1,,no,98,63344.16,24.45,0,5,4.90,0.01,5.00,0.10,0.09,1
2026-08-03 00:30,KXBTC15M-26AUG022030-30,63339.01,1,,no,76,63280.87,9.18,0,6,4.56,0.08,6.00,1.44,1.36,1
2026-08-03 00:45,KXBTC15M-26AUG022045-45,63228.64,1,,yes,98,63330.66,16.14,0,5,4.90,0.01,5.00,0.10,0.09,1
2026-08-03 01:00,KXBTC15M-26AUG022100-00,63258.29,0,odds 60c not above 60c,no,,63245.99,1.94,0,0,0.00,0.00,0.00,0.00,0.00,
2026-08-03 01:15,KXBTC15M-26AUG022115-15,63247.01,1,,no,85,63211.15,5.67,0,5,4.25,0.05,5.00,0.75,0.70,1
2026-08-03 01:30,KXBTC15M-26AUG022130-30,63142.04,0,odds 35c not above 60c,yes,,63164.99,3.63,0,0,0.00,0.00,0.00,0.00,0.00,
2026-08-03 01:45,KXBTC15M-26AUG022145-45,63093.54,1,,yes,80,63106.80,2.10,0,6,4.80,0.07,6.00,1.20,1.13,1
2026-08-03 02:00,KXBTC15M-26AUG022200-00,63147.72,1,,no,97,63084.90,9.95,0,5,4.85,0.02,5.00,0.15,0.13,1
2026-08-03 02:15,KXBTC15M-26AUG022215-15,63139.61,1,,no,84,63082.73,9.01,0,5,4.20,0.05,5.00,0.80,0.75,1
2026-08-03 02:30,KXBTC15M-26AUG022230-30,63113.96,1,,yes,80,63125.44,1.82,0,6,4.80,0.07,0.00,-4.80,-4.87,0
2026-08-03 02:45,KXBTC15M-26AUG022245-45,63047.35,1,,yes,94,63128.74,12.91,0,5,4.70,0.02,5.00,0.30,0.28,1
2026-08-03 03:00,KXBTC15M-26AUG022300-00,63115.89,1,,no,90,63069.16,7.40,0,5,4.50,0.04,5.00,0.50,0.46,1
2026-08-03 03:15,KXBTC15M-26AUG022315-15,63063.66,0,odds 56c not above 60c,no,,63053.01,1.69,0,0,0.00,0.00,0.00,0.00,0.00,
2026-08-03 03:30,KXBTC15M-26AUG022330-30,63034.62,1,,no,79,62995.12,6.27,0,6,4.74,0.07,6.00,1.26,1.19,1
2026-08-03 03:45,KXBTC15M-26AUG022345-45,63001.67,1,,no,78,62972.62,4.61,0,6,4.68,0.08,6.00,1.32,1.24,1
2026-08-03 04:00,KXBTC15M-26AUG030000-00,62977.74,1,,no,98,62845.01,21.08,0,5,4.90,0.01,5.00,0.10,0.09,1
2026-08-03 04:15,KXBTC15M-26AUG030015-15,62807.42,1,,no,67,62753.98,8.51,0,7,4.69,0.11,7.00,2.31,2.20,1
2026-08-03 04:30,KXBTC15M-26AUG030030-30,62779.56,1,,yes,96,62867.54,14.01,0,5,4.80,0.02,5.00,0.20,0.18,1
2026-08-03 04:45,KXBTC15M-26AUG030045-45,62893.18,1,,yes,87,62915.27,3.51,0,5,4.35,0.04,0.00,-4.35,-4.39,0
2026-08-03 05:00,KXBTC15M-26AUG030100-00,62887.06,1,,no,98,62762.31,19.84,0,5,4.90,0.01,5.00,0.10,0.09,1
2026-08-03 05:15,KXBTC15M-26AUG030115-15,62721.29,1,,yes,87,62750.29,4.62,0,5,4.35,0.04,5.00,0.65,0.61,1
2026-08-03 05:30,KXBTC15M-26AUG030130-30,62783.46,1,,no,83,62750.59,5.24,0,6,4.98,0.06,6.00,1.02,0.96,1
2026-08-03 05:45,KXBTC15M-26AUG030145-45,62764.41,1,,no,79,62745.43,3.02,0,6,4.74,0.07,6.00,1.26,1.19,1
2026-08-03 06:00,KXBTC15M-26AUG030200-00,62731.18,1,,yes,67,62745.22,2.24,0,7,4.69,0.11,7.00,2.31,2.20,1
2026-08-03 06:15,KXBTC15M-26AUG030215-15,62745.16,1,,yes,88,62766.25,3.36,0,5,4.40,0.04,5.00,0.60,0.56,1
2026-08-03 06:30,KXBTC15M-26AUG030230-30,62772.53,1,,no,91,62697.45,11.96,0,5,4.55,0.03,5.00,0.45,0.42,1
2026-08-03 06:45,KXBTC15M-26AUG030245-45,62713.47,1,,no,96,62589.24,19.81,0,5,4.80,0.02,5.00,0.20,0.18,1
2026-08-03 07:00,KXBTC15M-26AUG030300-00,62580.84,0,odds 38c not above 60c,no,,62563.28,2.81,0,0,0.00,0.00,0.00,0.00,0.00,
2026-08-03 07:15,KXBTC15M-26AUG030315-15,62546.77,0,odds 42c not above 60c,yes,,62561.29,2.32,0,0,0.00,0.00,0.00,0.00,0.00,
2026-08-03 07:30,KXBTC15M-26AUG030330-30,62560.35,0,odds 59c not above 60c,yes,,62567.70,1.17,0,0,0.00,0.00,0.00,0.00,0.00,
2026-08-03 07:45,KXBTC15M-26AUG030345-45,62570.21,1,,no,64,62562.04,1.31,0,7,4.48,0.12,7.00,2.52,2.40,1
2026-08-03 08:00,KXBTC15M-26AUG030400-00,62557.22,1,,no,65,62539.88,2.77,0,7,4.55,0.12,7.00,2.45,2.33,1
2026-08-03 08:15,KXBTC15M-26AUG030415-15,62532.80,1,,no,96,62449.47,13.33,0,5,4.80,0.02,5.00,0.20,0.18,1
2026-08-03 08:30,KXBTC15M-26AUG030430-30,62488.36,1,,no,98,62320.56,26.85,0,5,4.90,0.01,5.00,0.10,0.09,1
2026-08-03 08:45,KXBTC15M-26AUG030445-45,62273.03,1,,yes,87,62320.54,7.63,0,5,4.35,0.04,5.00,0.65,0.61,1
2026-08-03 09:00,KXBTC15M-26AUG030500-00,62361.67,1,,yes,94,62406.40,7.17,0,5,4.70,0.02,5.00,0.30,0.28,1
2026-08-03 09:15,KXBTC15M-26AUG030515-15,62462.13,0,odds 60c not above 60c,yes,,62476.44,2.29,0,0,0.00,0.00,0.00,0.00,0.00,
2026-08-03 09:30,KXBTC15M-26AUG030530-30,62495.77,1,,yes,97,62541.27,7.28,0,5,4.85,0.02,5.00,0.15,0.13,1
2026-08-03 09:45,KXBTC15M-26AUG030545-45,62564.96,1,,yes,84,62580.14,2.43,0,5,4.20,0.05,5.00,0.80,0.75,1
2026-08-03 10:00,KXBTC15M-26AUG030600-00,62612.08,1,,yes,99,62716.79,16.72,0,5,4.95,0.01,5.00,0.05,0.04,1
2026-08-03 10:15,KXBTC15M-26AUG030615-15,62759.69,1,,no,98,62687.98,11.43,0,5,4.90,0.01,5.00,0.10,0.09,1
2026-08-03 10:30,KXBTC15M-26AUG030630-30,62714.19,0,odds 41c not above 60c,no,,62693.25,3.34,0,0,0.00,0.00,0.00,0.00,0.00,
2026-08-03 10:45,KXBTC15M-26AUG030645-45,62667.59,1,,no,98,62592.21,12.03,0,5,4.90,0.01,5.00,0.10,0.09,1
2026-08-03 11:00,KXBTC15M-26AUG030700-00,62629.96,1,,no,74,62600.40,4.72,0,6,4.44,0.09,0.00,-4.44,-4.53,0
2026-08-03 11:15,KXBTC15M-26AUG030715-15,62670.24,1,,no,99,62508.80,25.76,0,5,4.95,0.01,5.00,0.05,0.04,1
2026-08-03 11:30,KXBTC15M-26AUG030730-30,62569.99,1,,yes,98,62659.21,14.26,0,5,4.90,0.01,5.00,0.10,0.09,1
2026-08-03 11:45,KXBTC15M-26AUG030745-45,62642.06,0,odds 27c not above 60c,no,,62597.40,7.13,0,0,0.00,0.00,0.00,0.00,0.00,
2026-08-03 12:00,KXBTC15M-26AUG030800-00,62621.99,1,,no,96,62524.81,15.52,0,5,4.80,0.02,5.00,0.20,0.18,1
2026-08-03 12:15,KXBTC15M-26AUG030815-15,62486.20,1,,no,91,62412.80,11.75,0,5,4.55,0.03,5.00,0.45,0.42,1
2026-08-03 12:30,KXBTC15M-26AUG030830-30,62477.88,1,,yes,97,62540.00,9.94,0,5,4.85,0.02,5.00,0.15,0.13,1
2026-08-03 12:45,KXBTC15M-26AUG030845-45,62561.12,0,odds 41c not above 60c,yes,,62568.34,1.15,0,0,0.00,0.00,0.00,0.00,0.00,
2026-08-03 13:00,KXBTC15M-26AUG030900-00,62642.75,0,odds 42c not above 60c,no,,62635.64,1.14,0,0,0.00,0.00,0.00,0.00,0.00,
2026-08-03 13:15,KXBTC15M-26AUG030915-15,62621.62,1,,yes,67,62636.16,2.32,0,7,4.69,0.11,7.00,2.31,2.20,1
2026-08-03 13:30,KXBTC15M-26AUG030930-30,62695.13,1,,yes,98,62766.44,11.37,0,5,4.90,0.01,0.00,-4.90,-4.91,0
2026-08-03 13:45,KXBTC15M-26AUG030945-45,62678.06,1,,yes,91,62822.31,23.01,0,5,4.55,0.03,5.00,0.45,0.42,1
2026-08-03 14:00,KXBTC15M-26AUG031000-00,62822.86,1,,yes,99,63155.20,52.90,0,5,4.95,0.01,5.00,0.05,0.04,1
2026-08-03 14:15,KXBTC15M-26AUG031015-15,63291.96,0,odds 17c not above 60c,yes,,63295.49,0.56,0,0,0.00,0.00,0.00,0.00,0.00,
2026-08-03 14:30,KXBTC15M-26AUG031030-30,63237.73,1,,yes,86,63376.01,21.87,0,5,4.30,0.05,5.00,0.70,0.65,1
2026-08-03 14:45,KXBTC15M-26AUG031045-45,63692.20,1,,yes,68,63773.97,12.84,0,7,4.76,0.11,7.00,2.24,2.13,1
2026-08-03 15:00,KXBTC15M-26AUG031100-00,63703.15,1,,yes,88,63856.75,24.11,0,5,4.40,0.04,5.00,0.60,0.56,1
2026-08-03 15:15,KXBTC15M-26AUG031115-15,63870.69,1,,no,87,63819.50,8.01,0,5,4.35,0.04,5.00,0.65,0.61,1
2026-08-03 15:30,KXBTC15M-26AUG031130-30,63760.31,1,,no,73,63651.78,17.02,0,6,4.38,0.09,6.00,1.62,1.53,1
2026-08-03 15:45,KXBTC15M-26AUG031145-45,63648.87,1,,yes,98,63816.76,26.38,0,5,4.90,0.01,5.00,0.10,0.09,1
2026-08-03 16:00,KXBTC15M-26AUG031200-00,63727.86,1,,no,73,63629.49,15.44,0,6,4.38,0.09,6.00,1.62,1.53,1
2026-08-03 16:15,KXBTC15M-26AUG031215-15,63610.56,1,,yes,85,63659.73,7.73,0,5,4.25,0.05,5.00,0.75,0.70,1
2026-08-03 16:30,KXBTC15M-26AUG031230-30,63747.23,1,,yes,96,63868.80,19.07,0,5,4.80,0.02,5.00,0.20,0.18,1
2026-08-03 16:45,KXBTC15M-26AUG031245-45,63836.36,1,,no,97,63731.21,16.47,0,5,4.85,0.02,5.00,0.15,0.13,1
2026-08-03 17:00,KXBTC15M-26AUG031300-00,63705.13,0,odds 41c not above 60c,no,,63683.20,3.44,0,0,0.00,0.00,0.00,0.00,0.00,
2026-08-03 17:15,KXBTC15M-26AUG031315-15,63714.82,1,,yes,72,63736.04,3.33,0,6,4.32,0.09,6.00,1.68,1.59,1
2026-08-03 17:30,KXBTC15M-26AUG031330-30,63796.91,1,,yes,95,63845.00,7.54,0,5,4.75,0.02,0.00,-4.75,-4.77,0
2026-08-03 17:45,KXBTC15M-26AUG031345-45,63768.26,1,,yes,63,63778.06,1.54,0,7,4.41,0.12,7.00,2.59,2.47,1
2026-08-03 18:00,KXBTC15M-26AUG031400-00,63839.89,0,odds 39c not above 60c,yes,,63848.07,1.28,0,0,0.00,0.00,0.00,0.00,0.00,
2026-08-03 18:15,KXBTC15M-26AUG031415-15,63846.14,0,odds 59c not above 60c,yes,,63859.89,2.15,0,0,0.00,0.00,0.00,0.00,0.00,
2026-08-03 18:30,KXBTC15M-26AUG031430-30,63927.76,1,,no,98,63823.86,16.25,0,5,4.90,0.01,5.00,0.10,0.09,1
2026-08-03 18:45,KXBTC15M-26AUG031445-45,63772.90,0,odds 21c not above 60c,no,,63771.40,0.24,0,0,0.00,0.00,0.00,0.00,0.00,
2026-08-03 19:00,KXBTC15M-26AUG031500-00,63780.61,1,,yes,97,63854.64,11.61,0,5,4.85,0.02,5.00,0.15,0.13,1
2026-08-03 19:15,KXBTC15M-26AUG031515-15,63818.90,1,,yes,75,63821.47,0.40,0,6,4.50,0.08,6.00,1.50,1.42,1
2026-08-03 19:30,KXBTC15M-26AUG031530-30,63861.63,1,,yes,85,63892.67,4.86,0,5,4.25,0.05,5.00,0.75,0.70,1
2026-08-03 19:45,KXBTC15M-26AUG031545-45,63929.08,1,,no,94,63855.99,11.43,0,5,4.70,0.02,5.00,0.30,0.28,1
2026-08-03 20:00,KXBTC15M-26AUG031600-00,63902.75,1,,no,61,63850.77,8.13,0,8,4.88,0.14,8.00,3.12,2.98,1
2026-08-03 20:15,KXBTC15M-26AUG031615-15,63838.96,0,odds 52c not above 60c,yes,,63857.58,2.92,0,0,0.00,0.00,0.00,0.00,0.00,
2026-08-03 20:30,KXBTC15M-26AUG031630-30,63852.65,1,,yes,88,63895.88,6.77,0,5,4.40,0.04,5.00,0.60,0.56,1
2026-08-03 20:45,KXBTC15M-26AUG031645-45,63891.48,1,,no,80,63852.25,6.14,0,6,4.80,0.07,6.00,1.20,1.13,1
2026-08-03 21:00,KXBTC15M-26AUG031700-00,63859.69,1,,no,99,63750.93,17.03,0,5,4.95,0.01,5.00,0.05,0.04,1
2026-08-03 21:15,KXBTC15M-26AUG031715-15,63741.16,1,,no,97,63660.01,12.73,0,5,4.85,0.02,5.00,0.15,0.13,1
2026-08-03 21:30,KXBTC15M-26AUG031730-30,63670.49,1,,no,68,63661.97,1.34,0,7,4.76,0.11,7.00,2.24,2.13,1
2026-08-03 21:45,KXBTC15M-26AUG031745-45,63662.85,1,,no,66,63629.49,5.24,0,7,4.62,0.11,7.00,2.38,2.27,1
2026-08-03 22:00,KXBTC15M-26AUG031800-00,63624.23,1,,no,96,63526.73,15.32,0,5,4.80,0.02,5.00,0.20,0.18,1
2026-08-03 22:15,KXBTC15M-26AUG031815-15,63547.19,1,,no,97,63459.81,13.75,0,5,4.85,0.02,5.00,0.15,0.13,1
2026-08-03 22:30,KXBTC15M-26AUG031830-30,63444.10,1,,yes,90,63471.11,4.26,0,5,4.50,0.04,5.00,0.50,0.46,1
2026-08-03 22:45,KXBTC15M-26AUG031845-45,63478.12,1,,no,89,63459.55,2.93,0,5,4.45,0.04,5.00,0.55,0.51,1
2026-08-03 23:00,KXBTC15M-26AUG031900-00,63451.90,1,,yes,99,63565.55,17.91,0,5,4.95,0.01,5.00,0.05,0.04,1
2026-08-03 23:15,KXBTC15M-26AUG031915-15,63542.66,1,,no,77,63513.43,4.60,0,6,4.62,0.08,6.00,1.38,1.30,1
2026-08-03 23:30,KXBTC15M-26AUG031930-30,63482.99,1,,yes,80,63499.01,2.52,0,6,4.80,0.07,6.00,1.20,1.13,1
2026-08-03 23:45,KXBTC15M-26AUG031945-45,63521.37,1,,no,99,63421.44,15.73,0,5,4.95,0.01,5.00,0.05,0.04,1
2026-08-04 00:00,KXBTC15M-26AUG032000-00,63445.27,0,odds 46c not above 60c,no,,63439.99,0.83,0,0,0.00,0.00,0.00,0.00,0.00,
2026-08-04 00:15,KXBTC15M-26AUG032015-15,63462.62,1,,yes,81,63500.67,6.00,0,6,4.86,0.07,0.00,-4.86,-4.93,0
2026-08-04 00:30,KXBTC15M-26AUG032030-30,63426.57,1,,no,88,63376.51,7.89,0,5,4.40,0.04,5.00,0.60,0.56,1
2026-08-04 00:45,KXBTC15M-26AUG032045-45,63365.45,1,,no,87,63326.19,6.20,0,5,4.35,0.04,5.00,0.65,0.61,1
2026-08-04 01:00,KXBTC15M-26AUG032100-00,63335.98,0,odds 39c not above 60c,no,,63268.01,10.73,0,0,0.00,0.00,0.00,0.00,0.00,
2026-08-04 01:15,KXBTC15M-26AUG032115-15,63296.47,1,,yes,98,63411.69,18.20,0,5,4.90,0.01,5.00,0.10,0.09,1
2026-08-04 01:30,KXBTC15M-26AUG032130-30,63404.64,1,,yes,77,63429.10,3.86,0,6,4.62,0.08,6.00,1.38,1.30,1
2026-08-04 01:45,KXBTC15M-26AUG032145-45,63439.14,1,,yes,99,63810.35,58.51,0,5,4.95,0.01,5.00,0.05,0.04,1
2026-08-04 02:00,KXBTC15M-26AUG032200-00,63733.38,1,,yes,85,63799.46,10.37,0,5,4.25,0.05,5.00,0.75,0.70,1
2026-08-04 02:15,KXBTC15M-26AUG032215-15,63788.48,1,,no,74,63732.90,8.71,0,6,4.44,0.09,6.00,1.56,1.47,1
2026-08-04 02:30,KXBTC15M-26AUG032230-30,63713.86,1,,no,96,63644.34,10.91,0,5,4.80,0.02,5.00,0.20,0.18,1
2026-08-04 02:45,KXBTC15M-26AUG032245-45,63656.61,1,,yes,98,63787.94,20.63,0,5,4.90,0.01,5.00,0.10,0.09,1
2026-08-04 03:00,KXBTC15M-26AUG032300-00,63843.77,1,,no,98,63754.10,14.05,0,5,4.90,0.01,5.00,0.10,0.09,1
2026-08-04 03:15,KXBTC15M-26AUG032315-15,63763.20,1,,no,88,63708.67,8.55,0,5,4.40,0.04,5.00,0.60,0.56,1
2026-08-04 03:30,KXBTC15M-26AUG032330-30,63638.21,0,odds 33c not above 60c,yes,,63661.43,3.65,0,0,0.00,0.00,0.00,0.00,0.00,
2026-08-04 03:45,KXBTC15M-26AUG032345-45,63713.44,1,,yes,98,63766.58,8.34,0,5,4.90,0.01,5.00,0.10,0.09,1
2026-08-04 04:00,KXBTC15M-26AUG040000-00,63764.16,1,,no,74,63750.99,2.07,0,6,4.44,0.09,6.00,1.56,1.47,1
2026-08-04 04:15,KXBTC15M-26AUG040015-15,63749.42,0,odds 53c not above 60c,yes,,63764.54,2.37,0,0,0.00,0.00,0.00,0.00,0.00,
2026-08-04 04:30,KXBTC15M-26AUG040030-30,63748.78,1,,yes,94,63771.06,3.49,0,5,4.70,0.02,5.00,0.30,0.28,1
2026-08-04 04:45,KXBTC15M-26AUG040045-45,63780.06,1,,yes,99,63944.65,25.81,0,5,4.95,0.01,5.00,0.05,0.04,1
2026-08-04 05:00,KXBTC15M-26AUG040100-00,63997.16,1,,yes,97,64056.30,9.24,0,5,4.85,0.02,0.00,-4.85,-4.87,0
2026-08-04 05:15,KXBTC15M-26AUG040115-15,63988.41,1,,no,99,63860.31,20.02,0,5,4.95,0.01,5.00,0.05,0.04,1
2026-08-04 05:30,KXBTC15M-26AUG040130-30,63805.68,0,odds 58c not above 60c,no,,63763.71,6.58,0,0,0.00,0.00,0.00,0.00,0.00,
2026-08-04 05:45,KXBTC15M-26AUG040145-45,63770.34,0,odds 49c not above 60c,yes,,63770.57,0.04,0,0,0.00,0.00,0.00,0.00,0.00,
2026-08-04 06:00,KXBTC15M-26AUG040200-00,63805.44,1,,no,94,63763.70,6.54,0,5,4.70,0.02,5.00,0.30,0.28,1
2026-08-04 06:15,KXBTC15M-26AUG040215-15,63763.90,1,,yes,79,63781.68,2.79,0,6,4.74,0.07,0.00,-4.74,-4.81,0
2026-08-04 06:30,KXBTC15M-26AUG040230-30,63742.64,1,,yes,81,63763.46,3.27,0,6,4.86,0.07,0.00,-4.86,-4.93,0
2026-08-04 06:45,KXBTC15M-26AUG040245-45,63713.37,1,,no,98,63667.33,7.23,0,5,4.90,0.01,5.00,0.10,0.09,1
2026-08-04 07:00,KXBTC15M-26AUG040300-00,63655.81,1,,no,93,63603.45,8.23,0,5,4.65,0.03,5.00,0.35,0.32,1
2026-08-04 07:15,KXBTC15M-26AUG040315-15,63618.53,1,,no,92,63541.03,12.18,0,5,4.60,0.03,5.00,0.40,0.37,1
2026-08-04 07:30,KXBTC15M-26AUG040330-30,63534.58,1,,no,77,63507.80,4.22,0,6,4.62,0.08,0.00,-4.62,-4.70,0
2026-08-04 07:45,KXBTC15M-26AUG040345-45,63572.40,1,,yes,90,63610.02,5.92,0,5,4.50,0.04,5.00,0.50,0.46,1
2026-08-04 08:00,KXBTC15M-26AUG040400-00,63616.20,1,,yes,82,63642.00,4.06,0,6,4.92,0.07,6.00,1.08,1.01,1
2026-08-04 08:15,KXBTC15M-26AUG040415-15,63646.83,1,,no,87,63601.27,7.16,0,5,4.35,0.04,5.00,0.65,0.61,1
2026-08-04 08:30,KXBTC15M-26AUG040430-30,63577.02,1,,no,85,63569.39,1.20,0,5,4.25,0.05,5.00,0.75,0.70,1
2026-08-04 08:45,KXBTC15M-26AUG040445-45,63561.60,1,,no,84,63501.91,9.39,0,5,4.20,0.05,5.00,0.80,0.75,1
2026-08-04 09:00,KXBTC15M-26AUG040500-00,63522.77,1,,yes,71,63529.68,1.09,0,7,4.97,0.11,7.00,2.03,1.92,1
2026-08-04 09:15,KXBTC15M-26AUG040515-15,63525.77,1,,no,84,63474.61,8.05,0,5,4.20,0.05,5.00,0.80,0.75,1
2026-08-04 09:30,KXBTC15M-26AUG040530-30,63518.09,0,odds 60c not above 60c,yes,,63520.47,0.37,0,0,0.00,0.00,0.00,0.00,0.00,
2026-08-04 09:45,KXBTC15M-26AUG040545-45,63514.91,1,,no,92,63495.09,3.12,0,5,4.60,0.03,5.00,0.40,0.37,1
2026-08-04 10:00,KXBTC15M-26AUG040600-00,63506.64,1,,yes,85,63531.02,3.84,0,5,4.25,0.05,5.00,0.75,0.70,1
2026-08-04 10:15,KXBTC15M-26AUG040615-15,63529.25,1,,no,98,63460.76,10.78,0,5,4.90,0.01,5.00,0.10,0.09,1
2026-08-04 10:30,KXBTC15M-26AUG040630-30,63457.83,1,,no,77,63427.86,4.72,0,6,4.62,0.08,6.00,1.38,1.30,1
2026-08-04 10:45,KXBTC15M-26AUG040645-45,63404.76,1,,yes,90,63460.23,8.75,0,5,4.50,0.04,5.00,0.50,0.46,1
2026-08-04 11:00,KXBTC15M-26AUG040700-00,63544.86,1,,yes,98,63694.49,23.55,0,5,4.90,0.01,5.00,0.10,0.09,1
2026-08-04 11:15,KXBTC15M-26AUG040715-15,63695.32,0,odds 50c not above 60c,no,,63672.64,3.56,0,0,0.00,0.00,0.00,0.00,0.00,
2026-08-04 11:30,KXBTC15M-26AUG040730-30,63679.17,1,,yes,74,63706.26,4.25,0,6,4.44,0.09,6.00,1.56,1.47,1
2026-08-04 11:45,KXBTC15M-26AUG040745-45,63717.64,1,,no,78,63658.35,9.31,0,6,4.68,0.08,0.00,-4.68,-4.76,0
2026-08-04 12:00,KXBTC15M-26AUG040800-00,63777.53,1,,yes,99,63879.88,16.05,0,5,4.95,0.01,5.00,0.05,0.04,1
2026-08-04 12:15,KXBTC15M-26AUG040815-15,63859.12,1,,no,97,63758.96,15.68,0,5,4.85,0.02,5.00,0.15,0.13,1
2026-08-04 12:30,KXBTC15M-26AUG040830-30,63757.13,1,,no,80,63755.01,0.33,0,6,4.80,0.07,0.00,-4.80,-4.87,0
2026-08-04 12:45,KXBTC15M-26AUG040845-45,63768.99,1,,yes,98,63943.39,27.35,0,5,4.90,0.01,5.00,0.10,0.09,1
2026-08-04 13:00,KXBTC15M-26AUG040900-00,63897.90,1,,no,64,63873.12,3.88,0,7,4.48,0.12,7.00,2.52,2.40,1
2026-08-04 13:15,KXBTC15M-26AUG040915-15,63855.45,1,,yes,88,63915.92,9.47,0,5,4.40,0.04,5.00,0.60,0.56,1
2026-08-04 13:30,KXBTC15M-26AUG040930-30,63888.11,1,,no,75,63846.40,6.53,0,6,4.50,0.08,6.00,1.50,1.42,1
2026-08-04 13:45,KXBTC15M-26AUG040945-45,63853.84,1,,yes,92,64009.74,24.42,0,5,4.60,0.03,5.00,0.40,0.37,1
2026-08-04 14:00,KXBTC15M-26AUG041000-00,63973.67,1,,no,99,63697.58,43.16,0,5,4.95,0.01,5.00,0.05,0.04,1
2026-08-04 14:15,KXBTC15M-26AUG041015-15,63641.71,1,,yes,61,63644.31,0.41,0,8,4.88,0.14,8.00,3.12,2.98,1
2026-08-04 14:30,KXBTC15M-26AUG041030-30,63731.50,1,,no,83,63727.49,0.63,0,6,4.98,0.06,0.00,-4.98,-5.04,0
2026-08-04 14:45,KXBTC15M-26AUG041045-45,63823.18,1,,yes,92,64022.70,31.26,0,5,4.60,0.03,5.00,0.40,0.37,1
2026-08-04 15:00,KXBTC15M-26AUG041100-00,64050.67,0,odds 58c not above 60c,no,,64041.74,1.39,0,0,0.00,0.00,0.00,0.00,0.00,
2026-08-04 15:15,KXBTC15M-26AUG041115-15,64103.83,1,,no,90,63975.77,19.98,0,5,4.50,0.04,5.00,0.50,0.46,1
2026-08-04 15:30,KXBTC15M-26AUG041130-30,64016.45,1,,no,92,63962.50,8.43,0,5,4.60,0.03,5.00,0.40,0.37,1
2026-08-04 15:45,KXBTC15M-26AUG041145-45,63892.42,1,,no,66,63867.03,3.97,0,7,4.62,0.11,0.00,-4.62,-4.73,0
2026-08-04 16:00,KXBTC15M-26AUG041200-00,64008.05,1,,yes,95,64116.77,16.99,0,5,4.75,0.02,5.00,0.25,0.23,1
2026-08-04 16:15,KXBTC15M-26AUG041215-15,64084.73,1,,no,94,63990.07,14.77,0,5,4.70,0.02,5.00,0.30,0.28,1
2026-08-04 16:30,KXBTC15M-26AUG041230-30,63976.77,1,,yes,78,63999.99,3.63,0,6,4.68,0.08,6.00,1.32,1.24,1
2026-08-04 16:45,KXBTC15M-26AUG041245-45,63998.32,1,,no,92,63910.89,13.66,0,5,4.60,0.03,5.00,0.40,0.37,1
2026-08-04 17:00,KXBTC15M-26AUG041300-00,63897.73,1,,no,71,63864.93,5.13,0,7,4.97,0.11,0.00,-4.97,-5.08,0
2026-08-04 17:15,KXBTC15M-26AUG041315-15,63910.45,1,,yes,99,64041.77,20.55,0,5,4.95,0.01,5.00,0.05,0.04,1
2026-08-04 17:30,KXBTC15M-26AUG041330-30,64029.07,1,,no,76,64018.57,1.64,0,6,4.56,0.08,0.00,-4.56,-4.64,0
2026-08-04 17:45,KXBTC15M-26AUG041345-45,64105.25,0,odds 58c not above 60c,no,,64083.71,3.36,0,0,0.00,0.00,0.00,0.00,0.00,
2026-08-04 18:00,KXBTC15M-26AUG041400-00,64076.60,1,,no,99,63937.88,21.65,0,5,4.95,0.01,5.00,0.05,0.04,1
2026-08-04 18:15,KXBTC15M-26AUG041415-15,63936.19,1,,yes,99,64067.19,20.49,0,5,4.95,0.01,5.00,0.05,0.04,1
2026-08-04 18:30,KXBTC15M-26AUG041430-30,64135.93,1,,yes,99,64313.80,27.73,0,5,4.95,0.01,5.00,0.05,0.04,1
2026-08-04 18:45,KXBTC15M-26AUG041445-45,64331.28,1,,no,98,64186.14,22.56,0,5,4.90,0.01,5.00,0.10,0.09,1
2026-08-04 19:00,KXBTC15M-26AUG041500-00,64231.06,1,,yes,87,64243.25,1.90,0,5,4.35,0.04,5.00,0.65,0.61,1
2026-08-04 19:15,KXBTC15M-26AUG041515-15,64257.94,1,,yes,93,64288.76,4.80,0,5,4.65,0.03,5.00,0.35,0.32,1
2026-08-04 19:30,KXBTC15M-26AUG041530-30,64299.93,1,,no,99,64225.45,11.58,0,5,4.95,0.01,5.00,0.05,0.04,1
2026-08-04 19:45,KXBTC15M-26AUG041545-45,64241.26,1,,yes,65,64265.40,3.76,0,7,4.55,0.12,7.00,2.45,2.33,1
2026-08-04 20:00,KXBTC15M-26AUG041600-00,64342.68,1,,no,98,64255.38,13.57,0,5,4.90,0.01,5.00,0.10,0.09,1
2026-08-04 20:15,KXBTC15M-26AUG041615-15,64250.29,1,,no,98,64130.73,18.61,0,5,4.90,0.01,5.00,0.10,0.09,1
2026-08-04 20:30,KXBTC15M-26AUG041630-30,64139.11,1,,no,90,64073.59,10.22,0,5,4.50,0.04,5.00,0.50,0.46,1
2026-08-04 20:45,KXBTC15M-26AUG041645-45,64091.32,1,,yes,99,64307.01,33.65,0,5,4.95,0.01,5.00,0.05,0.04,1
2026-08-04 21:00,KXBTC15M-26AUG041700-00,64354.61,1,,no,98,64279.27,11.71,0,5,4.90,0.01,5.00,0.10,0.09,1
2026-08-04 21:15,KXBTC15M-26AUG041715-15,64300.70,1,,no,85,64264.17,5.68,0,5,4.25,0.05,5.00,0.75,0.70,1
2026-08-04 21:30,KXBTC15M-26AUG041730-30,64176.92,1,,yes,96,64214.01,5.78,0,5,4.80,0.02,5.00,0.20,0.18,1
2026-08-04 21:45,KXBTC15M-26AUG041745-45,64219.25,1,,no,76,64174.27,7.00,0,6,4.56,0.08,6.00,1.44,1.36,1
2026-08-04 22:00,KXBTC15M-26AUG041800-00,64208.79,1,,no,97,64128.33,12.53,0,5,4.85,0.02,5.00,0.15,0.13,1
2026-08-04 22:15,KXBTC15M-26AUG041815-15,64159.58,1,,yes,69,64168.51,1.39,0,7,4.83,0.11,7.00,2.17,2.06,1
2026-08-04 22:30,KXBTC15M-26AUG041830-30,64189.65,1,,no,91,64157.18,5.06,0,5,4.55,0.03,0.00,-4.55,-4.58,0
2026-08-04 22:45,KXBTC15M-26AUG041845-45,64207.52,1,,no,72,64178.79,4.47,0,6,4.32,0.09,6.00,1.68,1.59,1
2026-08-04 23:00,KXBTC15M-26AUG041900-00,64177.48,1,,no,69,64169.20,1.29,0,7,4.83,0.11,0.00,-4.83,-4.94,0
2026-08-04 23:15,KXBTC15M-26AUG041915-15,64224.64,1,,yes,97,64359.29,20.97,0,5,4.85,0.02,5.00,0.15,0.13,1
2026-08-04 23:30,KXBTC15M-26AUG041930-30,64380.44,1,,no,96,64275.20,16.35,0,5,4.80,0.02,5.00,0.20,0.18,1
2026-08-04 23:45,KXBTC15M-26AUG041945-45,64156.24,0,odds 24c not above 60c,yes,,64174.71,2.88,0,0,0.00,0.00,0.00,0.00,0.00,
2026-08-05 00:00,KXBTC15M-26AUG042000-00,64183.99,1,,no,97,64071.46,17.53,0,5,4.85,0.02,5.00,0.15,0.13,1
2026-08-05 00:15,KXBTC15M-26AUG042015-15,64058.49,1,,no,97,63995.11,9.89,0,5,4.85,0.02,5.00,0.15,0.13,1
2026-08-05 00:30,KXBTC15M-26AUG042030-30,63986.56,1,,yes,61,63990.73,0.65,0,8,4.88,0.14,0.00,-4.88,-5.02,0
2026-08-05 00:45,KXBTC15M-26AUG042045-45,63981.01,1,,yes,95,64040.01,9.22,0,5,4.75,0.02,5.00,0.25,0.23,1
2026-08-05 01:00,KXBTC15M-26AUG042100-00,64019.28,1,,no,95,63961.94,8.96,0,5,4.75,0.02,5.00,0.25,0.23,1
2026-08-05 01:15,KXBTC15M-26AUG042115-15,63948.64,1,,yes,78,63977.28,4.48,0,6,4.68,0.08,6.00,1.32,1.24,1
2026-08-05 01:30,KXBTC15M-26AUG042130-30,63965.46,1,,yes,97,64028.80,9.90,0,5,4.85,0.02,5.00,0.15,0.13,1
2026-08-05 01:45,KXBTC15M-26AUG042145-45,64054.32,0,no quote on chosen side at decision time,yes,,64202.71,23.17,0,0,0.00,0.00,0.00,0.00,0.00,
2026-08-05 02:00,KXBTC15M-26AUG042200-00,64150.94,1,,yes,98,64262.28,17.36,0,5,4.90,0.01,5.00,0.10,0.09,1
2026-08-05 02:15,KXBTC15M-26AUG042215-15,64289.17,1,,yes,99,64373.78,13.16,0,5,4.95,0.01,5.00,0.05,0.04,1
2026-08-05 02:30,KXBTC15M-26AUG042230-30,64413.13,0,odds 19c not above 60c,yes,,64419.20,0.94,0,0,0.00,0.00,0.00,0.00,0.00,
2026-08-05 02:45,KXBTC15M-26AUG042245-45,64384.10,0,odds 52c not above 60c,yes,,64400.10,2.49,0,0,0.00,0.00,0.00,0.00,0.00,
2026-08-05 03:00,KXBTC15M-26AUG042300-00,64378.64,0,odds 37c not above 60c,no,,64366.29,1.92,0,0,0.00,0.00,0.00,0.00,0.00,
2026-08-05 03:15,KXBTC15M-26AUG042315-15,64324.93,1,,yes,70,64349.81,3.87,0,7,4.90,0.11,7.00,2.10,1.99,1
2026-08-05 03:30,KXBTC15M-26AUG042330-30,64331.29,1,,no,99,64028.79,47.02,0,5,4.95,0.01,5.00,0.05,0.04,1
2026-08-05 03:45,KXBTC15M-26AUG042345-45,64026.90,1,,yes,97,64104.54,12.13,0,5,4.85,0.02,5.00,0.15,0.13,1
2026-08-05 04:00,KXBTC15M-26AUG050000-00,64092.25,1,,yes,90,64111.58,3.02,0,5,4.50,0.04,5.00,0.50,0.46,1
2026-08-05 04:15,KXBTC15M-26AUG050015-15,64129.14,1,,no,92,64087.10,6.56,0,5,4.60,0.03,5.00,0.40,0.37,1
2026-08-05 04:30,KXBTC15M-26AUG050030-30,64085.03,0,odds 59c not above 60c,yes,,64086.39,0.21,0,0,0.00,0.00,0.00,0.00,0.00,
2026-08-05 04:45,KXBTC15M-26AUG050045-45,64101.30,1,,yes,88,64133.49,5.02,0,5,4.40,0.04,5.00,0.60,0.56,1
2026-08-05 05:00,KXBTC15M-26AUG050100-00,64128.11,1,,no,85,64103.76,3.80,0,5,4.25,0.05,5.00,0.75,0.70,1
2026-08-05 05:15,KXBTC15M-26AUG050115-15,64119.82,1,,yes,99,64235.01,17.96,0,5,4.95,0.01,5.00,0.05,0.04,1
2026-08-05 05:30,KXBTC15M-26AUG050130-30,64262.37,1,,yes,97,64412.04,23.29,0,5,4.85,0.02,5.00,0.15,0.13,1
2026-08-05 05:45,KXBTC15M-26AUG050145-45,64385.11,1,,no,97,64301.64,12.96,0,5,4.85,0.02,5.00,0.15,0.13,1
2026-08-05 06:00,KXBTC15M-26AUG050200-00,64296.68,0,odds 47c not above 60c,yes,,64308.91,1.90,0,0,0.00,0.00,0.00,0.00,0.00,
2026-08-05 06:15,KXBTC15M-26AUG050215-15,64307.92,1,,no,92,64279.99,4.34,0,5,4.60,0.03,5.00,0.40,0.37,1
2026-08-05 06:30,KXBTC15M-26AUG050230-30,64279.80,0,odds 53c not above 60c,no,,64267.82,1.86,0,0,0.00,0.00,0.00,0.00,0.00,
2026-08-05 06:45,KXBTC15M-26AUG050245-45,64267.75,0,odds 43c not above 60c,no,,64262.40,0.83,0,0,0.00,0.00,0.00,0.00,0.00,
2026-08-05 07:00,KXBTC15M-26AUG050300-00,64248.85,1,,no,94,64197.91,7.93,0,5,4.70,0.02,5.00,0.30,0.28,1
2026-08-05 07:15,KXBTC15M-26AUG050315-15,64204.99,1,,no,95,64125.03,12.45,0,5,4.75,0.02,5.00,0.25,0.23,1
2026-08-05 07:30,KXBTC15M-26AUG050330-30,64132.04,1,,no,98,64002.18,20.25,0,5,4.90,0.01,5.00,0.10,0.09,1
2026-08-05 07:45,KXBTC15M-26AUG050345-45,64023.17,1,,no,78,64009.89,2.07,0,6,4.68,0.08,6.00,1.32,1.24,1
2026-08-05 08:00,KXBTC15M-26AUG050400-00,63963.61,1,,yes,92,63997.55,5.31,0,5,4.60,0.03,5.00,0.40,0.37,1
2026-08-05 08:15,KXBTC15M-26AUG050415-15,64105.72,1,,yes,81,64148.63,6.69,0,6,4.86,0.07,6.00,1.14,1.07,1
2026-08-05 08:30,KXBTC15M-26AUG050430-30,64159.53,0,odds 58c not above 60c,no,,64144.37,2.36,0,0,0.00,0.00,0.00,0.00,0.00,
2026-08-05 08:45,KXBTC15M-26AUG050445-45,64214.92,1,,no,90,64169.65,7.05,0,5,4.50,0.04,5.00,0.50,0.46,1
2026-08-05 09:00,KXBTC15M-26AUG050500-00,64090.53,0,odds 51c not above 60c,yes,,64104.63,2.20,0,0,0.00,0.00,0.00,0.00,0.00,
2026-08-05 09:15,KXBTC15M-26AUG050515-15,64063.40,1,,yes,94,64083.69,3.17,0,5,4.70,0.02,5.00,0.30,0.28,1
2026-08-05 09:30,KXBTC15M-26AUG050530-30,64083.74,1,,yes,83,64108.32,3.84,0,6,4.98,0.06,6.00,1.02,0.96,1
2026-08-05 09:45,KXBTC15M-26AUG050545-45,64103.48,1,,yes,95,64117.39,2.17,0,5,4.75,0.02,5.00,0.25,0.23,1
2026-08-05 10:00,KXBTC15M-26AUG050600-00,64116.56,0,odds 55c not above 60c,no,,64102.52,2.19,0,0,0.00,0.00,0.00,0.00,0.00,
2026-08-05 10:15,KXBTC15M-26AUG050615-15,64100.91,0,odds 46c not above 60c,no,,64064.04,5.75,0,0,0.00,0.00,0.00,0.00,0.00,
2026-08-05 10:30,KXBTC15M-26AUG050630-30,64108.76,0,odds 60c not above 60c,yes,,64137.31,4.45,0,0,0.00,0.00,0.00,0.00,0.00,
2026-08-05 10:45,KXBTC15M-26AUG050645-45,64159.29,0,odds 40c not above 60c,yes,,64169.05,1.52,0,0,0.00,0.00,0.00,0.00,0.00,
2026-08-05 11:00,KXBTC15M-26AUG050700-00,64142.39,1,,no,99,64011.67,20.38,0,5,4.95,0.01,5.00,0.05,0.04,1
2026-08-05 11:15,KXBTC15M-26AUG050715-15,64010.95,1,,yes,97,64030.01,2.98,0,5,4.85,0.02,5.00,0.15,0.13,1
2026-08-05 11:30,KXBTC15M-26AUG050730-30,64041.31,0,odds 54c not above 60c,no,,64025.45,2.48,0,0,0.00,0.00,0.00,0.00,0.00,
2026-08-05 11:45,KXBTC15M-26AUG050745-45,64030.35,1,,yes,88,64053.94,3.68,0,5,4.40,0.04,5.00,0.60,0.56,1
2026-08-05 12:00,KXBTC15M-26AUG050800-00,64050.72,1,,no,93,64011.68,6.10,0,5,4.65,0.03,5.00,0.35,0.32,1
2026-08-05 12:15,KXBTC15M-26AUG050815-15,64023.50,1,,yes,98,64148.65,19.55,0,5,4.90,0.01,5.00,0.10,0.09,1
2026-08-05 12:30,KXBTC15M-26AUG050830-30,64147.49,1,,yes,99,64483.79,52.43,0,5,4.95,0.01,5.00,0.05,0.04,1
2026-08-05 12:45,KXBTC15M-26AUG050845-45,64490.07,1,,no,91,64411.28,12.22,0,5,4.55,0.03,5.00,0.45,0.42,1
2026-08-05 13:00,KXBTC15M-26AUG050900-00,64427.16,0,no quote on chosen side at decision time,no,,64268.62,24.61,0,0,0.00,0.00,0.00,0.00,0.00,
2026-08-05 13:15,KXBTC15M-26AUG050915-15,64299.11,1,,no,99,64111.33,29.20,0,5,4.95,0.01,5.00,0.05,0.04,1
2026-08-05 13:30,KXBTC15M-26AUG050930-30,64085.35,0,odds 16c not above 60c,no,,64083.59,0.27,0,0,0.00,0.00,0.00,0.00,0.00,
2026-08-05 13:45,KXBTC15M-26AUG050945-45,64091.57,1,,yes,77,64187.16,14.91,0,6,4.62,0.08,6.00,1.38,1.30,1
2026-08-05 14:00,KXBTC15M-26AUG051000-00,64131.40,1,,yes,86,64249.64,18.44,0,5,4.30,0.05,5.00,0.70,0.65,1
2026-08-05 14:15,KXBTC15M-26AUG051015-15,64334.11,1,,yes,75,64452.00,18.32,0,6,4.50,0.08,6.00,1.50,1.42,1
2026-08-05 14:30,KXBTC15M-26AUG051030-30,64439.68,1,,no,91,64332.02,16.71,0,5,4.55,0.03,5.00,0.45,0.42,1
2026-08-05 14:45,KXBTC15M-26AUG051045-45,64341.76,1,,no,85,64280.98,9.45,0,5,4.25,0.05,0.00,-4.25,-4.30,0
2026-08-05 15:00,KXBTC15M-26AUG051100-00,64364.20,0,odds 58c not above 60c,yes,,64366.55,0.37,0,0,0.00,0.00,0.00,0.00,0.00,
2026-08-05 15:15,KXBTC15M-26AUG051115-15,64449.13,1,,yes,99,64688.02,37.07,0,5,4.95,0.01,5.00,0.05,0.04,1
2026-08-05 15:30,KXBTC15M-26AUG051130-30,64610.02,1,,no,98,64458.17,23.50,0,5,4.90,0.01,5.00,0.10,0.09,1
2026-08-05 15:45,KXBTC15M-26AUG051145-45,64474.69,1,,yes,98,64584.17,16.98,0,5,4.90,0.01,5.00,0.10,0.09,1
2026-08-05 16:00,KXBTC15M-26AUG051200-00,64519.91,1,,no,98,64387.40,20.54,0,5,4.90,0.01,5.00,0.10,0.09,1
2026-08-05 16:15,KXBTC15M-26AUG051215-15,64352.60,1,,yes,98,64467.01,17.78,0,5,4.90,0.01,5.00,0.10,0.09,1
2026-08-05 16:30,KXBTC15M-26AUG051230-30,64504.86,1,,yes,91,64652.17,22.84,0,5,4.55,0.03,5.00,0.45,0.42,1
2026-08-05 16:45,KXBTC15M-26AUG051245-45,64702.11,1,,no,91,64656.63,7.03,0,5,4.55,0.03,5.00,0.45,0.42,1
2026-08-05 17:00,KXBTC15M-26AUG051300-00,64643.55,1,,no,94,64570.75,11.26,0,5,4.70,0.02,5.00,0.30,0.28,1
2026-08-05 17:15,KXBTC15M-26AUG051315-15,64615.89,1,,no,94,64537.36,12.15,0,5,4.70,0.02,5.00,0.30,0.28,1
2026-08-05 17:30,KXBTC15M-26AUG051330-30,64544.43,1,,no,64,64537.45,1.08,0,7,4.48,0.12,0.00,-4.48,-4.60,0
2026-08-05 17:45,KXBTC15M-26AUG051345-45,64545.25,1,,yes,99,64673.59,19.88,0,5,4.95,0.01,5.00,0.05,0.04,1
2026-08-05 18:00,KXBTC15M-26AUG051400-00,64647.65,1,,yes,92,64695.64,7.42,0,5,4.60,0.03,5.00,0.40,0.37,1
2026-08-05 18:15,KXBTC15M-26AUG051415-15,64715.68,1,,no,98,64643.57,11.14,0,5,4.90,0.01,0.00,-4.90,-4.91,0
2026-08-05 18:30,KXBTC15M-26AUG051430-30,64737.26,1,,no,98,64635.98,15.64,0,5,4.90,0.01,5.00,0.10,0.09,1
2026-08-05 18:45,KXBTC15M-26AUG051445-45,64671.04,1,,yes,96,64731.16,9.30,0,5,4.80,0.02,5.00,0.20,0.18,1
2026-08-05 19:00,KXBTC15M-26AUG051500-00,64747.94,1,,no,93,64701.13,7.23,0,5,4.65,0.03,5.00,0.35,0.32,1
2026-08-05 19:15,KXBTC15M-26AUG051515-15,64747.27,1,,yes,98,64816.62,10.71,0,5,4.90,0.01,5.00,0.10,0.09,1
2026-08-05 19:30,KXBTC15M-26AUG051530-30,64846.15,1,,yes,70,64856.30,1.57,0,7,4.90,0.11,7.00,2.10,1.99,1
2026-08-05 19:45,KXBTC15M-26AUG051545-45,64869.87,0,odds 49c not above 60c,no,,64861.76,1.25,0,0,0.00,0.00,0.00,0.00,0.00,
2026-08-05 20:00,KXBTC15M-26AUG051600-00,64862.12,1,,yes,79,64869.79,1.18,0,6,4.74,0.07,0.00,-4.74,-4.81,0
2026-08-05 20:15,KXBTC15M-26AUG051615-15,64833.72,1,,no,75,64825.51,1.27,0,6,4.50,0.08,0.00,-4.50,-4.58,0
2026-08-05 20:30,KXBTC15M-26AUG051630-30,64854.32,1,,yes,96,64920.30,10.17,0,5,4.80,0.02,5.00,0.20,0.18,1
2026-08-05 20:45,KXBTC15M-26AUG051645-45,64927.49,1,,no,76,64892.26,5.43,0,6,4.56,0.08,0.00,-4.56,-4.64,0
2026-08-05 21:00,KXBTC15M-26AUG051700-00,64930.45,1,,no,97,64810.37,18.49,0,5,4.85,0.02,5.00,0.15,0.13,1
2026-08-05 21:15,KXBTC15M-26AUG051715-15,64790.29,1,,no,96,64705.50,13.09,0,5,4.80,0.02,5.00,0.20,0.18,1
2026-08-05 21:30,KXBTC15M-26AUG051730-30,64732.30,1,,no,97,64622.28,17.00,0,5,4.85,0.02,5.00,0.15,0.13,1
2026-08-05 21:45,KXBTC15M-26AUG051745-45,64615.30,1,,yes,72,64638.39,3.57,0,6,4.32,0.09,6.00,1.68,1.59,1
2026-08-05 22:00,KXBTC15M-26AUG051800-00,64662.12,1,,yes,76,64672.86,1.66,0,6,4.56,0.08,6.00,1.44,1.36,1
2026-08-05 22:15,KXBTC15M-26AUG051815-15,64677.11,1,,no,96,64654.84,3.44,0,5,4.80,0.02,5.00,0.20,0.18,1
2026-08-05 22:30,KXBTC15M-26AUG051830-30,64628.77,1,,yes,77,64634.27,0.85,0,6,4.62,0.08,6.00,1.38,1.30,1
2026-08-05 22:45,KXBTC15M-26AUG051845-45,64669.96,1,,no,83,64623.00,7.26,0,6,4.98,0.06,6.00,1.02,0.96,1
2026-08-05 23:00,KXBTC15M-26AUG051900-00,64644.29,1,,no,91,64600.30,6.80,0,5,4.55,0.03,5.00,0.45,0.42,1
2026-08-05 23:15,KXBTC15M-26AUG051915-15,64587.21,1,,yes,84,64619.64,5.02,0,5,4.20,0.05,5.00,0.80,0.75,1
2026-08-05 23:30,KXBTC15M-26AUG051930-30,64623.39,1,,yes,94,64668.30,6.95,0,5,4.70,0.02,5.00,0.30,0.28,1
2026-08-05 23:45,KXBTC15M-26AUG051945-45,64650.98,1,,no,74,64626.73,3.75,0,6,4.44,0.09,6.00,1.56,1.47,1
2026-08-06 00:00,KXBTC15M-26AUG052000-00,64639.90,1,,no,79,64581.00,9.11,0,6,4.74,0.07,6.00,1.26,1.19,1
2026-08-06 00:15,KXBTC15M-26AUG052015-15,64602.69,1,,no,90,64546.99,8.62,0,5,4.50,0.04,5.00,0.50,0.46,1
2026-08-06 00:30,KXBTC15M-26AUG052030-30,64571.58,1,,yes,97,64647.01,11.68,0,5,4.85,0.02,5.00,0.15,0.13,1
2026-08-06 00:45,KXBTC15M-26AUG052045-45,64627.97,0,odds 47c not above 60c,no,,64625.50,0.38,0,0,0.00,0.00,0.00,0.00,0.00,
2026-08-06 01:00,KXBTC15M-26AUG052100-00,64589.58,1,,yes,91,64619.53,4.64,0,5,4.55,0.03,5.00,0.45,0.42,1
2026-08-06 01:15,KXBTC15M-26AUG052115-15,64610.49,1,,no,86,64553.26,8.86,0,5,4.30,0.05,5.00,0.70,0.65,1
2026-08-06 01:30,KXBTC15M-26AUG052130-30,64545.40,1,,no,92,64474.50,10.98,0,5,4.60,0.03,5.00,0.40,0.37,1
2026-08-06 01:45,KXBTC15M-26AUG052145-45,64463.44,1,,yes,90,64495.48,4.97,0,5,4.50,0.04,5.00,0.50,0.46,1
2026-08-06 02:00,KXBTC15M-26AUG052200-00,64511.80,1,,yes,94,64550.25,5.96,0,5,4.70,0.02,5.00,0.30,0.28,1
2026-08-06 02:15,KXBTC15M-26AUG052215-15,64531.33,0,odds 33c not above 60c,yes,,64569.48,5.91,0,0,0.00,0.00,0.00,0.00,0.00,
2026-08-06 02:30,KXBTC15M-26AUG052230-30,64540.77,1,,no,91,64498.02,6.62,0,5,4.55,0.03,5.00,0.45,0.42,1
2026-08-06 02:45,KXBTC15M-26AUG052245-45,64463.85,1,,yes,65,64483.52,3.05,0,7,4.55,0.12,7.00,2.45,2.33,1
2026-08-06 03:00,KXBTC15M-26AUG052300-00,64511.00,0,odds 46c not above 60c,no,,64501.48,1.48,0,0,0.00,0.00,0.00,0.00,0.00,
2026-08-06 03:15,KXBTC15M-26AUG052315-15,64519.95,1,,no,74,64510.64,1.44,0,6,4.44,0.09,6.00,1.56,1.47,1
2026-08-06 03:30,KXBTC15M-26AUG052330-30,64511.43,1,,no,96,64446.36,10.09,0,5,4.80,0.02,5.00,0.20,0.18,1
2026-08-06 03:45,KXBTC15M-26AUG052345-45,64484.24,1,,no,63,64458.14,4.05,0,7,4.41,0.12,7.00,2.59,2.47,1
2026-08-06 04:00,KXBTC15M-26AUG060000-00,64448.96,0,odds 47c not above 60c,yes,,64452.35,0.53,0,0,0.00,0.00,0.00,0.00,0.00,
2026-08-06 04:15,KXBTC15M-26AUG060015-15,64476.25,1,,yes,78,64489.49,2.05,0,6,4.68,0.08,6.00,1.32,1.24,1
2026-08-06 04:30,KXBTC15M-26AUG060030-30,64522.19,1,,yes,98,64637.98,17.95,0,5,4.90,0.01,5.00,0.10,0.09,1
2026-08-06 04:45,KXBTC15M-26AUG060045-45,64633.72,1,,no,73,64617.06,2.58,0,6,4.38,0.09,6.00,1.62,1.53,1
2026-08-06 05:00,KXBTC15M-26AUG060100-00,64599.91,1,,yes,97,64644.11,6.84,0,5,4.85,0.02,5.00,0.15,0.13,1
2026-08-06 05:15,KXBTC15M-26AUG060115-15,64656.73,0,no quote on chosen side at decision time,yes,,64864.03,32.06,0,0,0.00,0.00,0.00,0.00,0.00,
2026-08-06 05:30,KXBTC15M-26AUG060130-30,64859.14,1,,yes,93,64901.00,6.45,0,5,4.65,0.03,0.00,-4.65,-4.68,0
2026-08-06 05:45,KXBTC15M-26AUG060145-45,64836.46,1,,no,84,64814.69,3.36,0,5,4.20,0.05,0.00,-4.20,-4.25,0
2026-08-06 06:00,KXBTC15M-26AUG060200-00,64838.14,1,,no,90,64799.07,6.03,0,5,4.50,0.04,5.00,0.50,0.46,1
2026-08-06 06:15,KXBTC15M-26AUG060215-15,64836.28,1,,no,95,64764.90,11.01,0,5,4.75,0.02,5.00,0.25,0.23,1
2026-08-06 06:30,KXBTC15M-26AUG060230-30,64724.01,1,,yes,90,64753.20,4.51,0,5,4.50,0.04,5.00,0.50,0.46,1
2026-08-06 06:45,KXBTC15M-26AUG060245-45,64768.78,0,odds 27c not above 60c,no,,64750.00,2.90,0,0,0.00,0.00,0.00,0.00,0.00,
2026-08-06 09:15,KXBTC15M-26AUG060515-15,64878.72,1,,no,98,64748.20,20.12,0,5,4.90,0.01,5.00,0.10,0.09,1
2026-08-06 09:30,KXBTC15M-26AUG060530-30,64703.84,1,,yes,85,64728.15,3.76,0,5,4.25,0.05,0.00,-4.25,-4.30,0
2026-08-06 09:45,KXBTC15M-26AUG060545-45,64669.33,1,,no,90,64619.00,7.78,0,5,4.50,0.04,5.00,0.50,0.46,1
2026-08-06 10:00,KXBTC15M-26AUG060600-00,64609.25,1,,yes,82,64622.79,2.10,0,6,4.92,0.07,6.00,1.08,1.01,1
2026-08-06 10:15,KXBTC15M-26AUG060615-15,64621.71,1,,no,93,64528.70,14.39,0,5,4.65,0.03,5.00,0.35,0.32,1
2026-08-06 10:30,KXBTC15M-26AUG060630-30,64538.68,1,,yes,96,64599.49,9.42,0,5,4.80,0.02,5.00,0.20,0.18,1
2026-08-06 10:45,KXBTC15M-26AUG060645-45,64615.11,1,,no,83,64584.81,4.69,0,6,4.98,0.06,6.00,1.02,0.96,1
2026-08-06 11:00,KXBTC15M-26AUG060700-00,64566.60,1,,no,79,64535.41,4.83,0,6,4.74,0.07,6.00,1.26,1.19,1
2026-08-06 11:15,KXBTC15M-26AUG060715-15,64555.43,1,,no,96,64491.33,9.93,0,5,4.80,0.02,5.00,0.20,0.18,1
2026-08-06 11:30,KXBTC15M-26AUG060730-30,64508.74,1,,yes,75,64512.60,0.60,0,6,4.50,0.08,6.00,1.50,1.42,1
2026-08-06 11:45,KXBTC15M-26AUG060745-45,64524.53,1,,yes,94,64576.20,8.01,0,5,4.70,0.02,5.00,0.30,0.28,1
2026-08-06 12:00,KXBTC15M-26AUG060800-00,64576.05,1,,no,93,64531.36,6.92,0,5,4.65,0.03,5.00,0.35,0.32,1
2026-08-06 12:15,KXBTC15M-26AUG060815-15,64557.30,1,,no,99,64410.01,22.82,0,5,4.95,0.01,5.00,0.05,0.04,1
2026-08-06 12:30,KXBTC15M-26AUG060830-30,64421.85,1,,yes,95,64464.80,6.67,0,5,4.75,0.02,5.00,0.25,0.23,1
2026-08-06 12:45,KXBTC15M-26AUG060845-45,64477.84,0,odds 6c not above 60c,no,,64476.73,0.17,0,0,0.00,0.00,0.00,0.00,0.00,
2026-08-06 13:00,KXBTC15M-26AUG060900-00,64455.18,1,,no,96,64383.54,11.11,0,5,4.80,0.02,5.00,0.20,0.18,1
2026-08-06 13:15,KXBTC15M-26AUG060915-15,64363.46,0,no quote on chosen side at decision time,no,,64135.63,35.40,0,0,0.00,0.00,0.00,0.00,0.00,
2026-08-06 13:30,KXBTC15M-26AUG060930-30,64179.01,1,,no,80,64148.83,4.70,0,6,4.80,0.07,6.00,1.20,1.13,1
2026-08-06 13:45,KXBTC15M-26AUG060945-45,64169.73,1,,yes,91,64267.51,15.24,0,5,4.55,0.03,5.00,0.45,0.42,1
2026-08-06 14:00,KXBTC15M-26AUG061000-00,64342.24,0,odds 59c not above 60c,yes,,64389.38,7.33,0,0,0.00,0.00,0.00,0.00,0.00,
2026-08-06 14:15,KXBTC15M-26AUG061015-15,64410.61,0,odds 46c not above 60c,yes,,64431.71,3.28,0,0,0.00,0.00,0.00,0.00,0.00,
2026-08-06 14:30,KXBTC15M-26AUG061030-30,64415.00,0,odds 52c not above 60c,yes,,64440.16,3.91,0,0,0.00,0.00,0.00,0.00,0.00,
2026-08-06 14:45,KXBTC15M-26AUG061045-45,64370.73,1,,yes,98,64507.19,21.20,0,5,4.90,0.01,5.00,0.10,0.09,1
2026-08-06 15:00,KXBTC15M-26AUG061100-00,64748.10,1,,no,91,64647.84,15.48,0,5,4.55,0.03,5.00,0.45,0.42,1
2026-08-06 15:15,KXBTC15M-26AUG061115-15,64730.67,1,,yes,96,64893.35,25.13,0,5,4.80,0.02,5.00,0.20,0.18,1
2026-08-06 15:30,KXBTC15M-26AUG061130-30,64810.35,1,,no,83,64713.52,14.94,0,6,4.98,0.06,6.00,1.02,0.96,1
2026-08-06 15:45,KXBTC15M-26AUG061145-45,64771.36,1,,no,78,64718.54,8.15,0,6,4.68,0.08,6.00,1.32,1.24,1
2026-08-06 16:00,KXBTC15M-26AUG061200-00,64712.28,1,,no,94,64592.13,18.57,0,5,4.70,0.02,5.00,0.30,0.28,1
2026-08-06 16:15,KXBTC15M-26AUG061215-15,64611.50,1,,yes,77,64655.22,6.77,0,6,4.62,0.08,0.00,-4.62,-4.70,0
2026-08-06 16:30,KXBTC15M-26AUG061230-30,64578.85,0,odds 46c not above 60c,no,,64549.11,4.61,0,0,0.00,0.00,0.00,0.00,0.00,
2026-08-06 16:45,KXBTC15M-26AUG061245-45,64600.88,1,,yes,83,64671.06,10.86,0,6,4.98,0.06,6.00,1.02,0.96,1
2026-08-06 17:00,KXBTC15M-26AUG061300-00,64663.89,0,odds 51c not above 60c,yes,,64677.40,2.09,0,0,0.00,0.00,0.00,0.00,0.00,
2026-08-06 17:15,KXBTC15M-26AUG061315-15,64695.93,0,odds 59c not above 60c,no,,64674.99,3.24,0,0,0.00,0.00,0.00,0.00,0.00,
2026-08-06 17:30,KXBTC15M-26AUG061330-30,64677.51,1,,no,88,64648.44,4.49,0,5,4.40,0.04,5.00,0.60,0.56,1
2026-08-06 17:45,KXBTC15M-26AUG061345-45,64635.22,1,,no,98,64501.01,20.76,0,5,4.90,0.01,5.00,0.10,0.09,1
2026-08-06 18:00,KXBTC15M-26AUG061400-00,64539.50,1,,yes,95,64579.07,6.13,0,5,4.75,0.02,5.00,0.25,0.23,1
2026-08-06 18:15,KXBTC15M-26AUG061415-15,64567.76,1,,no,98,64441.77,19.51,0,5,4.90,0.01,5.00,0.10,0.09,1
2026-08-06 18:30,KXBTC15M-26AUG061430-30,64482.43,0,odds 51c not above 60c,no,,64451.42,4.81,0,0,0.00,0.00,0.00,0.00,0.00,
2026-08-06 18:45,KXBTC15M-26AUG061445-45,64463.90,1,,no,96,64373.62,14.00,0,5,4.80,0.02,5.00,0.20,0.18,1
2026-08-06 19:00,KXBTC15M-26AUG061500-00,64366.53,1,,no,88,64339.61,4.18,0,5,4.40,0.04,5.00,0.60,0.56,1
2026-08-06 19:15,KXBTC15M-26AUG061515-15,64358.94,1,,yes,87,64386.80,4.33,0,5,4.35,0.04,5.00,0.65,0.61,1
2026-08-06 19:30,KXBTC15M-26AUG061530-30,64390.64,1,,no,69,64376.24,2.24,0,7,4.83,0.11,7.00,2.17,2.06,1
2026-08-06 19:45,KXBTC15M-26AUG061545-45,64352.76,1,,yes,74,64373.76,3.26,0,6,4.44,0.09,6.00,1.56,1.47,1
2026-08-06 20:00,KXBTC15M-26AUG061600-00,64367.00,1,,yes,87,64402.42,5.50,0,5,4.35,0.04,5.00,0.65,0.61,1
2026-08-06 20:15,KXBTC15M-26AUG061615-15,64397.08,1,,yes,96,64472.03,11.64,0,5,4.80,0.02,5.00,0.20,0.18,1
2026-08-06 20:30,KXBTC15M-26AUG061630-30,64475.58,1,,no,93,64435.71,6.18,0,5,4.65,0.03,5.00,0.35,0.32,1
2026-08-06 20:45,KXBTC15M-26AUG061645-45,64427.74,0,odds 56c not above 60c,no,,64424.36,0.52,0,0,0.00,0.00,0.00,0.00,0.00,
2026-08-06 21:00,KXBTC15M-26AUG061700-00,64416.42,1,,no,84,64390.89,3.96,0,5,4.20,0.05,5.00,0.80,0.75,1
2026-08-06 21:15,KXBTC15M-26AUG061715-15,64396.95,1,,yes,82,64422.35,3.94,0,6,4.92,0.07,6.00,1.08,1.01,1
2026-08-06 21:30,KXBTC15M-26AUG061730-30,64433.60,1,,no,64,64404.92,4.45,0,7,4.48,0.12,7.00,2.52,2.40,1
2026-08-06 21:45,KXBTC15M-26AUG061745-45,64404.98,1,,no,86,64363.74,6.40,0,5,4.30,0.05,0.00,-4.30,-4.35,0
2026-08-06 22:00,KXBTC15M-26AUG061800-00,64409.06,1,,no,67,64392.18,2.62,0,7,4.69,0.11,7.00,2.31,2.20,1
2026-08-06 22:15,KXBTC15M-26AUG061815-15,64389.78,1,,no,74,64361.92,4.33,0,6,4.44,0.09,6.00,1.56,1.47,1
2026-08-06 22:30,KXBTC15M-26AUG061830-30,64384.16,1,,no,98,64303.20,12.57,0,5,4.90,0.01,5.00,0.10,0.09,1
2026-08-06 22:45,KXBTC15M-26AUG061845-45,64306.86,1,,yes,80,64312.13,0.82,0,6,4.80,0.07,0.00,-4.80,-4.87,0
2026-08-06 23:00,KXBTC15M-26AUG061900-00,64288.31,1,,yes,76,64302.62,2.23,0,6,4.56,0.08,6.00,1.44,1.36,1
2026-08-06 23:15,KXBTC15M-26AUG061915-15,64302.06,0,odds 32c not above 60c,no,,64300.43,0.25,0,0,0.00,0.00,0.00,0.00,0.00,
2026-08-06 23:30,KXBTC15M-26AUG061930-30,64286.84,1,,no,97,64214.09,11.32,0,5,4.85,0.02,5.00,0.15,0.13,1
2026-08-06 23:45,KXBTC15M-26AUG061945-45,64196.53,1,,no,90,64151.04,7.09,0,5,4.50,0.04,5.00,0.50,0.46,1
2026-08-07 00:00,KXBTC15M-26AUG062000-00,64171.32,1,,yes,99,64270.45,15.45,0,5,4.95,0.01,5.00,0.05,0.04,1
2026-08-07 00:15,KXBTC15M-26AUG062015-15,64260.11,1,,yes,96,64316.06,8.71,0,5,4.80,0.02,0.00,-4.80,-4.82,0
2026-08-07 00:30,KXBTC15M-26AUG062030-30,64235.82,0,odds 17c not above 60c,yes,,64237.61,0.28,0,0,0.00,0.00,0.00,0.00,0.00,
2026-08-07 00:45,KXBTC15M-26AUG062045-45,64229.57,0,odds 43c not above 60c,no,,64199.49,4.68,0,0,0.00,0.00,0.00,0.00,0.00,
2026-08-07 01:00,KXBTC15M-26AUG062100-00,64260.28,1,,no,78,64213.39,7.30,0,6,4.68,0.08,6.00,1.32,1.24,1
2026-08-07 01:15,KXBTC15M-26AUG062115-15,64252.55,1,,yes,91,64293.15,6.32,0,5,4.55,0.03,5.00,0.45,0.42,1
2026-08-07 01:30,KXBTC15M-26AUG062130-30,64305.30,1,,no,77,64287.37,2.79,0,6,4.62,0.08,0.00,-4.62,-4.70,0
2026-08-07 01:45,KXBTC15M-26AUG062145-45,64366.47,1,,no,96,64255.51,17.24,0,5,4.80,0.02,5.00,0.20,0.18,1
2026-08-07 02:00,KXBTC15M-26AUG062200-00,64315.09,1,,yes,92,64351.30,5.63,0,5,4.60,0.03,5.00,0.40,0.37,1
2026-08-07 02:15,KXBTC15M-26AUG062215-15,64367.04,1,,no,97,64255.36,17.35,0,5,4.85,0.02,5.00,0.15,0.13,1
2026-08-07 02:30,KXBTC15M-26AUG062230-30,64341.46,1,,no,72,64264.08,12.03,0,6,4.32,0.09,6.00,1.68,1.59,1
2026-08-07 02:45,KXBTC15M-26AUG062245-45,64262.69,1,,no,63,64235.01,4.31,0,7,4.41,0.12,0.00,-4.41,-4.53,0
2026-08-07 03:00,KXBTC15M-26AUG062300-00,64354.82,1,,yes,72,64366.80,1.86,0,6,4.32,0.09,0.00,-4.32,-4.41,0
2026-08-07 03:15,KXBTC15M-26AUG062315-15,64343.61,1,,no,77,64319.36,3.77,0,6,4.62,0.08,6.00,1.38,1.30,1
2026-08-07 03:30,KXBTC15M-26AUG062330-30,64279.29,1,,no,78,64248.97,4.72,0,6,4.68,0.08,6.00,1.32,1.24,1
2026-08-07 03:45,KXBTC15M-26AUG062345-45,64263.50,0,odds 60c not above 60c,yes,,64291.48,4.35,0,0,0.00,0.00,0.00,0.00,0.00,
2026-08-07 04:00,KXBTC15M-26AUG070000-00,64282.19,1,,no,79,64231.52,7.88,0,6,4.74,0.07,6.00,1.26,1.19,1
2026-08-07 04:15,KXBTC15M-26AUG070015-15,64233.80,1,,yes,74,64254.64,3.24,0,6,4.44,0.09,6.00,1.56,1.47,1
2026-08-07 04:30,KXBTC15M-26AUG070030-30,64250.53,1,,yes,65,64253.33,0.44,0,7,4.55,0.12,0.00,-4.55,-4.67,0
2026-08-07 04:45,KXBTC15M-26AUG070045-45,64246.96,1,,no,76,64220.39,4.14,0,6,4.56,0.08,6.00,1.44,1.36,1
2026-08-07 05:00,KXBTC15M-26AUG070100-00,64203.16,1,,no,93,64166.23,5.75,0,5,4.65,0.03,5.00,0.35,0.32,1
2026-08-07 05:15,KXBTC15M-26AUG070115-15,64197.91,0,odds 40c not above 60c,yes,,64198.50,0.09,0,0,0.00,0.00,0.00,0.00,0.00,
2026-08-07 05:30,KXBTC15M-26AUG070130-30,64197.88,1,,no,95,64124.09,11.49,0,5,4.75,0.02,5.00,0.25,0.23,1
2026-08-07 05:45,KXBTC15M-26AUG070145-45,64126.27,1,,yes,93,64171.56,7.06,0,5,4.65,0.03,5.00,0.35,0.32,1
2026-08-07 06:00,KXBTC15M-26AUG070200-00,64223.08,1,,yes,98,64311.64,13.79,0,5,4.90,0.01,5.00,0.10,0.09,1
2026-08-07 06:15,KXBTC15M-26AUG070215-15,64294.95,0,odds 40c not above 60c,yes,,64314.99,3.12,0,0,0.00,0.00,0.00,0.00,0.00,
2026-08-07 06:30,KXBTC15M-26AUG070230-30,64337.85,1,,yes,91,64378.52,6.32,0,5,4.55,0.03,5.00,0.45,0.42,1
2026-08-07 06:45,KXBTC15M-26AUG070245-45,64361.42,1,,no,95,64307.39,8.39,0,5,4.75,0.02,5.00,0.25,0.23,1
2026-08-07 07:00,KXBTC15M-26AUG070300-00,64305.78,1,,no,84,64254.16,8.03,0,5,4.20,0.05,5.00,0.80,0.75,1
2026-08-07 07:15,KXBTC15M-26AUG070315-15,64268.00,1,,yes,88,64309.31,6.43,0,5,4.40,0.04,5.00,0.60,0.56,1
2026-08-07 07:30,KXBTC15M-26AUG070330-30,64290.15,1,,yes,96,64370.42,12.49,0,5,4.80,0.02,5.00,0.20,0.18,1
2026-08-07 07:45,KXBTC15M-26AUG070345-45,64358.32,1,,no,77,64318.99,6.11,0,6,4.62,0.08,6.00,1.38,1.30,1
2026-08-07 08:00,KXBTC15M-26AUG070400-00,64323.85,1,,no,65,64296.38,4.27,0,7,4.55,0.12,7.00,2.45,2.33,1
2026-08-07 08:15,KXBTC15M-26AUG070415-15,64267.37,0,odds 53c not above 60c,yes,,64299.99,5.08,0,0,0.00,0.00,0.00,0.00,0.00,
2026-08-07 08:30,KXBTC15M-26AUG070430-30,64325.12,1,,yes,93,64375.46,7.83,0,5,4.65,0.03,5.00,0.35,0.32,1
2026-08-07 08:45,KXBTC15M-26AUG070445-45,64396.11,1,,yes,93,64438.50,6.58,0,5,4.65,0.03,5.00,0.35,0.32,1
2026-08-07 09:00,KXBTC15M-26AUG070500-00,64580.77,1,,no,90,64539.21,6.44,0,5,4.50,0.04,5.00,0.50,0.46,1
2026-08-07 09:15,KXBTC15M-26AUG070515-15,64550.67,1,,yes,99,64645.79,14.74,0,5,4.95,0.01,5.00,0.05,0.04,1
2026-08-07 09:30,KXBTC15M-26AUG070530-30,64687.36,1,,yes,98,64829.68,22.00,0,5,4.90,0.01,5.00,0.10,0.09,1
2026-08-07 09:45,KXBTC15M-26AUG070545-45,64790.29,1,,yes,98,64855.14,10.01,0,5,4.90,0.01,5.00,0.10,0.09,1
2026-08-07 10:00,KXBTC15M-26AUG070600-00,64856.86,1,,no,94,64791.02,10.15,0,5,4.70,0.02,5.00,0.30,0.28,1
2026-08-07 10:15,KXBTC15M-26AUG070615-15,64795.08,0,odds 56c not above 60c,no,,64790.77,0.67,0,0,0.00,0.00,0.00,0.00,0.00,
2026-08-07 10:30,KXBTC15M-26AUG070630-30,64803.67,1,,no,89,64775.34,4.37,0,5,4.45,0.04,0.00,-4.45,-4.49,0
2026-08-07 10:45,KXBTC15M-26AUG070645-45,64849.10,1,,no,86,64823.33,3.97,0,5,4.30,0.05,5.00,0.70,0.65,1
2026-08-07 11:00,KXBTC15M-26AUG070700-00,64823.40,1,,yes,82,64846.37,3.54,0,6,4.92,0.07,6.00,1.08,1.01,1
2026-08-07 11:15,KXBTC15M-26AUG070715-15,64849.19,1,,yes,99,64938.97,13.84,0,5,4.95,0.01,5.00,0.05,0.04,1
2026-08-07 11:30,KXBTC15M-26AUG070730-30,64920.88,1,,yes,99,65080.36,24.57,0,5,4.95,0.01,5.00,0.05,0.04,1
2026-08-07 11:45,KXBTC15M-26AUG070745-45,65046.52,1,,no,66,64989.11,8.83,0,7,4.62,0.11,7.00,2.38,2.27,1
2026-08-07 12:00,KXBTC15M-26AUG070800-00,64994.43,1,,no,77,64962.03,4.99,0,6,4.62,0.08,6.00,1.38,1.30,1
2026-08-07 12:15,KXBTC15M-26AUG070815-15,64977.24,1,,yes,98,65158.02,27.82,0,5,4.90,0.01,5.00,0.10,0.09,1
2026-08-07 12:30,KXBTC15M-26AUG070830-30,65170.77,1,,no,98,65036.93,20.54,0,5,4.90,0.01,5.00,0.10,0.09,1
2026-08-07 12:45,KXBTC15M-26AUG070845-45,65083.18,0,odds 59c not above 60c,yes,,65127.44,6.80,0,0,0.00,0.00,0.00,0.00,0.00,
2026-08-07 13:00,KXBTC15M-26AUG070900-00,65121.86,1,,yes,99,65290.93,25.96,0,5,4.95,0.01,5.00,0.05,0.04,1
2026-08-07 13:15,KXBTC15M-26AUG070915-15,65249.01,1,,no,78,65177.05,11.03,0,6,4.68,0.08,6.00,1.32,1.24,1
2026-08-07 13:30,KXBTC15M-26AUG070930-30,65190.63,1,,no,86,65129.88,9.32,0,5,4.30,0.05,5.00,0.70,0.65,1
2026-08-07 13:45,KXBTC15M-26AUG070945-45,65115.55,1,,yes,95,65221.55,16.28,0,5,4.75,0.02,5.00,0.25,0.23,1
2026-08-07 14:00,KXBTC15M-26AUG071000-00,65257.33,1,,no,96,65070.44,28.64,0,5,4.80,0.02,5.00,0.20,0.18,1
2026-08-07 14:15,KXBTC15M-26AUG071015-15,64974.83,1,,no,97,64831.30,22.09,0,5,4.85,0.02,5.00,0.15,0.13,1
2026-08-07 14:30,KXBTC15M-26AUG071030-30,64804.31,1,,yes,99,65039.10,36.23,0,5,4.95,0.01,5.00,0.05,0.04,1
2026-08-07 14:45,KXBTC15M-26AUG071045-45,65132.52,0,odds 56c not above 60c,no,,65121.62,1.67,0,0,0.00,0.00,0.00,0.00,0.00,
2026-08-07 15:00,KXBTC15M-26AUG071100-00,65062.06,1,,no,94,64979.06,12.76,0,5,4.70,0.02,5.00,0.30,0.28,1
2026-08-07 15:15,KXBTC15M-26AUG071115-15,64920.07,1,,yes,81,64954.92,5.37,0,6,4.86,0.07,0.00,-4.86,-4.93,0
2026-08-07 15:30,KXBTC15M-26AUG071130-30,64907.68,1,,yes,92,64994.04,13.31,0,5,4.60,0.03,5.00,0.40,0.37,1
2026-08-07 15:45,KXBTC15M-26AUG071145-45,64974.16,1,,no,67,64948.76,3.91,0,7,4.69,0.11,0.00,-4.69,-4.80,0
2026-08-07 16:00,KXBTC15M-26AUG071200-00,64979.81,1,,no,93,64895.26,13.01,0,5,4.65,0.03,5.00,0.35,0.32,1
2026-08-07 16:15,KXBTC15M-26AUG071215-15,64862.53,1,,yes,98,64959.09,14.89,0,5,4.90,0.01,5.00,0.10,0.09,1
2026-08-07 16:30,KXBTC15M-26AUG071230-30,65010.16,1,,no,98,64879.66,20.07,0,5,4.90,0.01,5.00,0.10,0.09,1
2026-08-07 16:45,KXBTC15M-26AUG071245-45,64880.95,1,,yes,75,64912.78,4.91,0,6,4.50,0.08,6.00,1.50,1.42,1
2026-08-07 17:00,KXBTC15M-26AUG071300-00,64904.32,1,,no,98,64808.58,14.75,0,5,4.90,0.01,5.00,0.10,0.09,1
2026-08-07 17:15,KXBTC15M-26AUG071315-15,64783.91,1,,no,86,64700.62,12.86,0,5,4.30,0.05,5.00,0.70,0.65,1
2026-08-07 17:30,KXBTC15M-26AUG071330-30,64652.46,1,,no,94,64563.08,13.82,0,5,4.70,0.02,5.00,0.30,0.28,1
2026-08-07 17:45,KXBTC15M-26AUG071345-45,64547.33,1,,yes,95,64607.27,9.29,0,5,4.75,0.02,5.00,0.25,0.23,1
2026-08-07 18:00,KXBTC15M-26AUG071400-00,64627.90,1,,yes,89,64688.80,9.42,0,5,4.45,0.04,5.00,0.55,0.51,1
2026-08-07 18:15,KXBTC15M-26AUG071415-15,64712.92,1,,yes,99,64832.81,18.53,0,5,4.95,0.01,5.00,0.05,0.04,1
2026-08-07 18:30,KXBTC15M-26AUG071430-30,64817.20,1,,no,97,64755.02,9.59,0,5,4.85,0.02,5.00,0.15,0.13,1
2026-08-07 18:45,KXBTC15M-26AUG071445-45,64772.98,1,,no,95,64711.12,9.55,0,5,4.75,0.02,5.00,0.25,0.23,1
2026-08-07 19:00,KXBTC15M-26AUG071500-00,64698.10,1,,no,97,64646.53,7.97,0,5,4.85,0.02,5.00,0.15,0.13,1
2026-08-07 19:15,KXBTC15M-26AUG071515-15,64673.11,1,,yes,99,64807.42,20.77,0,5,4.95,0.01,5.00,0.05,0.04,1
2026-08-07 19:30,KXBTC15M-26AUG071530-30,64792.17,1,,yes,99,64890.84,15.23,0,5,4.95,0.01,5.00,0.05,0.04,1
2026-08-07 19:45,KXBTC15M-26AUG071545-45,64902.09,1,,yes,91,64970.43,10.53,0,5,4.55,0.03,5.00,0.45,0.42,1
2026-08-07 20:00,KXBTC15M-26AUG071600-00,64941.71,1,,no,86,64910.66,4.78,0,5,4.30,0.05,5.00,0.70,0.65,1
2026-08-07 20:15,KXBTC15M-26AUG071615-15,64930.70,1,,yes,80,64946.04,2.36,0,6,4.80,0.07,6.00,1.20,1.13,1
2026-08-07 20:30,KXBTC15M-26AUG071630-30,64948.02,0,odds 58c not above 60c,yes,,64964.51,2.54,0,0,0.00,0.00,0.00,0.00,0.00,
2026-08-07 20:45,KXBTC15M-26AUG071645-45,64945.57,1,,no,85,64920.14,3.92,0,5,4.25,0.05,5.00,0.75,0.70,1
2026-08-07 21:00,KXBTC15M-26AUG071700-00,64925.51,1,,yes,80,64931.93,0.99,0,6,4.80,0.07,6.00,1.20,1.13,1
2026-08-07 21:15,KXBTC15M-26AUG071715-15,64937.47,0,odds 56c not above 60c,yes,,64938.58,0.17,0,0,0.00,0.00,0.00,0.00,0.00,
2026-08-07 21:30,KXBTC15M-26AUG071730-30,64965.53,1,,no,66,64949.65,2.44,0,7,4.62,0.11,0.00,-4.62,-4.73,0
2026-08-07 21:45,KXBTC15M-26AUG071745-45,64966.80,1,,yes,73,65004.33,5.78,0,6,4.38,0.09,6.00,1.62,1.53,1
2026-08-07 22:00,KXBTC15M-26AUG071800-00,64999.50,1,,no,98,64909.23,13.89,0,5,4.90,0.01,5.00,0.10,0.09,1
2026-08-07 22:15,KXBTC15M-26AUG071815-15,64909.11,1,,no,66,64895.71,2.06,0,7,4.62,0.11,7.00,2.38,2.27,1
2026-08-07 22:30,KXBTC15M-26AUG071830-30,64897.42,0,odds 49c not above 60c,no,,64892.11,0.82,0,0,0.00,0.00,0.00,0.00,0.00,
2026-08-07 22:45,KXBTC15M-26AUG071845-45,64894.71,1,,no,96,64840.15,8.41,0,5,4.80,0.02,5.00,0.20,0.18,1
2026-08-07 23:00,KXBTC15M-26AUG071900-00,64838.33,1,,yes,80,64848.65,1.59,0,6,4.80,0.07,6.00,1.20,1.13,1
2026-08-07 23:15,KXBTC15M-26AUG071915-15,64854.89,0,odds 33c not above 60c,no,,64852.69,0.34,0,0,0.00,0.00,0.00,0.00,0.00,
2026-08-07 23:30,KXBTC15M-26AUG071930-30,64861.79,1,,no,74,64850.82,1.69,0,6,4.44,0.09,6.00,1.56,1.47,1
2026-08-07 23:45,KXBTC15M-26AUG071945-45,64859.06,1,,yes,76,64863.14,0.63,0,6,4.56,0.08,6.00,1.44,1.36,1
2026-08-08 00:00,KXBTC15M-26AUG072000-00,64868.04,1,,yes,95,64886.49,2.84,0,5,4.75,0.02,5.00,0.25,0.23,1
2026-08-08 00:15,KXBTC15M-26AUG072015-15,64889.12,1,,no,75,64872.06,2.63,0,6,4.50,0.08,6.00,1.50,1.42,1
2026-08-08 00:30,KXBTC15M-26AUG072030-30,64875.80,1,,no,96,64831.18,6.88,0,5,4.80,0.02,5.00,0.20,0.18,1
2026-08-08 00:45,KXBTC15M-26AUG072045-45,64852.75,1,,yes,86,64867.69,2.30,0,5,4.30,0.05,5.00,0.70,0.65,1
2026-08-08 01:00,KXBTC15M-26AUG072100-00,64868.22,1,,yes,87,64878.87,1.64,0,5,4.35,0.04,5.00,0.65,0.61,1
2026-08-08 01:15,KXBTC15M-26AUG072115-15,64884.72,0,odds 44c not above 60c,no,,64882.19,0.39,0,0,0.00,0.00,0.00,0.00,0.00,
2026-08-08 01:30,KXBTC15M-26AUG072130-30,64923.24,1,,no,94,64886.30,5.69,0,5,4.70,0.02,5.00,0.30,0.28,1
2026-08-08 01:45,KXBTC15M-26AUG072145-45,64885.23,1,,yes,84,64891.48,0.96,0,5,4.20,0.05,5.00,0.80,0.75,1
2026-08-08 02:00,KXBTC15M-26AUG072200-00,64900.05,1,,no,88,64876.18,3.68,0,5,4.40,0.04,5.00,0.60,0.56,1
2026-08-08 02:15,KXBTC15M-26AUG072215-15,64884.05,1,,no,91,64859.22,3.83,0,5,4.55,0.03,5.00,0.45,0.42,1
2026-08-08 02:30,KXBTC15M-26AUG072230-30,64864.82,1,,yes,87,64879.37,2.24,0,5,4.35,0.04,5.00,0.65,0.61,1
2026-08-08 02:45,KXBTC15M-26AUG072245-45,64894.72,1,,no,64,64877.65,2.63,0,7,4.48,0.12,7.00,2.52,2.40,1
2026-08-08 03:00,KXBTC15M-26AUG072300-00,64887.18,0,odds 38c not above 60c,no,,64882.85,0.67,0,0,0.00,0.00,0.00,0.00,0.00,
2026-08-08 03:15,KXBTC15M-26AUG072315-15,64890.54,1,,yes,89,64900.18,1.49,0,5,4.45,0.04,5.00,0.55,0.51,1
2026-08-08 03:30,KXBTC15M-26AUG072330-30,64902.13,1,,yes,98,64962.43,9.29,0,5,4.90,0.01,5.00,0.10,0.09,1
2026-08-08 03:45,KXBTC15M-26AUG072345-45,64988.23,1,,no,76,64963.24,3.85,0,6,4.56,0.08,6.00,1.44,1.36,1
2026-08-08 04:00,KXBTC15M-26AUG080000-00,64978.38,0,odds 13c not above 60c,yes,,64981.04,0.41,0,0,0.00,0.00,0.00,0.00,0.00,
2026-08-08 04:15,KXBTC15M-26AUG080015-15,64993.49,1,,no,98,64925.01,10.54,0,5,4.90,0.01,5.00,0.10,0.09,1
2026-08-08 04:30,KXBTC15M-26AUG080030-30,64941.68,0,odds 51c not above 60c,yes,,64950.19,1.31,0,0,0.00,0.00,0.00,0.00,0.00,
2026-08-08 04:45,KXBTC15M-26AUG080045-45,64963.93,1,,yes,96,65015.90,8.00,0,5,4.80,0.02,5.00,0.20,0.18,1
2026-08-08 05:00,KXBTC15M-26AUG080100-00,64999.96,1,,no,93,64975.38,3.78,0,5,4.65,0.03,5.00,0.35,0.32,1
2026-08-08 05:15,KXBTC15M-26AUG080115-15,64974.63,1,,no,79,64960.22,2.22,0,6,4.74,0.07,6.00,1.26,1.19,1
2026-08-08 05:30,KXBTC15M-26AUG080130-30,64960.36,1,,yes,97,64986.23,3.98,0,5,4.85,0.02,5.00,0.15,0.13,1
2026-08-08 05:45,KXBTC15M-26AUG080145-45,64985.00,0,odds 49c not above 60c,no,,64975.30,1.49,0,0,0.00,0.00,0.00,0.00,0.00,
2026-08-08 06:00,KXBTC15M-26AUG080200-00,64979.84,1,,no,98,64947.48,4.98,0,5,4.90,0.01,5.00,0.10,0.09,1
2026-08-08 06:30,KXBTC15M-26AUG080230-30,64948.96,0,odds 51c not above 60c,no,,64946.51,0.38,0,0,0.00,0.00,0.00,0.00,0.00,
2026-08-08 06:45,KXBTC15M-26AUG080245-45,64943.47,1,,no,61,64934.32,1.41,0,8,4.88,0.14,8.00,3.12,2.98,1
2026-08-08 07:00,KXBTC15M-26AUG080300-00,64941.19,1,,yes,94,64970.48,4.51,0,5,4.70,0.02,5.00,0.30,0.28,1
2026-08-08 07:15,KXBTC15M-26AUG080315-15,64973.00,0,odds 50c not above 60c,no,,64968.76,0.65,0,0,0.00,0.00,0.00,0.00,0.00,
2026-08-08 07:30,KXBTC15M-26AUG080330-30,64963.68,1,,yes,75,64966.85,0.49,0,6,4.50,0.08,6.00,1.50,1.42,1
2026-08-08 07:45,KXBTC15M-26AUG080345-45,64967.30,1,,no,97,64910.23,8.78,0,5,4.85,0.02,5.00,0.15,0.13,1
2026-08-08 08:00,KXBTC15M-26AUG080400-00,64919.28,1,,yes,91,64930.75,1.77,0,5,4.55,0.03,5.00,0.45,0.42,1
2026-08-08 08:15,KXBTC15M-26AUG080415-15,64934.05,1,,no,66,64925.36,1.34,0,7,4.62,0.11,0.00,-4.62,-4.73,0
2026-08-08 08:30,KXBTC15M-26AUG080430-30,64934.92,0,odds 54c not above 60c,no,,64928.93,0.92,0,0,0.00,0.00,0.00,0.00,0.00,
2026-08-08 08:45,KXBTC15M-26AUG080445-45,64945.56,1,,yes,96,64966.65,3.25,0,5,4.80,0.02,5.00,0.20,0.18,1
2026-08-08 09:00,KXBTC15M-26AUG080500-00,64975.95,1,,no,94,64947.94,4.31,0,5,4.70,0.02,5.00,0.30,0.28,1
2026-08-08 09:15,KXBTC15M-26AUG080515-15,64956.87,1,,yes,79,64963.19,0.97,0,6,4.74,0.07,6.00,1.26,1.19,1
2026-08-08 09:30,KXBTC15M-26AUG080530-30,64967.79,1,,yes,90,64975.38,1.17,0,5,4.50,0.04,5.00,0.50,0.46,1
2026-08-08 09:45,KXBTC15M-26AUG080545-45,64979.95,0,odds 60c not above 60c,no,,64969.88,1.55,0,0,0.00,0.00,0.00,0.00,0.00,
2026-08-08 10:00,KXBTC15M-26AUG080600-00,64975.17,1,,no,94,64954.03,3.25,0,5,4.70,0.02,5.00,0.30,0.28,1
2026-08-08 10:15,KXBTC15M-26AUG080615-15,64957.76,1,,yes,92,64967.67,1.53,0,5,4.60,0.03,5.00,0.40,0.37,1
2026-08-08 10:30,KXBTC15M-26AUG080630-30,64963.66,1,,yes,83,64976.03,1.90,0,6,4.98,0.06,6.00,1.02,0.96,1
2026-08-08 10:45,KXBTC15M-26AUG080645-45,64981.69,0,odds 51c not above 60c,yes,,64983.77,0.32,0,0,0.00,0.00,0.00,0.00,0.00,
2026-08-08 11:00,KXBTC15M-26AUG080700-00,64976.67,0,odds 47c not above 60c,no,,64976.23,0.07,0,0,0.00,0.00,0.00,0.00,0.00,
2026-08-08 11:15,KXBTC15M-26AUG080715-15,64972.20,0,odds 39c not above 60c,yes,,64972.31,0.02,0,0,0.00,0.00,0.00,0.00,0.00,
2026-08-08 11:30,KXBTC15M-26AUG080730-30,64976.06,1,,no,98,64936.58,6.08,0,5,4.90,0.01,5.00,0.10,0.09,1
2026-08-08 11:45,KXBTC15M-26AUG080745-45,64939.80,1,,no,69,64930.64,1.41,0,7,4.83,0.11,7.00,2.17,2.06,1
2026-08-08 12:00,KXBTC15M-26AUG080800-00,64934.27,0,odds 60c not above 60c,no,,64928.47,0.89,0,0,0.00,0.00,0.00,0.00,0.00,
2026-08-08 12:15,KXBTC15M-26AUG080815-15,64929.44,1,,no,98,64887.48,6.46,0,5,4.90,0.01,0.00,-4.90,-4.91,0
2026-08-08 12:30,KXBTC15M-26AUG080830-30,64947.62,0,odds 50c not above 60c,no,,64939.09,1.31,0,0,0.00,0.00,0.00,0.00,0.00,
2026-08-08 12:45,KXBTC15M-26AUG080845-45,64935.99,1,,yes,98,64979.00,6.62,0,5,4.90,0.01,5.00,0.10,0.09,1
2026-08-08 13:00,KXBTC15M-26AUG080900-00,64964.77,1,,yes,91,64971.77,1.08,0,5,4.55,0.03,0.00,-4.55,-4.58,0
2026-08-08 13:15,KXBTC15M-26AUG080915-15,64962.45,0,odds 46c not above 60c,no,,64962.14,0.05,0,0,0.00,0.00,0.00,0.00,0.00,
2026-08-08 13:30,KXBTC15M-26AUG080930-30,64964.60,1,,yes,80,64970.03,0.84,0,6,4.80,0.07,6.00,1.20,1.13,1
2026-08-08 13:45,KXBTC15M-26AUG080945-45,64978.21,1,,no,91,64966.06,1.87,0,5,4.55,0.03,5.00,0.45,0.42,1
2026-08-08 14:00,KXBTC15M-26AUG081000-00,64967.25,0,odds 53c not above 60c,yes,,64978.60,1.75,0,0,0.00,0.00,0.00,0.00,0.00,
2026-08-08 14:15,KXBTC15M-26AUG081015-15,64973.00,1,,yes,93,64991.88,2.91,0,5,4.65,0.03,5.00,0.35,0.32,1
2026-08-08 14:30,KXBTC15M-26AUG081030-30,65015.24,1,,yes,98,65066.98,7.96,0,5,4.90,0.01,5.00,0.10,0.09,1
2026-08-08 14:45,KXBTC15M-26AUG081045-45,65086.04,0,odds 25c not above 60c,no,,65082.79,0.50,0,0,0.00,0.00,0.00,0.00,0.00,
2026-08-08 15:00,KXBTC15M-26AUG081100-00,65071.22,1,,yes,97,65111.64,6.21,0,5,4.85,0.02,5.00,0.15,0.13,1
2026-08-08 15:15,KXBTC15M-26AUG081115-15,65085.50,1,,no,95,65056.72,4.42,0,5,4.75,0.02,5.00,0.25,0.23,1
2026-08-08 15:30,KXBTC15M-26AUG081130-30,65063.60,1,,no,72,65058.04,0.85,0,6,4.32,0.09,6.00,1.68,1.59,1
2026-08-08 15:45,KXBTC15M-26AUG081145-45,65047.63,1,,no,94,65021.94,3.95,0,5,4.70,0.02,5.00,0.30,0.28,1
2026-08-08 16:00,KXBTC15M-26AUG081200-00,65024.68,1,,yes,95,65049.82,3.87,0,5,4.75,0.02,5.00,0.25,0.23,1
2026-08-08 16:15,KXBTC15M-26AUG081215-15,65039.82,1,,yes,73,65044.18,0.67,0,6,4.38,0.09,6.00,1.62,1.53,1
2026-08-08 16:30,KXBTC15M-26AUG081230-30,65041.47,0,odds 58c not above 60c,no,,65028.67,1.97,0,0,0.00,0.00,0.00,0.00,0.00,
2026-08-08 16:45,KXBTC15M-26AUG081245-45,65036.21,1,,no,93,65020.00,2.49,0,5,4.65,0.03,5.00,0.35,0.32,1
2026-08-08 17:00,KXBTC15M-26AUG081300-00,65019.34,1,,yes,96,65036.92,2.70,0,5,4.80,0.02,5.00,0.20,0.18,1
2026-08-08 17:15,KXBTC15M-26AUG081315-15,65043.63,1,,yes,92,65057.48,2.13,0,5,4.60,0.03,5.00,0.40,0.37,1
2026-08-08 17:30,KXBTC15M-26AUG081330-30,65082.47,1,,no,90,65066.52,2.45,0,5,4.50,0.04,5.00,0.50,0.46,1
2026-08-08 17:45,KXBTC15M-26AUG081345-45,65075.05,1,,yes,90,65076.75,0.26,0,5,4.50,0.04,5.00,0.50,0.46,1
2026-08-08 18:00,KXBTC15M-26AUG081400-00,65088.77,1,,no,77,65071.80,2.61,0,6,4.62,0.08,6.00,1.38,1.30,1
2026-08-08 18:15,KXBTC15M-26AUG081415-15,65080.45,1,,no,92,65057.68,3.50,0,5,4.60,0.03,5.00,0.40,0.37,1
2026-08-08 18:30,KXBTC15M-26AUG081430-30,65061.06,1,,no,99,64989.62,10.98,0,5,4.95,0.01,5.00,0.05,0.04,1
2026-08-08 18:45,KXBTC15M-26AUG081445-45,64999.08,1,,yes,66,65007.43,1.28,0,7,4.62,0.11,7.00,2.38,2.27,1
2026-08-08 19:00,KXBTC15M-26AUG081500-00,65010.35,1,,no,77,65000.44,1.52,0,6,4.62,0.08,6.00,1.38,1.30,1
2026-08-08 19:15,KXBTC15M-26AUG081515-15,65002.56,1,,no,92,64977.64,3.83,0,5,4.60,0.03,5.00,0.40,0.37,1
2026-08-08 19:30,KXBTC15M-26AUG081530-30,64983.58,0,odds 53c not above 60c,no,,64972.53,1.70,0,0,0.00,0.00,0.00,0.00,0.00,
2026-08-08 19:45,KXBTC15M-26AUG081545-45,64982.66,1,,yes,94,64992.16,1.46,0,5,4.70,0.02,5.00,0.30,0.28,1
2026-08-08 20:00,KXBTC15M-26AUG081600-00,65000.81,1,,yes,97,65034.36,5.16,0,5,4.85,0.02,5.00,0.15,0.13,1
2026-08-08 20:15,KXBTC15M-26AUG081615-15,65029.65,1,,no,64,65027.36,0.35,0,7,4.48,0.12,0.00,-4.48,-4.60,0
2026-08-08 20:30,KXBTC15M-26AUG081630-30,65033.10,1,,no,94,65016.01,2.63,0,5,4.70,0.02,5.00,0.30,0.28,1
2026-08-08 20:45,KXBTC15M-26AUG081645-45,65019.94,1,,yes,63,65024.66,0.73,0,7,4.41,0.12,7.00,2.59,2.47,1
2026-08-08 21:00,KXBTC15M-26AUG081700-00,65027.88,1,,yes,80,65034.28,0.98,0,6,4.80,0.07,6.00,1.20,1.13,1
2026-08-08 21:15,KXBTC15M-26AUG081715-15,65032.79,1,,no,83,65020.17,1.94,0,6,4.98,0.06,6.00,1.02,0.96,1
2026-08-08 21:30,KXBTC15M-26AUG081730-30,65003.25,1,,no,79,64995.96,1.12,0,6,4.74,0.07,6.00,1.26,1.19,1
2026-08-08 21:45,KXBTC15M-26AUG081745-45,64992.91,0,odds 28c not above 60c,no,,64985.84,1.09,0,0,0.00,0.00,0.00,0.00,0.00,
2026-08-08 22:00,KXBTC15M-26AUG081800-00,65006.97,1,,no,92,64973.11,5.21,0,5,4.60,0.03,5.00,0.40,0.37,1
2026-08-08 22:15,KXBTC15M-26AUG081815-15,64965.88,0,odds 43c not above 60c,no,,64962.90,0.46,0,0,0.00,0.00,0.00,0.00,0.00,
2026-08-08 22:30,KXBTC15M-26AUG081830-30,64953.47,0,odds 43c not above 60c,no,,64947.94,0.85,0,0,0.00,0.00,0.00,0.00,0.00,
2026-08-08 22:45,KXBTC15M-26AUG081845-45,64947.92,1,,no,88,64926.25,3.34,0,5,4.40,0.04,5.00,0.60,0.56,1
2026-08-08 23:00,KXBTC15M-26AUG081900-00,64925.38,1,,no,89,64909.31,2.48,0,5,4.45,0.04,5.00,0.55,0.51,1
2026-08-08 23:15,KXBTC15M-26AUG081915-15,64899.24,1,,no,75,64884.89,2.21,0,6,4.50,0.08,6.00,1.50,1.42,1
2026-08-08 23:30,KXBTC15M-26AUG081930-30,64890.74,1,,yes,97,64912.91,3.42,0,5,4.85,0.02,0.00,-4.85,-4.87,0
2026-08-08 23:45,KXBTC15M-26AUG081945-45,64889.43,1,,yes,94,64915.16,3.97,0,5,4.70,0.02,5.00,0.30,0.28,1
2026-08-09 00:00,KXBTC15M-26AUG082000-00,64916.08,0,odds 53c not above 60c,no,,64913.85,0.34,0,0,0.00,0.00,0.00,0.00,0.00,
2026-08-09 00:15,KXBTC15M-26AUG082015-15,64906.50,0,odds 50c not above 60c,yes,,64913.47,1.07,0,0,0.00,0.00,0.00,0.00,0.00,
2026-08-09 00:30,KXBTC15M-26AUG082030-30,64911.32,1,,yes,76,64915.06,0.58,0,6,4.56,0.08,6.00,1.44,1.36,1
2026-08-09 00:45,KXBTC15M-26AUG082045-45,64915.79,1,,yes,92,64926.75,1.69,0,5,4.60,0.03,5.00,0.40,0.37,1
2026-08-09 01:00,KXBTC15M-26AUG082100-00,64919.28,0,odds 46c not above 60c,yes,,64921.70,0.37,0,0,0.00,0.00,0.00,0.00,0.00,
2026-08-09 01:15,KXBTC15M-26AUG082115-15,64923.68,1,,yes,74,64928.32,0.71,0,6,4.44,0.09,6.00,1.56,1.47,1
2026-08-09 01:30,KXBTC15M-26AUG082130-30,64930.83,1,,no,95,64833.69,14.96,0,5,4.75,0.02,5.00,0.25,0.23,1
2026-08-09 01:45,KXBTC15M-26AUG082145-45,64816.67,1,,yes,90,64823.34,1.03,0,5,4.50,0.04,5.00,0.50,0.46,1
2026-08-09 02:00,KXBTC15M-26AUG082200-00,64833.75,1,,no,74,64818.74,2.32,0,6,4.44,0.09,6.00,1.56,1.47,1
2026-08-09 02:15,KXBTC15M-26AUG082215-15,64813.48,1,,no,90,64798.00,2.39,0,5,4.50,0.04,5.00,0.50,0.46,1
2026-08-09 02:30,KXBTC15M-26AUG082230-30,64802.04,1,,no,83,64788.96,2.02,0,6,4.98,0.06,6.00,1.02,0.96,1
2026-08-09 02:45,KXBTC15M-26AUG082245-45,64791.75,1,,no,78,64775.65,2.48,0,6,4.68,0.08,6.00,1.32,1.24,1
2026-08-09 03:00,KXBTC15M-26AUG082300-00,64742.64,1,,yes,89,64768.14,3.94,0,5,4.45,0.04,5.00,0.55,0.51,1
2026-08-09 03:15,KXBTC15M-26AUG082315-15,64771.64,1,,no,95,64743.98,4.27,0,5,4.75,0.02,5.00,0.25,0.23,1
2026-08-09 03:30,KXBTC15M-26AUG082330-30,64711.15,1,,yes,96,64721.98,1.67,0,5,4.80,0.02,5.00,0.20,0.18,1
2026-08-09 03:45,KXBTC15M-26AUG082345-45,64730.75,1,,yes,85,64743.66,1.99,0,5,4.25,0.05,5.00,0.75,0.70,1
2026-08-09 04:00,KXBTC15M-26AUG090000-00,64747.31,1,,no,86,64729.23,2.79,0,5,4.30,0.05,5.00,0.70,0.65,1
2026-08-09 04:15,KXBTC15M-26AUG090015-15,64736.76,1,,yes,92,64747.30,1.63,0,5,4.60,0.03,5.00,0.40,0.37,1
2026-08-09 04:30,KXBTC15M-26AUG090030-30,64766.70,1,,no,75,64757.26,1.46,0,6,4.50,0.08,0.00,-4.50,-4.58,0
2026-08-09 04:45,KXBTC15M-26AUG090045-45,64770.91,1,,no,79,64758.54,1.91,0,6,4.74,0.07,6.00,1.26,1.19,1
2026-08-09 05:00,KXBTC15M-26AUG090100-00,64756.96,1,,no,95,64727.97,4.48,0,5,4.75,0.02,5.00,0.25,0.23,1
2026-08-09 05:15,KXBTC15M-26AUG090115-15,64737.63,0,odds 49c not above 60c,no,,64727.53,1.56,0,0,0.00,0.00,0.00,0.00,0.00,
2026-08-09 05:30,KXBTC15M-26AUG090130-30,64736.43,0,odds 53c not above 60c,no,,64734.17,0.35,0,0,0.00,0.00,0.00,0.00,0.00,
2026-08-09 05:45,KXBTC15M-26AUG090145-45,64733.46,0,odds 36c not above 60c,no,,64730.00,0.53,0,0,0.00,0.00,0.00,0.00,0.00,
2026-08-09 06:00,KXBTC15M-26AUG090200-00,64734.07,1,,yes,84,64739.62,0.86,0,5,4.20,0.05,5.00,0.80,0.75,1
2026-08-09 06:15,KXBTC15M-26AUG090215-15,64746.54,1,,yes,69,64754.59,1.24,0,7,4.83,0.11,7.00,2.17,2.06,1
2026-08-09 06:30,KXBTC15M-26AUG090230-30,64756.97,1,,yes,95,64783.52,4.10,0,5,4.75,0.02,5.00,0.25,0.23,1
2026-08-09 06:45,KXBTC15M-26AUG090245-45,64784.43,1,,yes,96,64806.26,3.37,0,5,4.80,0.02,5.00,0.20,0.18,1
2026-08-09 07:00,KXBTC15M-26AUG090300-00,64802.45,0,odds 46c not above 60c,no,,64799.63,0.44,0,0,0.00,0.00,0.00,0.00,0.00,
2026-08-09 07:15,KXBTC15M-26AUG090315-15,64803.49,0,odds 54c not above 60c,no,,64793.12,1.60,0,0,0.00,0.00,0.00,0.00,0.00,
2026-08-09 07:30,KXBTC15M-26AUG090330-30,64803.95,1,,no,89,64783.53,3.15,0,5,4.45,0.04,5.00,0.55,0.51,1
2026-08-09 07:45,KXBTC15M-26AUG090345-45,64792.01,1,,no,83,64780.58,1.76,0,6,4.98,0.06,6.00,1.02,0.96,1
2026-08-09 08:00,KXBTC15M-26AUG090400-00,64786.97,1,,no,89,64766.39,3.18,0,5,4.45,0.04,5.00,0.55,0.51,1
2026-08-09 08:15,KXBTC15M-26AUG090415-15,64779.87,1,,yes,99,64866.78,13.42,0,5,4.95,0.01,5.00,0.05,0.04,1
2026-08-09 08:30,KXBTC15M-26AUG090430-30,64868.40,1,,no,94,64848.69,3.04,0,5,4.70,0.02,5.00,0.30,0.28,1
2026-08-09 08:45,KXBTC15M-26AUG090445-45,64835.00,1,,no,98,64771.42,9.81,0,5,4.90,0.01,5.00,0.10,0.09,1
2026-08-09 09:00,KXBTC15M-26AUG090500-00,64753.57,1,,yes,76,64758.18,0.71,0,6,4.56,0.08,6.00,1.44,1.36,1
2026-08-09 09:15,KXBTC15M-26AUG090515-15,64771.97,1,,yes,71,64775.96,0.62,0,7,4.97,0.11,7.00,2.03,1.92,1
2026-08-09 09:30,KXBTC15M-26AUG090530-30,64777.46,0,odds 47c not above 60c,yes,,64780.99,0.54,0,0,0.00,0.00,0.00,0.00,0.00,
2026-08-09 09:45,KXBTC15M-26AUG090545-45,64764.09,1,,yes,80,64768.23,0.64,0,6,4.80,0.07,6.00,1.20,1.13,1
2026-08-09 10:00,KXBTC15M-26AUG090600-00,64768.21,1,,yes,98,64802.43,5.28,0,5,4.90,0.01,5.00,0.10,0.09,1
2026-08-09 10:15,KXBTC15M-26AUG090615-15,64814.92,1,,yes,98,64851.00,5.57,0,5,4.90,0.01,5.00,0.10,0.09,1
2026-08-09 10:30,KXBTC15M-26AUG090630-30,64899.66,1,,yes,84,64900.18,0.08,0,5,4.20,0.05,5.00,0.80,0.75,1
2026-08-09 10:45,KXBTC15M-26AUG090645-45,64911.19,1,,no,90,64892.30,2.91,0,5,4.50,0.04,5.00,0.50,0.46,1
2026-08-09 11:00,KXBTC15M-26AUG090700-00,64891.27,1,,yes,93,64917.57,4.05,0,5,4.65,0.03,5.00,0.35,0.32,1
2026-08-09 11:15,KXBTC15M-26AUG090715-15,64909.56,1,,yes,88,64925.84,2.51,0,5,4.40,0.04,5.00,0.60,0.56,1
2026-08-09 11:30,KXBTC15M-26AUG090730-30,64923.79,0,odds 41c not above 60c,yes,,64928.90,0.79,0,0,0.00,0.00,0.00,0.00,0.00,
2026-08-09 11:45,KXBTC15M-26AUG090745-45,64922.47,1,,yes,78,64939.19,2.58,0,6,4.68,0.08,6.00,1.32,1.24,1
2026-08-09 12:00,KXBTC15M-26AUG090800-00,64938.11,1,,no,95,64909.03,4.48,0,5,4.75,0.02,5.00,0.25,0.23,1
2026-08-09 12:15,KXBTC15M-26AUG090815-15,64904.99,1,,no,90,64885.85,2.95,0,5,4.50,0.04,5.00,0.50,0.46,1
2026-08-09 12:30,KXBTC15M-26AUG090830-30,64893.57,0,odds 51c not above 60c,no,,64889.65,0.60,0,0,0.00,0.00,0.00,0.00,0.00,
2026-08-09 12:45,KXBTC15M-26AUG090845-45,64893.83,1,,no,72,64890.46,0.52,0,6,4.32,0.09,6.00,1.68,1.59,1
2026-08-09 13:00,KXBTC15M-26AUG090900-00,64890.37,1,,yes,92,64896.93,1.01,0,5,4.60,0.03,5.00,0.40,0.37,1
2026-08-09 13:15,KXBTC15M-26AUG090915-15,64907.09,1,,yes,98,64968.57,9.47,0,5,4.90,0.01,5.00,0.10,0.09,1
2026-08-09 13:30,KXBTC15M-26AUG090930-30,64972.00,1,,yes,95,64993.49,3.31,0,5,4.75,0.02,5.00,0.25,0.23,1
2026-08-09 13:45,KXBTC15M-26AUG090945-45,65027.83,0,no quote on chosen side at decision time,yes,,65205.74,27.36,0,0,0.00,0.00,0.00,0.00,0.00,
2026-08-09 14:00,KXBTC15M-26AUG091000-00,65172.83,0,odds 32c not above 60c,yes,,65174.69,0.29,0,0,0.00,0.00,0.00,0.00,0.00,
2026-08-09 14:15,KXBTC15M-26AUG091015-15,65171.46,0,odds 59c not above 60c,yes,,65180.97,1.46,0,0,0.00,0.00,0.00,0.00,0.00,
2026-08-09 14:30,KXBTC15M-26AUG091030-30,65189.55,1,,no,99,65123.79,10.09,0,5,4.95,0.01,5.00,0.05,0.04,1
2026-08-09 14:45,KXBTC15M-26AUG091045-45,65140.46,1,,no,90,65108.07,4.97,0,5,4.50,0.04,5.00,0.50,0.46,1
2026-08-09 15:00,KXBTC15M-26AUG091100-00,65119.77,1,,yes,96,65157.32,5.77,0,5,4.80,0.02,5.00,0.20,0.18,1
2026-08-09 15:15,KXBTC15M-26AUG091115-15,65221.06,1,,no,92,65210.25,1.66,0,5,4.60,0.03,5.00,0.40,0.37,1
2026-08-09 15:30,KXBTC15M-26AUG091130-30,65194.32,0,odds 30c not above 60c,yes,,65197.95,0.56,0,0,0.00,0.00,0.00,0.00,0.00,
2026-08-09 15:45,KXBTC15M-26AUG091145-45,65183.93,1,,yes,81,65187.55,0.56,0,6,4.86,0.07,0.00,-4.86,-4.93,0
2026-08-09 16:00,KXBTC15M-26AUG091200-00,65178.69,0,odds 59c not above 60c,yes,,65178.94,0.04,0,0,0.00,0.00,0.00,0.00,0.00,
2026-08-09 16:15,KXBTC15M-26AUG091215-15,65182.60,1,,yes,92,65209.67,4.15,0,5,4.60,0.03,5.00,0.40,0.37,1
2026-08-09 16:30,KXBTC15M-26AUG091230-30,65189.25,1,,no,98,65136.64,8.07,0,5,4.90,0.01,5.00,0.10,0.09,1
2026-08-09 16:45,KXBTC15M-26AUG091245-45,65137.71,1,,yes,96,65188.96,7.87,0,5,4.80,0.02,5.00,0.20,0.18,1
2026-08-09 17:00,KXBTC15M-26AUG091300-00,65198.37,1,,no,81,65187.18,1.72,0,6,4.86,0.07,6.00,1.14,1.07,1
2026-08-09 17:15,KXBTC15M-26AUG091315-15,65184.78,1,,no,89,65170.86,2.14,0,5,4.45,0.04,5.00,0.55,0.51,1
2026-08-09 17:30,KXBTC15M-26AUG091330-30,65176.60,1,,yes,80,65185.48,1.36,0,6,4.80,0.07,6.00,1.20,1.13,1
2026-08-09 17:45,KXBTC15M-26AUG091345-45,65184.82,0,odds 58c not above 60c,no,,65183.88,0.14,0,0,0.00,0.00,0.00,0.00,0.00,
2026-08-09 18:00,KXBTC15M-26AUG091400-00,65182.91,1,,no,99,65146.38,5.60,0,5,4.95,0.01,5.00,0.05,0.04,1
2026-08-09 18:15,KXBTC15M-26AUG091415-15,65149.17,1,,yes,91,65156.37,1.11,0,5,4.55,0.03,5.00,0.45,0.42,1
2026-08-09 18:30,KXBTC15M-26AUG091430-30,65153.39,1,,no,89,65153.01,0.06,0,5,4.45,0.04,0.00,-4.45,-4.49,0
2026-08-09 18:45,KXBTC15M-26AUG091445-45,65164.39,1,,yes,69,65170.86,0.99,0,7,4.83,0.11,7.00,2.17,2.06,1
2026-08-09 19:00,KXBTC15M-26AUG091500-00,65165.09,1,,no,91,65152.76,1.89,0,5,4.55,0.03,5.00,0.45,0.42,1
2026-08-09 19:15,KXBTC15M-26AUG091515-15,65147.50,1,,yes,71,65148.15,0.10,0,7,4.97,0.11,0.00,-4.97,-5.08,0
2026-08-09 19:30,KXBTC15M-26AUG091530-30,65142.01,1,,yes,98,65166.37,3.74,0,5,4.90,0.01,5.00,0.10,0.09,1
2026-08-09 19:45,KXBTC15M-26AUG091545-45,65160.13,1,,no,92,65150.97,1.41,0,5,4.60,0.03,5.00,0.40,0.37,1
2026-08-09 20:00,KXBTC15M-26AUG091600-00,65151.43,1,,no,92,65148.81,0.40,0,5,4.60,0.03,5.00,0.40,0.37,1
2026-08-09 20:15,KXBTC15M-26AUG091615-15,65134.83,1,,no,98,65064.57,10.79,0,5,4.90,0.01,5.00,0.10,0.09,1
2026-08-09 20:30,KXBTC15M-26AUG091630-30,65038.17,1,,yes,95,65064.58,4.06,0,5,4.75,0.02,5.00,0.25,0.23,1
2026-08-09 20:45,KXBTC15M-26AUG091645-45,65080.58,1,,yes,90,65100.00,2.98,0,5,4.50,0.04,5.00,0.50,0.46,1
2026-08-09 21:00,KXBTC15M-26AUG091700-00,65096.02,0,odds 43c not above 60c,yes,,65099.02,0.46,0,0,0.00,0.00,0.00,0.00,0.00,
2026-08-09 21:15,KXBTC15M-26AUG091715-15,65092.42,0,odds 49c not above 60c,yes,,65094.75,0.36,0,0,0.00,0.00,0.00,0.00,0.00,
2026-08-09 21:30,KXBTC15M-26AUG091730-30,65087.23,0,odds 54c not above 60c,yes,,65093.85,1.02,0,0,0.00,0.00,0.00,0.00,0.00,
2026-08-09 21:45,KXBTC15M-26AUG091745-45,65090.95,1,,yes,99,65162.64,11.01,0,5,4.95,0.01,5.00,0.05,0.04,1
2026-08-09 22:00,KXBTC15M-26AUG091800-00,65177.36,1,,no,98,65151.81,3.92,0,5,4.90,0.01,5.00,0.10,0.09,1
2026-08-09 22:15,KXBTC15M-26AUG091815-15,65157.62,1,,yes,98,65222.00,9.88,0,5,4.90,0.01,5.00,0.10,0.09,1
2026-08-09 22:30,KXBTC15M-26AUG091830-30,65321.32,1,,no,99,65185.67,20.77,0,5,4.95,0.01,5.00,0.05,0.04,1
2026-08-09 22:45,KXBTC15M-26AUG091845-45,65185.09,1,,no,99,64956.13,35.12,0,5,4.95,0.01,5.00,0.05,0.04,1
2026-08-09 23:00,KXBTC15M-26AUG091900-00,64984.68,1,,yes,91,65050.81,10.18,0,5,4.55,0.03,5.00,0.45,0.42,1
2026-08-09 23:15,KXBTC15M-26AUG091915-15,65030.47,1,,no,96,64982.61,7.36,0,5,4.80,0.02,5.00,0.20,0.18,1
2026-08-09 23:30,KXBTC15M-26AUG091930-30,64992.53,1,,no,96,64898.77,14.43,0,5,4.80,0.02,5.00,0.20,0.18,1
2026-08-09 23:45,KXBTC15M-26AUG091945-45,64876.09,1,,no,90,64837.95,5.88,0,5,4.50,0.04,5.00,0.50,0.46,1
2026-08-10 00:00,KXBTC15M-26AUG092000-00,64855.86,1,,no,78,64801.63,8.36,0,6,4.68,0.08,6.00,1.32,1.24,1
2026-08-10 00:15,KXBTC15M-26AUG092015-15,64854.87,1,,yes,98,65154.81,46.25,0,5,4.90,0.01,5.00,0.10,0.09,1
2026-08-10 00:30,KXBTC15M-26AUG092030-30,65104.69,1,,no,99,64956.48,22.76,0,5,4.95,0.01,5.00,0.05,0.04,1
2026-08-10 00:45,KXBTC15M-26AUG092045-45,64965.04,1,,no,98,64859.54,16.24,0,5,4.90,0.01,5.00,0.10,0.09,1
2026-08-10 01:00,KXBTC15M-26AUG092100-00,64791.80,1,,yes,99,64968.14,27.22,0,5,4.95,0.01,5.00,0.05,0.04,1
2026-08-10 01:15,KXBTC15M-26AUG092115-15,64914.62,1,,yes,77,64975.13,9.32,0,6,4.62,0.08,6.00,1.38,1.30,1
2026-08-10 01:30,KXBTC15M-26AUG092130-30,64949.09,1,,yes,93,64999.85,7.82,0,5,4.65,0.03,5.00,0.35,0.32,1
2026-08-10 01:45,KXBTC15M-26AUG092145-45,64974.15,1,,no,93,64906.60,10.40,0,5,4.65,0.03,5.00,0.35,0.32,1
2026-08-10 02:00,KXBTC15M-26AUG092200-00,64916.83,1,,yes,99,65137.99,34.07,0,5,4.95,0.01,5.00,0.05,0.04,1
2026-08-10 02:15,KXBTC15M-26AUG092215-15,65149.30,1,,no,97,65080.43,10.57,0,5,4.85,0.02,5.00,0.15,0.13,1
2026-08-10 02:30,KXBTC15M-26AUG092230-30,65061.94,1,,no,99,64868.57,29.72,0,5,4.95,0.01,5.00,0.05,0.04,1
2026-08-10 02:45,KXBTC15M-26AUG092245-45,64913.41,1,,yes,96,64993.47,12.33,0,5,4.80,0.02,5.00,0.20,0.18,1
2026-08-10 03:00,KXBTC15M-26AUG092300-00,65152.41,1,,no,99,65051.14,15.54,0,5,4.95,0.01,5.00,0.05,0.04,1
2026-08-10 03:15,KXBTC15M-26AUG092315-15,65049.18,1,,no,87,65004.34,6.89,0,5,4.35,0.04,5.00,0.65,0.61,1
2026-08-10 03:30,KXBTC15M-26AUG092330-30,64926.31,1,,yes,99,65120.18,29.86,0,5,4.95,0.01,5.00,0.05,0.04,1
2026-08-10 03:45,KXBTC15M-26AUG092345-45,65012.99,1,,yes,68,65017.62,0.71,0,7,4.76,0.11,0.00,-4.76,-4.87,0
2026-08-10 04:00,KXBTC15M-26AUG100000-00,64966.65,1,,no,84,64919.63,7.24,0,5,4.20,0.05,5.00,0.80,0.75,1
2026-08-10 04:15,KXBTC15M-26AUG100015-15,64915.98,1,,yes,97,64985.47,10.70,0,5,4.85,0.02,5.00,0.15,0.13,1
2026-08-10 04:30,KXBTC15M-26AUG100030-30,65016.97,1,,no,82,64996.35,3.17,0,6,4.92,0.07,6.00,1.08,1.01,1
2026-08-10 04:45,KXBTC15M-26AUG100045-45,64992.13,1,,no,91,64882.50,16.87,0,5,4.55,0.03,5.00,0.45,0.42,1
2026-08-10 05:00,KXBTC15M-26AUG100100-00,64956.22,1,,yes,76,64960.82,0.71,0,6,4.56,0.08,0.00,-4.56,-4.64,0
2026-08-10 05:15,KXBTC15M-26AUG100115-15,64951.06,1,,yes,94,64992.99,6.46,0,5,4.70,0.02,0.00,-4.70,-4.72,0
2026-08-10 05:30,KXBTC15M-26AUG100130-30,64939.18,1,,yes,94,64982.63,6.69,0,5,4.70,0.02,5.00,0.30,0.28,1
2026-08-10 05:45,KXBTC15M-26AUG100145-45,64991.01,1,,yes,77,65003.24,1.88,0,6,4.62,0.08,6.00,1.38,1.30,1
2026-08-10 06:00,KXBTC15M-26AUG100200-00,65030.72,1,,yes,94,65099.41,10.56,0,5,4.70,0.02,5.00,0.30,0.28,1
2026-08-10 06:15,KXBTC15M-26AUG100215-15,65086.84,1,,yes,89,65127.18,6.20,0,5,4.45,0.04,5.00,0.55,0.51,1
2026-08-10 06:30,KXBTC15M-26AUG100230-30,65156.78,0,odds 49c not above 60c,no,,65116.60,6.17,0,0,0.00,0.00,0.00,0.00,0.00,
2026-08-10 06:45,KXBTC15M-26AUG100245-45,65118.22,1,,yes,88,65149.13,4.75,0,5,4.40,0.04,5.00,0.60,0.56,1
2026-08-10 07:00,KXBTC15M-26AUG100300-00,65183.99,1,,yes,94,65218.96,5.36,0,5,4.70,0.02,5.00,0.30,0.28,1
2026-08-10 07:15,KXBTC15M-26AUG100315-15,65246.73,1,,no,93,65224.14,3.46,0,5,4.65,0.03,5.00,0.35,0.32,1
2026-08-10 07:30,KXBTC15M-26AUG100330-30,65216.13,1,,yes,97,65243.26,4.16,0,5,4.85,0.02,5.00,0.15,0.13,1
2026-08-10 07:45,KXBTC15M-26AUG100345-45,65272.70,1,,yes,62,65275.22,0.39,0,8,4.96,0.14,8.00,3.04,2.90,1
2026-08-10 08:00,KXBTC15M-26AUG100400-00,65282.90,1,,no,98,65151.71,20.10,0,5,4.90,0.01,5.00,0.10,0.09,1
2026-08-10 08:15,KXBTC15M-26AUG100415-15,65160.44,1,,yes,97,65215.43,8.44,0,5,4.85,0.02,5.00,0.15,0.13,1
2026-08-10 08:30,KXBTC15M-26AUG100430-30,65219.15,1,,yes,91,65269.76,7.76,0,5,4.55,0.03,5.00,0.45,0.42,1
2026-08-10 08:45,KXBTC15M-26AUG100445-45,65242.54,1,,no,97,65183.98,8.98,0,5,4.85,0.02,5.00,0.15,0.13,1
2026-08-10 09:00,KXBTC15M-26AUG100500-00,65176.31,1,,yes,66,65179.05,0.42,0,7,4.62,0.11,7.00,2.38,2.27,1
2026-08-10 09:15,KXBTC15M-26AUG100515-15,65200.45,1,,no,91,65139.76,9.31,0,5,4.55,0.03,5.00,0.45,0.42,1
2026-08-10 09:30,KXBTC15M-26AUG100530-30,65174.95,1,,no,90,65124.07,7.81,0,5,4.50,0.04,5.00,0.50,0.46,1
2026-08-10 09:45,KXBTC15M-26AUG100545-45,65120.23,1,,no,98,65021.48,15.16,0,5,4.90,0.01,5.00,0.10,0.09,1
2026-08-10 10:00,KXBTC15M-26AUG100600-00,65007.08,1,,no,99,64919.50,13.47,0,5,4.95,0.01,5.00,0.05,0.04,1
2026-08-10 10:15,KXBTC15M-26AUG100615-15,64923.37,1,,yes,99,64975.27,7.99,0,5,4.95,0.01,5.00,0.05,0.04,1
2026-08-10 10:30,KXBTC15M-26AUG100630-30,64995.62,0,odds 30c not above 60c,no,,64994.75,0.13,0,0,0.00,0.00,0.00,0.00,0.00,
2026-08-10 10:45,KXBTC15M-26AUG100645-45,64969.58,0,odds 34c not above 60c,no,,64966.90,0.41,0,0,0.00,0.00,0.00,0.00,0.00,
2026-08-10 11:00,KXBTC15M-26AUG100700-00,64960.98,0,odds 17c not above 60c,no,,64949.79,1.72,0,0,0.00,0.00,0.00,0.00,0.00,
2026-08-10 11:15,KXBTC15M-26AUG100715-15,64967.58,0,odds 59c not above 60c,no,,64949.66,2.76,0,0,0.00,0.00,0.00,0.00,0.00,
2026-08-10 11:30,KXBTC15M-26AUG100730-30,64958.38,1,,yes,97,65006.12,7.35,0,5,4.85,0.02,5.00,0.15,0.13,1
2026-08-10 11:45,KXBTC15M-26AUG100745-45,65030.66,1,,no,72,65023.56,1.09,0,6,4.32,0.09,6.00,1.68,1.59,1
2026-08-10 12:00,KXBTC15M-26AUG100800-00,65015.24,1,,yes,97,65073.96,9.03,0,5,4.85,0.02,5.00,0.15,0.13,1
2026-08-10 12:15,KXBTC15M-26AUG100815-15,65079.46,1,,yes,95,65120.01,6.23,0,5,4.75,0.02,5.00,0.25,0.23,1
2026-08-10 12:30,KXBTC15M-26AUG100830-30,65083.18,1,,no,95,65020.57,9.62,0,5,4.75,0.02,5.00,0.25,0.23,1
2026-08-10 12:45,KXBTC15M-26AUG100845-45,65003.14,1,,no,99,64860.00,22.02,0,5,4.95,0.01,5.00,0.05,0.04,1
2026-08-10 13:00,KXBTC15M-26AUG100900-00,64967.31,1,,no,97,64845.00,18.83,0,5,4.85,0.02,5.00,0.15,0.13,1
2026-08-10 13:15,KXBTC15M-26AUG100915-15,64831.54,0,odds 41c not above 60c,no,,64824.19,1.13,0,0,0.00,0.00,0.00,0.00,0.00,
2026-08-10 13:30,KXBTC15M-26AUG100930-30,64833.85,1,,yes,96,64898.53,9.98,0,5,4.80,0.02,5.00,0.20,0.18,1
2026-08-10 13:45,KXBTC15M-26AUG100945-45,64879.16,1,,no,99,64615.49,40.64,0,5,4.95,0.01,5.00,0.05,0.04,1
2026-08-10 14:00,KXBTC15M-26AUG101000-00,64593.12,1,,no,94,64448.13,22.45,0,5,4.70,0.02,5.00,0.30,0.28,1
2026-08-10 14:15,KXBTC15M-26AUG101015-15,64509.78,1,,yes,93,64560.37,7.84,0,5,4.65,0.03,5.00,0.35,0.32,1
2026-08-10 14:30,KXBTC15M-26AUG101030-30,64678.42,0,odds 45c not above 60c,yes,,64687.17,1.35,0,0,0.00,0.00,0.00,0.00,0.00,
2026-08-10 14:45,KXBTC15M-26AUG101045-45,64746.39,0,odds 41c not above 60c,yes,,64753.21,1.05,0,0,0.00,0.00,0.00,0.00,0.00,
2026-08-10 15:00,KXBTC15M-26AUG101100-00,64789.63,1,,no,98,64593.48,30.27,0,5,4.90,0.01,5.00,0.10,0.09,1
2026-08-10 15:15,KXBTC15M-26AUG101115-15,64582.50,1,,yes,81,64638.27,8.64,0,6,4.86,0.07,0.00,-4.86,-4.93,0
2026-08-10 15:30,KXBTC15M-26AUG101130-30,64525.00,1,,no,99,64277.39,38.37,0,5,4.95,0.01,5.00,0.05,0.04,1
2026-08-10 16:00,KXBTC15M-26AUG101200-00,64292.64,1,,no,96,64148.80,22.37,0,5,4.80,0.02,5.00,0.20,0.18,1
2026-08-10 16:15,KXBTC15M-26AUG101215-15,64241.97,1,,no,85,64157.25,13.19,0,5,4.25,0.05,5.00,0.75,0.70,1
2026-08-10 16:30,KXBTC15M-26AUG101230-30,64169.00,1,,no,94,64053.62,17.98,0,5,4.70,0.02,5.00,0.30,0.28,1
2026-08-10 16:45,KXBTC15M-26AUG101245-45,64068.19,1,,yes,79,64108.27,6.26,0,6,4.74,0.07,0.00,-4.74,-4.81,0
2026-08-10 17:00,KXBTC15M-26AUG101300-00,63936.32,1,,no,99,63758.49,27.81,0,5,4.95,0.01,5.00,0.05,0.04,1
2026-08-10 17:15,KXBTC15M-26AUG101315-15,63832.01,1,,yes,88,63921.42,14.01,0,5,4.40,0.04,5.00,0.60,0.56,1
2026-08-10 17:30,KXBTC15M-26AUG101330-30,63941.66,1,,no,95,63898.68,6.72,0,5,4.75,0.02,5.00,0.25,0.23,1
2026-08-10 17:45,KXBTC15M-26AUG101345-45,63877.01,1,,yes,77,63933.26,8.81,0,6,4.62,0.08,6.00,1.38,1.30,1
2026-08-10 18:00,KXBTC15M-26AUG101400-00,63896.34,1,,no,93,63824.48,11.25,0,5,4.65,0.03,5.00,0.35,0.32,1
2026-08-10 18:15,KXBTC15M-26AUG101415-15,63878.32,1,,yes,76,63927.88,7.76,0,6,4.56,0.08,6.00,1.44,1.36,1
2026-08-10 18:30,KXBTC15M-26AUG101430-30,63895.69,1,,yes,81,63939.82,6.91,0,6,4.86,0.07,0.00,-4.86,-4.93,0
2026-08-10 18:45,KXBTC15M-26AUG101445-45,63846.18,1,,no,92,63773.61,11.37,0,5,4.60,0.03,5.00,0.40,0.37,1
2026-08-10 19:00,KXBTC15M-26AUG101500-00,63805.95,1,,yes,77,63837.89,5.01,0,6,4.62,0.08,6.00,1.38,1.30,1
2026-08-10 19:15,KXBTC15M-26AUG101515-15,63826.44,1,,yes,83,63850.18,3.72,0,6,4.98,0.06,6.00,1.02,0.96,1
2026-08-10 19:30,KXBTC15M-26AUG101530-30,63862.85,1,,yes,98,63923.88,9.56,0,5,4.90,0.01,5.00,0.10,0.09,1
2026-08-10 19:45,KXBTC15M-26AUG101545-45,63955.60,1,,no,90,63871.53,13.15,0,5,4.50,0.04,0.00,-4.50,-4.54,0
2026-08-10 20:00,KXBTC15M-26AUG101600-00,63969.47,0,odds 55c not above 60c,no,,63938.58,4.83,0,0,0.00,0.00,0.00,0.00,0.00,
2026-08-10 20:15,KXBTC15M-26AUG101615-15,63970.21,1,,yes,89,64003.33,5.18,0,5,4.45,0.04,5.00,0.55,0.51,1
2026-08-10 20:30,KXBTC15M-26AUG101630-30,63983.48,1,,yes,96,64033.44,7.81,0,5,4.80,0.02,5.00,0.20,0.18,1
2026-08-10 20:45,KXBTC15M-26AUG101645-45,64056.89,0,odds 42c not above 60c,yes,,64067.22,1.61,0,0,0.00,0.00,0.00,0.00,0.00,
2026-08-10 21:00,KXBTC15M-26AUG101700-00,64121.24,1,,no,87,64095.12,4.07,0,5,4.35,0.04,5.00,0.65,0.61,1
2026-08-10 21:15,KXBTC15M-26AUG101715-15,64101.07,1,,no,92,64043.29,9.01,0,5,4.60,0.03,5.00,0.40,0.37,1
2026-08-10 21:30,KXBTC15M-26AUG101730-30,64055.01,1,,no,90,64019.41,5.56,0,5,4.50,0.04,0.00,-4.50,-4.54,0
