close_utc,ticker,strike,traded,skip_reason,side,entry_price_c,entry_spot,entry_distance_bps,adds,contracts,cost,fees,payout,gross_pnl,net_pnl,won
2026-07-21 04:45,KXBTC15M-26JUL210045-45,65492.88,0,odds 46c not above 60c,no,,65478.52,2.19,0,0,0.00,0.00,0.00,0.00,0.00,
2026-07-21 05:00,KXBTC15M-26JUL210100-00,65500.14,0,odds 84c above 79c cap,no,,65437.37,9.58,0,0,0.00,0.00,0.00,0.00,0.00,
2026-07-21 05:15,KXBTC15M-26JUL210115-15,65483.13,1,,yes,67,65484.02,0.14,0,7,4.69,0.11,7.00,2.31,2.20,1
2026-07-21 05:30,KXBTC15M-26JUL210130-30,65485.97,0,odds 95c above 79c cap,yes,,65558.35,11.05,0,0,0.00,0.00,0.00,0.00,0.00,
2026-07-21 05:45,KXBTC15M-26JUL210145-45,65574.86,0,odds 91c above 79c cap,no,,65556.90,2.74,0,0,0.00,0.00,0.00,0.00,0.00,
2026-07-21 06:00,KXBTC15M-26JUL210200-00,65597.93,0,odds 94c above 79c cap,yes,,65692.13,14.36,0,0,0.00,0.00,0.00,0.00,0.00,
2026-07-21 06:15,KXBTC15M-26JUL210215-15,65710.92,0,odds 92c above 79c cap,no,,65617.90,14.16,0,0,0.00,0.00,0.00,0.00,0.00,
2026-07-21 06:30,KXBTC15M-26JUL210230-30,65683.79,0,odds 91c above 79c cap,yes,,65735.44,7.86,0,0,0.00,0.00,0.00,0.00,0.00,
2026-07-21 06:45,KXBTC15M-26JUL210245-45,65788.65,0,odds 97c above 79c cap,yes,,65897.72,16.58,0,0,0.00,0.00,0.00,0.00,0.00,
2026-07-21 07:00,KXBTC15M-26JUL210300-00,65901.42,1,,no,79,65848.79,7.99,0,6,4.74,0.07,6.00,1.26,1.19,1
2026-07-21 07:15,KXBTC15M-26JUL210315-15,65887.58,0,odds 89c above 79c cap,no,,65822.82,9.83,0,0,0.00,0.00,0.00,0.00,0.00,
2026-07-21 07:30,KXBTC15M-26JUL210330-30,65873.40,0,odds 42c not above 60c,yes,,65874.67,0.19,0,0,0.00,0.00,0.00,0.00,0.00,
2026-07-21 07:45,KXBTC15M-26JUL210345-45,65920.18,0,odds 95c above 79c cap,yes,,66004.62,12.81,0,0,0.00,0.00,0.00,0.00,0.00,
2026-07-21 08:00,KXBTC15M-26JUL210400-00,65993.47,0,odds 99c above 79c cap,yes,,66171.83,27.03,0,0,0.00,0.00,0.00,0.00,0.00,
2026-07-21 08:15,KXBTC15M-26JUL210415-15,66160.91,1,,no,64,66127.55,5.04,0,7,4.48,0.12,0.00,-4.48,-4.60,0
2026-07-21 08:30,KXBTC15M-26JUL210430-30,66226.43,1,,yes,69,66257.36,4.67,0,7,4.83,0.11,0.00,-4.83,-4.94,0
2026-07-21 08:45,KXBTC15M-26JUL210445-45,66178.99,0,odds 97c above 79c cap,yes,,66289.47,16.69,0,0,0.00,0.00,0.00,0.00,0.00,
2026-07-21 09:00,KXBTC15M-26JUL210500-00,66263.71,0,odds 93c above 79c cap,no,,66214.60,7.41,0,0,0.00,0.00,0.00,0.00,0.00,
2026-07-21 09:15,KXBTC15M-26JUL210515-15,66191.32,1,,no,70,66162.33,4.38,0,7,4.90,0.11,7.00,2.10,1.99,1
2026-07-21 09:30,KXBTC15M-26JUL210530-30,66173.68,1,,yes,73,66200.26,4.02,0,6,4.38,0.09,6.00,1.62,1.53,1
2026-07-21 09:45,KXBTC15M-26JUL210545-45,66204.80,0,odds 96c above 79c cap,yes,,66245.76,6.19,0,0,0.00,0.00,0.00,0.00,0.00,
2026-07-21 10:00,KXBTC15M-26JUL210600-00,66266.10,0,odds 86c above 79c cap,yes,,66310.09,6.64,0,0,0.00,0.00,0.00,0.00,0.00,
2026-07-21 10:15,KXBTC15M-26JUL210615-15,66250.46,1,,yes,62,66332.00,12.31,0,8,4.96,0.14,8.00,3.04,2.90,1
2026-07-21 10:30,KXBTC15M-26JUL210630-30,66328.23,0,odds 39c not above 60c,no,,66325.36,0.43,0,0,0.00,0.00,0.00,0.00,0.00,
2026-07-21 10:45,KXBTC15M-26JUL210645-45,66359.26,1,,no,79,66284.40,11.28,0,6,4.74,0.07,6.00,1.26,1.19,1
2026-07-21 11:00,KXBTC15M-26JUL210700-00,66344.97,0,odds 99c above 79c cap,no,,66156.35,28.43,0,0,0.00,0.00,0.00,0.00,0.00,
2026-07-21 11:15,KXBTC15M-26JUL210715-15,66166.55,0,odds 88c above 79c cap,no,,66114.04,7.94,0,0,0.00,0.00,0.00,0.00,0.00,
2026-07-21 11:30,KXBTC15M-26JUL210730-30,66212.43,0,odds 86c above 79c cap,no,,66175.93,5.51,0,0,0.00,0.00,0.00,0.00,0.00,
2026-07-21 11:45,KXBTC15M-26JUL210745-45,66200.68,0,odds 90c above 79c cap,yes,,66260.56,9.05,0,0,0.00,0.00,0.00,0.00,0.00,
2026-07-21 12:00,KXBTC15M-26JUL210800-00,66295.25,0,odds 43c not above 60c,no,,66289.08,0.93,0,0,0.00,0.00,0.00,0.00,0.00,
2026-07-21 12:15,KXBTC15M-26JUL210815-15,66293.30,0,odds 84c above 79c cap,yes,,66332.78,5.96,0,0,0.00,0.00,0.00,0.00,0.00,
2026-07-21 12:30,KXBTC15M-26JUL210830-30,66376.35,1,,yes,78,66427.11,7.65,0,6,4.68,0.08,6.00,1.32,1.24,1
2026-07-21 12:45,KXBTC15M-26JUL210845-45,66407.85,0,odds 99c above 79c cap,yes,,66586.35,26.88,0,0,0.00,0.00,0.00,0.00,0.00,
2026-07-21 13:00,KXBTC15M-26JUL210900-00,66478.06,0,odds 55c not above 60c,no,,66476.04,0.30,0,0,0.00,0.00,0.00,0.00,0.00,
2026-07-21 13:15,KXBTC15M-26JUL210915-15,66522.63,1,,yes,69,66544.86,3.34,0,7,4.83,0.11,7.00,2.17,2.06,1
2026-07-21 13:30,KXBTC15M-26JUL210930-30,66579.93,0,odds 98c above 79c cap,no,,66404.99,26.28,0,0,0.00,0.00,0.00,0.00,0.00,
2026-07-21 13:45,KXBTC15M-26JUL210945-45,66401.46,1,,no,65,66323.31,11.77,0,7,4.55,0.12,7.00,2.45,2.33,1
2026-07-21 14:00,KXBTC15M-26JUL211000-00,66314.34,0,no quote on chosen side at decision time,yes,,66739.64,64.13,0,0,0.00,0.00,0.00,0.00,0.00,
2026-07-21 14:15,KXBTC15M-26JUL211015-15,66733.55,1,,yes,77,66881.83,22.22,0,6,4.62,0.08,6.00,1.38,1.30,1
2026-07-21 14:30,KXBTC15M-26JUL211030-30,66894.01,0,odds 99c above 79c cap,no,,66663.50,34.46,0,0,0.00,0.00,0.00,0.00,0.00,
2026-07-21 14:45,KXBTC15M-26JUL211045-45,66685.43,0,odds 89c above 79c cap,yes,,66713.36,4.19,0,0,0.00,0.00,0.00,0.00,0.00,
2026-07-21 15:00,KXBTC15M-26JUL211100-00,66805.41,1,,yes,61,66819.56,2.12,0,8,4.88,0.14,8.00,3.12,2.98,1
2026-07-21 15:15,KXBTC15M-26JUL211115-15,66830.15,0,odds 84c above 79c cap,no,,66714.25,17.34,0,0,0.00,0.00,0.00,0.00,0.00,
2026-07-21 15:30,KXBTC15M-26JUL211130-30,66718.03,1,,no,79,66654.55,9.51,0,6,4.74,0.07,6.00,1.26,1.19,1
2026-07-21 15:45,KXBTC15M-26JUL211145-45,66623.29,1,,yes,79,66623.31,0.00,0,6,4.74,0.07,0.00,-4.74,-4.81,0
2026-07-21 16:00,KXBTC15M-26JUL211200-00,66605.99,0,odds 89c above 79c cap,yes,,66638.02,4.81,0,0,0.00,0.00,0.00,0.00,0.00,
2026-07-21 16:15,KXBTC15M-26JUL211215-15,66673.12,0,odds 93c above 79c cap,no,,66621.65,7.72,0,0,0.00,0.00,0.00,0.00,0.00,
2026-07-21 16:30,KXBTC15M-26JUL211230-30,66598.85,0,odds 89c above 79c cap,no,,66563.37,5.33,0,0,0.00,0.00,0.00,0.00,0.00,
2026-07-21 16:45,KXBTC15M-26JUL211245-45,66520.09,0,odds 94c above 79c cap,yes,,66596.36,11.47,0,0,0.00,0.00,0.00,0.00,0.00,
2026-07-21 17:00,KXBTC15M-26JUL211300-00,66544.26,0,odds 32c not above 60c,yes,,66579.09,5.23,0,0,0.00,0.00,0.00,0.00,0.00,
2026-07-21 17:15,KXBTC15M-26JUL211315-15,66531.45,0,odds 91c above 79c cap,no,,66452.28,11.90,0,0,0.00,0.00,0.00,0.00,0.00,
2026-07-21 17:30,KXBTC15M-26JUL211330-30,66432.37,1,,yes,65,66457.48,3.78,0,7,4.55,0.12,0.00,-4.55,-4.67,0
2026-07-21 17:45,KXBTC15M-26JUL211345-45,66427.89,0,odds 56c not above 60c,yes,,66451.24,3.52,0,0,0.00,0.00,0.00,0.00,0.00,
2026-07-21 18:00,KXBTC15M-26JUL211400-00,66462.78,0,no quote on chosen side at decision time,no,,66188.70,41.24,0,0,0.00,0.00,0.00,0.00,0.00,
2026-07-21 18:15,KXBTC15M-26JUL211415-15,66163.28,0,odds 97c above 79c cap,yes,,66257.23,14.20,0,0,0.00,0.00,0.00,0.00,0.00,
2026-07-21 18:30,KXBTC15M-26JUL211430-30,66265.78,0,odds 87c above 79c cap,no,,66194.11,10.82,0,0,0.00,0.00,0.00,0.00,0.00,
2026-07-21 18:45,KXBTC15M-26JUL211445-45,66202.35,1,,yes,72,66210.01,1.16,0,6,4.32,0.09,6.00,1.68,1.59,1
2026-07-21 19:00,KXBTC15M-26JUL211500-00,66250.59,1,,yes,66,66251.74,0.17,0,7,4.62,0.11,7.00,2.38,2.27,1
2026-07-21 19:15,KXBTC15M-26JUL211515-15,66273.55,0,odds 95c above 79c cap,yes,,66342.17,10.35,0,0,0.00,0.00,0.00,0.00,0.00,
2026-07-21 19:30,KXBTC15M-26JUL211530-30,66250.08,0,odds 98c above 79c cap,yes,,66341.60,13.81,0,0,0.00,0.00,0.00,0.00,0.00,
2026-07-21 19:45,KXBTC15M-26JUL211545-45,66369.85,0,odds 96c above 79c cap,yes,,66436.83,10.09,0,0,0.00,0.00,0.00,0.00,0.00,
2026-07-21 20:00,KXBTC15M-26JUL211600-00,66433.71,1,,no,61,66426.79,1.04,0,8,4.88,0.14,8.00,3.12,2.98,1
2026-07-21 20:15,KXBTC15M-26JUL211615-15,66411.34,1,,no,61,66406.25,0.77,0,8,4.88,0.14,8.00,3.12,2.98,1
2026-07-21 20:30,KXBTC15M-26JUL211630-30,66392.24,0,odds 92c above 79c cap,no,,66362.00,4.55,0,0,0.00,0.00,0.00,0.00,0.00,
2026-07-21 20:45,KXBTC15M-26JUL211645-45,66356.94,0,odds 91c above 79c cap,yes,,66414.42,8.66,0,0,0.00,0.00,0.00,0.00,0.00,
2026-07-21 21:00,KXBTC15M-26JUL211700-00,66410.38,0,odds 87c above 79c cap,no,,66390.02,3.07,0,0,0.00,0.00,0.00,0.00,0.00,
2026-07-21 21:15,KXBTC15M-26JUL211715-15,66376.13,0,odds 91c above 79c cap,no,,66321.00,8.31,0,0,0.00,0.00,0.00,0.00,0.00,
2026-07-21 21:30,KXBTC15M-26JUL211730-30,66366.09,0,odds 90c above 79c cap,no,,66320.47,6.87,0,0,0.00,0.00,0.00,0.00,0.00,
2026-07-21 21:45,KXBTC15M-26JUL211745-45,66293.22,0,odds 53c not above 60c,yes,,66299.17,0.90,0,0,0.00,0.00,0.00,0.00,0.00,
2026-07-21 22:00,KXBTC15M-26JUL211800-00,66311.28,0,odds 87c above 79c cap,yes,,66315.23,0.60,0,0,0.00,0.00,0.00,0.00,0.00,
2026-07-21 22:15,KXBTC15M-26JUL211815-15,66338.83,0,odds 80c above 79c cap,no,,66310.44,4.28,0,0,0.00,0.00,0.00,0.00,0.00,
2026-07-21 22:30,KXBTC15M-26JUL211830-30,66289.58,0,odds 98c above 79c cap,no,,66233.37,8.48,0,0,0.00,0.00,0.00,0.00,0.00,
2026-07-21 22:45,KXBTC15M-26JUL211845-45,66246.43,0,odds 90c above 79c cap,yes,,66282.35,5.42,0,0,0.00,0.00,0.00,0.00,0.00,
2026-07-21 23:00,KXBTC15M-26JUL211900-00,66282.01,1,,no,76,66259.01,3.47,0,6,4.56,0.08,6.00,1.44,1.36,1
2026-07-21 23:15,KXBTC15M-26JUL211915-15,66271.53,0,odds 88c above 79c cap,no,,66210.40,9.22,0,0,0.00,0.00,0.00,0.00,0.00,
2026-07-21 23:30,KXBTC15M-26JUL211930-30,66243.56,0,odds 96c above 79c cap,yes,,66297.66,8.17,0,0,0.00,0.00,0.00,0.00,0.00,
2026-07-21 23:45,KXBTC15M-26JUL211945-45,66353.79,0,odds 97c above 79c cap,yes,,66404.00,7.57,0,0,0.00,0.00,0.00,0.00,0.00,
2026-07-22 00:00,KXBTC15M-26JUL212000-00,66391.34,0,odds 99c above 79c cap,yes,,66528.43,20.65,0,0,0.00,0.00,0.00,0.00,0.00,
2026-07-22 00:15,KXBTC15M-26JUL212015-15,66517.23,0,odds 94c above 79c cap,yes,,66572.33,8.28,0,0,0.00,0.00,0.00,0.00,0.00,
2026-07-22 00:30,KXBTC15M-26JUL212030-30,66634.46,1,,no,67,66623.31,1.67,0,7,4.69,0.11,7.00,2.31,2.20,1
2026-07-22 00:45,KXBTC15M-26JUL212045-45,66602.43,0,odds 94c above 79c cap,yes,,66660.38,8.70,0,0,0.00,0.00,0.00,0.00,0.00,
2026-07-22 01:00,KXBTC15M-26JUL212100-00,66684.25,0,odds 94c above 79c cap,no,,66574.91,16.40,0,0,0.00,0.00,0.00,0.00,0.00,
2026-07-22 01:15,KXBTC15M-26JUL212115-15,66621.97,0,odds 96c above 79c cap,no,,66496.77,18.79,0,0,0.00,0.00,0.00,0.00,0.00,
2026-07-22 01:30,KXBTC15M-26JUL212130-30,66456.84,0,odds 97c above 79c cap,no,,66333.64,18.54,0,0,0.00,0.00,0.00,0.00,0.00,
2026-07-22 01:45,KXBTC15M-26JUL212145-45,66358.96,0,odds 49c not above 60c,no,,66344.94,2.11,0,0,0.00,0.00,0.00,0.00,0.00,
2026-07-22 02:00,KXBTC15M-26JUL212200-00,66330.16,0,odds 87c above 79c cap,yes,,66394.41,9.69,0,0,0.00,0.00,0.00,0.00,0.00,
2026-07-22 02:15,KXBTC15M-26JUL212215-15,66367.31,0,odds 39c not above 60c,no,,66363.31,0.60,0,0,0.00,0.00,0.00,0.00,0.00,
2026-07-22 02:30,KXBTC15M-26JUL212230-30,66423.74,0,odds 56c not above 60c,no,,66367.83,8.42,0,0,0.00,0.00,0.00,0.00,0.00,
2026-07-22 02:45,KXBTC15M-26JUL212245-45,66380.33,0,odds 97c above 79c cap,no,,66329.41,7.67,0,0,0.00,0.00,0.00,0.00,0.00,
2026-07-22 03:00,KXBTC15M-26JUL212300-00,66333.53,1,,no,74,66277.00,8.52,0,6,4.44,0.09,6.00,1.56,1.47,1
2026-07-22 03:15,KXBTC15M-26JUL212315-15,66275.85,0,odds 83c above 79c cap,no,,66203.73,10.88,0,0,0.00,0.00,0.00,0.00,0.00,
2026-07-22 03:30,KXBTC15M-26JUL212330-30,66171.59,0,odds 97c above 79c cap,yes,,66231.99,9.13,0,0,0.00,0.00,0.00,0.00,0.00,
2026-07-22 03:45,KXBTC15M-26JUL212345-45,66264.15,0,odds 95c above 79c cap,no,,66209.16,8.30,0,0,0.00,0.00,0.00,0.00,0.00,
2026-07-22 04:00,KXBTC15M-26JUL220000-00,66235.06,0,odds 35c not above 60c,no,,66207.06,4.23,0,0,0.00,0.00,0.00,0.00,0.00,
2026-07-22 04:15,KXBTC15M-26JUL220015-15,66167.76,0,odds 98c above 79c cap,yes,,66298.99,19.83,0,0,0.00,0.00,0.00,0.00,0.00,
2026-07-22 04:30,KXBTC15M-26JUL220030-30,66295.23,0,odds 92c above 79c cap,yes,,66325.67,4.59,0,0,0.00,0.00,0.00,0.00,0.00,
2026-07-22 04:45,KXBTC15M-26JUL220045-45,66349.67,0,odds 59c not above 60c,no,,66340.26,1.42,0,0,0.00,0.00,0.00,0.00,0.00,
2026-07-22 05:00,KXBTC15M-26JUL220100-00,66376.09,0,odds 95c above 79c cap,no,,66313.62,9.41,0,0,0.00,0.00,0.00,0.00,0.00,
2026-07-22 05:15,KXBTC15M-26JUL220115-15,66339.43,0,odds 99c above 79c cap,no,,66238.97,15.14,0,0,0.00,0.00,0.00,0.00,0.00,
2026-07-22 05:30,KXBTC15M-26JUL220130-30,66231.49,0,odds 99c above 79c cap,no,,66073.87,23.80,0,0,0.00,0.00,0.00,0.00,0.00,
2026-07-22 05:45,KXBTC15M-26JUL220145-45,66032.23,0,odds 93c above 79c cap,no,,65944.05,13.35,0,0,0.00,0.00,0.00,0.00,0.00,
2026-07-22 06:00,KXBTC15M-26JUL220200-00,65945.01,1,,no,68,65922.40,3.43,0,7,4.76,0.11,7.00,2.24,2.13,1
2026-07-22 06:15,KXBTC15M-26JUL220215-15,65934.79,0,odds 90c above 79c cap,no,,65844.00,13.77,0,0,0.00,0.00,0.00,0.00,0.00,
2026-07-22 06:30,KXBTC15M-26JUL220230-30,65933.51,0,odds 97c above 79c cap,no,,65833.32,15.20,0,0,0.00,0.00,0.00,0.00,0.00,
2026-07-22 06:45,KXBTC15M-26JUL220245-45,65814.35,0,odds 98c above 79c cap,yes,,65898.00,12.71,0,0,0.00,0.00,0.00,0.00,0.00,
2026-07-22 07:00,KXBTC15M-26JUL220300-00,65918.73,0,odds 83c above 79c cap,no,,65876.44,6.42,0,0,0.00,0.00,0.00,0.00,0.00,
2026-07-22 07:15,KXBTC15M-26JUL220315-15,65891.01,0,odds 56c not above 60c,no,,65861.21,4.52,0,0,0.00,0.00,0.00,0.00,0.00,
2026-07-22 07:30,KXBTC15M-26JUL220330-30,65868.22,0,odds 82c above 79c cap,no,,65815.27,8.04,0,0,0.00,0.00,0.00,0.00,0.00,
2026-07-22 07:45,KXBTC15M-26JUL220345-45,65861.68,0,odds 99c above 79c cap,no,,65716.00,22.12,0,0,0.00,0.00,0.00,0.00,0.00,
2026-07-22 08:00,KXBTC15M-26JUL220400-00,65740.61,0,odds 91c above 79c cap,yes,,65796.57,8.51,0,0,0.00,0.00,0.00,0.00,0.00,
2026-07-22 08:15,KXBTC15M-26JUL220415-15,65805.18,0,no quote on chosen side at decision time,yes,,65971.21,25.23,0,0,0.00,0.00,0.00,0.00,0.00,
2026-07-22 08:30,KXBTC15M-26JUL220430-30,65985.75,0,odds 87c above 79c cap,yes,,65986.56,0.12,0,0,0.00,0.00,0.00,0.00,0.00,
2026-07-22 08:45,KXBTC15M-26JUL220445-45,65973.97,0,odds 86c above 79c cap,no,,65949.98,3.64,0,0,0.00,0.00,0.00,0.00,0.00,
2026-07-22 09:00,KXBTC15M-26JUL220500-00,65898.24,0,odds 87c above 79c cap,yes,,65925.12,4.08,0,0,0.00,0.00,0.00,0.00,0.00,
2026-07-22 09:15,KXBTC15M-26JUL220515-15,65945.65,0,odds 96c above 79c cap,yes,,66004.52,8.93,0,0,0.00,0.00,0.00,0.00,0.00,
2026-07-22 09:30,KXBTC15M-26JUL220530-30,65957.95,0,odds 83c above 79c cap,yes,,65987.70,4.51,0,0,0.00,0.00,0.00,0.00,0.00,
2026-07-22 09:45,KXBTC15M-26JUL220545-45,65985.19,0,odds 99c above 79c cap,no,,65827.15,23.95,0,0,0.00,0.00,0.00,0.00,0.00,
2026-07-22 10:00,KXBTC15M-26JUL220600-00,65842.13,1,,yes,64,65844.86,0.41,0,7,4.48,0.12,7.00,2.52,2.40,1
2026-07-22 10:15,KXBTC15M-26JUL220615-15,65892.33,1,,no,66,65874.38,2.72,0,7,4.62,0.11,7.00,2.38,2.27,1
2026-07-22 10:30,KXBTC15M-26JUL220630-30,65882.03,0,odds 94c above 79c cap,yes,,65918.00,5.46,0,0,0.00,0.00,0.00,0.00,0.00,
2026-07-22 10:45,KXBTC15M-26JUL220645-45,65928.84,1,,yes,66,65939.39,1.60,0,7,4.62,0.11,7.00,2.38,2.27,1
2026-07-22 11:00,KXBTC15M-26JUL220700-00,65963.10,0,odds 96c above 79c cap,yes,,65995.53,4.92,0,0,0.00,0.00,0.00,0.00,0.00,
2026-07-22 11:15,KXBTC15M-26JUL220715-15,65998.57,0,odds 48c not above 60c,no,,65987.36,1.70,0,0,0.00,0.00,0.00,0.00,0.00,
2026-07-22 11:30,KXBTC15M-26JUL220730-30,65982.57,0,odds 97c above 79c cap,yes,,66029.53,7.12,0,0,0.00,0.00,0.00,0.00,0.00,
2026-07-22 11:45,KXBTC15M-26JUL220745-45,66013.00,0,odds 90c above 79c cap,no,,65913.27,15.11,0,0,0.00,0.00,0.00,0.00,0.00,
2026-07-22 12:00,KXBTC15M-26JUL220800-00,65883.34,0,odds 99c above 79c cap,yes,,65981.56,14.91,0,0,0.00,0.00,0.00,0.00,0.00,
2026-07-22 12:15,KXBTC15M-26JUL220815-15,65976.87,0,odds 99c above 79c cap,no,,65850.28,19.19,0,0,0.00,0.00,0.00,0.00,0.00,
2026-07-22 12:30,KXBTC15M-26JUL220830-30,65855.56,0,odds 88c above 79c cap,no,,65819.26,5.51,0,0,0.00,0.00,0.00,0.00,0.00,
2026-07-22 12:45,KXBTC15M-26JUL220845-45,65842.98,0,odds 93c above 79c cap,no,,65790.35,7.99,0,0,0.00,0.00,0.00,0.00,0.00,
2026-07-22 13:00,KXBTC15M-26JUL220900-00,65748.06,0,odds 88c above 79c cap,no,,65599.58,22.58,0,0,0.00,0.00,0.00,0.00,0.00,
2026-07-22 13:15,KXBTC15M-26JUL220915-15,65605.88,1,,yes,72,65621.98,2.45,0,6,4.32,0.09,0.00,-4.32,-4.41,0
2026-07-22 13:30,KXBTC15M-26JUL220930-30,65605.75,0,odds 94c above 79c cap,no,,65543.82,9.44,0,0,0.00,0.00,0.00,0.00,0.00,
2026-07-22 13:45,KXBTC15M-26JUL220945-45,65574.92,0,odds 99c above 79c cap,yes,,65774.41,30.42,0,0,0.00,0.00,0.00,0.00,0.00,
2026-07-22 14:00,KXBTC15M-26JUL221000-00,65848.21,1,,yes,69,65900.41,7.93,0,7,4.83,0.11,7.00,2.17,2.06,1
2026-07-22 14:15,KXBTC15M-26JUL221015-15,65914.13,1,,yes,73,65957.91,6.64,0,6,4.38,0.09,0.00,-4.38,-4.47,0
2026-07-22 14:30,KXBTC15M-26JUL221030-30,65889.46,0,odds 99c above 79c cap,no,,65680.04,31.78,0,0,0.00,0.00,0.00,0.00,0.00,
2026-07-22 14:45,KXBTC15M-26JUL221045-45,65582.58,0,odds 92c above 79c cap,yes,,65623.80,6.29,0,0,0.00,0.00,0.00,0.00,0.00,
2026-07-22 15:00,KXBTC15M-26JUL221100-00,65689.16,0,odds 34c not above 60c,no,,65679.36,1.49,0,0,0.00,0.00,0.00,0.00,0.00,
2026-07-22 15:15,KXBTC15M-26JUL221115-15,65751.00,0,odds 93c above 79c cap,yes,,65840.65,13.63,0,0,0.00,0.00,0.00,0.00,0.00,
2026-07-22 15:30,KXBTC15M-26JUL221130-30,65904.60,0,odds 89c above 79c cap,yes,,66020.07,17.52,0,0,0.00,0.00,0.00,0.00,0.00,
2026-07-22 15:45,KXBTC15M-26JUL221145-45,66055.59,0,odds 97c above 79c cap,no,,65966.57,13.48,0,0,0.00,0.00,0.00,0.00,0.00,
2026-07-22 16:00,KXBTC15M-26JUL221200-00,65981.82,0,odds 60c not above 60c,yes,,66031.86,7.58,0,0,0.00,0.00,0.00,0.00,0.00,
2026-07-22 16:15,KXBTC15M-26JUL221215-15,65999.46,0,odds 98c above 79c cap,yes,,66041.14,6.32,0,0,0.00,0.00,0.00,0.00,0.00,
2026-07-22 16:30,KXBTC15M-26JUL221230-30,66104.03,0,odds 99c above 79c cap,no,,65929.91,26.34,0,0,0.00,0.00,0.00,0.00,0.00,
2026-07-22 16:45,KXBTC15M-26JUL221245-45,66009.29,0,no quote on chosen side at decision time,yes,,66261.25,38.17,0,0,0.00,0.00,0.00,0.00,0.00,
2026-07-22 17:00,KXBTC15M-26JUL221300-00,66266.28,0,odds 99c above 79c cap,no,,66181.53,12.79,0,0,0.00,0.00,0.00,0.00,0.00,
2026-07-22 17:15,KXBTC15M-26JUL221315-15,66207.69,1,,no,71,66174.67,4.99,0,7,4.97,0.11,7.00,2.03,1.92,1
2026-07-22 17:30,KXBTC15M-26JUL221330-30,66152.85,0,odds 98c above 79c cap,no,,65991.25,24.43,0,0,0.00,0.00,0.00,0.00,0.00,
2026-07-22 17:45,KXBTC15M-26JUL221345-45,65978.34,0,odds 99c above 79c cap,yes,,66117.36,21.07,0,0,0.00,0.00,0.00,0.00,0.00,
2026-07-22 18:00,KXBTC15M-26JUL221400-00,66149.77,0,odds 99c above 79c cap,no,,66034.85,17.37,0,0,0.00,0.00,0.00,0.00,0.00,
2026-07-22 18:15,KXBTC15M-26JUL221415-15,66002.67,1,,no,74,65984.30,2.78,0,6,4.44,0.09,6.00,1.56,1.47,1
2026-07-22 19:00,KXBTC15M-26JUL221500-00,65748.21,0,odds 99c above 79c cap,yes,,65882.45,20.42,0,0,0.00,0.00,0.00,0.00,0.00,
2026-07-22 19:15,KXBTC15M-26JUL221515-15,65868.82,0,odds 99c above 79c cap,no,,65758.83,16.70,0,0,0.00,0.00,0.00,0.00,0.00,
2026-07-22 19:30,KXBTC15M-26JUL221530-30,65718.57,0,odds 99c above 79c cap,yes,,65846.16,19.41,0,0,0.00,0.00,0.00,0.00,0.00,
2026-07-22 19:45,KXBTC15M-26JUL221545-45,65881.45,0,odds 57c not above 60c,no,,65860.32,3.21,0,0,0.00,0.00,0.00,0.00,0.00,
2026-07-22 20:00,KXBTC15M-26JUL221600-00,65841.71,1,,yes,65,65877.28,5.40,0,7,4.55,0.12,7.00,2.45,2.33,1
2026-07-22 20:15,KXBTC15M-26JUL221615-15,65911.80,0,no quote on chosen side at decision time,no,,65799.38,17.06,0,0,0.00,0.00,0.00,0.00,0.00,
2026-07-22 20:30,KXBTC15M-26JUL221630-30,65877.55,1,,yes,78,65931.85,8.24,0,6,4.68,0.08,6.00,1.32,1.24,1
2026-07-22 20:45,KXBTC15M-26JUL221645-45,65902.15,0,odds 46c not above 60c,no,,65896.84,0.81,0,0,0.00,0.00,0.00,0.00,0.00,
2026-07-22 21:00,KXBTC15M-26JUL221700-00,65916.00,1,,no,78,65897.41,2.82,0,6,4.68,0.08,6.00,1.32,1.24,1
2026-07-22 21:15,KXBTC15M-26JUL221715-15,65888.27,1,,yes,64,65899.67,1.73,0,7,4.48,0.12,7.00,2.52,2.40,1
2026-07-22 21:30,KXBTC15M-26JUL221730-30,65896.38,1,,no,65,65866.32,4.56,0,7,4.55,0.12,7.00,2.45,2.33,1
2026-07-22 21:45,KXBTC15M-26JUL221745-45,65883.31,0,odds 99c above 79c cap,yes,,66049.39,25.21,0,0,0.00,0.00,0.00,0.00,0.00,
2026-07-22 22:00,KXBTC15M-26JUL221800-00,66088.35,0,odds 93c above 79c cap,no,,66028.26,9.09,0,0,0.00,0.00,0.00,0.00,0.00,
2026-07-22 22:15,KXBTC15M-26JUL221815-15,66031.84,0,odds 94c above 79c cap,no,,65980.48,7.78,0,0,0.00,0.00,0.00,0.00,0.00,
2026-07-22 22:30,KXBTC15M-26JUL221830-30,65983.86,0,odds 37c not above 60c,yes,,65990.66,1.03,0,0,0.00,0.00,0.00,0.00,0.00,
2026-07-22 22:45,KXBTC15M-26JUL221845-45,65996.77,0,odds 98c above 79c cap,no,,65910.65,13.05,0,0,0.00,0.00,0.00,0.00,0.00,
2026-07-22 23:00,KXBTC15M-26JUL221900-00,65931.12,0,odds 99c above 79c cap,yes,,65997.89,10.13,0,0,0.00,0.00,0.00,0.00,0.00,
2026-07-22 23:15,KXBTC15M-26JUL221915-15,66007.36,0,odds 87c above 79c cap,yes,,66034.50,4.11,0,0,0.00,0.00,0.00,0.00,0.00,
2026-07-22 23:30,KXBTC15M-26JUL221930-30,65877.21,0,odds 96c above 79c cap,yes,,65930.80,8.13,0,0,0.00,0.00,0.00,0.00,0.00,
2026-07-22 23:45,KXBTC15M-26JUL221945-45,65958.67,0,odds 43c not above 60c,yes,,65967.06,1.27,0,0,0.00,0.00,0.00,0.00,0.00,
2026-07-23 00:00,KXBTC15M-26JUL222000-00,65955.64,0,odds 98c above 79c cap,yes,,66020.92,9.90,0,0,0.00,0.00,0.00,0.00,0.00,
2026-07-23 00:15,KXBTC15M-26JUL222015-15,66086.19,0,odds 97c above 79c cap,yes,,66169.84,12.66,0,0,0.00,0.00,0.00,0.00,0.00,
2026-07-23 00:30,KXBTC15M-26JUL222030-30,66156.82,0,odds 98c above 79c cap,yes,,66247.45,13.70,0,0,0.00,0.00,0.00,0.00,0.00,
2026-07-23 00:45,KXBTC15M-26JUL222045-45,66227.57,0,odds 95c above 79c cap,no,,66163.23,9.71,0,0,0.00,0.00,0.00,0.00,0.00,
2026-07-23 01:00,KXBTC15M-26JUL222100-00,66137.13,0,odds 91c above 79c cap,no,,66048.41,13.41,0,0,0.00,0.00,0.00,0.00,0.00,
2026-07-23 01:15,KXBTC15M-26JUL222115-15,66039.16,1,,no,75,66019.46,2.98,0,6,4.50,0.08,6.00,1.50,1.42,1
2026-07-23 01:30,KXBTC15M-26JUL222130-30,66010.86,0,odds 97c above 79c cap,no,,65898.57,17.01,0,0,0.00,0.00,0.00,0.00,0.00,
2026-07-23 01:45,KXBTC15M-26JUL222145-45,65906.24,0,odds 99c above 79c cap,no,,65749.31,23.81,0,0,0.00,0.00,0.00,0.00,0.00,
2026-07-23 02:00,KXBTC15M-26JUL222200-00,65770.64,0,odds 94c above 79c cap,yes,,65826.02,8.42,0,0,0.00,0.00,0.00,0.00,0.00,
2026-07-23 02:15,KXBTC15M-26JUL222215-15,65803.55,1,,no,67,65797.88,0.86,0,7,4.69,0.11,7.00,2.31,2.20,1
2026-07-23 02:30,KXBTC15M-26JUL222230-30,65738.41,1,,no,79,65677.11,9.32,0,6,4.74,0.07,6.00,1.26,1.19,1
2026-07-23 02:45,KXBTC15M-26JUL222245-45,65718.69,0,odds 26c not above 60c,no,,65718.22,0.07,0,0,0.00,0.00,0.00,0.00,0.00,
2026-07-23 03:00,KXBTC15M-26JUL222300-00,65744.55,0,odds 59c not above 60c,yes,,65767.45,3.48,0,0,0.00,0.00,0.00,0.00,0.00,
2026-07-23 03:15,KXBTC15M-26JUL222315-15,65776.62,0,odds 90c above 79c cap,no,,65672.89,15.77,0,0,0.00,0.00,0.00,0.00,0.00,
2026-07-23 03:30,KXBTC15M-26JUL222330-30,65601.78,0,odds 29c not above 60c,no,,65562.57,5.98,0,0,0.00,0.00,0.00,0.00,0.00,
2026-07-23 03:45,KXBTC15M-26JUL222345-45,65617.74,0,odds 93c above 79c cap,yes,,65660.79,6.56,0,0,0.00,0.00,0.00,0.00,0.00,
2026-07-23 04:00,KXBTC15M-26JUL230000-00,65656.47,0,odds 83c above 79c cap,no,,65613.04,6.61,0,0,0.00,0.00,0.00,0.00,0.00,
2026-07-23 04:15,KXBTC15M-26JUL230015-15,65624.32,0,odds 81c above 79c cap,no,,65605.95,2.80,0,0,0.00,0.00,0.00,0.00,0.00,
2026-07-23 04:30,KXBTC15M-26JUL230030-30,65634.81,0,odds 88c above 79c cap,yes,,65698.29,9.67,0,0,0.00,0.00,0.00,0.00,0.00,
2026-07-23 04:45,KXBTC15M-26JUL230045-45,65677.56,0,odds 97c above 79c cap,no,,65603.09,11.34,0,0,0.00,0.00,0.00,0.00,0.00,
2026-07-23 05:00,KXBTC15M-26JUL230100-00,65599.97,0,odds 80c above 79c cap,no,,65570.72,4.46,0,0,0.00,0.00,0.00,0.00,0.00,
2026-07-23 05:15,KXBTC15M-26JUL230115-15,65571.34,1,,yes,79,65581.91,1.61,0,6,4.74,0.07,6.00,1.26,1.19,1
2026-07-23 05:30,KXBTC15M-26JUL230130-30,65605.64,0,odds 53c not above 60c,yes,,65631.68,3.97,0,0,0.00,0.00,0.00,0.00,0.00,
2026-07-23 05:45,KXBTC15M-26JUL230145-45,65682.22,0,odds 51c not above 60c,yes,,65693.92,1.78,0,0,0.00,0.00,0.00,0.00,0.00,
2026-07-23 06:00,KXBTC15M-26JUL230200-00,65705.70,0,odds 99c above 79c cap,no,,65644.16,9.37,0,0,0.00,0.00,0.00,0.00,0.00,
2026-07-23 06:15,KXBTC15M-26JUL230215-15,65663.50,1,,no,79,65632.58,4.71,0,6,4.74,0.07,6.00,1.26,1.19,1
2026-07-23 06:30,KXBTC15M-26JUL230230-30,65640.07,0,odds 83c above 79c cap,no,,65636.60,0.53,0,0,0.00,0.00,0.00,0.00,0.00,
2026-07-23 06:45,KXBTC15M-26JUL230245-45,65711.35,0,odds 56c not above 60c,yes,,65721.13,1.49,0,0,0.00,0.00,0.00,0.00,0.00,
2026-07-23 09:15,KXBTC15M-26JUL230515-15,65618.74,0,odds 94c above 79c cap,yes,,65679.76,9.30,0,0,0.00,0.00,0.00,0.00,0.00,
2026-07-23 09:30,KXBTC15M-26JUL230530-30,65645.07,0,odds 83c above 79c cap,yes,,65687.14,6.41,0,0,0.00,0.00,0.00,0.00,0.00,
2026-07-23 09:45,KXBTC15M-26JUL230545-45,65696.60,0,odds 80c above 79c cap,no,,65672.48,3.67,0,0,0.00,0.00,0.00,0.00,0.00,
2026-07-23 10:00,KXBTC15M-26JUL230600-00,65693.68,0,odds 97c above 79c cap,no,,65644.61,7.47,0,0,0.00,0.00,0.00,0.00,0.00,
2026-07-23 10:15,KXBTC15M-26JUL230615-15,65601.09,0,odds 95c above 79c cap,yes,,65662.74,9.40,0,0,0.00,0.00,0.00,0.00,0.00,
2026-07-23 10:30,KXBTC15M-26JUL230630-30,65678.64,0,odds 57c not above 60c,yes,,65694.42,2.40,0,0,0.00,0.00,0.00,0.00,0.00,
2026-07-23 10:45,KXBTC15M-26JUL230645-45,65729.63,1,,yes,64,65743.40,2.09,0,7,4.48,0.12,7.00,2.52,2.40,1
2026-07-23 11:00,KXBTC15M-26JUL230700-00,65744.31,0,odds 95c above 79c cap,no,,65696.58,7.26,0,0,0.00,0.00,0.00,0.00,0.00,
2026-07-23 11:15,KXBTC15M-26JUL230715-15,65700.16,0,odds 98c above 79c cap,no,,65646.44,8.18,0,0,0.00,0.00,0.00,0.00,0.00,
2026-07-23 11:30,KXBTC15M-26JUL230730-30,65673.33,0,odds 97c above 79c cap,no,,65611.43,9.43,0,0,0.00,0.00,0.00,0.00,0.00,
2026-07-23 11:45,KXBTC15M-26JUL230745-45,65612.63,0,odds 97c above 79c cap,no,,65521.17,13.94,0,0,0.00,0.00,0.00,0.00,0.00,
2026-07-23 12:00,KXBTC15M-26JUL230800-00,65540.44,0,odds 39c not above 60c,no,,65531.31,1.39,0,0,0.00,0.00,0.00,0.00,0.00,
2026-07-23 12:15,KXBTC15M-26JUL230815-15,65536.37,0,odds 97c above 79c cap,no,,65434.57,15.53,0,0,0.00,0.00,0.00,0.00,0.00,
2026-07-23 12:30,KXBTC15M-26JUL230830-30,65493.59,0,odds 96c above 79c cap,no,,65400.79,14.17,0,0,0.00,0.00,0.00,0.00,0.00,
2026-07-23 12:45,KXBTC15M-26JUL230845-45,65401.49,0,no quote on chosen side at decision time,no,,65119.99,43.04,0,0,0.00,0.00,0.00,0.00,0.00,
2026-07-23 13:00,KXBTC15M-26JUL230900-00,65090.73,0,odds 97c above 79c cap,yes,,65181.31,13.92,0,0,0.00,0.00,0.00,0.00,0.00,
2026-07-23 13:15,KXBTC15M-26JUL230915-15,65115.65,0,odds 95c above 79c cap,no,,65009.21,16.35,0,0,0.00,0.00,0.00,0.00,0.00,
2026-07-23 13:30,KXBTC15M-26JUL230930-30,64986.58,0,odds 28c not above 60c,no,,64983.64,0.45,0,0,0.00,0.00,0.00,0.00,0.00,
2026-07-23 13:45,KXBTC15M-26JUL230945-45,64968.77,0,odds 50c not above 60c,yes,,64975.23,0.99,0,0,0.00,0.00,0.00,0.00,0.00,
2026-07-23 14:00,KXBTC15M-26JUL231000-00,65037.69,0,odds 50c not above 60c,no,,65032.46,0.80,0,0,0.00,0.00,0.00,0.00,0.00,
2026-07-23 14:15,KXBTC15M-26JUL231015-15,64869.16,0,odds 52c not above 60c,yes,,64922.95,8.29,0,0,0.00,0.00,0.00,0.00,0.00,
2026-07-23 14:30,KXBTC15M-26JUL231030-30,65015.59,0,odds 85c above 79c cap,yes,,65115.79,15.41,0,0,0.00,0.00,0.00,0.00,0.00,
2026-07-23 14:45,KXBTC15M-26JUL231045-45,65078.27,1,,yes,79,65092.65,2.21,0,6,4.74,0.07,0.00,-4.74,-4.81,0
2026-07-23 15:00,KXBTC15M-26JUL231100-00,64985.75,0,odds 98c above 79c cap,no,,64803.99,27.97,0,0,0.00,0.00,0.00,0.00,0.00,
2026-07-23 15:15,KXBTC15M-26JUL231115-15,64856.32,0,odds 89c above 79c cap,no,,64768.65,13.52,0,0,0.00,0.00,0.00,0.00,0.00,
2026-07-23 15:30,KXBTC15M-26JUL231130-30,64700.83,0,odds 99c above 79c cap,yes,,64873.53,26.69,0,0,0.00,0.00,0.00,0.00,0.00,
2026-07-23 15:45,KXBTC15M-26JUL231145-45,64823.58,0,odds 95c above 79c cap,yes,,64894.67,10.97,0,0,0.00,0.00,0.00,0.00,0.00,
2026-07-23 16:00,KXBTC15M-26JUL231200-00,64870.52,0,odds 86c above 79c cap,yes,,64938.01,10.40,0,0,0.00,0.00,0.00,0.00,0.00,
2026-07-23 16:15,KXBTC15M-26JUL231215-15,64912.46,0,odds 98c above 79c cap,no,,64798.76,17.52,0,0,0.00,0.00,0.00,0.00,0.00,
2026-07-23 16:30,KXBTC15M-26JUL231230-30,64820.74,0,odds 88c above 79c cap,no,,64754.87,10.16,0,0,0.00,0.00,0.00,0.00,0.00,
2026-07-23 16:45,KXBTC15M-26JUL231245-45,64761.87,1,,no,75,64694.38,10.42,0,6,4.50,0.08,6.00,1.50,1.42,1
2026-07-23 17:00,KXBTC15M-26JUL231300-00,64696.61,1,,yes,65,64721.91,3.91,0,7,4.55,0.12,7.00,2.45,2.33,1
2026-07-23 17:15,KXBTC15M-26JUL231315-15,64737.27,1,,no,61,64725.31,1.85,0,8,4.88,0.14,8.00,3.12,2.98,1
2026-07-23 17:30,KXBTC15M-26JUL231330-30,64693.65,0,odds 98c above 79c cap,yes,,64765.36,11.08,0,0,0.00,0.00,0.00,0.00,0.00,
2026-07-23 17:45,KXBTC15M-26JUL231345-45,64800.42,0,odds 93c above 79c cap,no,,64747.87,8.11,0,0,0.00,0.00,0.00,0.00,0.00,
2026-07-23 18:00,KXBTC15M-26JUL231400-00,64773.49,1,,no,76,64732.61,6.31,0,6,4.56,0.08,6.00,1.44,1.36,1
2026-07-23 18:15,KXBTC15M-26JUL231415-15,64620.86,0,odds 99c above 79c cap,yes,,64701.34,12.45,0,0,0.00,0.00,0.00,0.00,0.00,
2026-07-23 18:30,KXBTC15M-26JUL231430-30,64685.31,0,odds 43c not above 60c,no,,64685.03,0.04,0,0,0.00,0.00,0.00,0.00,0.00,
2026-07-23 18:45,KXBTC15M-26JUL231445-45,64752.63,1,,yes,61,64768.23,2.41,0,8,4.88,0.14,8.00,3.12,2.98,1
2026-07-23 19:00,KXBTC15M-26JUL231500-00,64758.53,0,odds 92c above 79c cap,yes,,64849.39,14.03,0,0,0.00,0.00,0.00,0.00,0.00,
2026-07-23 19:15,KXBTC15M-26JUL231515-15,64807.79,0,odds 28c not above 60c,no,,64796.76,1.70,0,0,0.00,0.00,0.00,0.00,0.00,
2026-07-23 19:30,KXBTC15M-26JUL231530-30,64742.06,0,odds 94c above 79c cap,yes,,64817.29,11.62,0,0,0.00,0.00,0.00,0.00,0.00,
2026-07-23 19:45,KXBTC15M-26JUL231545-45,64833.75,0,odds 96c above 79c cap,no,,64745.22,13.65,0,0,0.00,0.00,0.00,0.00,0.00,
2026-07-23 20:00,KXBTC15M-26JUL231600-00,64703.10,0,odds 80c above 79c cap,no,,64701.98,0.17,0,0,0.00,0.00,0.00,0.00,0.00,
2026-07-23 20:15,KXBTC15M-26JUL231615-15,64791.74,0,odds 99c above 79c cap,yes,,64972.03,27.83,0,0,0.00,0.00,0.00,0.00,0.00,
2026-07-23 20:30,KXBTC15M-26JUL231630-30,64994.56,0,odds 97c above 79c cap,yes,,65079.99,13.14,0,0,0.00,0.00,0.00,0.00,0.00,
2026-07-23 20:45,KXBTC15M-26JUL231645-45,65124.54,0,odds 93c above 79c cap,no,,65063.04,9.44,0,0,0.00,0.00,0.00,0.00,0.00,
2026-07-23 21:00,KXBTC15M-26JUL231700-00,65084.53,1,,yes,62,65101.99,2.68,0,8,4.96,0.14,8.00,3.04,2.90,1
2026-07-23 21:15,KXBTC15M-26JUL231715-15,65099.79,0,odds 95c above 79c cap,no,,65025.64,11.39,0,0,0.00,0.00,0.00,0.00,0.00,
2026-07-23 21:30,KXBTC15M-26JUL231730-30,65007.10,1,,yes,78,65052.55,6.99,0,6,4.68,0.08,6.00,1.32,1.24,1
2026-07-23 21:45,KXBTC15M-26JUL231745-45,65074.35,0,odds 90c above 79c cap,no,,65052.54,3.35,0,0,0.00,0.00,0.00,0.00,0.00,
2026-07-23 22:00,KXBTC15M-26JUL231800-00,65049.56,0,odds 92c above 79c cap,yes,,65091.89,6.51,0,0,0.00,0.00,0.00,0.00,0.00,
2026-07-23 22:15,KXBTC15M-26JUL231815-15,65105.92,0,odds 34c not above 60c,no,,65046.48,9.13,0,0,0.00,0.00,0.00,0.00,0.00,
2026-07-23 22:30,KXBTC15M-26JUL231830-30,65050.02,0,odds 92c above 79c cap,yes,,65138.36,13.58,0,0,0.00,0.00,0.00,0.00,0.00,
2026-07-23 22:45,KXBTC15M-26JUL231845-45,65108.79,0,odds 97c above 79c cap,yes,,65134.92,4.01,0,0,0.00,0.00,0.00,0.00,0.00,
2026-07-23 23:00,KXBTC15M-26JUL231900-00,65169.64,0,odds 96c above 79c cap,no,,65138.55,4.77,0,0,0.00,0.00,0.00,0.00,0.00,
2026-07-23 23:15,KXBTC15M-26JUL231915-15,65148.85,1,,no,73,65127.36,3.30,0,6,4.38,0.09,6.00,1.62,1.53,1
2026-07-23 23:30,KXBTC15M-26JUL231930-30,65134.31,0,odds 59c not above 60c,no,,65127.83,0.99,0,0,0.00,0.00,0.00,0.00,0.00,
2026-07-23 23:45,KXBTC15M-26JUL231945-45,65121.17,0,odds 17c not above 60c,no,,65105.88,2.35,0,0,0.00,0.00,0.00,0.00,0.00,
2026-07-24 00:00,KXBTC15M-26JUL232000-00,65127.43,0,odds 99c above 79c cap,no,,65013.56,17.48,0,0,0.00,0.00,0.00,0.00,0.00,
2026-07-24 00:15,KXBTC15M-26JUL232015-15,65054.34,0,odds 99c above 79c cap,no,,64859.99,29.88,0,0,0.00,0.00,0.00,0.00,0.00,
2026-07-24 00:30,KXBTC15M-26JUL232030-30,64889.62,0,odds 23c not above 60c,no,,64861.04,4.40,0,0,0.00,0.00,0.00,0.00,0.00,
2026-07-24 00:45,KXBTC15M-26JUL232045-45,64839.26,0,odds 96c above 79c cap,no,,64726.90,17.33,0,0,0.00,0.00,0.00,0.00,0.00,
2026-07-24 01:00,KXBTC15M-26JUL232100-00,64809.04,0,odds 95c above 79c cap,yes,,64874.46,10.09,0,0,0.00,0.00,0.00,0.00,0.00,
2026-07-24 01:15,KXBTC15M-26JUL232115-15,64924.15,0,odds 99c above 79c cap,yes,,65019.97,14.76,0,0,0.00,0.00,0.00,0.00,0.00,
2026-07-24 01:30,KXBTC15M-26JUL232130-30,65003.84,0,odds 40c not above 60c,yes,,65036.00,4.95,0,0,0.00,0.00,0.00,0.00,0.00,
2026-07-24 01:45,KXBTC15M-26JUL232145-45,65045.16,0,odds 85c above 79c cap,yes,,65093.98,7.51,0,0,0.00,0.00,0.00,0.00,0.00,
2026-07-24 02:00,KXBTC15M-26JUL232200-00,65068.14,1,,no,65,65036.63,4.84,0,7,4.55,0.12,7.00,2.45,2.33,1
2026-07-24 02:15,KXBTC15M-26JUL232215-15,65039.49,0,odds 87c above 79c cap,yes,,65078.54,6.00,0,0,0.00,0.00,0.00,0.00,0.00,
2026-07-24 02:30,KXBTC15M-26JUL232230-30,65122.78,1,,no,71,65107.67,2.32,0,7,4.97,0.11,7.00,2.03,1.92,1
2026-07-24 02:45,KXBTC15M-26JUL232245-45,65088.12,0,odds 99c above 79c cap,no,,65002.06,13.22,0,0,0.00,0.00,0.00,0.00,0.00,
2026-07-24 03:00,KXBTC15M-26JUL232300-00,65012.14,0,odds 87c above 79c cap,no,,64976.99,5.41,0,0,0.00,0.00,0.00,0.00,0.00,
2026-07-24 03:15,KXBTC15M-26JUL232315-15,65057.99,0,odds 98c above 79c cap,yes,,65216.03,24.29,0,0,0.00,0.00,0.00,0.00,0.00,
2026-07-24 03:30,KXBTC15M-26JUL232330-30,65266.32,0,odds 53c not above 60c,yes,,65282.61,2.50,0,0,0.00,0.00,0.00,0.00,0.00,
2026-07-24 03:45,KXBTC15M-26JUL232345-45,65290.34,0,odds 83c above 79c cap,no,,65281.30,1.38,0,0,0.00,0.00,0.00,0.00,0.00,
2026-07-24 04:00,KXBTC15M-26JUL240000-00,65351.51,1,,yes,71,65380.52,4.44,0,7,4.97,0.11,7.00,2.03,1.92,1
2026-07-24 04:15,KXBTC15M-26JUL240015-15,65407.99,0,odds 90c above 79c cap,no,,65341.99,10.09,0,0,0.00,0.00,0.00,0.00,0.00,
2026-07-24 04:30,KXBTC15M-26JUL240030-30,65349.84,1,,yes,63,65374.37,3.75,0,7,4.41,0.12,7.00,2.59,2.47,1
2026-07-24 04:45,KXBTC15M-26JUL240045-45,65371.58,0,odds 98c above 79c cap,no,,65259.28,17.18,0,0,0.00,0.00,0.00,0.00,0.00,
2026-07-24 05:00,KXBTC15M-26JUL240100-00,65291.13,0,odds 89c above 79c cap,no,,65251.08,6.13,0,0,0.00,0.00,0.00,0.00,0.00,
2026-07-24 05:15,KXBTC15M-26JUL240115-15,65237.70,0,odds 96c above 79c cap,yes,,65304.03,10.17,0,0,0.00,0.00,0.00,0.00,0.00,
2026-07-24 05:30,KXBTC15M-26JUL240130-30,65309.19,0,odds 53c not above 60c,no,,65279.46,4.55,0,0,0.00,0.00,0.00,0.00,0.00,
2026-07-24 05:45,KXBTC15M-26JUL240145-45,65286.98,0,odds 98c above 79c cap,no,,65218.54,10.48,0,0,0.00,0.00,0.00,0.00,0.00,
2026-07-24 06:00,KXBTC15M-26JUL240200-00,65250.67,0,odds 34c not above 60c,no,,65237.04,2.09,0,0,0.00,0.00,0.00,0.00,0.00,
2026-07-24 06:15,KXBTC15M-26JUL240215-15,65252.20,0,odds 80c above 79c cap,yes,,65286.76,5.30,0,0,0.00,0.00,0.00,0.00,0.00,
2026-07-24 06:30,KXBTC15M-26JUL240230-30,65312.41,0,odds 98c above 79c cap,yes,,65419.55,16.40,0,0,0.00,0.00,0.00,0.00,0.00,
2026-07-24 06:45,KXBTC15M-26JUL240245-45,65383.32,0,odds 94c above 79c cap,yes,,65427.73,6.79,0,0,0.00,0.00,0.00,0.00,0.00,
2026-07-24 07:00,KXBTC15M-26JUL240300-00,65418.15,1,,no,66,65381.08,5.67,0,7,4.62,0.11,0.00,-4.62,-4.73,0
2026-07-24 07:15,KXBTC15M-26JUL240315-15,65423.19,0,odds 99c above 79c cap,yes,,65661.61,36.44,0,0,0.00,0.00,0.00,0.00,0.00,
2026-07-24 07:30,KXBTC15M-26JUL240330-30,65710.40,0,odds 99c above 79c cap,no,,65610.00,15.28,0,0,0.00,0.00,0.00,0.00,0.00,
2026-07-24 07:45,KXBTC15M-26JUL240345-45,65591.26,0,odds 99c above 79c cap,no,,65402.05,28.85,0,0,0.00,0.00,0.00,0.00,0.00,
2026-07-24 08:00,KXBTC15M-26JUL240400-00,65338.06,0,odds 98c above 79c cap,yes,,65451.07,17.30,0,0,0.00,0.00,0.00,0.00,0.00,
2026-07-24 08:15,KXBTC15M-26JUL240415-15,65457.51,1,,no,65,65423.05,5.26,0,7,4.55,0.12,7.00,2.45,2.33,1
2026-07-24 08:30,KXBTC15M-26JUL240430-30,65407.96,0,odds 98c above 79c cap,no,,65265.99,21.71,0,0,0.00,0.00,0.00,0.00,0.00,
2026-07-24 08:45,KXBTC15M-26JUL240445-45,65345.54,0,odds 96c above 79c cap,yes,,65401.18,8.51,0,0,0.00,0.00,0.00,0.00,0.00,
2026-07-24 09:00,KXBTC15M-26JUL240500-00,65396.06,0,odds 99c above 79c cap,no,,65276.97,18.21,0,0,0.00,0.00,0.00,0.00,0.00,
2026-07-24 09:15,KXBTC15M-26JUL240515-15,65270.30,0,no quote on chosen side at decision time,no,,65063.70,31.65,0,0,0.00,0.00,0.00,0.00,0.00,
2026-07-24 09:30,KXBTC15M-26JUL240530-30,65018.80,0,odds 98c above 79c cap,no,,64961.05,8.88,0,0,0.00,0.00,0.00,0.00,0.00,
2026-07-24 09:45,KXBTC15M-26JUL240545-45,64931.73,0,odds 95c above 79c cap,yes,,65022.24,13.94,0,0,0.00,0.00,0.00,0.00,0.00,
2026-07-24 10:00,KXBTC15M-26JUL240600-00,65043.34,0,odds 91c above 79c cap,yes,,65076.37,5.08,0,0,0.00,0.00,0.00,0.00,0.00,
2026-07-24 10:15,KXBTC15M-26JUL240615-15,65067.58,0,odds 96c above 79c cap,no,,65024.46,6.63,0,0,0.00,0.00,0.00,0.00,0.00,
2026-07-24 10:30,KXBTC15M-26JUL240630-30,64966.05,0,odds 46c not above 60c,no,,64955.83,1.57,0,0,0.00,0.00,0.00,0.00,0.00,
2026-07-24 10:45,KXBTC15M-26JUL240645-45,64973.29,0,odds 60c not above 60c,no,,64962.11,1.72,0,0,0.00,0.00,0.00,0.00,0.00,
2026-07-24 11:00,KXBTC15M-26JUL240700-00,64984.30,0,odds 98c above 79c cap,no,,64872.80,17.16,0,0,0.00,0.00,0.00,0.00,0.00,
2026-07-24 11:15,KXBTC15M-26JUL240715-15,64907.76,0,odds 80c above 79c cap,yes,,64930.70,3.53,0,0,0.00,0.00,0.00,0.00,0.00,
2026-07-24 11:30,KXBTC15M-26JUL240730-30,64961.65,0,odds 90c above 79c cap,yes,,64979.24,2.71,0,0,0.00,0.00,0.00,0.00,0.00,
2026-07-24 11:45,KXBTC15M-26JUL240745-45,64995.71,0,odds 85c above 79c cap,no,,64934.74,9.38,0,0,0.00,0.00,0.00,0.00,0.00,
2026-07-24 12:00,KXBTC15M-26JUL240800-00,64919.57,0,odds 98c above 79c cap,yes,,64985.61,10.17,0,0,0.00,0.00,0.00,0.00,0.00,
2026-07-24 12:15,KXBTC15M-26JUL240815-15,65032.26,0,odds 48c not above 60c,no,,65027.61,0.72,0,0,0.00,0.00,0.00,0.00,0.00,
2026-07-24 12:30,KXBTC15M-26JUL240830-30,65024.49,0,odds 84c above 79c cap,yes,,65042.72,2.80,0,0,0.00,0.00,0.00,0.00,0.00,
2026-07-24 12:45,KXBTC15M-26JUL240845-45,64988.01,1,,no,64,64956.63,4.83,0,7,4.48,0.12,7.00,2.52,2.40,1
2026-07-24 13:00,KXBTC15M-26JUL240900-00,64885.79,0,odds 96c above 79c cap,no,,64823.27,9.64,0,0,0.00,0.00,0.00,0.00,0.00,
2026-07-24 13:15,KXBTC15M-26JUL240915-15,64729.55,0,odds 99c above 79c cap,no,,64368.69,55.75,0,0,0.00,0.00,0.00,0.00,0.00,
2026-07-24 13:30,KXBTC15M-26JUL240930-30,64316.87,1,,yes,65,64333.30,2.55,0,7,4.55,0.12,7.00,2.45,2.33,1
2026-07-24 13:45,KXBTC15M-26JUL240945-45,64330.69,0,odds 90c above 79c cap,no,,64213.92,18.15,0,0,0.00,0.00,0.00,0.00,0.00,
2026-07-24 14:00,KXBTC15M-26JUL241000-00,64328.10,0,odds 99c above 79c cap,no,,63865.93,71.85,0,0,0.00,0.00,0.00,0.00,0.00,
2026-07-24 14:15,KXBTC15M-26JUL241015-15,64049.14,1,,yes,78,64129.57,12.56,0,6,4.68,0.08,0.00,-4.68,-4.76,0
2026-07-24 14:30,KXBTC15M-26JUL241030-30,63951.02,0,odds 98c above 79c cap,no,,63687.48,41.21,0,0,0.00,0.00,0.00,0.00,0.00,
2026-07-24 14:45,KXBTC15M-26JUL241045-45,63777.92,1,,no,64,63771.09,1.07,0,7,4.48,0.12,7.00,2.52,2.40,1
2026-07-24 15:00,KXBTC15M-26JUL241100-00,63766.40,0,odds 92c above 79c cap,yes,,63872.28,16.60,0,0,0.00,0.00,0.00,0.00,0.00,
2026-07-24 15:15,KXBTC15M-26JUL241115-15,63975.66,0,odds 4c not above 60c,yes,,63993.49,2.79,0,0,0.00,0.00,0.00,0.00,0.00,
2026-07-24 15:30,KXBTC15M-26JUL241130-30,64028.26,0,odds 57c not above 60c,yes,,64055.18,4.20,0,0,0.00,0.00,0.00,0.00,0.00,
2026-07-24 15:45,KXBTC15M-26JUL241145-45,64058.65,0,odds 99c above 79c cap,yes,,64238.09,28.01,0,0,0.00,0.00,0.00,0.00,0.00,
2026-07-24 16:00,KXBTC15M-26JUL241200-00,64141.80,0,odds 86c above 79c cap,no,,64106.56,5.49,0,0,0.00,0.00,0.00,0.00,0.00,
2026-07-24 16:15,KXBTC15M-26JUL241215-15,64066.39,1,,yes,69,64138.12,11.20,0,7,4.83,0.11,7.00,2.17,2.06,1
2026-07-24 16:30,KXBTC15M-26JUL241230-30,64082.49,0,odds 50c not above 60c,yes,,64093.24,1.68,0,0,0.00,0.00,0.00,0.00,0.00,
2026-07-24 16:45,KXBTC15M-26JUL241245-45,64045.71,0,odds 96c above 79c cap,no,,63920.75,19.51,0,0,0.00,0.00,0.00,0.00,0.00,
2026-07-24 17:00,KXBTC15M-26JUL241300-00,63889.77,1,,no,64,63887.80,0.31,0,7,4.48,0.12,0.00,-4.48,-4.60,0
2026-07-24 17:15,KXBTC15M-26JUL241315-15,63924.96,0,odds 83c above 79c cap,no,,63856.55,10.70,0,0,0.00,0.00,0.00,0.00,0.00,
2026-07-24 17:30,KXBTC15M-26JUL241330-30,63896.93,0,odds 99c above 79c cap,yes,,64074.54,27.80,0,0,0.00,0.00,0.00,0.00,0.00,
2026-07-24 17:45,KXBTC15M-26JUL241345-45,64068.43,1,,yes,73,64094.93,4.14,0,6,4.38,0.09,6.00,1.62,1.53,1
2026-07-24 18:00,KXBTC15M-26JUL241400-00,64109.57,1,,no,73,64101.79,1.21,0,6,4.38,0.09,0.00,-4.38,-4.47,0
2026-07-24 18:15,KXBTC15M-26JUL241415-15,64122.25,1,,no,66,64108.13,2.20,0,7,4.62,0.11,0.00,-4.62,-4.73,0
2026-07-24 18:30,KXBTC15M-26JUL241430-30,64138.52,0,odds 88c above 79c cap,no,,64106.85,4.94,0,0,0.00,0.00,0.00,0.00,0.00,
2026-07-24 18:45,KXBTC15M-26JUL241445-45,64084.73,1,,yes,79,64087.93,0.50,0,6,4.74,0.07,6.00,1.26,1.19,1
2026-07-24 19:00,KXBTC15M-26JUL241500-00,64111.29,0,odds 99c above 79c cap,yes,,64217.79,16.61,0,0,0.00,0.00,0.00,0.00,0.00,
2026-07-24 19:15,KXBTC15M-26JUL241515-15,64213.36,0,odds 99c above 79c cap,no,,64089.86,19.23,0,0,0.00,0.00,0.00,0.00,0.00,
2026-07-24 19:30,KXBTC15M-26JUL241530-30,64102.43,0,odds 89c above 79c cap,yes,,64132.51,4.69,0,0,0.00,0.00,0.00,0.00,0.00,
2026-07-24 19:45,KXBTC15M-26JUL241545-45,64156.46,0,odds 90c above 79c cap,yes,,64189.83,5.20,0,0,0.00,0.00,0.00,0.00,0.00,
2026-07-24 20:00,KXBTC15M-26JUL241600-00,64194.25,0,odds 85c above 79c cap,no,,64137.52,8.84,0,0,0.00,0.00,0.00,0.00,0.00,
2026-07-24 20:15,KXBTC15M-26JUL241615-15,64161.04,0,odds 80c above 79c cap,no,,64135.99,3.90,0,0,0.00,0.00,0.00,0.00,0.00,
2026-07-24 20:30,KXBTC15M-26JUL241630-30,64148.70,0,odds 94c above 79c cap,yes,,64201.20,8.18,0,0,0.00,0.00,0.00,0.00,0.00,
2026-07-24 20:45,KXBTC15M-26JUL241645-45,64182.23,1,,no,79,64143.30,6.07,0,6,4.74,0.07,6.00,1.26,1.19,1
2026-07-24 21:00,KXBTC15M-26JUL241700-00,64122.69,1,,no,62,64102.71,3.12,0,8,4.96,0.14,8.00,3.04,2.90,1
2026-07-24 21:15,KXBTC15M-26JUL241715-15,64106.33,0,odds 34c not above 60c,no,,64092.35,2.18,0,0,0.00,0.00,0.00,0.00,0.00,
2026-07-24 21:30,KXBTC15M-26JUL241730-30,64090.06,0,odds 87c above 79c cap,yes,,64118.01,4.36,0,0,0.00,0.00,0.00,0.00,0.00,
2026-07-24 21:45,KXBTC15M-26JUL241745-45,64099.74,1,,yes,65,64109.10,1.46,0,7,4.55,0.12,7.00,2.45,2.33,1
2026-07-24 22:00,KXBTC15M-26JUL241800-00,64100.25,1,,no,63,64085.25,2.34,0,7,4.41,0.12,7.00,2.59,2.47,1
2026-07-24 22:15,KXBTC15M-26JUL241815-15,64077.36,1,,yes,78,64110.64,5.19,0,6,4.68,0.08,6.00,1.32,1.24,1
2026-07-24 22:30,KXBTC15M-26JUL241830-30,64088.00,0,odds 86c above 79c cap,yes,,64093.36,0.84,0,0,0.00,0.00,0.00,0.00,0.00,
2026-07-24 22:45,KXBTC15M-26JUL241845-45,64107.84,0,odds 88c above 79c cap,yes,,64149.99,6.57,0,0,0.00,0.00,0.00,0.00,0.00,
2026-07-24 23:00,KXBTC15M-26JUL241900-00,64140.70,0,odds 95c above 79c cap,no,,64110.90,4.65,0,0,0.00,0.00,0.00,0.00,0.00,
2026-07-24 23:15,KXBTC15M-26JUL241915-15,64106.87,0,odds 57c not above 60c,no,,64099.95,1.08,0,0,0.00,0.00,0.00,0.00,0.00,
2026-07-24 23:30,KXBTC15M-26JUL241930-30,64105.08,0,odds 37c not above 60c,no,,64100.53,0.71,0,0,0.00,0.00,0.00,0.00,0.00,
2026-07-24 23:45,KXBTC15M-26JUL241945-45,64112.47,0,odds 45c not above 60c,no,,64095.31,2.68,0,0,0.00,0.00,0.00,0.00,0.00,
2026-07-25 00:00,KXBTC15M-26JUL242000-00,64115.86,0,odds 92c above 79c cap,no,,64092.80,3.60,0,0,0.00,0.00,0.00,0.00,0.00,
2026-07-25 00:15,KXBTC15M-26JUL242015-15,64095.68,1,,no,64,64085.48,1.59,0,7,4.48,0.12,7.00,2.52,2.40,1
2026-07-25 00:30,KXBTC15M-26JUL242030-30,64090.76,0,odds 80c above 79c cap,yes,,64099.74,1.40,0,0,0.00,0.00,0.00,0.00,0.00,
2026-07-25 00:45,KXBTC15M-26JUL242045-45,64105.11,1,,no,73,64083.51,3.37,0,6,4.38,0.09,6.00,1.62,1.53,1
2026-07-25 01:00,KXBTC15M-26JUL242100-00,64051.54,0,odds 90c above 79c cap,no,,64026.67,3.88,0,0,0.00,0.00,0.00,0.00,0.00,
2026-07-25 01:15,KXBTC15M-26JUL242115-15,64008.72,0,odds 59c not above 60c,no,,63982.84,4.04,0,0,0.00,0.00,0.00,0.00,0.00,
2026-07-25 01:30,KXBTC15M-26JUL242130-30,63964.70,0,odds 51c not above 60c,no,,63961.50,0.50,0,0,0.00,0.00,0.00,0.00,0.00,
2026-07-25 01:45,KXBTC15M-26JUL242145-45,64003.97,1,,yes,63,64033.97,4.69,0,7,4.41,0.12,7.00,2.59,2.47,1
2026-07-25 02:00,KXBTC15M-26JUL242200-00,64060.64,0,odds 90c above 79c cap,no,,64033.24,4.28,0,0,0.00,0.00,0.00,0.00,0.00,
2026-07-25 02:15,KXBTC15M-26JUL242215-15,64009.13,0,odds 85c above 79c cap,yes,,64023.22,2.20,0,0,0.00,0.00,0.00,0.00,0.00,
2026-07-25 02:30,KXBTC15M-26JUL242230-30,64012.96,0,odds 94c above 79c cap,no,,63971.27,6.51,0,0,0.00,0.00,0.00,0.00,0.00,
2026-07-25 02:45,KXBTC15M-26JUL242245-45,63995.82,0,odds 57c not above 60c,no,,63990.51,0.83,0,0,0.00,0.00,0.00,0.00,0.00,
2026-07-25 03:00,KXBTC15M-26JUL242300-00,63993.35,1,,no,70,63963.93,4.60,0,7,4.90,0.11,7.00,2.10,1.99,1
2026-07-25 03:15,KXBTC15M-26JUL242315-15,63968.14,0,odds 88c above 79c cap,yes,,63982.23,2.20,0,0,0.00,0.00,0.00,0.00,0.00,
2026-07-25 03:30,KXBTC15M-26JUL242330-30,64010.31,0,odds 43c not above 60c,yes,,64022.01,1.83,0,0,0.00,0.00,0.00,0.00,0.00,
2026-07-25 03:45,KXBTC15M-26JUL242345-45,64018.68,1,,yes,65,64019.92,0.19,0,7,4.55,0.12,7.00,2.45,2.33,1
2026-07-25 04:00,KXBTC15M-26JUL250000-00,64031.46,0,odds 86c above 79c cap,no,,64006.03,3.97,0,0,0.00,0.00,0.00,0.00,0.00,
2026-07-25 04:15,KXBTC15M-26JUL250015-15,64026.58,0,odds 97c above 79c cap,yes,,64063.45,5.76,0,0,0.00,0.00,0.00,0.00,0.00,
2026-07-25 04:30,KXBTC15M-26JUL250030-30,64064.07,0,odds 93c above 79c cap,no,,64048.51,2.43,0,0,0.00,0.00,0.00,0.00,0.00,
2026-07-25 04:45,KXBTC15M-26JUL250045-45,64048.13,0,odds 94c above 79c cap,yes,,64073.99,4.04,0,0,0.00,0.00,0.00,0.00,0.00,
2026-07-25 05:00,KXBTC15M-26JUL250100-00,64122.27,0,odds 97c above 79c cap,no,,64091.65,4.78,0,0,0.00,0.00,0.00,0.00,0.00,
2026-07-25 05:15,KXBTC15M-26JUL250115-15,64102.10,0,odds 82c above 79c cap,yes,,64108.40,0.98,0,0,0.00,0.00,0.00,0.00,0.00,
2026-07-25 05:30,KXBTC15M-26JUL250130-30,64093.60,0,odds 54c not above 60c,no,,64090.00,0.56,0,0,0.00,0.00,0.00,0.00,0.00,
2026-07-25 05:45,KXBTC15M-26JUL250145-45,64086.52,0,odds 99c above 79c cap,no,,63967.67,18.55,0,0,0.00,0.00,0.00,0.00,0.00,
2026-07-25 06:00,KXBTC15M-26JUL250200-00,63981.10,0,odds 90c above 79c cap,no,,63955.21,4.05,0,0,0.00,0.00,0.00,0.00,0.00,
2026-07-25 06:15,KXBTC15M-26JUL250215-15,63961.97,0,odds 96c above 79c cap,yes,,63979.59,2.75,0,0,0.00,0.00,0.00,0.00,0.00,
2026-07-25 06:30,KXBTC15M-26JUL250230-30,63992.48,0,odds 98c above 79c cap,no,,63932.41,9.39,0,0,0.00,0.00,0.00,0.00,0.00,
2026-07-25 06:45,KXBTC15M-26JUL250245-45,63950.82,0,odds 17c not above 60c,no,,63949.12,0.27,0,0,0.00,0.00,0.00,0.00,0.00,
2026-07-25 07:00,KXBTC15M-26JUL250300-00,63935.02,0,odds 56c not above 60c,no,,63925.38,1.51,0,0,0.00,0.00,0.00,0.00,0.00,
2026-07-25 07:15,KXBTC15M-26JUL250315-15,63947.84,0,odds 58c not above 60c,yes,,63948.97,0.18,0,0,0.00,0.00,0.00,0.00,0.00,
2026-07-25 07:30,KXBTC15M-26JUL250330-30,63956.30,0,odds 50c not above 60c,yes,,63961.28,0.78,0,0,0.00,0.00,0.00,0.00,0.00,
2026-07-25 07:45,KXBTC15M-26JUL250345-45,63965.45,0,odds 20c not above 60c,no,,63964.83,0.10,0,0,0.00,0.00,0.00,0.00,0.00,
2026-07-25 08:00,KXBTC15M-26JUL250400-00,63966.33,1,,no,79,63965.92,0.06,0,6,4.74,0.07,0.00,-4.74,-4.81,0
2026-07-25 08:15,KXBTC15M-26JUL250415-15,63967.02,0,odds 98c above 79c cap,no,,63875.24,14.35,0,0,0.00,0.00,0.00,0.00,0.00,
2026-07-25 08:30,KXBTC15M-26JUL250430-30,63899.91,0,odds 87c above 79c cap,yes,,63920.78,3.27,0,0,0.00,0.00,0.00,0.00,0.00,
2026-07-25 08:45,KXBTC15M-26JUL250445-45,63937.74,0,odds 96c above 79c cap,no,,63909.80,4.37,0,0,0.00,0.00,0.00,0.00,0.00,
2026-07-25 09:00,KXBTC15M-26JUL250500-00,63900.49,0,odds 99c above 79c cap,no,,63764.99,21.20,0,0,0.00,0.00,0.00,0.00,0.00,
2026-07-25 09:15,KXBTC15M-26JUL250515-15,63806.86,0,odds 48c not above 60c,no,,63786.62,3.17,0,0,0.00,0.00,0.00,0.00,0.00,
2026-07-25 09:30,KXBTC15M-26JUL250530-30,63811.83,0,odds 98c above 79c cap,yes,,63859.58,7.48,0,0,0.00,0.00,0.00,0.00,0.00,
2026-07-25 09:45,KXBTC15M-26JUL250545-45,63880.81,0,odds 80c above 79c cap,no,,63872.81,1.25,0,0,0.00,0.00,0.00,0.00,0.00,
2026-07-25 10:00,KXBTC15M-26JUL250600-00,63880.05,0,odds 97c above 79c cap,yes,,63936.26,8.80,0,0,0.00,0.00,0.00,0.00,0.00,
2026-07-25 10:15,KXBTC15M-26JUL250615-15,63934.74,0,odds 91c above 79c cap,yes,,63959.24,3.83,0,0,0.00,0.00,0.00,0.00,0.00,
2026-07-25 10:30,KXBTC15M-26JUL250630-30,63976.95,1,,no,74,63967.48,1.48,0,6,4.44,0.09,6.00,1.56,1.47,1
2026-07-25 10:45,KXBTC15M-26JUL250645-45,63968.34,0,odds 90c above 79c cap,no,,63955.31,2.04,0,0,0.00,0.00,0.00,0.00,0.00,
2026-07-25 11:00,KXBTC15M-26JUL250700-00,63960.46,0,odds 85c above 79c cap,yes,,63974.98,2.27,0,0,0.00,0.00,0.00,0.00,0.00,
2026-07-25 11:15,KXBTC15M-26JUL250715-15,64002.37,1,,no,69,63984.44,2.80,0,7,4.83,0.11,0.00,-4.83,-4.94,0
2026-07-25 11:30,KXBTC15M-26JUL250730-30,64008.33,0,odds 25c not above 60c,no,,64005.94,0.37,0,0,0.00,0.00,0.00,0.00,0.00,
2026-07-25 11:45,KXBTC15M-26JUL250745-45,64012.82,0,odds 36c not above 60c,yes,,64014.82,0.31,0,0,0.00,0.00,0.00,0.00,0.00,
2026-07-25 12:00,KXBTC15M-26JUL250800-00,63997.51,1,,yes,72,64012.46,2.34,0,6,4.32,0.09,6.00,1.68,1.59,1
2026-07-25 12:15,KXBTC15M-26JUL250815-15,64001.10,1,,no,67,63994.36,1.05,0,7,4.69,0.11,7.00,2.31,2.20,1
2026-07-25 12:30,KXBTC15M-26JUL250830-30,63992.12,0,odds 32c not above 60c,yes,,63995.98,0.60,0,0,0.00,0.00,0.00,0.00,0.00,
2026-07-25 12:45,KXBTC15M-26JUL250845-45,63987.70,0,odds 94c above 79c cap,yes,,64021.95,5.35,0,0,0.00,0.00,0.00,0.00,0.00,
2026-07-25 13:00,KXBTC15M-26JUL250900-00,64034.45,0,odds 83c above 79c cap,yes,,64040.76,0.99,0,0,0.00,0.00,0.00,0.00,0.00,
2026-07-25 13:15,KXBTC15M-26JUL250915-15,64055.80,0,odds 85c above 79c cap,yes,,64062.60,1.06,0,0,0.00,0.00,0.00,0.00,0.00,
2026-07-25 13:30,KXBTC15M-26JUL250930-30,64066.47,0,odds 38c not above 60c,yes,,64075.31,1.38,0,0,0.00,0.00,0.00,0.00,0.00,
2026-07-25 13:45,KXBTC15M-26JUL250945-45,64069.44,1,,yes,77,64114.00,6.95,0,6,4.62,0.08,6.00,1.38,1.30,1
2026-07-25 14:00,KXBTC15M-26JUL251000-00,64134.31,1,,no,65,64120.00,2.23,0,7,4.55,0.12,7.00,2.45,2.33,1
2026-07-25 14:15,KXBTC15M-26JUL251015-15,64108.12,0,odds 38c not above 60c,no,,64102.68,0.85,0,0,0.00,0.00,0.00,0.00,0.00,
2026-07-25 14:30,KXBTC15M-26JUL251030-30,64105.53,1,,no,72,64091.99,2.11,0,6,4.32,0.09,6.00,1.68,1.59,1
2026-07-25 14:45,KXBTC15M-26JUL251045-45,64098.70,0,odds 92c above 79c cap,yes,,64132.22,5.23,0,0,0.00,0.00,0.00,0.00,0.00,
2026-07-25 15:00,KXBTC15M-26JUL251100-00,64120.74,0,odds 92c above 79c cap,yes,,64148.98,4.40,0,0,0.00,0.00,0.00,0.00,0.00,
2026-07-25 15:15,KXBTC15M-26JUL251115-15,64148.34,1,,yes,70,64165.47,2.67,0,7,4.90,0.11,7.00,2.10,1.99,1
2026-07-25 15:30,KXBTC15M-26JUL251130-30,64185.17,0,odds 87c above 79c cap,no,,64150.65,5.38,0,0,0.00,0.00,0.00,0.00,0.00,
2026-07-25 15:45,KXBTC15M-26JUL251145-45,64142.83,0,odds 94c above 79c cap,yes,,64169.21,4.11,0,0,0.00,0.00,0.00,0.00,0.00,
2026-07-25 16:00,KXBTC15M-26JUL251200-00,64153.32,0,odds 96c above 79c cap,no,,64127.18,4.07,0,0,0.00,0.00,0.00,0.00,0.00,
2026-07-25 16:15,KXBTC15M-26JUL251215-15,64120.37,0,odds 92c above 79c cap,no,,64102.00,2.86,0,0,0.00,0.00,0.00,0.00,0.00,
2026-07-25 16:30,KXBTC15M-26JUL251230-30,64134.87,0,odds 99c above 79c cap,no,,64063.89,11.07,0,0,0.00,0.00,0.00,0.00,0.00,
2026-07-25 16:45,KXBTC15M-26JUL251245-45,64075.23,0,odds 97c above 79c cap,yes,,64138.37,9.85,0,0,0.00,0.00,0.00,0.00,0.00,
2026-07-25 17:00,KXBTC15M-26JUL251300-00,64140.38,0,odds 43c not above 60c,no,,64126.72,2.13,0,0,0.00,0.00,0.00,0.00,0.00,
2026-07-25 17:15,KXBTC15M-26JUL251315-15,64148.63,1,,yes,74,64161.81,2.05,0,6,4.44,0.09,0.00,-4.44,-4.53,0
2026-07-25 17:30,KXBTC15M-26JUL251330-30,64146.03,0,odds 97c above 79c cap,yes,,64202.31,8.77,0,0,0.00,0.00,0.00,0.00,0.00,
2026-07-25 17:45,KXBTC15M-26JUL251345-45,64209.96,0,odds 29c not above 60c,yes,,64217.12,1.12,0,0,0.00,0.00,0.00,0.00,0.00,
2026-07-25 18:00,KXBTC15M-26JUL251400-00,64226.69,0,odds 85c above 79c cap,no,,64203.24,3.65,0,0,0.00,0.00,0.00,0.00,0.00,
2026-07-25 18:15,KXBTC15M-26JUL251415-15,64194.27,0,odds 97c above 79c cap,yes,,64296.36,15.90,0,0,0.00,0.00,0.00,0.00,0.00,
2026-07-25 18:30,KXBTC15M-26JUL251430-30,64299.60,1,,yes,61,64304.00,0.68,0,8,4.88,0.14,8.00,3.12,2.98,1
2026-07-25 18:45,KXBTC15M-26JUL251445-45,64349.44,1,,no,72,64329.62,3.08,0,6,4.32,0.09,6.00,1.68,1.59,1
2026-07-25 19:00,KXBTC15M-26JUL251500-00,64342.53,0,odds 39c not above 60c,yes,,64350.25,1.20,0,0,0.00,0.00,0.00,0.00,0.00,
2026-07-25 19:15,KXBTC15M-26JUL251515-15,64365.87,0,odds 55c not above 60c,yes,,64374.38,1.32,0,0,0.00,0.00,0.00,0.00,0.00,
2026-07-25 19:30,KXBTC15M-26JUL251530-30,64377.81,0,odds 80c above 79c cap,no,,64364.01,2.14,0,0,0.00,0.00,0.00,0.00,0.00,
2026-07-25 19:45,KXBTC15M-26JUL251545-45,64366.22,0,odds 89c above 79c cap,no,,64338.32,4.33,0,0,0.00,0.00,0.00,0.00,0.00,
2026-07-25 20:00,KXBTC15M-26JUL251600-00,64349.90,0,odds 88c above 79c cap,yes,,64366.26,2.54,0,0,0.00,0.00,0.00,0.00,0.00,
2026-07-25 20:15,KXBTC15M-26JUL251615-15,64335.34,0,odds 95c above 79c cap,no,,64309.14,4.07,0,0,0.00,0.00,0.00,0.00,0.00,
2026-07-25 20:30,KXBTC15M-26JUL251630-30,64316.47,0,odds 52c not above 60c,no,,64311.85,0.72,0,0,0.00,0.00,0.00,0.00,0.00,
2026-07-25 20:45,KXBTC15M-26JUL251645-45,64314.45,0,odds 92c above 79c cap,no,,64274.10,6.27,0,0,0.00,0.00,0.00,0.00,0.00,
2026-07-25 21:00,KXBTC15M-26JUL251700-00,64265.08,1,,yes,73,64276.82,1.83,0,6,4.38,0.09,6.00,1.62,1.53,1
2026-07-25 21:15,KXBTC15M-26JUL251715-15,64273.09,0,odds 87c above 79c cap,no,,64250.13,3.57,0,0,0.00,0.00,0.00,0.00,0.00,
2026-07-25 21:30,KXBTC15M-26JUL251730-30,64222.96,1,,yes,66,64225.27,0.36,0,7,4.62,0.11,7.00,2.38,2.27,1
2026-07-25 21:45,KXBTC15M-26JUL251745-45,64234.34,0,odds 97c above 79c cap,yes,,64300.08,10.23,0,0,0.00,0.00,0.00,0.00,0.00,
2026-07-25 22:00,KXBTC15M-26JUL251800-00,64286.53,1,,yes,61,64303.11,2.58,0,8,4.88,0.14,8.00,3.12,2.98,1
2026-07-25 22:15,KXBTC15M-26JUL251815-15,64287.52,0,odds 96c above 79c cap,yes,,64341.18,8.35,0,0,0.00,0.00,0.00,0.00,0.00,
2026-07-25 22:30,KXBTC15M-26JUL251830-30,64316.51,0,odds 84c above 79c cap,yes,,64336.49,3.11,0,0,0.00,0.00,0.00,0.00,0.00,
2026-07-25 22:45,KXBTC15M-26JUL251845-45,64326.24,0,odds 20c not above 60c,no,,64326.03,0.03,0,0,0.00,0.00,0.00,0.00,0.00,
2026-07-25 23:00,KXBTC15M-26JUL251900-00,64332.07,1,,yes,72,64352.62,3.19,0,6,4.32,0.09,6.00,1.68,1.59,1
2026-07-25 23:15,KXBTC15M-26JUL251915-15,64352.77,0,odds 50c not above 60c,no,,64347.90,0.76,0,0,0.00,0.00,0.00,0.00,0.00,
2026-07-25 23:30,KXBTC15M-26JUL251930-30,64359.54,1,,no,77,64344.00,2.41,0,6,4.62,0.08,6.00,1.38,1.30,1
2026-07-25 23:45,KXBTC15M-26JUL251945-45,64346.28,0,odds 58c not above 60c,no,,64334.88,1.77,0,0,0.00,0.00,0.00,0.00,0.00,
2026-07-26 00:00,KXBTC15M-26JUL252000-00,64333.74,0,odds 93c above 79c cap,no,,64307.24,4.12,0,0,0.00,0.00,0.00,0.00,0.00,
2026-07-26 00:15,KXBTC15M-26JUL252015-15,64320.53,0,odds 92c above 79c cap,yes,,64340.97,3.18,0,0,0.00,0.00,0.00,0.00,0.00,
2026-07-26 00:30,KXBTC15M-26JUL252030-30,64371.40,0,odds 94c above 79c cap,yes,,64396.73,3.93,0,0,0.00,0.00,0.00,0.00,0.00,
2026-07-26 00:45,KXBTC15M-26JUL252045-45,64413.75,0,odds 97c above 79c cap,no,,64354.70,9.17,0,0,0.00,0.00,0.00,0.00,0.00,
2026-07-26 01:00,KXBTC15M-26JUL252100-00,64365.60,0,odds 97c above 79c cap,yes,,64413.64,7.46,0,0,0.00,0.00,0.00,0.00,0.00,
2026-07-26 01:15,KXBTC15M-26JUL252115-15,64442.72,0,odds 82c above 79c cap,no,,64415.13,4.28,0,0,0.00,0.00,0.00,0.00,0.00,
2026-07-26 01:30,KXBTC15M-26JUL252130-30,64440.88,0,odds 87c above 79c cap,no,,64412.98,4.33,0,0,0.00,0.00,0.00,0.00,0.00,
2026-07-26 01:45,KXBTC15M-26JUL252145-45,64424.38,1,,yes,73,64431.16,1.05,0,6,4.38,0.09,0.00,-4.38,-4.47,0
2026-07-26 02:00,KXBTC15M-26JUL252200-00,64414.25,1,,yes,69,64421.98,1.20,0,7,4.83,0.11,0.00,-4.83,-4.94,0
2026-07-26 02:15,KXBTC15M-26JUL252215-15,64401.79,1,,no,76,64392.93,1.38,0,6,4.56,0.08,0.00,-4.56,-4.64,0
2026-07-26 02:30,KXBTC15M-26JUL252230-30,64418.95,0,odds 92c above 79c cap,no,,64388.09,4.79,0,0,0.00,0.00,0.00,0.00,0.00,
2026-07-26 02:45,KXBTC15M-26JUL252245-45,64421.21,0,odds 86c above 79c cap,no,,64382.13,6.07,0,0,0.00,0.00,0.00,0.00,0.00,
2026-07-26 03:00,KXBTC15M-26JUL252300-00,64383.46,0,odds 99c above 79c cap,yes,,64455.47,11.18,0,0,0.00,0.00,0.00,0.00,0.00,
2026-07-26 03:15,KXBTC15M-26JUL252315-15,64462.80,1,,no,76,64437.47,3.93,0,6,4.56,0.08,0.00,-4.56,-4.64,0
2026-07-26 03:30,KXBTC15M-26JUL252330-30,64514.32,1,,no,79,64494.02,3.15,0,6,4.74,0.07,6.00,1.26,1.19,1
2026-07-26 03:45,KXBTC15M-26JUL252345-45,64491.56,0,odds 93c above 79c cap,yes,,64505.17,2.11,0,0,0.00,0.00,0.00,0.00,0.00,
2026-07-26 04:00,KXBTC15M-26JUL260000-00,64494.17,1,,no,71,64481.50,1.96,0,7,4.97,0.11,7.00,2.03,1.92,1
2026-07-26 04:15,KXBTC15M-26JUL260015-15,64478.24,0,odds 89c above 79c cap,no,,64449.87,4.40,0,0,0.00,0.00,0.00,0.00,0.00,
2026-07-26 04:30,KXBTC15M-26JUL260030-30,64450.49,0,odds 95c above 79c cap,yes,,64468.80,2.84,0,0,0.00,0.00,0.00,0.00,0.00,
2026-07-26 04:45,KXBTC15M-26JUL260045-45,64490.58,1,,yes,61,64493.97,0.53,0,8,4.88,0.14,8.00,3.12,2.98,1
2026-07-26 05:00,KXBTC15M-26JUL260100-00,64503.73,1,,no,78,64474.22,4.57,0,6,4.68,0.08,6.00,1.32,1.24,1
2026-07-26 05:15,KXBTC15M-26JUL260115-15,64467.51,0,odds 89c above 79c cap,no,,64445.99,3.34,0,0,0.00,0.00,0.00,0.00,0.00,
2026-07-26 05:30,KXBTC15M-26JUL260130-30,64460.25,0,odds 83c above 79c cap,no,,64443.66,2.57,0,0,0.00,0.00,0.00,0.00,0.00,
2026-07-26 05:45,KXBTC15M-26JUL260145-45,64434.35,0,odds 87c above 79c cap,no,,64412.96,3.32,0,0,0.00,0.00,0.00,0.00,0.00,
2026-07-26 06:00,KXBTC15M-26JUL260200-00,64416.31,0,odds 97c above 79c cap,no,,64369.72,7.23,0,0,0.00,0.00,0.00,0.00,0.00,
2026-07-26 06:15,KXBTC15M-26JUL260215-15,64364.31,0,odds 96c above 79c cap,no,,64321.72,6.62,0,0,0.00,0.00,0.00,0.00,0.00,
2026-07-26 06:30,KXBTC15M-26JUL260230-30,64295.33,0,odds 99c above 79c cap,no,,64248.84,7.23,0,0,0.00,0.00,0.00,0.00,0.00,
2026-07-26 06:45,KXBTC15M-26JUL260245-45,64245.14,0,odds 99c above 79c cap,yes,,64304.68,9.27,0,0,0.00,0.00,0.00,0.00,0.00,
2026-07-26 07:00,KXBTC15M-26JUL260300-00,64316.26,0,odds 99c above 79c cap,yes,,64372.19,8.70,0,0,0.00,0.00,0.00,0.00,0.00,
2026-07-26 07:15,KXBTC15M-26JUL260315-15,64379.33,0,odds 88c above 79c cap,no,,64338.76,6.30,0,0,0.00,0.00,0.00,0.00,0.00,
2026-07-26 07:30,KXBTC15M-26JUL260330-30,64358.34,0,odds 99c above 79c cap,no,,64306.50,8.05,0,0,0.00,0.00,0.00,0.00,0.00,
2026-07-26 07:45,KXBTC15M-26JUL260345-45,64315.22,0,odds 88c above 79c cap,no,,64298.73,2.56,0,0,0.00,0.00,0.00,0.00,0.00,
2026-07-26 08:00,KXBTC15M-26JUL260400-00,64306.98,0,odds 39c not above 60c,no,,64305.11,0.29,0,0,0.00,0.00,0.00,0.00,0.00,
2026-07-26 08:15,KXBTC15M-26JUL260415-15,64312.98,1,,yes,70,64317.75,0.74,0,7,4.90,0.11,7.00,2.10,1.99,1
2026-07-26 08:30,KXBTC15M-26JUL260430-30,64330.65,0,odds 42c not above 60c,no,,64323.80,1.06,0,0,0.00,0.00,0.00,0.00,0.00,
2026-07-26 08:45,KXBTC15M-26JUL260445-45,64339.36,1,,yes,66,64345.66,0.98,0,7,4.62,0.11,7.00,2.38,2.27,1
2026-07-26 09:00,KXBTC15M-26JUL260500-00,64382.47,0,odds 98c above 79c cap,yes,,64429.28,7.27,0,0,0.00,0.00,0.00,0.00,0.00,
2026-07-26 09:15,KXBTC15M-26JUL260515-15,64423.20,0,odds 89c above 79c cap,yes,,64445.99,3.54,0,0,0.00,0.00,0.00,0.00,0.00,
2026-07-26 09:30,KXBTC15M-26JUL260530-30,64439.02,0,odds 98c above 79c cap,yes,,64486.36,7.35,0,0,0.00,0.00,0.00,0.00,0.00,
2026-07-26 09:45,KXBTC15M-26JUL260545-45,64474.18,1,,yes,72,64487.41,2.05,0,6,4.32,0.09,6.00,1.68,1.59,1
2026-07-26 10:00,KXBTC15M-26JUL260600-00,64481.91,0,odds 51c not above 60c,yes,,64482.75,0.13,0,0,0.00,0.00,0.00,0.00,0.00,
2026-07-26 10:15,KXBTC15M-26JUL260615-15,64476.72,0,odds 97c above 79c cap,no,,64443.50,5.15,0,0,0.00,0.00,0.00,0.00,0.00,
2026-07-26 10:30,KXBTC15M-26JUL260630-30,64453.23,0,odds 90c above 79c cap,yes,,64468.74,2.41,0,0,0.00,0.00,0.00,0.00,0.00,
2026-07-26 10:45,KXBTC15M-26JUL260645-45,64462.24,0,odds 96c above 79c cap,yes,,64493.77,4.89,0,0,0.00,0.00,0.00,0.00,0.00,
2026-07-26 11:00,KXBTC15M-26JUL260700-00,64492.50,0,odds 97c above 79c cap,no,,64459.63,5.10,0,0,0.00,0.00,0.00,0.00,0.00,
2026-07-26 11:15,KXBTC15M-26JUL260715-15,64462.07,1,,no,71,64444.46,2.73,0,7,4.97,0.11,7.00,2.03,1.92,1
2026-07-26 11:30,KXBTC15M-26JUL260730-30,64453.24,0,odds 42c not above 60c,no,,64445.66,1.18,0,0,0.00,0.00,0.00,0.00,0.00,
2026-07-26 11:45,KXBTC15M-26JUL260745-45,64448.45,0,odds 83c above 79c cap,no,,64431.60,2.61,0,0,0.00,0.00,0.00,0.00,0.00,
2026-07-26 12:00,KXBTC15M-26JUL260800-00,64438.52,0,odds 85c above 79c cap,yes,,64446.18,1.19,0,0,0.00,0.00,0.00,0.00,0.00,
2026-07-26 12:15,KXBTC15M-26JUL260815-15,64451.98,0,odds 98c above 79c cap,yes,,64522.19,10.89,0,0,0.00,0.00,0.00,0.00,0.00,
2026-07-26 12:30,KXBTC15M-26JUL260830-30,64555.54,0,odds 94c above 79c cap,no,,64508.73,7.25,0,0,0.00,0.00,0.00,0.00,0.00,
2026-07-26 12:45,KXBTC15M-26JUL260845-45,64521.84,0,odds 98c above 79c cap,no,,64458.72,9.78,0,0,0.00,0.00,0.00,0.00,0.00,
2026-07-26 13:00,KXBTC15M-26JUL260900-00,64449.64,0,odds 92c above 79c cap,no,,64419.96,4.61,0,0,0.00,0.00,0.00,0.00,0.00,
2026-07-26 13:15,KXBTC15M-26JUL260915-15,64410.90,0,odds 98c above 79c cap,no,,64360.50,7.82,0,0,0.00,0.00,0.00,0.00,0.00,
2026-07-26 13:30,KXBTC15M-26JUL260930-30,64367.42,0,odds 99c above 79c cap,yes,,64431.23,9.91,0,0,0.00,0.00,0.00,0.00,0.00,
2026-07-26 13:45,KXBTC15M-26JUL260945-45,64412.86,0,odds 81c above 79c cap,yes,,64450.51,5.85,0,0,0.00,0.00,0.00,0.00,0.00,
2026-07-26 14:00,KXBTC15M-26JUL261000-00,64488.23,0,odds 90c above 79c cap,no,,64458.05,4.68,0,0,0.00,0.00,0.00,0.00,0.00,
2026-07-26 14:15,KXBTC15M-26JUL261015-15,64466.74,0,odds 99c above 79c cap,yes,,64647.97,28.11,0,0,0.00,0.00,0.00,0.00,0.00,
2026-07-26 14:30,KXBTC15M-26JUL261030-30,64640.94,0,odds 97c above 79c cap,no,,64595.18,7.08,0,0,0.00,0.00,0.00,0.00,0.00,
2026-07-26 14:45,KXBTC15M-26JUL261045-45,64584.42,0,odds 82c above 79c cap,yes,,64609.49,3.88,0,0,0.00,0.00,0.00,0.00,0.00,
2026-07-26 15:00,KXBTC15M-26JUL261100-00,64635.89,1,,yes,74,64647.50,1.80,0,6,4.44,0.09,6.00,1.56,1.47,1
2026-07-26 15:15,KXBTC15M-26JUL261115-15,64660.26,0,odds 80c above 79c cap,no,,64635.47,3.83,0,0,0.00,0.00,0.00,0.00,0.00,
2026-07-26 15:30,KXBTC15M-26JUL261130-30,64621.44,0,odds 99c above 79c cap,yes,,64709.20,13.58,0,0,0.00,0.00,0.00,0.00,0.00,
2026-07-26 15:45,KXBTC15M-26JUL261145-45,64702.75,0,odds 96c above 79c cap,yes,,64751.81,7.58,0,0,0.00,0.00,0.00,0.00,0.00,
2026-07-26 16:00,KXBTC15M-26JUL261200-00,64745.96,0,odds 91c above 79c cap,no,,64721.99,3.70,0,0,0.00,0.00,0.00,0.00,0.00,
2026-07-26 16:15,KXBTC15M-26JUL261215-15,64712.31,0,odds 98c above 79c cap,no,,64651.78,9.35,0,0,0.00,0.00,0.00,0.00,0.00,
2026-07-26 16:30,KXBTC15M-26JUL261230-30,64663.10,0,odds 96c above 79c cap,yes,,64703.98,6.32,0,0,0.00,0.00,0.00,0.00,0.00,
2026-07-26 16:45,KXBTC15M-26JUL261245-45,64735.64,0,odds 89c above 79c cap,yes,,64773.76,5.89,0,0,0.00,0.00,0.00,0.00,0.00,
2026-07-26 17:00,KXBTC15M-26JUL261300-00,64769.95,0,odds 98c above 79c cap,no,,64697.18,11.24,0,0,0.00,0.00,0.00,0.00,0.00,
2026-07-26 17:15,KXBTC15M-26JUL261315-15,64688.58,0,odds 83c above 79c cap,no,,64660.86,4.29,0,0,0.00,0.00,0.00,0.00,0.00,
2026-07-26 17:30,KXBTC15M-26JUL261330-30,64712.86,0,odds 90c above 79c cap,no,,64674.28,5.96,0,0,0.00,0.00,0.00,0.00,0.00,
2026-07-26 17:45,KXBTC15M-26JUL261345-45,64664.30,0,odds 92c above 79c cap,no,,64617.37,7.26,0,0,0.00,0.00,0.00,0.00,0.00,
2026-07-26 18:00,KXBTC15M-26JUL261400-00,64631.51,0,odds 18c not above 60c,no,,64630.06,0.22,0,0,0.00,0.00,0.00,0.00,0.00,
2026-07-26 18:15,KXBTC15M-26JUL261415-15,64633.15,0,odds 60c not above 60c,yes,,64641.77,1.33,0,0,0.00,0.00,0.00,0.00,0.00,
2026-07-26 18:30,KXBTC15M-26JUL261430-30,64643.77,1,,no,71,64626.02,2.75,0,7,4.97,0.11,7.00,2.03,1.92,1
2026-07-26 18:45,KXBTC15M-26JUL261445-45,64636.12,0,odds 95c above 79c cap,yes,,64655.52,3.00,0,0,0.00,0.00,0.00,0.00,0.00,
2026-07-26 19:00,KXBTC15M-26JUL261500-00,64653.93,0,odds 92c above 79c cap,yes,,64691.38,5.79,0,0,0.00,0.00,0.00,0.00,0.00,
2026-07-26 19:15,KXBTC15M-26JUL261515-15,64685.80,0,odds 95c above 79c cap,no,,64633.99,8.01,0,0,0.00,0.00,0.00,0.00,0.00,
2026-07-26 19:30,KXBTC15M-26JUL261530-30,64626.70,0,odds 93c above 79c cap,yes,,64653.99,4.22,0,0,0.00,0.00,0.00,0.00,0.00,
2026-07-26 19:45,KXBTC15M-26JUL261545-45,64664.65,0,odds 59c not above 60c,yes,,64672.44,1.20,0,0,0.00,0.00,0.00,0.00,0.00,
2026-07-26 20:00,KXBTC15M-26JUL261600-00,64672.74,0,odds 90c above 79c cap,no,,64639.29,5.17,0,0,0.00,0.00,0.00,0.00,0.00,
2026-07-26 20:15,KXBTC15M-26JUL261615-15,64646.88,0,odds 37c not above 60c,no,,64636.50,1.61,0,0,0.00,0.00,0.00,0.00,0.00,
2026-07-26 20:30,KXBTC15M-26JUL261630-30,64644.80,0,odds 97c above 79c cap,no,,64592.09,8.15,0,0,0.00,0.00,0.00,0.00,0.00,
2026-07-26 20:45,KXBTC15M-26JUL261645-45,64597.53,1,,yes,75,64616.96,3.01,0,6,4.50,0.08,6.00,1.50,1.42,1
2026-07-26 21:00,KXBTC15M-26JUL261700-00,64612.90,0,odds 93c above 79c cap,no,,64595.31,2.72,0,0,0.00,0.00,0.00,0.00,0.00,
2026-07-26 21:15,KXBTC15M-26JUL261715-15,64598.29,0,odds 81c above 79c cap,yes,,64601.58,0.51,0,0,0.00,0.00,0.00,0.00,0.00,
2026-07-26 21:30,KXBTC15M-26JUL261730-30,64640.12,0,odds 99c above 79c cap,yes,,64783.80,22.23,0,0,0.00,0.00,0.00,0.00,0.00,
2026-07-26 21:45,KXBTC15M-26JUL261745-45,64760.67,1,,no,75,64738.84,3.37,0,6,4.50,0.08,0.00,-4.50,-4.58,0
2026-07-26 22:00,KXBTC15M-26JUL261800-00,64763.41,0,odds 96c above 79c cap,yes,,64822.00,9.05,0,0,0.00,0.00,0.00,0.00,0.00,
2026-07-26 22:15,KXBTC15M-26JUL261815-15,64797.72,0,odds 99c above 79c cap,yes,,65158.03,55.61,0,0,0.00,0.00,0.00,0.00,0.00,
2026-07-26 22:30,KXBTC15M-26JUL261830-30,65151.65,0,odds 48c not above 60c,no,,65108.88,6.56,0,0,0.00,0.00,0.00,0.00,0.00,
2026-07-26 22:45,KXBTC15M-26JUL261845-45,65178.49,0,odds 99c above 79c cap,yes,,65435.23,39.39,0,0,0.00,0.00,0.00,0.00,0.00,
2026-07-26 23:00,KXBTC15M-26JUL261900-00,65413.03,0,odds 88c above 79c cap,no,,65313.99,15.14,0,0,0.00,0.00,0.00,0.00,0.00,
2026-07-26 23:15,KXBTC15M-26JUL261915-15,65351.73,0,odds 99c above 79c cap,yes,,65433.96,12.58,0,0,0.00,0.00,0.00,0.00,0.00,
2026-07-26 23:30,KXBTC15M-26JUL261930-30,65367.21,0,odds 94c above 79c cap,no,,65294.97,11.05,0,0,0.00,0.00,0.00,0.00,0.00,
2026-07-26 23:45,KXBTC15M-26JUL261945-45,65277.53,0,odds 46c not above 60c,no,,65273.79,0.57,0,0,0.00,0.00,0.00,0.00,0.00,
2026-07-27 00:00,KXBTC15M-26JUL262000-00,65345.17,0,odds 27c not above 60c,no,,65300.00,6.91,0,0,0.00,0.00,0.00,0.00,0.00,
2026-07-27 00:15,KXBTC15M-26JUL262015-15,65338.70,0,odds 99c above 79c cap,no,,65136.67,30.92,0,0,0.00,0.00,0.00,0.00,0.00,
2026-07-27 00:30,KXBTC15M-26JUL262030-30,65170.24,0,odds 95c above 79c cap,no,,65165.46,0.73,0,0,0.00,0.00,0.00,0.00,0.00,
2026-07-27 00:45,KXBTC15M-26JUL262045-45,65152.54,0,odds 96c above 79c cap,no,,65080.47,11.06,0,0,0.00,0.00,0.00,0.00,0.00,
2026-07-27 01:00,KXBTC15M-26JUL262100-00,65093.70,1,,no,77,65004.25,13.74,0,6,4.62,0.08,6.00,1.38,1.30,1
2026-07-27 01:15,KXBTC15M-26JUL262115-15,65063.08,0,odds 94c above 79c cap,yes,,65089.30,4.03,0,0,0.00,0.00,0.00,0.00,0.00,
2026-07-27 01:30,KXBTC15M-26JUL262130-30,64996.16,0,odds 33c not above 60c,no,,64973.42,3.50,0,0,0.00,0.00,0.00,0.00,0.00,
2026-07-27 01:45,KXBTC15M-26JUL262145-45,64963.76,0,odds 92c above 79c cap,yes,,65042.27,12.09,0,0,0.00,0.00,0.00,0.00,0.00,
2026-07-27 02:00,KXBTC15M-26JUL262200-00,65033.80,0,odds 95c above 79c cap,yes,,65123.18,13.74,0,0,0.00,0.00,0.00,0.00,0.00,
2026-07-27 02:15,KXBTC15M-26JUL262215-15,65146.37,0,odds 43c not above 60c,no,,65126.15,3.10,0,0,0.00,0.00,0.00,0.00,0.00,
2026-07-27 02:30,KXBTC15M-26JUL262230-30,65147.45,1,,no,73,65139.66,1.20,0,6,4.38,0.09,6.00,1.62,1.53,1
2026-07-27 02:45,KXBTC15M-26JUL262245-45,65133.70,0,odds 91c above 79c cap,yes,,65169.50,5.50,0,0,0.00,0.00,0.00,0.00,0.00,
2026-07-27 03:00,KXBTC15M-26JUL262300-00,65195.91,0,odds 95c above 79c cap,no,,65117.00,12.10,0,0,0.00,0.00,0.00,0.00,0.00,
2026-07-27 03:15,KXBTC15M-26JUL262315-15,65121.49,1,,yes,74,65122.36,0.13,0,6,4.44,0.09,6.00,1.56,1.47,1
2026-07-27 03:30,KXBTC15M-26JUL262330-30,65206.66,0,odds 88c above 79c cap,yes,,65282.46,11.62,0,0,0.00,0.00,0.00,0.00,0.00,
2026-07-27 03:45,KXBTC15M-26JUL262345-45,65265.91,0,odds 90c above 79c cap,no,,65239.25,4.08,0,0,0.00,0.00,0.00,0.00,0.00,
2026-07-27 04:00,KXBTC15M-26JUL270000-00,65291.55,0,odds 93c above 79c cap,no,,65215.50,11.65,0,0,0.00,0.00,0.00,0.00,0.00,
2026-07-27 04:15,KXBTC15M-26JUL270015-15,65222.47,0,odds 40c not above 60c,no,,65213.37,1.40,0,0,0.00,0.00,0.00,0.00,0.00,
2026-07-27 04:30,KXBTC15M-26JUL270030-30,65248.52,0,odds 92c above 79c cap,yes,,65331.75,12.76,0,0,0.00,0.00,0.00,0.00,0.00,
2026-07-27 04:45,KXBTC15M-26JUL270045-45,65260.64,0,odds 85c above 79c cap,yes,,65308.50,7.33,0,0,0.00,0.00,0.00,0.00,0.00,
2026-07-27 05:00,KXBTC15M-26JUL270100-00,65327.69,0,odds 92c above 79c cap,no,,65251.55,11.66,0,0,0.00,0.00,0.00,0.00,0.00,
2026-07-27 05:15,KXBTC15M-26JUL270115-15,65235.55,0,odds 82c above 79c cap,yes,,65292.51,8.73,0,0,0.00,0.00,0.00,0.00,0.00,
2026-07-27 05:30,KXBTC15M-26JUL270130-30,65328.75,1,,yes,76,65333.08,0.66,0,6,4.56,0.08,6.00,1.44,1.36,1
2026-07-27 05:45,KXBTC15M-26JUL270145-45,65353.83,1,,no,76,65331.06,3.48,0,6,4.56,0.08,6.00,1.44,1.36,1
2026-07-27 06:00,KXBTC15M-26JUL270200-00,65343.63,0,odds 41c not above 60c,yes,,65346.26,0.40,0,0,0.00,0.00,0.00,0.00,0.00,
2026-07-27 06:15,KXBTC15M-26JUL270215-15,65417.12,0,odds 89c above 79c cap,yes,,65543.86,19.37,0,0,0.00,0.00,0.00,0.00,0.00,
2026-07-27 06:30,KXBTC15M-26JUL270230-30,65541.82,0,odds 89c above 79c cap,no,,65473.31,10.45,0,0,0.00,0.00,0.00,0.00,0.00,
2026-07-27 06:45,KXBTC15M-26JUL270245-45,65430.51,1,,yes,79,65445.57,2.30,0,6,4.74,0.07,6.00,1.26,1.19,1
2026-07-27 07:00,KXBTC15M-26JUL270300-00,65480.33,0,odds 98c above 79c cap,no,,65369.76,16.89,0,0,0.00,0.00,0.00,0.00,0.00,
2026-07-27 07:15,KXBTC15M-26JUL270315-15,65368.76,0,odds 49c not above 60c,no,,65337.20,4.83,0,0,0.00,0.00,0.00,0.00,0.00,
2026-07-27 07:30,KXBTC15M-26JUL270330-30,65370.95,0,odds 29c not above 60c,no,,65364.72,0.95,0,0,0.00,0.00,0.00,0.00,0.00,
2026-07-27 07:45,KXBTC15M-26JUL270345-45,65365.97,0,odds 99c above 79c cap,no,,65195.51,26.08,0,0,0.00,0.00,0.00,0.00,0.00,
2026-07-27 08:00,KXBTC15M-26JUL270400-00,65225.64,0,odds 80c above 79c cap,yes,,65234.08,1.29,0,0,0.00,0.00,0.00,0.00,0.00,
2026-07-27 08:15,KXBTC15M-26JUL270415-15,65184.59,0,odds 86c above 79c cap,no,,65117.79,10.25,0,0,0.00,0.00,0.00,0.00,0.00,
2026-07-27 08:30,KXBTC15M-26JUL270430-30,65145.03,1,,yes,71,65192.45,7.28,0,7,4.97,0.11,7.00,2.03,1.92,1
2026-07-27 08:45,KXBTC15M-26JUL270445-45,65179.58,0,odds 97c above 79c cap,no,,65104.50,11.52,0,0,0.00,0.00,0.00,0.00,0.00,
2026-07-27 09:00,KXBTC15M-26JUL270500-00,65114.16,1,,yes,63,65129.78,2.40,0,7,4.41,0.12,7.00,2.59,2.47,1
2026-07-27 09:15,KXBTC15M-26JUL270515-15,65117.21,0,odds 94c above 79c cap,no,,65092.00,3.87,0,0,0.00,0.00,0.00,0.00,0.00,
2026-07-27 09:30,KXBTC15M-26JUL270530-30,65074.57,0,odds 96c above 79c cap,yes,,65158.08,12.83,0,0,0.00,0.00,0.00,0.00,0.00,
2026-07-27 09:45,KXBTC15M-26JUL270545-45,65164.87,0,odds 97c above 79c cap,yes,,65252.35,13.42,0,0,0.00,0.00,0.00,0.00,0.00,
2026-07-27 10:00,KXBTC15M-26JUL270600-00,65242.06,0,odds 89c above 79c cap,no,,65216.76,3.88,0,0,0.00,0.00,0.00,0.00,0.00,
2026-07-27 10:15,KXBTC15M-26JUL270615-15,65211.09,0,odds 58c not above 60c,no,,65180.17,4.74,0,0,0.00,0.00,0.00,0.00,0.00,
2026-07-27 10:30,KXBTC15M-26JUL270630-30,65190.87,0,odds 99c above 79c cap,yes,,65296.05,16.13,0,0,0.00,0.00,0.00,0.00,0.00,
2026-07-27 10:45,KXBTC15M-26JUL270645-45,65294.58,0,odds 94c above 79c cap,yes,,65348.60,8.27,0,0,0.00,0.00,0.00,0.00,0.00,
2026-07-27 11:00,KXBTC15M-26JUL270700-00,65352.85,0,odds 95c above 79c cap,no,,65288.87,9.79,0,0,0.00,0.00,0.00,0.00,0.00,
2026-07-27 11:15,KXBTC15M-26JUL270715-15,65283.56,0,odds 87c above 79c cap,no,,65245.83,5.78,0,0,0.00,0.00,0.00,0.00,0.00,
2026-07-27 11:30,KXBTC15M-26JUL270730-30,65201.98,0,odds 98c above 79c cap,no,,65150.71,7.86,0,0,0.00,0.00,0.00,0.00,0.00,
2026-07-27 11:45,KXBTC15M-26JUL270745-45,65125.05,1,,yes,66,65133.73,1.33,0,7,4.62,0.11,0.00,-4.62,-4.73,0
2026-07-27 12:00,KXBTC15M-26JUL270800-00,65110.95,0,odds 92c above 79c cap,no,,65046.62,9.88,0,0,0.00,0.00,0.00,0.00,0.00,
2026-07-27 12:15,KXBTC15M-26JUL270815-15,65052.32,0,odds 99c above 79c cap,yes,,65160.68,16.66,0,0,0.00,0.00,0.00,0.00,0.00,
2026-07-27 12:30,KXBTC15M-26JUL270830-30,65048.56,0,odds 90c above 79c cap,no,,64965.54,12.76,0,0,0.00,0.00,0.00,0.00,0.00,
2026-07-27 12:45,KXBTC15M-26JUL270845-45,64975.03,0,odds 86c above 79c cap,no,,64918.75,8.66,0,0,0.00,0.00,0.00,0.00,0.00,
2026-07-27 13:00,KXBTC15M-26JUL270900-00,64990.42,0,odds 81c above 79c cap,yes,,65035.86,6.99,0,0,0.00,0.00,0.00,0.00,0.00,
2026-07-27 13:15,KXBTC15M-26JUL270915-15,65021.99,1,,no,68,64977.51,6.84,0,7,4.76,0.11,7.00,2.24,2.13,1
2026-07-27 13:30,KXBTC15M-26JUL270930-30,64929.24,1,,no,79,64864.98,9.90,0,6,4.74,0.07,6.00,1.26,1.19,1
2026-07-27 13:45,KXBTC15M-26JUL270945-45,64892.81,0,no quote on chosen side at decision time,yes,,65497.99,93.26,0,0,0.00,0.00,0.00,0.00,0.00,
2026-07-27 14:00,KXBTC15M-26JUL271000-00,65600.71,0,odds 97c above 79c cap,no,,65377.66,34.00,0,0,0.00,0.00,0.00,0.00,0.00,
2026-07-27 14:15,KXBTC15M-26JUL271015-15,65164.74,0,odds 95c above 79c cap,yes,,65194.90,4.63,0,0,0.00,0.00,0.00,0.00,0.00,
2026-07-27 14:30,KXBTC15M-26JUL271030-30,65298.01,0,odds 99c above 79c cap,no,,64955.68,52.43,0,0,0.00,0.00,0.00,0.00,0.00,
2026-07-27 14:45,KXBTC15M-26JUL271045-45,64861.12,0,odds 98c above 79c cap,no,,64529.18,51.18,0,0,0.00,0.00,0.00,0.00,0.00,
2026-07-27 15:00,KXBTC15M-26JUL271100-00,64456.61,1,,yes,75,64602.77,22.68,0,6,4.50,0.08,6.00,1.50,1.42,1
2026-07-27 15:15,KXBTC15M-26JUL271115-15,64602.86,0,odds 81c above 79c cap,no,,64525.70,11.94,0,0,0.00,0.00,0.00,0.00,0.00,
2026-07-27 15:30,KXBTC15M-26JUL271130-30,64664.92,0,odds 92c above 79c cap,no,,64564.06,15.60,0,0,0.00,0.00,0.00,0.00,0.00,
2026-07-27 15:45,KXBTC15M-26JUL271145-45,64558.57,0,odds 82c above 79c cap,no,,64505.65,8.20,0,0,0.00,0.00,0.00,0.00,0.00,
2026-07-27 16:00,KXBTC15M-26JUL271200-00,64515.27,0,odds 47c not above 60c,yes,,64541.57,4.08,0,0,0.00,0.00,0.00,0.00,0.00,
2026-07-27 16:15,KXBTC15M-26JUL271215-15,64485.45,0,odds 92c above 79c cap,yes,,64593.85,16.81,0,0,0.00,0.00,0.00,0.00,0.00,
2026-07-27 16:30,KXBTC15M-26JUL271230-30,64545.03,0,odds 40c not above 60c,yes,,64673.91,19.97,0,0,0.00,0.00,0.00,0.00,0.00,
2026-07-27 16:45,KXBTC15M-26JUL271245-45,64671.16,0,odds 99c above 79c cap,yes,,64872.49,31.13,0,0,0.00,0.00,0.00,0.00,0.00,
2026-07-27 17:00,KXBTC15M-26JUL271300-00,64848.76,0,odds 96c above 79c cap,no,,64768.00,12.45,0,0,0.00,0.00,0.00,0.00,0.00,
2026-07-27 17:15,KXBTC15M-26JUL271315-15,64838.44,0,odds 88c above 79c cap,no,,64797.49,6.32,0,0,0.00,0.00,0.00,0.00,0.00,
2026-07-27 17:30,KXBTC15M-26JUL271330-30,64825.66,0,odds 98c above 79c cap,yes,,64959.36,20.62,0,0,0.00,0.00,0.00,0.00,0.00,
2026-07-27 17:45,KXBTC15M-26JUL271345-45,64938.13,1,,yes,78,64972.38,5.27,0,6,4.68,0.08,6.00,1.32,1.24,1
2026-07-27 18:00,KXBTC15M-26JUL271400-00,64942.36,1,,no,76,64909.73,5.02,0,6,4.56,0.08,0.00,-4.56,-4.64,0
2026-07-27 18:15,KXBTC15M-26JUL271415-15,64951.86,0,odds 83c above 79c cap,no,,64900.49,7.91,0,0,0.00,0.00,0.00,0.00,0.00,
2026-07-27 18:30,KXBTC15M-26JUL271430-30,64908.12,0,odds 96c above 79c cap,no,,64832.21,11.69,0,0,0.00,0.00,0.00,0.00,0.00,
2026-07-27 18:45,KXBTC15M-26JUL271445-45,64841.90,0,odds 99c above 79c cap,no,,64690.73,23.31,0,0,0.00,0.00,0.00,0.00,0.00,
2026-07-27 19:00,KXBTC15M-26JUL271500-00,64788.28,0,odds 34c not above 60c,yes,,64807.07,2.90,0,0,0.00,0.00,0.00,0.00,0.00,
2026-07-27 19:15,KXBTC15M-26JUL271515-15,64803.99,0,odds 90c above 79c cap,yes,,64932.00,19.75,0,0,0.00,0.00,0.00,0.00,0.00,
2026-07-27 19:30,KXBTC15M-26JUL271530-30,64907.88,0,odds 60c not above 60c,no,,64871.81,5.56,0,0,0.00,0.00,0.00,0.00,0.00,
2026-07-27 19:45,KXBTC15M-26JUL271545-45,64907.12,0,odds 84c above 79c cap,yes,,64955.66,7.48,0,0,0.00,0.00,0.00,0.00,0.00,
2026-07-27 20:00,KXBTC15M-26JUL271600-00,64916.04,1,,no,74,64903.51,1.93,0,6,4.44,0.09,6.00,1.56,1.47,1
2026-07-27 20:15,KXBTC15M-26JUL271615-15,64902.54,1,,no,63,64882.84,3.04,0,7,4.41,0.12,7.00,2.59,2.47,1
2026-07-27 20:30,KXBTC15M-26JUL271630-30,64891.30,1,,yes,71,64915.21,3.68,0,7,4.97,0.11,7.00,2.03,1.92,1
2026-07-27 20:45,KXBTC15M-26JUL271645-45,64941.19,0,odds 93c above 79c cap,no,,64882.08,9.10,0,0,0.00,0.00,0.00,0.00,0.00,
2026-07-27 21:00,KXBTC15M-26JUL271700-00,64887.65,0,odds 42c not above 60c,yes,,64888.08,0.07,0,0,0.00,0.00,0.00,0.00,0.00,
2026-07-27 21:15,KXBTC15M-26JUL271715-15,64898.33,0,odds 82c above 79c cap,no,,64878.73,3.02,0,0,0.00,0.00,0.00,0.00,0.00,
2026-07-27 21:30,KXBTC15M-26JUL271730-30,64846.12,0,odds 86c above 79c cap,no,,64801.90,6.82,0,0,0.00,0.00,0.00,0.00,0.00,
2026-07-27 21:45,KXBTC15M-26JUL271745-45,64778.59,1,,no,75,64762.32,2.51,0,6,4.50,0.08,6.00,1.50,1.42,1
2026-07-27 22:00,KXBTC15M-26JUL271800-00,64761.43,0,odds 83c above 79c cap,yes,,64793.75,4.99,0,0,0.00,0.00,0.00,0.00,0.00,
2026-07-27 22:15,KXBTC15M-26JUL271815-15,64771.27,0,odds 97c above 79c cap,no,,64670.14,15.61,0,0,0.00,0.00,0.00,0.00,0.00,
2026-07-27 22:30,KXBTC15M-26JUL271830-30,64656.74,0,odds 84c above 79c cap,no,,64536.94,18.53,0,0,0.00,0.00,0.00,0.00,0.00,
2026-07-27 22:45,KXBTC15M-26JUL271845-45,64547.43,0,odds 96c above 79c cap,no,,64178.18,57.21,0,0,0.00,0.00,0.00,0.00,0.00,
2026-07-27 23:00,KXBTC15M-26JUL271900-00,64160.27,0,odds 99c above 79c cap,no,,63991.52,26.30,0,0,0.00,0.00,0.00,0.00,0.00,
2026-07-27 23:15,KXBTC15M-26JUL271915-15,63772.29,0,odds 93c above 79c cap,no,,63624.52,23.17,0,0,0.00,0.00,0.00,0.00,0.00,
2026-07-27 23:30,KXBTC15M-26JUL271930-30,63757.34,1,,yes,75,63873.76,18.26,0,6,4.50,0.08,6.00,1.50,1.42,1
2026-07-27 23:45,KXBTC15M-26JUL271945-45,63835.80,0,odds 96c above 79c cap,no,,63689.76,22.88,0,0,0.00,0.00,0.00,0.00,0.00,
2026-07-28 00:00,KXBTC15M-26JUL272000-00,63627.38,0,odds 94c above 79c cap,yes,,63680.00,8.27,0,0,0.00,0.00,0.00,0.00,0.00,
2026-07-28 00:15,KXBTC15M-26JUL272015-15,63703.28,0,odds 95c above 79c cap,no,,63514.65,29.61,0,0,0.00,0.00,0.00,0.00,0.00,
2026-07-28 00:30,KXBTC15M-26JUL272030-30,63585.35,0,odds 58c not above 60c,yes,,63589.39,0.64,0,0,0.00,0.00,0.00,0.00,0.00,
2026-07-28 00:45,KXBTC15M-26JUL272045-45,63631.54,0,odds 42c not above 60c,no,,63608.73,3.58,0,0,0.00,0.00,0.00,0.00,0.00,
2026-07-28 01:00,KXBTC15M-26JUL272100-00,63578.08,0,odds 97c above 79c cap,no,,63499.48,12.36,0,0,0.00,0.00,0.00,0.00,0.00,
2026-07-28 01:15,KXBTC15M-26JUL272115-15,63424.86,0,odds 97c above 79c cap,no,,63103.11,50.73,0,0,0.00,0.00,0.00,0.00,0.00,
2026-07-28 01:30,KXBTC15M-26JUL272130-30,63166.52,0,odds 43c not above 60c,yes,,63202.23,5.65,0,0,0.00,0.00,0.00,0.00,0.00,
2026-07-28 01:45,KXBTC15M-26JUL272145-45,63255.52,1,,no,75,63134.37,19.15,0,6,4.50,0.08,6.00,1.50,1.42,1
2026-07-28 02:00,KXBTC15M-26JUL272200-00,63140.94,0,odds 38c not above 60c,no,,63125.68,2.42,0,0,0.00,0.00,0.00,0.00,0.00,
2026-07-28 02:15,KXBTC15M-26JUL272215-15,63170.40,1,,yes,64,63197.06,4.22,0,7,4.48,0.12,7.00,2.52,2.40,1
2026-07-28 02:30,KXBTC15M-26JUL272230-30,63199.04,1,,yes,77,63212.40,2.11,0,6,4.62,0.08,0.00,-4.62,-4.70,0
2026-07-28 02:45,KXBTC15M-26JUL272245-45,63179.44,0,odds 88c above 79c cap,no,,63095.50,13.29,0,0,0.00,0.00,0.00,0.00,0.00,
2026-07-28 03:00,KXBTC15M-26JUL272300-00,63073.16,0,odds 91c above 79c cap,yes,,63114.69,6.58,0,0,0.00,0.00,0.00,0.00,0.00,
2026-07-28 03:15,KXBTC15M-26JUL272315-15,63124.48,0,odds 56c not above 60c,yes,,63134.09,1.52,0,0,0.00,0.00,0.00,0.00,0.00,
2026-07-28 03:30,KXBTC15M-26JUL272330-30,63210.47,0,odds 86c above 79c cap,yes,,63245.74,5.58,0,0,0.00,0.00,0.00,0.00,0.00,
2026-07-28 03:45,KXBTC15M-26JUL272345-45,63224.21,0,odds 92c above 79c cap,yes,,63303.00,12.46,0,0,0.00,0.00,0.00,0.00,0.00,
2026-07-28 04:00,KXBTC15M-26JUL280000-00,63297.20,0,odds 83c above 79c cap,no,,63255.52,6.58,0,0,0.00,0.00,0.00,0.00,0.00,
2026-07-28 04:15,KXBTC15M-26JUL280015-15,63260.73,1,,yes,62,63268.82,1.28,0,8,4.96,0.14,0.00,-4.96,-5.10,0
2026-07-28 04:30,KXBTC15M-26JUL280030-30,63260.45,0,odds 36c not above 60c,no,,63252.86,1.20,0,0,0.00,0.00,0.00,0.00,0.00,
2026-07-28 04:45,KXBTC15M-26JUL280045-45,63230.46,0,odds 93c above 79c cap,no,,63166.55,10.11,0,0,0.00,0.00,0.00,0.00,0.00,
2026-07-28 05:00,KXBTC15M-26JUL280100-00,63211.37,0,odds 99c above 79c cap,yes,,63281.99,11.17,0,0,0.00,0.00,0.00,0.00,0.00,
2026-07-28 05:15,KXBTC15M-26JUL280115-15,63277.33,0,no quote on chosen side at decision time,yes,,63400.81,19.51,0,0,0.00,0.00,0.00,0.00,0.00,
2026-07-28 05:30,KXBTC15M-26JUL280130-30,63387.41,0,odds 94c above 79c cap,yes,,63423.82,5.74,0,0,0.00,0.00,0.00,0.00,0.00,
2026-07-28 05:45,KXBTC15M-26JUL280145-45,63470.33,1,,no,66,63451.35,2.99,0,7,4.62,0.11,0.00,-4.62,-4.73,0
2026-07-28 06:00,KXBTC15M-26JUL280200-00,63479.07,0,odds 87c above 79c cap,no,,63435.01,6.94,0,0,0.00,0.00,0.00,0.00,0.00,
2026-07-28 06:15,KXBTC15M-26JUL280215-15,63404.26,0,odds 84c above 79c cap,no,,63342.60,9.72,0,0,0.00,0.00,0.00,0.00,0.00,
2026-07-28 06:30,KXBTC15M-26JUL280230-30,63366.57,0,odds 94c above 79c cap,yes,,63425.99,9.38,0,0,0.00,0.00,0.00,0.00,0.00,
2026-07-28 06:45,KXBTC15M-26JUL280245-45,63459.41,0,odds 94c above 79c cap,yes,,63510.00,7.97,0,0,0.00,0.00,0.00,0.00,0.00,
2026-07-28 07:00,KXBTC15M-26JUL280300-00,63518.87,0,odds 96c above 79c cap,yes,,63573.26,8.56,0,0,0.00,0.00,0.00,0.00,0.00,
2026-07-28 07:15,KXBTC15M-26JUL280315-15,63571.28,0,odds 98c above 79c cap,no,,63491.03,12.62,0,0,0.00,0.00,0.00,0.00,0.00,
2026-07-28 07:30,KXBTC15M-26JUL280330-30,63495.22,0,odds 49c not above 60c,no,,63491.47,0.59,0,0,0.00,0.00,0.00,0.00,0.00,
2026-07-28 07:45,KXBTC15M-26JUL280345-45,63501.93,1,,no,77,63456.01,7.23,0,6,4.62,0.08,6.00,1.38,1.30,1
2026-07-28 08:00,KXBTC15M-26JUL280400-00,63426.33,1,,yes,70,63456.83,4.81,0,7,4.90,0.11,7.00,2.10,1.99,1
2026-07-28 08:15,KXBTC15M-26JUL280415-15,63438.95,1,,no,69,63388.52,7.95,0,7,4.83,0.11,7.00,2.17,2.06,1
2026-07-28 08:30,KXBTC15M-26JUL280430-30,63379.57,0,odds 92c above 79c cap,yes,,63392.73,2.08,0,0,0.00,0.00,0.00,0.00,0.00,
2026-07-28 08:45,KXBTC15M-26JUL280445-45,63415.78,1,,no,74,63409.13,1.05,0,6,4.44,0.09,0.00,-4.44,-4.53,0
2026-07-28 09:00,KXBTC15M-26JUL280500-00,63440.67,0,odds 98c above 79c cap,no,,63348.77,14.49,0,0,0.00,0.00,0.00,0.00,0.00,
2026-07-28 09:15,KXBTC15M-26JUL280515-15,63362.45,0,odds 86c above 79c cap,yes,,63381.23,2.96,0,0,0.00,0.00,0.00,0.00,0.00,
2026-07-28 09:30,KXBTC15M-26JUL280530-30,63368.73,0,odds 94c above 79c cap,yes,,63394.51,4.07,0,0,0.00,0.00,0.00,0.00,0.00,
2026-07-28 09:45,KXBTC15M-26JUL280545-45,63417.93,0,odds 98c above 79c cap,yes,,63475.67,9.10,0,0,0.00,0.00,0.00,0.00,0.00,
2026-07-28 10:00,KXBTC15M-26JUL280600-00,63457.56,0,odds 99c above 79c cap,no,,63323.35,21.15,0,0,0.00,0.00,0.00,0.00,0.00,
2026-07-28 10:15,KXBTC15M-26JUL280615-15,63331.64,0,odds 94c above 79c cap,no,,63258.02,11.62,0,0,0.00,0.00,0.00,0.00,0.00,
2026-07-28 10:30,KXBTC15M-26JUL280630-30,63282.53,0,odds 11c not above 60c,no,,63258.48,3.80,0,0,0.00,0.00,0.00,0.00,0.00,
2026-07-28 10:45,KXBTC15M-26JUL280645-45,63302.81,0,odds 99c above 79c cap,yes,,63408.06,16.63,0,0,0.00,0.00,0.00,0.00,0.00,
2026-07-28 11:00,KXBTC15M-26JUL280700-00,63442.84,0,odds 36c not above 60c,no,,63429.36,2.12,0,0,0.00,0.00,0.00,0.00,0.00,
2026-07-28 11:15,KXBTC15M-26JUL280715-15,63412.42,0,odds 97c above 79c cap,no,,63321.23,14.38,0,0,0.00,0.00,0.00,0.00,0.00,
2026-07-28 11:30,KXBTC15M-26JUL280730-30,63308.79,0,odds 97c above 79c cap,yes,,63398.93,14.24,0,0,0.00,0.00,0.00,0.00,0.00,
2026-07-28 11:45,KXBTC15M-26JUL280745-45,63403.37,0,odds 35c not above 60c,no,,63392.82,1.66,0,0,0.00,0.00,0.00,0.00,0.00,
2026-07-28 12:00,KXBTC15M-26JUL280800-00,63337.75,0,odds 94c above 79c cap,yes,,63400.01,9.83,0,0,0.00,0.00,0.00,0.00,0.00,
2026-07-28 12:15,KXBTC15M-26JUL280815-15,63434.98,1,,no,70,63423.68,1.78,0,7,4.90,0.11,7.00,2.10,1.99,1
2026-07-28 12:30,KXBTC15M-26JUL280830-30,63392.62,1,,yes,63,63397.58,0.78,0,7,4.41,0.12,7.00,2.59,2.47,1
2026-07-28 12:45,KXBTC15M-26JUL280845-45,63395.66,1,,no,76,63348.78,7.39,0,6,4.56,0.08,0.00,-4.56,-4.64,0
2026-07-28 13:00,KXBTC15M-26JUL280900-00,63407.99,0,odds 93c above 79c cap,yes,,63437.67,4.68,0,0,0.00,0.00,0.00,0.00,0.00,
2026-07-28 13:15,KXBTC15M-26JUL280915-15,63491.16,0,odds 82c above 79c cap,no,,63422.00,10.89,0,0,0.00,0.00,0.00,0.00,0.00,
2026-07-28 13:30,KXBTC15M-26JUL280930-30,63436.77,0,odds 96c above 79c cap,no,,63289.43,23.23,0,0,0.00,0.00,0.00,0.00,0.00,
2026-07-28 13:45,KXBTC15M-26JUL280945-45,63255.58,0,odds 99c above 79c cap,no,,62987.10,42.44,0,0,0.00,0.00,0.00,0.00,0.00,
2026-07-28 14:00,KXBTC15M-26JUL281000-00,62937.76,0,odds 52c not above 60c,no,,62936.20,0.25,0,0,0.00,0.00,0.00,0.00,0.00,
2026-07-28 14:15,KXBTC15M-26JUL281015-15,63016.87,0,odds 93c above 79c cap,yes,,63138.90,19.36,0,0,0.00,0.00,0.00,0.00,0.00,
2026-07-28 14:30,KXBTC15M-26JUL281030-30,63106.21,0,odds 37c not above 60c,no,,63095.94,1.63,0,0,0.00,0.00,0.00,0.00,0.00,
2026-07-28 14:45,KXBTC15M-26JUL281045-45,63107.35,1,,yes,70,63221.67,18.12,0,7,4.90,0.11,7.00,2.10,1.99,1
2026-07-28 15:00,KXBTC15M-26JUL281100-00,63286.19,0,odds 91c above 79c cap,yes,,63399.66,17.93,0,0,0.00,0.00,0.00,0.00,0.00,
2026-07-28 15:15,KXBTC15M-26JUL281115-15,63347.16,0,odds 56c not above 60c,no,,63310.62,5.77,0,0,0.00,0.00,0.00,0.00,0.00,
2026-07-28 15:30,KXBTC15M-26JUL281130-30,63410.51,0,odds 99c above 79c cap,yes,,63797.88,61.09,0,0,0.00,0.00,0.00,0.00,0.00,
2026-07-28 15:45,KXBTC15M-26JUL281145-45,63699.77,0,odds 81c above 79c cap,yes,,63785.95,13.53,0,0,0.00,0.00,0.00,0.00,0.00,
2026-07-28 16:00,KXBTC15M-26JUL281200-00,63796.55,0,odds 49c not above 60c,no,,63756.16,6.33,0,0,0.00,0.00,0.00,0.00,0.00,
2026-07-28 16:15,KXBTC15M-26JUL281215-15,63859.57,0,odds 92c above 79c cap,no,,63750.82,17.03,0,0,0.00,0.00,0.00,0.00,0.00,
2026-07-28 16:30,KXBTC15M-26JUL281230-30,63749.36,1,,yes,72,63774.25,3.90,0,6,4.32,0.09,6.00,1.68,1.59,1
2026-07-28 16:45,KXBTC15M-26JUL281245-45,63776.80,0,odds 53c not above 60c,yes,,63791.78,2.35,0,0,0.00,0.00,0.00,0.00,0.00,
2026-07-28 17:00,KXBTC15M-26JUL281300-00,63857.56,0,odds 97c above 79c cap,yes,,63970.97,17.76,0,0,0.00,0.00,0.00,0.00,0.00,
2026-07-28 17:15,KXBTC15M-26JUL281315-15,63972.63,0,no quote on chosen side at decision time,no,,63758.80,33.43,0,0,0.00,0.00,0.00,0.00,0.00,
2026-07-28 17:30,KXBTC15M-26JUL281330-30,63742.50,0,odds 88c above 79c cap,no,,63679.66,9.86,0,0,0.00,0.00,0.00,0.00,0.00,
2026-07-28 17:45,KXBTC15M-26JUL281345-45,63671.93,0,odds 99c above 79c cap,no,,63515.39,24.59,0,0,0.00,0.00,0.00,0.00,0.00,
2026-07-28 18:00,KXBTC15M-26JUL281400-00,63498.03,0,odds 88c above 79c cap,yes,,63542.19,6.95,0,0,0.00,0.00,0.00,0.00,0.00,
2026-07-28 18:15,KXBTC15M-26JUL281415-15,63607.95,0,odds 88c above 79c cap,yes,,63673.15,10.25,0,0,0.00,0.00,0.00,0.00,0.00,
2026-07-28 18:30,KXBTC15M-26JUL281430-30,63631.48,0,odds 36c not above 60c,no,,63625.51,0.94,0,0,0.00,0.00,0.00,0.00,0.00,
2026-07-28 18:45,KXBTC15M-26JUL281445-45,63628.10,1,,yes,74,63649.47,3.36,0,6,4.44,0.09,6.00,1.56,1.47,1
2026-07-28 19:00,KXBTC15M-26JUL281500-00,63686.27,0,odds 93c above 79c cap,no,,63626.61,9.37,0,0,0.00,0.00,0.00,0.00,0.00,
2026-07-28 19:15,KXBTC15M-26JUL281515-15,63663.50,0,odds 90c above 79c cap,yes,,63695.71,5.06,0,0,0.00,0.00,0.00,0.00,0.00,
2026-07-28 19:30,KXBTC15M-26JUL281530-30,63689.35,0,odds 47c not above 60c,no,,63660.46,4.54,0,0,0.00,0.00,0.00,0.00,0.00,
2026-07-28 19:45,KXBTC15M-26JUL281545-45,63679.15,1,,yes,72,63692.24,2.06,0,6,4.32,0.09,0.00,-4.32,-4.41,0
2026-07-28 20:00,KXBTC15M-26JUL281600-00,63618.87,0,odds 99c above 79c cap,yes,,63768.53,23.52,0,0,0.00,0.00,0.00,0.00,0.00,
2026-07-28 20:15,KXBTC15M-26JUL281615-15,63801.27,0,odds 92c above 79c cap,yes,,63850.20,7.67,0,0,0.00,0.00,0.00,0.00,0.00,
2026-07-28 20:30,KXBTC15M-26JUL281630-30,63908.16,0,odds 95c above 79c cap,no,,63860.62,7.44,0,0,0.00,0.00,0.00,0.00,0.00,
2026-07-28 20:45,KXBTC15M-26JUL281645-45,63828.93,1,,no,73,63808.24,3.24,0,6,4.38,0.09,0.00,-4.38,-4.47,0
2026-07-28 21:00,KXBTC15M-26JUL281700-00,63849.21,0,odds 57c not above 60c,yes,,63853.39,0.65,0,0,0.00,0.00,0.00,0.00,0.00,
2026-07-28 21:15,KXBTC15M-26JUL281715-15,63838.75,0,odds 83c above 79c cap,yes,,63851.23,1.95,0,0,0.00,0.00,0.00,0.00,0.00,
2026-07-28 21:30,KXBTC15M-26JUL281730-30,63851.11,1,,no,75,63832.51,2.91,0,6,4.50,0.08,6.00,1.50,1.42,1
2026-07-28 21:45,KXBTC15M-26JUL281745-45,63839.37,0,odds 99c above 79c cap,yes,,63920.50,12.71,0,0,0.00,0.00,0.00,0.00,0.00,
2026-07-28 22:00,KXBTC15M-26JUL281800-00,63958.53,1,,no,72,63936.90,3.38,0,6,4.32,0.09,6.00,1.68,1.59,1
2026-07-28 22:15,KXBTC15M-26JUL281815-15,63912.47,0,odds 56c not above 60c,no,,63879.43,5.17,0,0,0.00,0.00,0.00,0.00,0.00,
2026-07-28 22:30,KXBTC15M-26JUL281830-30,63906.35,1,,no,75,63860.22,7.22,0,6,4.50,0.08,6.00,1.50,1.42,1
2026-07-28 22:45,KXBTC15M-26JUL281845-45,63845.59,0,odds 93c above 79c cap,no,,63806.90,6.06,0,0,0.00,0.00,0.00,0.00,0.00,
2026-07-28 23:00,KXBTC15M-26JUL281900-00,63800.19,0,odds 98c above 79c cap,no,,63752.64,7.45,0,0,0.00,0.00,0.00,0.00,0.00,
2026-07-28 23:15,KXBTC15M-26JUL281915-15,63718.44,0,odds 99c above 79c cap,no,,63574.57,22.58,0,0,0.00,0.00,0.00,0.00,0.00,
2026-07-28 23:30,KXBTC15M-26JUL281930-30,63545.55,1,,no,74,63485.51,9.45,0,6,4.44,0.09,0.00,-4.44,-4.53,0
2026-07-28 23:45,KXBTC15M-26JUL281945-45,63556.33,0,odds 99c above 79c cap,yes,,63726.38,26.76,0,0,0.00,0.00,0.00,0.00,0.00,
2026-07-29 00:00,KXBTC15M-26JUL282000-00,63738.38,0,odds 99c above 79c cap,yes,,63815.65,12.12,0,0,0.00,0.00,0.00,0.00,0.00,
2026-07-29 00:15,KXBTC15M-26JUL282015-15,63864.12,0,odds 96c above 79c cap,yes,,63937.08,11.42,0,0,0.00,0.00,0.00,0.00,0.00,
2026-07-29 00:30,KXBTC15M-26JUL282030-30,63955.76,0,odds 90c above 79c cap,no,,63924.31,4.92,0,0,0.00,0.00,0.00,0.00,0.00,
2026-07-29 00:45,KXBTC15M-26JUL282045-45,63886.96,0,odds 94c above 79c cap,yes,,63946.62,9.34,0,0,0.00,0.00,0.00,0.00,0.00,
2026-07-29 01:00,KXBTC15M-26JUL282100-00,63995.05,0,odds 32c not above 60c,no,,63968.88,4.09,0,0,0.00,0.00,0.00,0.00,0.00,
2026-07-29 01:15,KXBTC15M-26JUL282115-15,63880.45,1,,no,76,63796.09,13.21,0,6,4.56,0.08,6.00,1.44,1.36,1
2026-07-29 01:30,KXBTC15M-26JUL282130-30,63752.79,0,odds 92c above 79c cap,yes,,63823.79,11.14,0,0,0.00,0.00,0.00,0.00,0.00,
2026-07-29 01:45,KXBTC15M-26JUL282145-45,63848.37,1,,no,74,63769.05,12.42,0,6,4.44,0.09,6.00,1.56,1.47,1
2026-07-29 02:00,KXBTC15M-26JUL282200-00,63740.03,0,odds 95c above 79c cap,no,,63666.62,11.52,0,0,0.00,0.00,0.00,0.00,0.00,
2026-07-29 02:15,KXBTC15M-26JUL282215-15,63625.62,0,odds 95c above 79c cap,yes,,63698.59,11.47,0,0,0.00,0.00,0.00,0.00,0.00,
2026-07-29 02:30,KXBTC15M-26JUL282230-30,63763.48,0,odds 45c not above 60c,yes,,63795.88,5.08,0,0,0.00,0.00,0.00,0.00,0.00,
2026-07-29 02:45,KXBTC15M-26JUL282245-45,63917.63,0,odds 97c above 79c cap,yes,,64003.34,13.41,0,0,0.00,0.00,0.00,0.00,0.00,
2026-07-29 03:00,KXBTC15M-26JUL282300-00,63955.76,0,odds 90c above 79c cap,no,,63881.46,11.62,0,0,0.00,0.00,0.00,0.00,0.00,
2026-07-29 03:15,KXBTC15M-26JUL282315-15,63883.36,1,,yes,75,63908.09,3.87,0,6,4.50,0.08,0.00,-4.50,-4.58,0
2026-07-29 03:30,KXBTC15M-26JUL282330-30,63859.81,0,odds 91c above 79c cap,no,,63777.15,12.94,0,0,0.00,0.00,0.00,0.00,0.00,
2026-07-29 03:45,KXBTC15M-26JUL282345-45,63724.25,0,odds 50c not above 60c,no,,63708.12,2.53,0,0,0.00,0.00,0.00,0.00,0.00,
2026-07-29 04:00,KXBTC15M-26JUL290000-00,63682.37,1,,no,70,63634.97,7.44,0,7,4.90,0.11,7.00,2.10,1.99,1
2026-07-29 04:15,KXBTC15M-26JUL290015-15,63650.03,0,odds 34c not above 60c,no,,63623.92,4.10,0,0,0.00,0.00,0.00,0.00,0.00,
2026-07-29 04:30,KXBTC15M-26JUL290030-30,63653.21,1,,yes,73,63671.97,2.95,0,6,4.38,0.09,6.00,1.62,1.53,1
2026-07-29 04:45,KXBTC15M-26JUL290045-45,63711.02,0,odds 97c above 79c cap,yes,,63816.24,16.52,0,0,0.00,0.00,0.00,0.00,0.00,
2026-07-29 05:00,KXBTC15M-26JUL290100-00,63785.92,0,odds 94c above 79c cap,yes,,63833.60,7.48,0,0,0.00,0.00,0.00,0.00,0.00,
2026-07-29 05:15,KXBTC15M-26JUL290115-15,63870.09,1,,yes,69,63924.99,8.60,0,7,4.83,0.11,7.00,2.17,2.06,1
2026-07-29 05:30,KXBTC15M-26JUL290130-30,63918.42,0,odds 91c above 79c cap,no,,63866.52,8.12,0,0,0.00,0.00,0.00,0.00,0.00,
2026-07-29 05:45,KXBTC15M-26JUL290145-45,63875.08,0,odds 97c above 79c cap,yes,,63956.15,12.69,0,0,0.00,0.00,0.00,0.00,0.00,
2026-07-29 06:00,KXBTC15M-26JUL290200-00,63940.54,0,odds 97c above 79c cap,yes,,63996.88,8.81,0,0,0.00,0.00,0.00,0.00,0.00,
2026-07-29 06:15,KXBTC15M-26JUL290215-15,63982.94,1,,no,62,63972.05,1.70,0,8,4.96,0.14,0.00,-4.96,-5.10,0
2026-07-29 06:30,KXBTC15M-26JUL290230-30,64035.34,0,odds 96c above 79c cap,yes,,64165.85,20.38,0,0,0.00,0.00,0.00,0.00,0.00,
2026-07-29 06:45,KXBTC15M-26JUL290245-45,64302.73,0,odds 82c above 79c cap,yes,,64347.22,6.92,0,0,0.00,0.00,0.00,0.00,0.00,
2026-07-29 07:00,KXBTC15M-26JUL290300-00,64363.37,1,,no,78,64335.39,4.35,0,6,4.68,0.08,6.00,1.32,1.24,1
2026-07-29 07:15,KXBTC15M-26JUL290315-15,64353.79,0,odds 83c above 79c cap,yes,,64385.00,4.85,0,0,0.00,0.00,0.00,0.00,0.00,
2026-07-29 07:30,KXBTC15M-26JUL290330-30,64386.43,1,,no,73,64366.37,3.12,0,6,4.38,0.09,0.00,-4.38,-4.47,0
2026-07-29 07:45,KXBTC15M-26JUL290345-45,64431.31,0,odds 94c above 79c cap,no,,64382.65,7.55,0,0,0.00,0.00,0.00,0.00,0.00,
2026-07-29 08:00,KXBTC15M-26JUL290400-00,64410.50,1,,no,77,64404.54,0.93,0,6,4.62,0.08,0.00,-4.62,-4.70,0
2026-07-29 08:15,KXBTC15M-26JUL290415-15,64487.43,0,no quote on chosen side at decision time,no,,64334.61,23.70,0,0,0.00,0.00,0.00,0.00,0.00,
2026-07-29 08:30,KXBTC15M-26JUL290430-30,64312.35,0,odds 92c above 79c cap,no,,64228.33,13.06,0,0,0.00,0.00,0.00,0.00,0.00,
2026-07-29 08:45,KXBTC15M-26JUL290445-45,64226.84,1,,yes,76,64250.69,3.71,0,6,4.56,0.08,6.00,1.44,1.36,1
2026-07-29 09:00,KXBTC15M-26JUL290500-00,64333.79,0,odds 57c not above 60c,no,,64322.70,1.72,0,0,0.00,0.00,0.00,0.00,0.00,
2026-07-29 09:15,KXBTC15M-26JUL290515-15,64343.72,1,,yes,68,64379.65,5.58,0,7,4.76,0.11,7.00,2.24,2.13,1
2026-07-29 09:30,KXBTC15M-26JUL290530-30,64378.78,1,,yes,71,64398.97,3.14,0,7,4.97,0.11,7.00,2.03,1.92,1
2026-07-29 09:45,KXBTC15M-26JUL290545-45,64381.96,0,odds 99c above 79c cap,yes,,64588.99,32.16,0,0,0.00,0.00,0.00,0.00,0.00,
2026-07-29 10:00,KXBTC15M-26JUL290600-00,64529.84,0,odds 90c above 79c cap,yes,,64612.00,12.73,0,0,0.00,0.00,0.00,0.00,0.00,
2026-07-29 10:15,KXBTC15M-26JUL290615-15,64636.61,0,odds 83c above 79c cap,no,,64561.62,11.60,0,0,0.00,0.00,0.00,0.00,0.00,
2026-07-29 10:30,KXBTC15M-26JUL290630-30,64584.13,1,,no,64,64548.84,5.46,0,7,4.48,0.12,7.00,2.52,2.40,1
2026-07-29 10:45,KXBTC15M-26JUL290645-45,64549.15,0,odds 96c above 79c cap,no,,64504.18,6.97,0,0,0.00,0.00,0.00,0.00,0.00,
2026-07-29 11:00,KXBTC15M-26JUL290700-00,64604.42,0,no quote on chosen side at decision time,no,,64341.49,40.70,0,0,0.00,0.00,0.00,0.00,0.00,
2026-07-29 11:15,KXBTC15M-26JUL290715-15,64398.56,1,,yes,76,64433.24,5.39,0,6,4.56,0.08,6.00,1.44,1.36,1
2026-07-29 11:30,KXBTC15M-26JUL290730-30,64453.30,0,odds 57c not above 60c,yes,,64454.78,0.23,0,0,0.00,0.00,0.00,0.00,0.00,
2026-07-29 11:45,KXBTC15M-26JUL290745-45,64446.73,0,odds 99c above 79c cap,no,,64377.40,10.76,0,0,0.00,0.00,0.00,0.00,0.00,
2026-07-29 12:00,KXBTC15M-26JUL290800-00,64357.07,0,odds 90c above 79c cap,yes,,64402.58,7.07,0,0,0.00,0.00,0.00,0.00,0.00,
2026-07-29 12:15,KXBTC15M-26JUL290815-15,64430.18,0,odds 98c above 79c cap,no,,64371.01,9.18,0,0,0.00,0.00,0.00,0.00,0.00,
2026-07-29 12:30,KXBTC15M-26JUL290830-30,64406.40,0,odds 99c above 79c cap,no,,64288.00,18.38,0,0,0.00,0.00,0.00,0.00,0.00,
2026-07-29 12:45,KXBTC15M-26JUL290845-45,64284.88,1,,no,73,64247.46,5.82,0,6,4.38,0.09,6.00,1.62,1.53,1
2026-07-29 13:00,KXBTC15M-26JUL290900-00,64259.33,0,odds 88c above 79c cap,no,,64236.99,3.48,0,0,0.00,0.00,0.00,0.00,0.00,
2026-07-29 13:15,KXBTC15M-26JUL290915-15,64200.20,1,,yes,63,64208.55,1.30,0,7,4.41,0.12,7.00,2.59,2.47,1
2026-07-29 13:30,KXBTC15M-26JUL290930-30,64248.59,0,odds 97c above 79c cap,no,,64102.42,22.75,0,0,0.00,0.00,0.00,0.00,0.00,
2026-07-29 13:45,KXBTC15M-26JUL290945-45,64141.18,0,odds 91c above 79c cap,yes,,64212.44,11.11,0,0,0.00,0.00,0.00,0.00,0.00,
2026-07-29 14:00,KXBTC15M-26JUL291000-00,64403.86,0,odds 48c not above 60c,no,,64316.34,13.59,0,0,0.00,0.00,0.00,0.00,0.00,
2026-07-29 14:15,KXBTC15M-26JUL291015-15,64539.47,0,odds 92c above 79c cap,no,,64373.21,25.76,0,0,0.00,0.00,0.00,0.00,0.00,
2026-07-29 14:30,KXBTC15M-26JUL291030-30,64196.76,0,odds 35c not above 60c,no,,64132.27,10.05,0,0,0.00,0.00,0.00,0.00,0.00,
2026-07-29 14:45,KXBTC15M-26JUL291045-45,64142.89,0,odds 84c above 79c cap,no,,64035.51,16.74,0,0,0.00,0.00,0.00,0.00,0.00,
2026-07-29 15:00,KXBTC15M-26JUL291100-00,64001.02,0,odds 98c above 79c cap,yes,,64088.78,13.71,0,0,0.00,0.00,0.00,0.00,0.00,
2026-07-29 15:15,KXBTC15M-26JUL291115-15,64042.18,1,,yes,79,64063.45,3.32,0,6,4.74,0.07,6.00,1.26,1.19,1
2026-07-29 15:30,KXBTC15M-26JUL291130-30,64053.84,0,odds 94c above 79c cap,no,,63942.31,17.41,0,0,0.00,0.00,0.00,0.00,0.00,
2026-07-29 15:45,KXBTC15M-26JUL291145-45,64000.51,0,odds 90c above 79c cap,no,,63916.80,13.08,0,0,0.00,0.00,0.00,0.00,0.00,
2026-07-29 16:00,KXBTC15M-26JUL291200-00,63900.46,1,,no,72,63845.73,8.56,0,6,4.32,0.09,6.00,1.68,1.59,1
2026-07-29 16:15,KXBTC15M-26JUL291215-15,63880.15,1,,yes,65,63904.12,3.75,0,7,4.55,0.12,7.00,2.45,2.33,1
2026-07-29 16:30,KXBTC15M-26JUL291230-30,63881.42,0,odds 96c above 79c cap,yes,,63975.66,14.75,0,0,0.00,0.00,0.00,0.00,0.00,
2026-07-29 16:45,KXBTC15M-26JUL291245-45,63955.48,0,odds 98c above 79c cap,no,,63807.00,23.22,0,0,0.00,0.00,0.00,0.00,0.00,
2026-07-29 17:00,KXBTC15M-26JUL291300-00,63578.45,0,odds 96c above 79c cap,yes,,63704.35,19.80,0,0,0.00,0.00,0.00,0.00,0.00,
2026-07-29 17:15,KXBTC15M-26JUL291315-15,63726.88,0,odds 19c not above 60c,yes,,63750.24,3.67,0,0,0.00,0.00,0.00,0.00,0.00,
2026-07-29 17:30,KXBTC15M-26JUL291330-30,63763.28,1,,no,74,63698.23,10.20,0,6,4.44,0.09,6.00,1.56,1.47,1
2026-07-29 17:45,KXBTC15M-26JUL291345-45,63676.60,0,odds 96c above 79c cap,yes,,63796.09,18.77,0,0,0.00,0.00,0.00,0.00,0.00,
2026-07-29 18:00,KXBTC15M-26JUL291400-00,63886.14,0,no quote on chosen side at decision time,yes,,64096.59,32.94,0,0,0.00,0.00,0.00,0.00,0.00,
2026-07-29 18:15,KXBTC15M-26JUL291415-15,64142.73,0,odds 99c above 79c cap,yes,,64342.75,31.18,0,0,0.00,0.00,0.00,0.00,0.00,
2026-07-29 18:30,KXBTC15M-26JUL291430-30,64289.05,0,no quote on chosen side at decision time,no,,63927.17,56.29,0,0,0.00,0.00,0.00,0.00,0.00,
2026-07-29 18:45,KXBTC15M-26JUL291445-45,64028.33,1,,yes,76,64155.10,19.80,0,6,4.56,0.08,6.00,1.44,1.36,1
2026-07-29 19:00,KXBTC15M-26JUL291500-00,64335.78,0,odds 97c above 79c cap,yes,,64441.47,16.43,0,0,0.00,0.00,0.00,0.00,0.00,
2026-07-29 19:15,KXBTC15M-26JUL291515-15,64414.98,0,odds 99c above 79c cap,no,,64148.79,41.32,0,0,0.00,0.00,0.00,0.00,0.00,
2026-07-29 19:30,KXBTC15M-26JUL291530-30,64228.60,0,odds 95c above 79c cap,no,,63986.23,37.74,0,0,0.00,0.00,0.00,0.00,0.00,
2026-07-29 19:45,KXBTC15M-26JUL291545-45,63916.84,0,odds 84c above 79c cap,no,,63834.58,12.87,0,0,0.00,0.00,0.00,0.00,0.00,
2026-07-29 20:00,KXBTC15M-26JUL291600-00,63816.94,0,odds 98c above 79c cap,no,,63588.79,35.75,0,0,0.00,0.00,0.00,0.00,0.00,
2026-07-29 20:15,KXBTC15M-26JUL291615-15,63515.95,0,odds 97c above 79c cap,no,,63382.66,20.99,0,0,0.00,0.00,0.00,0.00,0.00,
2026-07-29 20:30,KXBTC15M-26JUL291630-30,63540.97,0,odds 43c not above 60c,no,,63509.26,4.99,0,0,0.00,0.00,0.00,0.00,0.00,
2026-07-29 20:45,KXBTC15M-26JUL291645-45,63451.76,0,odds 99c above 79c cap,yes,,63644.49,30.37,0,0,0.00,0.00,0.00,0.00,0.00,
2026-07-29 21:00,KXBTC15M-26JUL291700-00,63552.82,0,odds 83c above 79c cap,no,,63433.52,18.77,0,0,0.00,0.00,0.00,0.00,0.00,
2026-07-29 21:15,KXBTC15M-26JUL291715-15,63439.90,0,odds 95c above 79c cap,no,,63369.84,11.04,0,0,0.00,0.00,0.00,0.00,0.00,
2026-07-29 21:30,KXBTC15M-26JUL291730-30,63413.47,1,,yes,78,63418.69,0.82,0,6,4.68,0.08,6.00,1.32,1.24,1
2026-07-29 21:45,KXBTC15M-26JUL291745-45,63485.78,0,odds 90c above 79c cap,yes,,63570.20,13.30,0,0,0.00,0.00,0.00,0.00,0.00,
2026-07-29 22:00,KXBTC15M-26JUL291800-00,63500.72,0,odds 98c above 79c cap,yes,,63659.75,25.04,0,0,0.00,0.00,0.00,0.00,0.00,
2026-07-29 22:15,KXBTC15M-26JUL291815-15,63778.80,0,odds 96c above 79c cap,yes,,63960.31,28.46,0,0,0.00,0.00,0.00,0.00,0.00,
2026-07-29 22:30,KXBTC15M-26JUL291830-30,63952.59,1,,no,65,63950.71,0.29,0,7,4.55,0.12,0.00,-4.55,-4.67,0
2026-07-29 22:45,KXBTC15M-26JUL291845-45,63954.77,0,odds 94c above 79c cap,no,,63870.23,13.22,0,0,0.00,0.00,0.00,0.00,0.00,
2026-07-29 23:00,KXBTC15M-26JUL291900-00,63949.96,0,odds 97c above 79c cap,no,,63857.66,14.43,0,0,0.00,0.00,0.00,0.00,0.00,
2026-07-29 23:15,KXBTC15M-26JUL291915-15,63862.93,0,odds 27c not above 60c,no,,63839.99,3.59,0,0,0.00,0.00,0.00,0.00,0.00,
2026-07-29 23:30,KXBTC15M-26JUL291930-30,63835.73,0,odds 96c above 79c cap,yes,,63905.64,10.95,0,0,0.00,0.00,0.00,0.00,0.00,
2026-07-29 23:45,KXBTC15M-26JUL291945-45,63927.84,0,odds 84c above 79c cap,no,,63863.08,10.13,0,0,0.00,0.00,0.00,0.00,0.00,
2026-07-30 00:00,KXBTC15M-26JUL292000-00,63918.22,1,,yes,77,63921.25,0.47,0,6,4.62,0.08,0.00,-4.62,-4.70,0
2026-07-30 00:15,KXBTC15M-26JUL292015-15,63904.58,0,odds 91c above 79c cap,yes,,63940.22,5.58,0,0,0.00,0.00,0.00,0.00,0.00,
2026-07-30 00:30,KXBTC15M-26JUL292030-30,63980.10,0,odds 94c above 79c cap,no,,63901.75,12.25,0,0,0.00,0.00,0.00,0.00,0.00,
2026-07-30 00:45,KXBTC15M-26JUL292045-45,63922.33,0,odds 99c above 79c cap,no,,63717.10,32.11,0,0,0.00,0.00,0.00,0.00,0.00,
2026-07-30 01:00,KXBTC15M-26JUL292100-00,63629.62,0,odds 94c above 79c cap,no,,63526.07,16.27,0,0,0.00,0.00,0.00,0.00,0.00,
2026-07-30 01:15,KXBTC15M-26JUL292115-15,63584.64,0,odds 97c above 79c cap,yes,,63691.89,16.87,0,0,0.00,0.00,0.00,0.00,0.00,
2026-07-30 01:30,KXBTC15M-26JUL292130-30,63653.71,0,odds 97c above 79c cap,yes,,63737.55,13.17,0,0,0.00,0.00,0.00,0.00,0.00,
2026-07-30 01:45,KXBTC15M-26JUL292145-45,63756.24,0,odds 98c above 79c cap,yes,,63953.02,30.86,0,0,0.00,0.00,0.00,0.00,0.00,
2026-07-30 02:00,KXBTC15M-26JUL292200-00,63983.49,0,no quote on chosen side at decision time,yes,,64232.12,38.86,0,0,0.00,0.00,0.00,0.00,0.00,
2026-07-30 02:15,KXBTC15M-26JUL292215-15,64187.42,1,,yes,79,64208.44,3.27,0,6,4.74,0.07,6.00,1.26,1.19,1
2026-07-30 02:30,KXBTC15M-26JUL292230-30,64260.15,0,odds 45c not above 60c,no,,64238.99,3.29,0,0,0.00,0.00,0.00,0.00,0.00,
2026-07-30 02:45,KXBTC15M-26JUL292245-45,64265.00,0,odds 98c above 79c cap,no,,64184.25,12.57,0,0,0.00,0.00,0.00,0.00,0.00,
2026-07-30 03:00,KXBTC15M-26JUL292300-00,64238.45,0,odds 96c above 79c cap,no,,64172.77,10.22,0,0,0.00,0.00,0.00,0.00,0.00,
2026-07-30 03:15,KXBTC15M-26JUL292315-15,64105.23,0,odds 45c not above 60c,no,,64075.74,4.60,0,0,0.00,0.00,0.00,0.00,0.00,
2026-07-30 03:30,KXBTC15M-26JUL292330-30,64090.45,0,odds 93c above 79c cap,yes,,64153.50,9.84,0,0,0.00,0.00,0.00,0.00,0.00,
2026-07-30 03:45,KXBTC15M-26JUL292345-45,64184.64,0,odds 97c above 79c cap,no,,64083.35,15.78,0,0,0.00,0.00,0.00,0.00,0.00,
2026-07-30 04:00,KXBTC15M-26JUL300000-00,64082.64,0,odds 89c above 79c cap,yes,,64115.31,5.10,0,0,0.00,0.00,0.00,0.00,0.00,
2026-07-30 04:15,KXBTC15M-26JUL300015-15,64083.25,0,odds 82c above 79c cap,no,,64028.53,8.54,0,0,0.00,0.00,0.00,0.00,0.00,
2026-07-30 04:30,KXBTC15M-26JUL300030-30,64038.50,1,,no,72,64004.71,5.28,0,6,4.32,0.09,6.00,1.68,1.59,1
2026-07-30 04:45,KXBTC15M-26JUL300045-45,64034.19,0,odds 60c not above 60c,no,,64023.38,1.69,0,0,0.00,0.00,0.00,0.00,0.00,
2026-07-30 05:00,KXBTC15M-26JUL300100-00,63991.76,0,odds 27c not above 60c,no,,63982.04,1.52,0,0,0.00,0.00,0.00,0.00,0.00,
2026-07-30 05:15,KXBTC15M-26JUL300115-15,63942.32,0,odds 80c above 79c cap,no,,63898.06,6.92,0,0,0.00,0.00,0.00,0.00,0.00,
2026-07-30 05:30,KXBTC15M-26JUL300130-30,63920.41,0,odds 96c above 79c cap,no,,63843.99,11.96,0,0,0.00,0.00,0.00,0.00,0.00,
2026-07-30 05:45,KXBTC15M-26JUL300145-45,63921.21,0,odds 89c above 79c cap,yes,,63981.75,9.47,0,0,0.00,0.00,0.00,0.00,0.00,
2026-07-30 06:00,KXBTC15M-26JUL300200-00,64034.78,0,odds 98c above 79c cap,no,,63901.68,20.79,0,0,0.00,0.00,0.00,0.00,0.00,
2026-07-30 06:15,KXBTC15M-26JUL300215-15,63951.04,1,,no,78,63899.84,8.01,0,6,4.68,0.08,6.00,1.32,1.24,1
2026-07-30 06:30,KXBTC15M-26JUL300230-30,63934.93,1,,yes,67,63971.67,5.75,0,7,4.69,0.11,7.00,2.31,2.20,1
2026-07-30 06:45,KXBTC15M-26JUL300245-45,63983.17,0,odds 86c above 79c cap,no,,63911.82,11.15,0,0,0.00,0.00,0.00,0.00,0.00,
2026-07-30 09:15,KXBTC15M-26JUL300515-15,64220.19,0,odds 34c not above 60c,no,,64212.86,1.14,0,0,0.00,0.00,0.00,0.00,0.00,
2026-07-30 09:30,KXBTC15M-26JUL300530-30,64315.91,0,no candlestick at decision time,yes,,64401.20,13.26,0,0,0.00,0.00,0.00,0.00,0.00,
2026-07-30 09:45,KXBTC15M-26JUL300545-45,64418.52,0,no candlestick at decision time,yes,,64475.17,8.79,0,0,0.00,0.00,0.00,0.00,0.00,
2026-07-30 10:00,KXBTC15M-26JUL300600-00,64506.61,0,no candlestick at decision time,no,,64495.40,1.74,0,0,0.00,0.00,0.00,0.00,0.00,
2026-07-30 10:15,KXBTC15M-26JUL300615-15,64490.47,0,no candlestick at decision time,yes,,64513.20,3.52,0,0,0.00,0.00,0.00,0.00,0.00,
2026-07-30 10:30,KXBTC15M-26JUL300630-30,64491.76,0,no candlestick at decision time,yes,,64540.61,7.57,0,0,0.00,0.00,0.00,0.00,0.00,
2026-07-30 10:45,KXBTC15M-26JUL300645-45,64536.28,0,no candlestick at decision time,no,,64512.91,3.62,0,0,0.00,0.00,0.00,0.00,0.00,
2026-07-30 11:00,KXBTC15M-26JUL300700-00,64534.58,0,odds 98c above 79c cap,no,,64490.52,6.83,0,0,0.00,0.00,0.00,0.00,0.00,
2026-07-30 11:15,KXBTC15M-26JUL300715-15,64494.98,0,odds 94c above 79c cap,yes,,64542.99,7.44,0,0,0.00,0.00,0.00,0.00,0.00,
2026-07-30 11:30,KXBTC15M-26JUL300730-30,64523.50,0,odds 53c not above 60c,no,,64498.67,3.85,0,0,0.00,0.00,0.00,0.00,0.00,
2026-07-30 11:45,KXBTC15M-26JUL300745-45,64497.66,0,odds 93c above 79c cap,yes,,64572.29,11.57,0,0,0.00,0.00,0.00,0.00,0.00,
2026-07-30 12:00,KXBTC15M-26JUL300800-00,64583.38,0,odds 99c above 79c cap,yes,,64743.61,24.81,0,0,0.00,0.00,0.00,0.00,0.00,
2026-07-30 12:15,KXBTC15M-26JUL300815-15,64704.57,0,no quote on chosen side at decision time,yes,,64826.86,18.90,0,0,0.00,0.00,0.00,0.00,0.00,
2026-07-30 12:30,KXBTC15M-26JUL300830-30,64901.39,1,,no,71,64859.96,6.38,0,7,4.97,0.11,7.00,2.03,1.92,1
2026-07-30 12:45,KXBTC15M-26JUL300845-45,64809.77,1,,no,62,64762.55,7.29,0,8,4.96,0.14,8.00,3.04,2.90,1
2026-07-30 13:00,KXBTC15M-26JUL300900-00,64769.48,0,odds 93c above 79c cap,yes,,64827.08,8.89,0,0,0.00,0.00,0.00,0.00,0.00,
2026-07-30 13:15,KXBTC15M-26JUL300915-15,64848.65,0,odds 88c above 79c cap,no,,64778.82,10.77,0,0,0.00,0.00,0.00,0.00,0.00,
2026-07-30 13:30,KXBTC15M-26JUL300930-30,64774.61,0,odds 53c not above 60c,yes,,64782.53,1.22,0,0,0.00,0.00,0.00,0.00,0.00,
2026-07-30 13:45,KXBTC15M-26JUL300945-45,64752.82,0,odds 90c above 79c cap,no,,64643.92,16.82,0,0,0.00,0.00,0.00,0.00,0.00,
2026-07-30 14:00,KXBTC15M-26JUL301000-00,64920.27,0,odds 60c not above 60c,yes,,64987.00,10.28,0,0,0.00,0.00,0.00,0.00,0.00,
2026-07-30 14:15,KXBTC15M-26JUL301015-15,64976.62,0,odds 99c above 79c cap,no,,64660.86,48.60,0,0,0.00,0.00,0.00,0.00,0.00,
2026-07-30 14:30,KXBTC15M-26JUL301030-30,64676.32,1,,yes,64,64690.65,2.22,0,7,4.48,0.12,7.00,2.52,2.40,1
2026-07-30 14:45,KXBTC15M-26JUL301045-45,64734.60,1,,yes,67,64764.77,4.66,0,7,4.69,0.11,7.00,2.31,2.20,1
2026-07-30 15:00,KXBTC15M-26JUL301100-00,64749.35,0,odds 86c above 79c cap,no,,64631.70,18.17,0,0,0.00,0.00,0.00,0.00,0.00,
2026-07-30 15:15,KXBTC15M-26JUL301115-15,64628.07,0,odds 98c above 79c cap,yes,,64662.21,5.28,0,0,0.00,0.00,0.00,0.00,0.00,
2026-07-30 15:30,KXBTC15M-26JUL301130-30,64658.60,0,odds 91c above 79c cap,yes,,64679.30,3.20,0,0,0.00,0.00,0.00,0.00,0.00,
2026-07-30 15:45,KXBTC15M-26JUL301145-45,64634.59,1,,yes,66,64642.08,1.16,0,7,4.62,0.11,7.00,2.38,2.27,1
2026-07-30 16:00,KXBTC15M-26JUL301200-00,64710.42,0,odds 83c above 79c cap,no,,64644.38,10.21,0,0,0.00,0.00,0.00,0.00,0.00,
2026-07-30 16:15,KXBTC15M-26JUL301215-15,64666.02,0,odds 96c above 79c cap,yes,,64770.09,16.09,0,0,0.00,0.00,0.00,0.00,0.00,
2026-07-30 16:30,KXBTC15M-26JUL301230-30,64860.65,0,odds 95c above 79c cap,no,,64803.22,8.85,0,0,0.00,0.00,0.00,0.00,0.00,
2026-07-30 16:45,KXBTC15M-26JUL301245-45,64823.87,1,,no,70,64733.62,13.92,0,7,4.90,0.11,7.00,2.10,1.99,1
2026-07-30 17:00,KXBTC15M-26JUL301300-00,64715.81,0,odds 95c above 79c cap,yes,,64779.86,9.90,0,0,0.00,0.00,0.00,0.00,0.00,
2026-07-30 17:15,KXBTC15M-26JUL301315-15,64757.39,1,,yes,65,64784.49,4.18,0,7,4.55,0.12,0.00,-4.55,-4.67,0
2026-07-30 17:30,KXBTC15M-26JUL301330-30,64736.19,0,odds 98c above 79c cap,yes,,64852.82,18.02,0,0,0.00,0.00,0.00,0.00,0.00,
2026-07-30 17:45,KXBTC15M-26JUL301345-45,64887.31,0,odds 96c above 79c cap,no,,64823.04,9.90,0,0,0.00,0.00,0.00,0.00,0.00,
2026-07-30 18:00,KXBTC15M-26JUL301400-00,64893.79,0,odds 98c above 79c cap,no,,64803.60,13.90,0,0,0.00,0.00,0.00,0.00,0.00,
2026-07-30 18:15,KXBTC15M-26JUL301415-15,64813.71,0,odds 80c above 79c cap,no,,64766.14,7.34,0,0,0.00,0.00,0.00,0.00,0.00,
2026-07-30 18:30,KXBTC15M-26JUL301430-30,64769.55,0,odds 82c above 79c cap,no,,64738.36,4.82,0,0,0.00,0.00,0.00,0.00,0.00,
2026-07-30 18:45,KXBTC15M-26JUL301445-45,64745.21,0,odds 98c above 79c cap,no,,64667.49,12.00,0,0,0.00,0.00,0.00,0.00,0.00,
2026-07-30 19:00,KXBTC15M-26JUL301500-00,64672.38,0,odds 90c above 79c cap,no,,64626.49,7.10,0,0,0.00,0.00,0.00,0.00,0.00,
2026-07-30 19:15,KXBTC15M-26JUL301515-15,64640.60,0,odds 99c above 79c cap,yes,,64780.70,21.67,0,0,0.00,0.00,0.00,0.00,0.00,
2026-07-30 19:30,KXBTC15M-26JUL301530-30,64773.91,0,odds 59c not above 60c,yes,,64805.98,4.95,0,0,0.00,0.00,0.00,0.00,0.00,
2026-07-30 19:45,KXBTC15M-26JUL301545-45,64825.33,0,odds 90c above 79c cap,no,,64791.95,5.15,0,0,0.00,0.00,0.00,0.00,0.00,
2026-07-30 20:00,KXBTC15M-26JUL301600-00,64772.31,1,,no,71,64733.68,5.96,0,7,4.97,0.11,7.00,2.03,1.92,1
2026-07-30 20:15,KXBTC15M-26JUL301615-15,64754.70,0,odds 59c not above 60c,yes,,64755.10,0.06,0,0,0.00,0.00,0.00,0.00,0.00,
2026-07-30 20:30,KXBTC15M-26JUL301630-30,64734.08,0,odds 97c above 79c cap,yes,,64774.08,6.18,0,0,0.00,0.00,0.00,0.00,0.00,
2026-07-30 20:45,KXBTC15M-26JUL301645-45,64753.40,0,odds 20c not above 60c,yes,,64770.17,2.59,0,0,0.00,0.00,0.00,0.00,0.00,
2026-07-30 21:00,KXBTC15M-26JUL301700-00,64785.93,1,,no,75,64766.21,3.04,0,6,4.50,0.08,6.00,1.50,1.42,1
2026-07-30 21:15,KXBTC15M-26JUL301715-15,64714.68,0,odds 46c not above 60c,yes,,64714.72,0.01,0,0,0.00,0.00,0.00,0.00,0.00,
2026-07-30 21:30,KXBTC15M-26JUL301730-30,64679.67,1,,yes,71,64689.89,1.58,0,7,4.97,0.11,7.00,2.03,1.92,1
2026-07-30 21:45,KXBTC15M-26JUL301745-45,64685.10,0,odds 90c above 79c cap,yes,,64721.31,5.60,0,0,0.00,0.00,0.00,0.00,0.00,
2026-07-30 22:00,KXBTC15M-26JUL301800-00,64692.86,0,odds 85c above 79c cap,no,,64674.10,2.90,0,0,0.00,0.00,0.00,0.00,0.00,
2026-07-30 22:15,KXBTC15M-26JUL301815-15,64670.42,0,odds 98c above 79c cap,yes,,64914.00,37.66,0,0,0.00,0.00,0.00,0.00,0.00,
2026-07-30 22:30,KXBTC15M-26JUL301830-30,64859.16,0,odds 39c not above 60c,yes,,64859.46,0.05,0,0,0.00,0.00,0.00,0.00,0.00,
2026-07-30 22:45,KXBTC15M-26JUL301845-45,64933.93,0,odds 97c above 79c cap,no,,64830.22,15.97,0,0,0.00,0.00,0.00,0.00,0.00,
2026-07-30 23:00,KXBTC15M-26JUL301900-00,64860.37,0,odds 94c above 79c cap,no,,64809.44,7.85,0,0,0.00,0.00,0.00,0.00,0.00,
2026-07-30 23:15,KXBTC15M-26JUL301915-15,64786.74,0,odds 96c above 79c cap,yes,,64828.39,6.43,0,0,0.00,0.00,0.00,0.00,0.00,
2026-07-30 23:30,KXBTC15M-26JUL301930-30,64879.67,1,,no,64,64866.77,1.99,0,7,4.48,0.12,7.00,2.52,2.40,1
2026-07-30 23:45,KXBTC15M-26JUL301945-45,64854.44,0,no quote on chosen side at decision time,yes,,64937.33,12.78,0,0,0.00,0.00,0.00,0.00,0.00,
2026-07-31 00:00,KXBTC15M-26JUL302000-00,64766.69,1,,no,72,64738.43,4.36,0,6,4.32,0.09,6.00,1.68,1.59,1
2026-07-31 00:15,KXBTC15M-26JUL302015-15,64725.01,0,odds 60c not above 60c,yes,,64727.55,0.39,0,0,0.00,0.00,0.00,0.00,0.00,
2026-07-31 00:30,KXBTC15M-26JUL302030-30,64764.27,0,odds 88c above 79c cap,no,,64707.19,8.81,0,0,0.00,0.00,0.00,0.00,0.00,
2026-07-31 00:45,KXBTC15M-26JUL302045-45,64686.02,1,,yes,75,64703.90,2.76,0,6,4.50,0.08,6.00,1.50,1.42,1
2026-07-31 01:00,KXBTC15M-26JUL302100-00,64735.34,0,odds 99c above 79c cap,no,,64664.15,11.00,0,0,0.00,0.00,0.00,0.00,0.00,
2026-07-31 01:15,KXBTC15M-26JUL302115-15,64661.51,0,no quote on chosen side at decision time,yes,,65310.77,100.41,0,0,0.00,0.00,0.00,0.00,0.00,
2026-07-31 01:30,KXBTC15M-26JUL302130-30,65149.67,0,odds 95c above 79c cap,no,,65087.85,9.49,0,0,0.00,0.00,0.00,0.00,0.00,
2026-07-31 01:45,KXBTC15M-26JUL302145-45,65118.28,0,odds 99c above 79c cap,no,,64852.83,40.76,0,0,0.00,0.00,0.00,0.00,0.00,
2026-07-31 02:00,KXBTC15M-26JUL302200-00,64777.12,0,odds 99c above 79c cap,no,,64488.45,44.56,0,0,0.00,0.00,0.00,0.00,0.00,
2026-07-31 02:15,KXBTC15M-26JUL302215-15,64498.11,0,odds 23c not above 60c,no,,64480.61,2.71,0,0,0.00,0.00,0.00,0.00,0.00,
2026-07-31 02:30,KXBTC15M-26JUL302230-30,64454.08,0,odds 98c above 79c cap,no,,64322.19,20.46,0,0,0.00,0.00,0.00,0.00,0.00,
2026-07-31 02:45,KXBTC15M-26JUL302245-45,64334.53,0,odds 96c above 79c cap,no,,64217.06,18.26,0,0,0.00,0.00,0.00,0.00,0.00,
2026-07-31 03:00,KXBTC15M-26JUL302300-00,64171.82,0,odds 95c above 79c cap,yes,,64200.37,4.45,0,0,0.00,0.00,0.00,0.00,0.00,
2026-07-31 03:15,KXBTC15M-26JUL302315-15,64226.93,0,odds 87c above 79c cap,no,,64159.50,10.50,0,0,0.00,0.00,0.00,0.00,0.00,
2026-07-31 03:30,KXBTC15M-26JUL302330-30,64183.75,0,odds 99c above 79c cap,yes,,64343.09,24.83,0,0,0.00,0.00,0.00,0.00,0.00,
2026-07-31 03:45,KXBTC15M-26JUL302345-45,64316.86,0,odds 92c above 79c cap,no,,64265.49,7.99,0,0,0.00,0.00,0.00,0.00,0.00,
2026-07-31 04:00,KXBTC15M-26JUL310000-00,64319.08,0,odds 9c not above 60c,no,,64313.31,0.90,0,0,0.00,0.00,0.00,0.00,0.00,
2026-07-31 04:15,KXBTC15M-26JUL310015-15,64306.69,1,,yes,78,64323.24,2.57,0,6,4.68,0.08,0.00,-4.68,-4.76,0
2026-07-31 04:30,KXBTC15M-26JUL310030-30,64290.42,0,odds 97c above 79c cap,no,,64199.35,14.17,0,0,0.00,0.00,0.00,0.00,0.00,
2026-07-31 04:45,KXBTC15M-26JUL310045-45,64261.00,0,odds 49c not above 60c,no,,64224.46,5.69,0,0,0.00,0.00,0.00,0.00,0.00,
2026-07-31 05:00,KXBTC15M-26JUL310100-00,64241.38,1,,yes,75,64256.45,2.35,0,6,4.50,0.08,6.00,1.50,1.42,1
2026-07-31 05:15,KXBTC15M-26JUL310115-15,64247.69,0,odds 96c above 79c cap,yes,,64319.37,11.16,0,0,0.00,0.00,0.00,0.00,0.00,
2026-07-31 05:30,KXBTC15M-26JUL310130-30,64349.34,0,odds 84c above 79c cap,no,,64305.01,6.89,0,0,0.00,0.00,0.00,0.00,0.00,
2026-07-31 05:45,KXBTC15M-26JUL310145-45,64268.54,1,,no,63,64254.74,2.15,0,7,4.41,0.12,7.00,2.59,2.47,1
2026-07-31 06:00,KXBTC15M-26JUL310200-00,64242.45,0,odds 82c above 79c cap,yes,,64266.12,3.68,0,0,0.00,0.00,0.00,0.00,0.00,
2026-07-31 06:15,KXBTC15M-26JUL310215-15,64293.59,0,odds 88c above 79c cap,yes,,64313.31,3.07,0,0,0.00,0.00,0.00,0.00,0.00,
2026-07-31 06:30,KXBTC15M-26JUL310230-30,64317.18,0,odds 58c not above 60c,no,,64307.09,1.57,0,0,0.00,0.00,0.00,0.00,0.00,
2026-07-31 06:45,KXBTC15M-26JUL310245-45,64348.39,0,odds 85c above 79c cap,no,,64310.00,5.97,0,0,0.00,0.00,0.00,0.00,0.00,
2026-07-31 07:00,KXBTC15M-26JUL310300-00,64223.88,0,odds 85c above 79c cap,no,,64188.57,5.50,0,0,0.00,0.00,0.00,0.00,0.00,
2026-07-31 07:15,KXBTC15M-26JUL310315-15,64197.51,0,odds 97c above 79c cap,no,,64045.20,23.73,0,0,0.00,0.00,0.00,0.00,0.00,
2026-07-31 07:30,KXBTC15M-26JUL310330-30,64003.33,0,odds 95c above 79c cap,no,,63939.30,10.00,0,0,0.00,0.00,0.00,0.00,0.00,
2026-07-31 07:45,KXBTC15M-26JUL310345-45,63943.49,1,,no,68,63907.97,5.55,0,7,4.76,0.11,7.00,2.24,2.13,1
2026-07-31 08:00,KXBTC15M-26JUL310400-00,63853.38,0,odds 95c above 79c cap,yes,,63906.16,8.27,0,0,0.00,0.00,0.00,0.00,0.00,
2026-07-31 08:15,KXBTC15M-26JUL310415-15,63893.36,0,odds 98c above 79c cap,no,,63822.27,11.13,0,0,0.00,0.00,0.00,0.00,0.00,
2026-07-31 08:30,KXBTC15M-26JUL310430-30,63896.81,0,odds 98c above 79c cap,no,,63848.59,7.55,0,0,0.00,0.00,0.00,0.00,0.00,
2026-07-31 08:45,KXBTC15M-26JUL310445-45,63904.68,0,odds 98c above 79c cap,no,,63748.85,24.38,0,0,0.00,0.00,0.00,0.00,0.00,
2026-07-31 09:00,KXBTC15M-26JUL310500-00,63787.65,1,,no,75,63768.47,3.01,0,6,4.50,0.08,6.00,1.50,1.42,1
2026-07-31 09:15,KXBTC15M-26JUL310515-15,63771.67,0,odds 86c above 79c cap,no,,63748.97,3.56,0,0,0.00,0.00,0.00,0.00,0.00,
2026-07-31 09:30,KXBTC15M-26JUL310530-30,63738.48,0,odds 98c above 79c cap,no,,63633.57,16.46,0,0,0.00,0.00,0.00,0.00,0.00,
2026-07-31 09:45,KXBTC15M-26JUL310545-45,63629.94,0,odds 44c not above 60c,no,,63627.62,0.36,0,0,0.00,0.00,0.00,0.00,0.00,
2026-07-31 10:00,KXBTC15M-26JUL310600-00,63634.17,1,,yes,64,63644.11,1.56,0,7,4.48,0.12,7.00,2.52,2.40,1
2026-07-31 10:15,KXBTC15M-26JUL310615-15,63647.33,1,,no,63,63647.25,0.01,0,7,4.41,0.12,0.00,-4.41,-4.53,0
2026-07-31 10:30,KXBTC15M-26JUL310630-30,63671.12,0,odds 91c above 79c cap,yes,,63741.41,11.04,0,0,0.00,0.00,0.00,0.00,0.00,
2026-07-31 10:45,KXBTC15M-26JUL310645-45,63748.35,0,odds 89c above 79c cap,yes,,63806.39,9.10,0,0,0.00,0.00,0.00,0.00,0.00,
2026-07-31 11:00,KXBTC15M-26JUL310700-00,63832.55,0,odds 94c above 79c cap,yes,,63880.40,7.50,0,0,0.00,0.00,0.00,0.00,0.00,
2026-07-31 11:15,KXBTC15M-26JUL310715-15,63857.51,0,odds 34c not above 60c,no,,63857.44,0.01,0,0,0.00,0.00,0.00,0.00,0.00,
2026-07-31 11:30,KXBTC15M-26JUL310730-30,63843.91,0,odds 98c above 79c cap,yes,,63886.39,6.65,0,0,0.00,0.00,0.00,0.00,0.00,
2026-07-31 11:45,KXBTC15M-26JUL310745-45,63849.90,0,odds 98c above 79c cap,no,,63808.29,6.52,0,0,0.00,0.00,0.00,0.00,0.00,
2026-07-31 12:00,KXBTC15M-26JUL310800-00,63785.08,1,,no,64,63762.71,3.51,0,7,4.48,0.12,7.00,2.52,2.40,1
2026-07-31 12:15,KXBTC15M-26JUL310815-15,63741.16,0,odds 89c above 79c cap,no,,63665.99,11.79,0,0,0.00,0.00,0.00,0.00,0.00,
2026-07-31 12:30,KXBTC15M-26JUL310830-30,63669.12,0,odds 45c not above 60c,yes,,63677.16,1.26,0,0,0.00,0.00,0.00,0.00,0.00,
2026-07-31 12:45,KXBTC15M-26JUL310845-45,63698.71,0,odds 98c above 79c cap,no,,63622.26,12.00,0,0,0.00,0.00,0.00,0.00,0.00,
2026-07-31 13:00,KXBTC15M-26JUL310900-00,63605.59,0,odds 94c above 79c cap,yes,,63673.26,10.64,0,0,0.00,0.00,0.00,0.00,0.00,
2026-07-31 13:15,KXBTC15M-26JUL310915-15,63679.31,0,odds 33c not above 60c,yes,,63684.18,0.76,0,0,0.00,0.00,0.00,0.00,0.00,
2026-07-31 13:30,KXBTC15M-26JUL310930-30,63669.69,0,odds 92c above 79c cap,yes,,63756.95,13.71,0,0,0.00,0.00,0.00,0.00,0.00,
2026-07-31 13:45,KXBTC15M-26JUL310945-45,63737.23,0,odds 98c above 79c cap,no,,63489.77,38.83,0,0,0.00,0.00,0.00,0.00,0.00,
2026-07-31 14:00,KXBTC15M-26JUL311000-00,63425.79,0,odds 97c above 79c cap,no,,63220.32,32.40,0,0,0.00,0.00,0.00,0.00,0.00,
2026-07-31 14:15,KXBTC15M-26JUL311015-15,63195.91,0,odds 99c above 79c cap,no,,62509.59,108.60,0,0,0.00,0.00,0.00,0.00,0.00,
2026-07-31 14:30,KXBTC15M-26JUL311030-30,62596.52,0,odds 80c above 79c cap,no,,62515.43,12.95,0,0,0.00,0.00,0.00,0.00,0.00,
2026-07-31 14:45,KXBTC15M-26JUL311045-45,62513.74,0,odds 88c above 79c cap,yes,,62632.08,18.93,0,0,0.00,0.00,0.00,0.00,0.00,
2026-07-31 15:00,KXBTC15M-26JUL311100-00,62586.52,0,odds 80c above 79c cap,no,,62542.63,7.01,0,0,0.00,0.00,0.00,0.00,0.00,
2026-07-31 15:15,KXBTC15M-26JUL311115-15,62629.06,0,odds 86c above 79c cap,no,,62528.14,16.11,0,0,0.00,0.00,0.00,0.00,0.00,
2026-07-31 15:30,KXBTC15M-26JUL311130-30,62529.89,0,odds 94c above 79c cap,no,,62405.68,19.86,0,0,0.00,0.00,0.00,0.00,0.00,
2026-07-31 15:45,KXBTC15M-26JUL311145-45,62488.44,0,odds 97c above 79c cap,yes,,62658.56,27.22,0,0,0.00,0.00,0.00,0.00,0.00,
2026-07-31 16:00,KXBTC15M-26JUL311200-00,62652.67,0,odds 42c not above 60c,no,,62650.00,0.43,0,0,0.00,0.00,0.00,0.00,0.00,
2026-07-31 16:15,KXBTC15M-26JUL311215-15,62633.73,0,odds 98c above 79c cap,yes,,62811.66,28.41,0,0,0.00,0.00,0.00,0.00,0.00,
2026-07-31 16:30,KXBTC15M-26JUL311230-30,62799.32,0,odds 15c not above 60c,no,,62793.16,0.98,0,0,0.00,0.00,0.00,0.00,0.00,
2026-07-31 16:45,KXBTC15M-26JUL311245-45,62852.57,0,odds 91c above 79c cap,no,,62792.76,9.52,0,0,0.00,0.00,0.00,0.00,0.00,
2026-07-31 17:00,KXBTC15M-26JUL311300-00,62766.33,1,,yes,79,62806.67,6.43,0,6,4.74,0.07,6.00,1.26,1.19,1
2026-07-31 17:15,KXBTC15M-26JUL311315-15,62817.79,0,odds 90c above 79c cap,no,,62790.39,4.36,0,0,0.00,0.00,0.00,0.00,0.00,
2026-07-31 17:30,KXBTC15M-26JUL311330-30,62829.01,0,odds 88c above 79c cap,yes,,62896.97,10.82,0,0,0.00,0.00,0.00,0.00,0.00,
2026-07-31 17:45,KXBTC15M-26JUL311345-45,62906.37,0,odds 95c above 79c cap,yes,,62991.77,13.58,0,0,0.00,0.00,0.00,0.00,0.00,
2026-07-31 18:00,KXBTC15M-26JUL311400-00,63000.29,0,odds 99c above 79c cap,yes,,63198.63,31.48,0,0,0.00,0.00,0.00,0.00,0.00,
2026-07-31 18:15,KXBTC15M-26JUL311415-15,63184.10,1,,no,79,63119.69,10.19,0,6,4.74,0.07,6.00,1.26,1.19,1
2026-07-31 18:30,KXBTC15M-26JUL311430-30,63083.73,0,odds 26c not above 60c,no,,63058.31,4.03,0,0,0.00,0.00,0.00,0.00,0.00,
2026-07-31 18:45,KXBTC15M-26JUL311445-45,63002.82,0,odds 96c above 79c cap,no,,62895.09,17.10,0,0,0.00,0.00,0.00,0.00,0.00,
2026-07-31 19:00,KXBTC15M-26JUL311500-00,62961.84,0,odds 97c above 79c cap,yes,,63070.37,17.24,0,0,0.00,0.00,0.00,0.00,0.00,
2026-07-31 19:15,KXBTC15M-26JUL311515-15,63042.19,0,odds 89c above 79c cap,no,,62986.62,8.81,0,0,0.00,0.00,0.00,0.00,0.00,
2026-07-31 19:30,KXBTC15M-26JUL311530-30,63006.35,0,odds 85c above 79c cap,no,,62950.02,8.94,0,0,0.00,0.00,0.00,0.00,0.00,
2026-07-31 19:45,KXBTC15M-26JUL311545-45,62969.81,0,odds 96c above 79c cap,no,,62868.30,16.12,0,0,0.00,0.00,0.00,0.00,0.00,
2026-07-31 20:00,KXBTC15M-26JUL311600-00,62938.08,1,,yes,73,62947.38,1.48,0,6,4.38,0.09,0.00,-4.38,-4.47,0
2026-07-31 20:15,KXBTC15M-26JUL311615-15,62913.20,0,odds 53c not above 60c,yes,,62925.00,1.88,0,0,0.00,0.00,0.00,0.00,0.00,
2026-07-31 20:30,KXBTC15M-26JUL311630-30,62937.28,1,,no,72,62925.11,1.93,0,6,4.32,0.09,0.00,-4.32,-4.41,0
2026-07-31 20:45,KXBTC15M-26JUL311645-45,62948.21,0,odds 94c above 79c cap,no,,62922.13,4.14,0,0,0.00,0.00,0.00,0.00,0.00,
2026-07-31 21:00,KXBTC15M-26JUL311700-00,62940.36,0,odds 81c above 79c cap,no,,62887.27,8.43,0,0,0.00,0.00,0.00,0.00,0.00,
2026-07-31 21:15,KXBTC15M-26JUL311715-15,62893.21,1,,yes,73,62906.75,2.15,0,6,4.38,0.09,6.00,1.62,1.53,1
2026-07-31 21:30,KXBTC15M-26JUL311730-30,62951.01,0,odds 90c above 79c cap,yes,,62965.69,2.33,0,0,0.00,0.00,0.00,0.00,0.00,
2026-07-31 21:45,KXBTC15M-26JUL311745-45,62946.71,0,odds 84c above 79c cap,yes,,62947.64,0.15,0,0,0.00,0.00,0.00,0.00,0.00,
2026-07-31 22:00,KXBTC15M-26JUL311800-00,62955.54,1,,no,69,62907.72,7.60,0,7,4.83,0.11,7.00,2.17,2.06,1
2026-07-31 22:15,KXBTC15M-26JUL311815-15,62898.10,0,odds 93c above 79c cap,yes,,62958.46,9.60,0,0,0.00,0.00,0.00,0.00,0.00,
2026-07-31 22:30,KXBTC15M-26JUL311830-30,62947.32,0,odds 58c not above 60c,no,,62931.31,2.54,0,0,0.00,0.00,0.00,0.00,0.00,
2026-07-31 22:45,KXBTC15M-26JUL311845-45,62951.36,0,odds 91c above 79c cap,no,,62884.88,10.56,0,0,0.00,0.00,0.00,0.00,0.00,
2026-07-31 23:00,KXBTC15M-26JUL311900-00,62897.16,1,,no,73,62872.58,3.91,0,6,4.38,0.09,6.00,1.62,1.53,1
2026-07-31 23:15,KXBTC15M-26JUL311915-15,62880.52,0,odds 94c above 79c cap,yes,,62933.96,8.50,0,0,0.00,0.00,0.00,0.00,0.00,
2026-07-31 23:30,KXBTC15M-26JUL311930-30,62917.59,1,,yes,66,62919.10,0.24,0,7,4.62,0.11,7.00,2.38,2.27,1
2026-07-31 23:45,KXBTC15M-26JUL311945-45,62926.40,1,,no,61,62906.88,3.10,0,8,4.88,0.14,8.00,3.12,2.98,1
2026-08-01 00:00,KXBTC15M-26JUL312000-00,62903.95,0,odds 98c above 79c cap,no,,62813.59,14.36,0,0,0.00,0.00,0.00,0.00,0.00,
2026-08-01 00:15,KXBTC15M-26JUL312015-15,62820.73,0,odds 98c above 79c cap,yes,,62898.32,12.35,0,0,0.00,0.00,0.00,0.00,0.00,
2026-08-01 00:30,KXBTC15M-26JUL312030-30,62905.70,1,,yes,63,62913.58,1.25,0,7,4.41,0.12,7.00,2.59,2.47,1
2026-08-01 00:45,KXBTC15M-26JUL312045-45,62927.42,1,,no,61,62924.04,0.54,0,8,4.88,0.14,0.00,-4.88,-5.02,0
2026-08-01 01:00,KXBTC15M-26JUL312100-00,62933.49,0,odds 80c above 79c cap,no,,62908.82,3.92,0,0,0.00,0.00,0.00,0.00,0.00,
2026-08-01 01:15,KXBTC15M-26JUL312115-15,62883.46,0,odds 83c above 79c cap,yes,,62888.44,0.79,0,0,0.00,0.00,0.00,0.00,0.00,
2026-08-01 01:30,KXBTC15M-26JUL312130-30,62909.37,1,,no,79,62900.12,1.47,0,6,4.74,0.07,6.00,1.26,1.19,1
2026-08-01 01:45,KXBTC15M-26JUL312145-45,62873.18,0,odds 89c above 79c cap,yes,,62904.59,5.00,0,0,0.00,0.00,0.00,0.00,0.00,
2026-08-01 02:00,KXBTC15M-26JUL312200-00,62912.80,1,,no,68,62890.08,3.61,0,7,4.76,0.11,7.00,2.24,2.13,1
2026-08-01 02:15,KXBTC15M-26JUL312215-15,62906.71,0,odds 81c above 79c cap,yes,,62919.11,1.97,0,0,0.00,0.00,0.00,0.00,0.00,
2026-08-01 02:30,KXBTC15M-26JUL312230-30,62956.51,0,odds 90c above 79c cap,yes,,62997.06,6.44,0,0,0.00,0.00,0.00,0.00,0.00,
2026-08-01 02:45,KXBTC15M-26JUL312245-45,63004.11,1,,yes,68,63008.62,0.72,0,7,4.76,0.11,7.00,2.24,2.13,1
2026-08-01 03:00,KXBTC15M-26JUL312300-00,63012.16,1,,no,63,62987.01,3.99,0,7,4.41,0.12,7.00,2.59,2.47,1
2026-08-01 03:15,KXBTC15M-26JUL312315-15,63008.19,0,odds 92c above 79c cap,no,,62964.97,6.86,0,0,0.00,0.00,0.00,0.00,0.00,
2026-08-01 03:30,KXBTC15M-26JUL312330-30,62932.16,0,odds 96c above 79c cap,yes,,62986.43,8.62,0,0,0.00,0.00,0.00,0.00,0.00,
2026-08-01 03:45,KXBTC15M-26JUL312345-45,62958.47,0,odds 80c above 79c cap,no,,62928.84,4.71,0,0,0.00,0.00,0.00,0.00,0.00,
2026-08-01 04:00,KXBTC15M-26AUG010000-00,62940.21,0,odds 41c not above 60c,no,,62937.45,0.44,0,0,0.00,0.00,0.00,0.00,0.00,
2026-08-01 04:15,KXBTC15M-26AUG010015-15,62945.19,0,odds 56c not above 60c,no,,62933.89,1.80,0,0,0.00,0.00,0.00,0.00,0.00,
2026-08-01 04:30,KXBTC15M-26AUG010030-30,62955.51,0,odds 93c above 79c cap,yes,,62984.99,4.68,0,0,0.00,0.00,0.00,0.00,0.00,
2026-08-01 04:45,KXBTC15M-26AUG010045-45,62982.29,1,,yes,73,62988.24,0.94,0,6,4.38,0.09,6.00,1.62,1.53,1
2026-08-01 05:00,KXBTC15M-26AUG010100-00,63000.19,0,odds 98c above 79c cap,yes,,63027.82,4.39,0,0,0.00,0.00,0.00,0.00,0.00,
2026-08-01 05:15,KXBTC15M-26AUG010115-15,63033.63,0,odds 96c above 79c cap,yes,,63060.33,4.24,0,0,0.00,0.00,0.00,0.00,0.00,
2026-08-01 05:30,KXBTC15M-26AUG010130-30,63061.76,0,odds 90c above 79c cap,no,,63034.56,4.31,0,0,0.00,0.00,0.00,0.00,0.00,
2026-08-01 05:45,KXBTC15M-26AUG010145-45,63033.02,0,odds 97c above 79c cap,no,,62955.72,12.26,0,0,0.00,0.00,0.00,0.00,0.00,
2026-08-01 06:00,KXBTC15M-26AUG010200-00,62959.00,0,odds 87c above 79c cap,yes,,62977.95,3.01,0,0,0.00,0.00,0.00,0.00,0.00,
2026-08-01 06:15,KXBTC15M-26AUG010215-15,62975.61,0,odds 98c above 79c cap,no,,62946.77,4.58,0,0,0.00,0.00,0.00,0.00,0.00,
2026-08-01 06:30,KXBTC15M-26AUG010230-30,62968.31,0,odds 95c above 79c cap,yes,,63009.48,6.54,0,0,0.00,0.00,0.00,0.00,0.00,
2026-08-01 06:45,KXBTC15M-26AUG010245-45,63014.00,0,odds 55c not above 60c,no,,63012.53,0.23,0,0,0.00,0.00,0.00,0.00,0.00,
2026-08-01 07:00,KXBTC15M-26AUG010300-00,63014.16,0,odds 59c not above 60c,yes,,63015.03,0.14,0,0,0.00,0.00,0.00,0.00,0.00,
2026-08-01 07:15,KXBTC15M-26AUG010315-15,63018.50,1,,yes,77,63038.06,3.10,0,6,4.62,0.08,6.00,1.38,1.30,1
2026-08-01 07:30,KXBTC15M-26AUG010330-30,63047.41,0,odds 95c above 79c cap,no,,63018.63,4.56,0,0,0.00,0.00,0.00,0.00,0.00,
2026-08-01 07:45,KXBTC15M-26AUG010345-45,63015.54,0,odds 95c above 79c cap,no,,62975.45,6.36,0,0,0.00,0.00,0.00,0.00,0.00,
2026-08-01 08:00,KXBTC15M-26AUG010400-00,62986.67,1,,yes,78,62996.98,1.64,0,6,4.68,0.08,6.00,1.32,1.24,1
2026-08-01 08:15,KXBTC15M-26AUG010415-15,62992.09,0,odds 98c above 79c cap,yes,,63023.98,5.06,0,0,0.00,0.00,0.00,0.00,0.00,
2026-08-01 08:30,KXBTC15M-26AUG010430-30,63041.71,0,odds 48c not above 60c,yes,,63042.76,0.17,0,0,0.00,0.00,0.00,0.00,0.00,
2026-08-01 08:45,KXBTC15M-26AUG010445-45,63034.46,1,,yes,74,63040.91,1.02,0,6,4.44,0.09,6.00,1.56,1.47,1
2026-08-01 09:00,KXBTC15M-26AUG010500-00,63040.45,0,odds 98c above 79c cap,yes,,63084.06,6.92,0,0,0.00,0.00,0.00,0.00,0.00,
2026-08-01 09:15,KXBTC15M-26AUG010515-15,63083.59,0,odds 98c above 79c cap,no,,63067.08,2.62,0,0,0.00,0.00,0.00,0.00,0.00,
2026-08-01 09:30,KXBTC15M-26AUG010530-30,63059.06,1,,no,77,63044.60,2.29,0,6,4.62,0.08,6.00,1.38,1.30,1
2026-08-01 09:45,KXBTC15M-26AUG010545-45,63055.75,0,odds 48c not above 60c,no,,63048.63,1.13,0,0,0.00,0.00,0.00,0.00,0.00,
2026-08-01 10:00,KXBTC15M-26AUG010600-00,63051.70,0,odds 99c above 79c cap,no,,62991.53,9.54,0,0,0.00,0.00,0.00,0.00,0.00,
2026-08-01 10:15,KXBTC15M-26AUG010615-15,63002.54,0,odds 97c above 79c cap,no,,62931.37,11.30,0,0,0.00,0.00,0.00,0.00,0.00,
2026-08-01 10:30,KXBTC15M-26AUG010630-30,62953.43,0,odds 96c above 79c cap,yes,,62978.14,3.93,0,0,0.00,0.00,0.00,0.00,0.00,
2026-08-01 10:45,KXBTC15M-26AUG010645-45,62985.95,0,odds 60c not above 60c,no,,62974.44,1.83,0,0,0.00,0.00,0.00,0.00,0.00,
2026-08-01 11:00,KXBTC15M-26AUG010700-00,63014.49,0,odds 82c above 79c cap,no,,62988.40,4.14,0,0,0.00,0.00,0.00,0.00,0.00,
2026-08-01 11:15,KXBTC15M-26AUG010715-15,62998.94,0,odds 60c not above 60c,no,,62986.01,2.05,0,0,0.00,0.00,0.00,0.00,0.00,
2026-08-01 11:30,KXBTC15M-26AUG010730-30,62994.86,0,odds 98c above 79c cap,yes,,63021.78,4.27,0,0,0.00,0.00,0.00,0.00,0.00,
2026-08-01 11:45,KXBTC15M-26AUG010745-45,63024.35,1,,no,73,63010.94,2.13,0,6,4.38,0.09,6.00,1.62,1.53,1
2026-08-01 12:00,KXBTC15M-26AUG010800-00,63011.57,1,,yes,75,63016.71,0.82,0,6,4.50,0.08,6.00,1.50,1.42,1
2026-08-01 12:15,KXBTC15M-26AUG010815-15,63019.80,0,odds 94c above 79c cap,yes,,63041.44,3.43,0,0,0.00,0.00,0.00,0.00,0.00,
2026-08-01 12:30,KXBTC15M-26AUG010830-30,63056.75,0,odds 87c above 79c cap,no,,63036.75,3.17,0,0,0.00,0.00,0.00,0.00,0.00,
2026-08-01 12:45,KXBTC15M-26AUG010845-45,63047.37,0,odds 90c above 79c cap,no,,63020.00,4.34,0,0,0.00,0.00,0.00,0.00,0.00,
2026-08-01 13:00,KXBTC15M-26AUG010900-00,63035.10,0,odds 90c above 79c cap,yes,,63042.42,1.16,0,0,0.00,0.00,0.00,0.00,0.00,
2026-08-01 13:15,KXBTC15M-26AUG010915-15,63040.37,0,odds 32c not above 60c,no,,63039.18,0.19,0,0,0.00,0.00,0.00,0.00,0.00,
2026-08-01 13:30,KXBTC15M-26AUG010930-30,63042.67,0,odds 94c above 79c cap,no,,63025.24,2.76,0,0,0.00,0.00,0.00,0.00,0.00,
2026-08-01 13:45,KXBTC15M-26AUG010945-45,63031.74,1,,no,65,63015.02,2.65,0,7,4.55,0.12,7.00,2.45,2.33,1
2026-08-01 14:00,KXBTC15M-26AUG011000-00,63023.14,0,odds 83c above 79c cap,no,,63004.34,2.98,0,0,0.00,0.00,0.00,0.00,0.00,
2026-08-01 14:15,KXBTC15M-26AUG011015-15,63009.99,0,odds 92c above 79c cap,yes,,63028.32,2.91,0,0,0.00,0.00,0.00,0.00,0.00,
2026-08-01 14:30,KXBTC15M-26AUG011030-30,63025.75,0,odds 96c above 79c cap,yes,,63054.34,4.54,0,0,0.00,0.00,0.00,0.00,0.00,
2026-08-01 14:45,KXBTC15M-26AUG011045-45,63054.79,0,odds 90c above 79c cap,no,,63035.31,3.09,0,0,0.00,0.00,0.00,0.00,0.00,
2026-08-01 15:00,KXBTC15M-26AUG011100-00,63036.60,0,odds 53c not above 60c,no,,63021.66,2.37,0,0,0.00,0.00,0.00,0.00,0.00,
2026-08-01 15:15,KXBTC15M-26AUG011115-15,63054.81,1,,no,63,63049.00,0.92,0,7,4.41,0.12,7.00,2.59,2.47,1
2026-08-01 15:30,KXBTC15M-26AUG011130-30,63053.01,0,odds 99c above 79c cap,no,,62997.92,8.74,0,0,0.00,0.00,0.00,0.00,0.00,
2026-08-01 15:45,KXBTC15M-26AUG011145-45,63003.54,0,odds 46c not above 60c,no,,62996.30,1.15,0,0,0.00,0.00,0.00,0.00,0.00,
2026-08-01 16:00,KXBTC15M-26AUG011200-00,62994.11,0,odds 97c above 79c cap,no,,62967.15,4.28,0,0,0.00,0.00,0.00,0.00,0.00,
2026-08-01 16:15,KXBTC15M-26AUG011215-15,62961.17,0,odds 98c above 79c cap,no,,62900.01,9.71,0,0,0.00,0.00,0.00,0.00,0.00,
2026-08-01 16:30,KXBTC15M-26AUG011230-30,62899.79,0,odds 92c above 79c cap,no,,62879.81,3.18,0,0,0.00,0.00,0.00,0.00,0.00,
2026-08-01 16:45,KXBTC15M-26AUG011245-45,62882.62,0,odds 98c above 79c cap,yes,,62918.65,5.73,0,0,0.00,0.00,0.00,0.00,0.00,
2026-08-01 17:00,KXBTC15M-26AUG011300-00,62905.78,0,odds 97c above 79c cap,no,,62829.50,12.13,0,0,0.00,0.00,0.00,0.00,0.00,
2026-08-01 17:15,KXBTC15M-26AUG011315-15,62860.13,0,odds 99c above 79c cap,yes,,62882.89,3.62,0,0,0.00,0.00,0.00,0.00,0.00,
2026-08-01 17:30,KXBTC15M-26AUG011330-30,62842.11,1,,no,77,62774.99,10.68,0,6,4.62,0.08,6.00,1.38,1.30,1
2026-08-01 17:45,KXBTC15M-26AUG011345-45,62777.39,0,odds 96c above 79c cap,no,,62734.66,6.81,0,0,0.00,0.00,0.00,0.00,0.00,
2026-08-01 18:00,KXBTC15M-26AUG011400-00,62761.38,0,odds 97c above 79c cap,no,,62641.30,19.13,0,0,0.00,0.00,0.00,0.00,0.00,
2026-08-01 18:15,KXBTC15M-26AUG011415-15,62658.72,0,odds 81c above 79c cap,yes,,62672.75,2.24,0,0,0.00,0.00,0.00,0.00,0.00,
2026-08-01 18:30,KXBTC15M-26AUG011430-30,62663.07,0,odds 99c above 79c cap,no,,62505.18,25.20,0,0,0.00,0.00,0.00,0.00,0.00,
2026-08-01 18:45,KXBTC15M-26AUG011445-45,62496.78,0,odds 97c above 79c cap,no,,62387.79,17.44,0,0,0.00,0.00,0.00,0.00,0.00,
2026-08-01 19:00,KXBTC15M-26AUG011500-00,62344.15,0,odds 92c above 79c cap,yes,,62441.18,15.56,0,0,0.00,0.00,0.00,0.00,0.00,
2026-08-01 19:15,KXBTC15M-26AUG011515-15,62522.81,0,odds 82c above 79c cap,yes,,62539.81,2.72,0,0,0.00,0.00,0.00,0.00,0.00,
2026-08-01 19:30,KXBTC15M-26AUG011530-30,62524.90,0,odds 91c above 79c cap,no,,62465.04,9.57,0,0,0.00,0.00,0.00,0.00,0.00,
2026-08-01 19:45,KXBTC15M-26AUG011545-45,62496.07,0,odds 96c above 79c cap,no,,62417.20,12.62,0,0,0.00,0.00,0.00,0.00,0.00,
2026-08-01 20:00,KXBTC15M-26AUG011600-00,62423.87,0,odds 94c above 79c cap,yes,,62462.45,6.18,0,0,0.00,0.00,0.00,0.00,0.00,
2026-08-01 20:15,KXBTC15M-26AUG011615-15,62478.87,0,odds 51c not above 60c,yes,,62492.97,2.26,0,0,0.00,0.00,0.00,0.00,0.00,
2026-08-01 20:30,KXBTC15M-26AUG011630-30,62506.97,0,odds 98c above 79c cap,yes,,62547.01,6.41,0,0,0.00,0.00,0.00,0.00,0.00,
2026-08-01 20:45,KXBTC15M-26AUG011645-45,62564.45,0,odds 95c above 79c cap,no,,62539.96,3.91,0,0,0.00,0.00,0.00,0.00,0.00,
2026-08-01 21:00,KXBTC15M-26AUG011700-00,62543.82,0,odds 97c above 79c cap,yes,,62601.01,9.14,0,0,0.00,0.00,0.00,0.00,0.00,
2026-08-01 21:15,KXBTC15M-26AUG011715-15,62608.79,0,odds 99c above 79c cap,yes,,62704.72,15.32,0,0,0.00,0.00,0.00,0.00,0.00,
2026-08-01 21:30,KXBTC15M-26AUG011730-30,62687.25,0,odds 92c above 79c cap,yes,,62696.78,1.52,0,0,0.00,0.00,0.00,0.00,0.00,
2026-08-01 21:45,KXBTC15M-26AUG011745-45,62734.10,0,odds 47c not above 60c,no,,62724.05,1.60,0,0,0.00,0.00,0.00,0.00,0.00,
2026-08-01 22:00,KXBTC15M-26AUG011800-00,62737.39,1,,yes,64,62755.82,2.94,0,7,4.48,0.12,7.00,2.52,2.40,1
2026-08-01 22:15,KXBTC15M-26AUG011815-15,62764.26,0,odds 85c above 79c cap,yes,,62798.24,5.41,0,0,0.00,0.00,0.00,0.00,0.00,
2026-08-01 22:30,KXBTC15M-26AUG011830-30,62803.65,0,odds 96c above 79c cap,no,,62772.13,5.02,0,0,0.00,0.00,0.00,0.00,0.00,
2026-08-01 22:45,KXBTC15M-26AUG011845-45,62799.10,1,,no,64,62796.66,0.39,0,7,4.48,0.12,7.00,2.52,2.40,1
2026-08-01 23:00,KXBTC15M-26AUG011900-00,62791.67,1,,no,75,62777.29,2.29,0,6,4.50,0.08,6.00,1.50,1.42,1
2026-08-01 23:15,KXBTC15M-26AUG011915-15,62778.81,0,odds 40c not above 60c,no,,62774.09,0.75,0,0,0.00,0.00,0.00,0.00,0.00,
2026-08-01 23:30,KXBTC15M-26AUG011930-30,62758.18,0,odds 94c above 79c cap,no,,62723.96,5.45,0,0,0.00,0.00,0.00,0.00,0.00,
2026-08-01 23:45,KXBTC15M-26AUG011945-45,62722.57,0,odds 96c above 79c cap,yes,,62761.60,6.22,0,0,0.00,0.00,0.00,0.00,0.00,
2026-08-02 00:00,KXBTC15M-26AUG012000-00,62738.92,0,odds 94c above 79c cap,yes,,62766.67,4.42,0,0,0.00,0.00,0.00,0.00,0.00,
2026-08-02 00:15,KXBTC15M-26AUG012015-15,62766.96,0,odds 99c above 79c cap,yes,,62880.48,18.09,0,0,0.00,0.00,0.00,0.00,0.00,
2026-08-02 00:30,KXBTC15M-26AUG012030-30,62889.36,0,odds 94c above 79c cap,no,,62846.77,6.77,0,0,0.00,0.00,0.00,0.00,0.00,
2026-08-02 00:45,KXBTC15M-26AUG012045-45,62828.12,0,odds 97c above 79c cap,no,,62800.01,4.47,0,0,0.00,0.00,0.00,0.00,0.00,
2026-08-02 01:00,KXBTC15M-26AUG012100-00,62808.07,0,odds 99c above 79c cap,no,,62745.37,9.98,0,0,0.00,0.00,0.00,0.00,0.00,
2026-08-02 01:15,KXBTC15M-26AUG012115-15,62772.77,0,odds 99c above 79c cap,yes,,62885.32,17.93,0,0,0.00,0.00,0.00,0.00,0.00,
2026-08-02 01:30,KXBTC15M-26AUG012130-30,62922.63,1,,no,65,62915.82,1.08,0,7,4.55,0.12,0.00,-4.55,-4.67,0
2026-08-02 01:45,KXBTC15M-26AUG012145-45,62923.60,0,odds 96c above 79c cap,yes,,62948.99,4.04,0,0,0.00,0.00,0.00,0.00,0.00,
2026-08-02 02:00,KXBTC15M-26AUG012200-00,62956.07,0,odds 97c above 79c cap,no,,62927.27,4.57,0,0,0.00,0.00,0.00,0.00,0.00,
2026-08-02 02:15,KXBTC15M-26AUG012215-15,62934.43,0,odds 98c above 79c cap,yes,,63323.52,61.82,0,0,0.00,0.00,0.00,0.00,0.00,
2026-08-02 02:30,KXBTC15M-26AUG012230-30,63377.08,0,odds 6c not above 60c,no,,63375.12,0.31,0,0,0.00,0.00,0.00,0.00,0.00,
2026-08-02 02:45,KXBTC15M-26AUG012245-45,63355.44,0,odds 86c above 79c cap,no,,63308.58,7.40,0,0,0.00,0.00,0.00,0.00,0.00,
2026-08-02 03:00,KXBTC15M-26AUG012300-00,63321.15,0,odds 97c above 79c cap,yes,,63382.01,9.61,0,0,0.00,0.00,0.00,0.00,0.00,
2026-08-02 03:15,KXBTC15M-26AUG012315-15,63375.26,0,odds 89c above 79c cap,no,,63344.12,4.91,0,0,0.00,0.00,0.00,0.00,0.00,
2026-08-02 03:30,KXBTC15M-26AUG012330-30,63346.44,0,odds 96c above 79c cap,yes,,63414.12,10.68,0,0,0.00,0.00,0.00,0.00,0.00,
2026-08-02 03:45,KXBTC15M-26AUG012345-45,63376.22,0,odds 91c above 79c cap,yes,,63409.49,5.25,0,0,0.00,0.00,0.00,0.00,0.00,
2026-08-02 04:00,KXBTC15M-26AUG020000-00,63433.46,0,odds 97c above 79c cap,no,,63380.43,8.36,0,0,0.00,0.00,0.00,0.00,0.00,
2026-08-02 04:15,KXBTC15M-26AUG020015-15,63388.84,0,odds 99c above 79c cap,yes,,63470.07,12.81,0,0,0.00,0.00,0.00,0.00,0.00,
2026-08-02 04:30,KXBTC15M-26AUG020030-30,63485.03,0,odds 43c not above 60c,yes,,63488.64,0.57,0,0,0.00,0.00,0.00,0.00,0.00,
2026-08-02 04:45,KXBTC15M-26AUG020045-45,63479.74,0,odds 58c not above 60c,no,,63464.57,2.39,0,0,0.00,0.00,0.00,0.00,0.00,
2026-08-02 05:00,KXBTC15M-26AUG020100-00,63462.56,0,odds 98c above 79c cap,yes,,63496.62,5.37,0,0,0.00,0.00,0.00,0.00,0.00,
2026-08-02 05:15,KXBTC15M-26AUG020115-15,63532.16,0,odds 99c above 79c cap,no,,63409.52,19.30,0,0,0.00,0.00,0.00,0.00,0.00,
2026-08-02 05:30,KXBTC15M-26AUG020130-30,63418.14,0,odds 56c not above 60c,yes,,63427.91,1.54,0,0,0.00,0.00,0.00,0.00,0.00,
2026-08-02 05:45,KXBTC15M-26AUG020145-45,63414.08,0,odds 94c above 79c cap,no,,63384.79,4.62,0,0,0.00,0.00,0.00,0.00,0.00,
2026-08-02 06:00,KXBTC15M-26AUG020200-00,63357.92,0,odds 96c above 79c cap,yes,,63393.67,5.64,0,0,0.00,0.00,0.00,0.00,0.00,
2026-08-02 06:15,KXBTC15M-26AUG020215-15,63389.30,0,odds 45c not above 60c,no,,63385.44,0.61,0,0,0.00,0.00,0.00,0.00,0.00,
2026-08-02 06:30,KXBTC15M-26AUG020230-30,63384.74,1,,yes,77,63412.84,4.43,0,6,4.62,0.08,6.00,1.38,1.30,1
2026-08-02 06:45,KXBTC15M-26AUG020245-45,63431.24,0,odds 97c above 79c cap,no,,63409.52,3.42,0,0,0.00,0.00,0.00,0.00,0.00,
2026-08-02 07:00,KXBTC15M-26AUG020300-00,63427.35,1,,no,63,63421.74,0.88,0,7,4.41,0.12,7.00,2.59,2.47,1
2026-08-02 07:15,KXBTC15M-26AUG020315-15,63425.13,0,odds 57c not above 60c,no,,63421.99,0.50,0,0,0.00,0.00,0.00,0.00,0.00,
2026-08-02 07:30,KXBTC15M-26AUG020330-30,63420.65,0,odds 56c not above 60c,no,,63411.32,1.47,0,0,0.00,0.00,0.00,0.00,0.00,
2026-08-02 07:45,KXBTC15M-26AUG020345-45,63424.98,0,odds 94c above 79c cap,yes,,63454.24,4.61,0,0,0.00,0.00,0.00,0.00,0.00,
2026-08-02 08:00,KXBTC15M-26AUG020400-00,63470.98,0,odds 96c above 79c cap,no,,63423.29,7.51,0,0,0.00,0.00,0.00,0.00,0.00,
2026-08-02 08:15,KXBTC15M-26AUG020415-15,63428.41,0,odds 92c above 79c cap,yes,,63460.48,5.06,0,0,0.00,0.00,0.00,0.00,0.00,
2026-08-02 08:30,KXBTC15M-26AUG020430-30,63434.09,0,odds 98c above 79c cap,no,,63399.01,5.53,0,0,0.00,0.00,0.00,0.00,0.00,
2026-08-02 08:45,KXBTC15M-26AUG020445-45,63333.72,0,odds 99c above 79c cap,no,,63186.18,23.30,0,0,0.00,0.00,0.00,0.00,0.00,
2026-08-02 09:00,KXBTC15M-26AUG020500-00,63189.23,0,odds 89c above 79c cap,no,,63150.77,6.09,0,0,0.00,0.00,0.00,0.00,0.00,
2026-08-02 09:15,KXBTC15M-26AUG020515-15,63132.70,0,odds 94c above 79c cap,yes,,63192.80,9.52,0,0,0.00,0.00,0.00,0.00,0.00,
2026-08-02 09:30,KXBTC15M-26AUG020530-30,63202.87,0,odds 89c above 79c cap,yes,,63230.65,4.40,0,0,0.00,0.00,0.00,0.00,0.00,
2026-08-02 09:45,KXBTC15M-26AUG020545-45,63179.83,0,odds 92c above 79c cap,yes,,63200.00,3.19,0,0,0.00,0.00,0.00,0.00,0.00,
2026-08-02 10:00,KXBTC15M-26AUG020600-00,63214.41,0,odds 56c not above 60c,no,,63207.43,1.10,0,0,0.00,0.00,0.00,0.00,0.00,
2026-08-02 10:15,KXBTC15M-26AUG020615-15,63213.40,0,odds 96c above 79c cap,no,,63168.73,7.07,0,0,0.00,0.00,0.00,0.00,0.00,
2026-08-02 10:30,KXBTC15M-26AUG020630-30,63149.09,0,odds 96c above 79c cap,no,,63091.04,9.19,0,0,0.00,0.00,0.00,0.00,0.00,
2026-08-02 10:45,KXBTC15M-26AUG020645-45,63079.36,0,odds 98c above 79c cap,yes,,63134.32,8.71,0,0,0.00,0.00,0.00,0.00,0.00,
2026-08-02 11:00,KXBTC15M-26AUG020700-00,63146.75,1,,no,71,63134.03,2.01,0,7,4.97,0.11,7.00,2.03,1.92,1
2026-08-02 11:15,KXBTC15M-26AUG020715-15,63140.64,0,odds 98c above 79c cap,no,,63093.04,7.54,0,0,0.00,0.00,0.00,0.00,0.00,
2026-08-02 11:30,KXBTC15M-26AUG020730-30,63091.63,0,odds 49c not above 60c,yes,,63099.92,1.31,0,0,0.00,0.00,0.00,0.00,0.00,
2026-08-02 11:45,KXBTC15M-26AUG020745-45,63113.88,0,odds 54c not above 60c,no,,63098.89,2.38,0,0,0.00,0.00,0.00,0.00,0.00,
2026-08-02 12:00,KXBTC15M-26AUG020800-00,63053.16,0,odds 95c above 79c cap,no,,62997.91,8.76,0,0,0.00,0.00,0.00,0.00,0.00,
2026-08-02 12:15,KXBTC15M-26AUG020815-15,62963.57,0,odds 99c above 79c cap,yes,,63058.65,15.10,0,0,0.00,0.00,0.00,0.00,0.00,
2026-08-02 12:30,KXBTC15M-26AUG020830-30,63099.64,0,odds 95c above 79c cap,yes,,63144.65,7.13,0,0,0.00,0.00,0.00,0.00,0.00,
2026-08-02 12:45,KXBTC15M-26AUG020845-45,63129.33,0,odds 92c above 79c cap,no,,63081.85,7.52,0,0,0.00,0.00,0.00,0.00,0.00,
2026-08-02 13:00,KXBTC15M-26AUG020900-00,63085.82,0,odds 40c not above 60c,no,,63055.21,4.85,0,0,0.00,0.00,0.00,0.00,0.00,
2026-08-02 13:15,KXBTC15M-26AUG020915-15,63067.07,1,,no,70,63046.66,3.24,0,7,4.90,0.11,7.00,2.10,1.99,1
2026-08-02 13:30,KXBTC15M-26AUG020930-30,63059.25,0,odds 96c above 79c cap,no,,63019.49,6.31,0,0,0.00,0.00,0.00,0.00,0.00,
2026-08-02 13:45,KXBTC15M-26AUG020945-45,63031.98,0,odds 98c above 79c cap,no,,62989.83,6.69,0,0,0.00,0.00,0.00,0.00,0.00,
2026-08-02 14:00,KXBTC15M-26AUG021000-00,63025.75,0,odds 92c above 79c cap,yes,,63044.87,3.03,0,0,0.00,0.00,0.00,0.00,0.00,
2026-08-02 14:15,KXBTC15M-26AUG021015-15,63054.93,0,odds 97c above 79c cap,no,,63020.79,5.41,0,0,0.00,0.00,0.00,0.00,0.00,
2026-08-02 14:30,KXBTC15M-26AUG021030-30,63022.14,0,odds 86c above 79c cap,yes,,63045.44,3.70,0,0,0.00,0.00,0.00,0.00,0.00,
2026-08-02 14:45,KXBTC15M-26AUG021045-45,63063.76,1,,yes,72,63065.53,0.28,0,6,4.32,0.09,6.00,1.68,1.59,1
2026-08-02 15:00,KXBTC15M-26AUG021100-00,63089.06,0,odds 99c above 79c cap,no,,62993.28,15.18,0,0,0.00,0.00,0.00,0.00,0.00,
2026-08-02 15:15,KXBTC15M-26AUG021115-15,63011.43,0,odds 94c above 79c cap,yes,,63027.69,2.58,0,0,0.00,0.00,0.00,0.00,0.00,
2026-08-02 15:30,KXBTC15M-26AUG021130-30,63061.96,0,odds 85c above 79c cap,no,,63055.50,1.02,0,0,0.00,0.00,0.00,0.00,0.00,
2026-08-02 15:45,KXBTC15M-26AUG021145-45,63061.54,0,odds 90c above 79c cap,yes,,63063.45,0.30,0,0,0.00,0.00,0.00,0.00,0.00,
2026-08-02 16:00,KXBTC15M-26AUG021200-00,63086.72,0,odds 97c above 79c cap,no,,63050.01,5.82,0,0,0.00,0.00,0.00,0.00,0.00,
2026-08-02 16:15,KXBTC15M-26AUG021215-15,63048.04,1,,yes,79,63063.35,2.43,0,6,4.74,0.07,6.00,1.26,1.19,1
2026-08-02 16:30,KXBTC15M-26AUG021230-30,63049.66,0,odds 24c not above 60c,no,,63048.32,0.21,0,0,0.00,0.00,0.00,0.00,0.00,
2026-08-02 16:45,KXBTC15M-26AUG021245-45,63049.04,0,odds 99c above 79c cap,yes,,63129.84,12.82,0,0,0.00,0.00,0.00,0.00,0.00,
2026-08-02 17:00,KXBTC15M-26AUG021300-00,63177.78,0,odds 98c above 79c cap,no,,63132.59,7.15,0,0,0.00,0.00,0.00,0.00,0.00,
2026-08-02 17:15,KXBTC15M-26AUG021315-15,63125.94,0,odds 96c above 79c cap,no,,63099.91,4.12,0,0,0.00,0.00,0.00,0.00,0.00,
2026-08-02 17:30,KXBTC15M-26AUG021330-30,63143.22,0,odds 98c above 79c cap,yes,,63185.93,6.76,0,0,0.00,0.00,0.00,0.00,0.00,
2026-08-02 17:45,KXBTC15M-26AUG021345-45,63218.86,0,odds 91c above 79c cap,yes,,63240.81,3.47,0,0,0.00,0.00,0.00,0.00,0.00,
2026-08-02 18:00,KXBTC15M-26AUG021400-00,63242.60,0,odds 50c not above 60c,no,,63232.64,1.57,0,0,0.00,0.00,0.00,0.00,0.00,
2026-08-02 18:15,KXBTC15M-26AUG021415-15,63245.37,0,odds 86c above 79c cap,no,,63224.31,3.33,0,0,0.00,0.00,0.00,0.00,0.00,
2026-08-02 18:30,KXBTC15M-26AUG021430-30,63247.05,1,,no,69,63234.00,2.06,0,7,4.83,0.11,7.00,2.17,2.06,1
2026-08-02 18:45,KXBTC15M-26AUG021445-45,63225.60,0,odds 99c above 79c cap,yes,,63383.33,24.95,0,0,0.00,0.00,0.00,0.00,0.00,
2026-08-02 19:00,KXBTC15M-26AUG021500-00,63417.14,0,odds 99c above 79c cap,no,,63316.44,15.88,0,0,0.00,0.00,0.00,0.00,0.00,
2026-08-02 19:15,KXBTC15M-26AUG021515-15,63315.69,0,odds 83c above 79c cap,no,,63288.62,4.28,0,0,0.00,0.00,0.00,0.00,0.00,
2026-08-02 19:30,KXBTC15M-26AUG021530-30,63293.50,1,,no,66,63265.04,4.50,0,7,4.62,0.11,7.00,2.38,2.27,1
2026-08-02 19:45,KXBTC15M-26AUG021545-45,63268.71,0,odds 97c above 79c cap,yes,,63308.35,6.27,0,0,0.00,0.00,0.00,0.00,0.00,
2026-08-02 20:00,KXBTC15M-26AUG021600-00,63318.57,0,odds 98c above 79c cap,yes,,63370.01,8.12,0,0,0.00,0.00,0.00,0.00,0.00,
2026-08-02 20:15,KXBTC15M-26AUG021615-15,63384.63,1,,no,61,63359.47,3.97,0,8,4.88,0.14,8.00,3.12,2.98,1
2026-08-02 20:30,KXBTC15M-26AUG021630-30,63383.72,0,odds 93c above 79c cap,no,,63348.60,5.54,0,0,0.00,0.00,0.00,0.00,0.00,
2026-08-02 20:45,KXBTC15M-26AUG021645-45,63344.86,1,,yes,77,63349.59,0.75,0,6,4.62,0.08,6.00,1.38,1.30,1
2026-08-02 21:00,KXBTC15M-26AUG021700-00,63362.99,0,odds 96c above 79c cap,yes,,63426.00,9.94,0,0,0.00,0.00,0.00,0.00,0.00,
2026-08-02 21:15,KXBTC15M-26AUG021715-15,63426.13,0,odds 97c above 79c cap,yes,,63463.22,5.85,0,0,0.00,0.00,0.00,0.00,0.00,
2026-08-02 21:30,KXBTC15M-26AUG021730-30,63458.02,0,odds 49c not above 60c,no,,63440.99,2.68,0,0,0.00,0.00,0.00,0.00,0.00,
2026-08-02 21:45,KXBTC15M-26AUG021745-45,63470.11,0,odds 80c above 79c cap,no,,63437.05,5.21,0,0,0.00,0.00,0.00,0.00,0.00,
2026-08-02 22:00,KXBTC15M-26AUG021800-00,63629.63,0,odds 96c above 79c cap,no,,63505.14,19.56,0,0,0.00,0.00,0.00,0.00,0.00,
2026-08-02 22:15,KXBTC15M-26AUG021815-15,63509.81,0,odds 98c above 79c cap,yes,,63660.65,23.75,0,0,0.00,0.00,0.00,0.00,0.00,
2026-08-02 22:30,KXBTC15M-26AUG021830-30,63642.67,0,odds 85c above 79c cap,no,,63601.31,6.50,0,0,0.00,0.00,0.00,0.00,0.00,
2026-08-02 22:45,KXBTC15M-26AUG021845-45,63524.92,0,no quote on chosen side at decision time,no,,63339.85,29.13,0,0,0.00,0.00,0.00,0.00,0.00,
2026-08-02 23:00,KXBTC15M-26AUG021900-00,63422.42,0,odds 94c above 79c cap,no,,63347.50,11.81,0,0,0.00,0.00,0.00,0.00,0.00,
2026-08-02 23:15,KXBTC15M-26AUG021915-15,63364.47,0,odds 89c above 79c cap,no,,63311.99,8.28,0,0,0.00,0.00,0.00,0.00,0.00,
2026-08-02 23:30,KXBTC15M-26AUG021930-30,63294.00,0,odds 99c above 79c cap,yes,,63426.94,21.00,0,0,0.00,0.00,0.00,0.00,0.00,
2026-08-02 23:45,KXBTC15M-26AUG021945-45,63469.33,1,,no,62,63426.92,6.68,0,8,4.96,0.14,8.00,3.04,2.90,1
2026-08-03 00:00,KXBTC15M-26AUG022000-00,63455.46,0,odds 36c not above 60c,yes,,63461.63,0.97,0,0,0.00,0.00,0.00,0.00,0.00,
2026-08-03 00:15,KXBTC15M-26AUG022015-15,63499.39,0,odds 98c above 79c cap,no,,63344.16,24.45,0,0,0.00,0.00,0.00,0.00,0.00,
2026-08-03 00:30,KXBTC15M-26AUG022030-30,63339.01,1,,no,76,63280.87,9.18,0,6,4.56,0.08,6.00,1.44,1.36,1
2026-08-03 00:45,KXBTC15M-26AUG022045-45,63228.64,0,odds 98c above 79c cap,yes,,63330.66,16.14,0,0,0.00,0.00,0.00,0.00,0.00,
2026-08-03 01:00,KXBTC15M-26AUG022100-00,63258.29,0,odds 60c not above 60c,no,,63245.99,1.94,0,0,0.00,0.00,0.00,0.00,0.00,
2026-08-03 01:15,KXBTC15M-26AUG022115-15,63247.01,0,odds 85c above 79c cap,no,,63211.15,5.67,0,0,0.00,0.00,0.00,0.00,0.00,
2026-08-03 01:30,KXBTC15M-26AUG022130-30,63142.04,0,odds 35c not above 60c,yes,,63164.99,3.63,0,0,0.00,0.00,0.00,0.00,0.00,
2026-08-03 01:45,KXBTC15M-26AUG022145-45,63093.54,0,odds 80c above 79c cap,yes,,63106.80,2.10,0,0,0.00,0.00,0.00,0.00,0.00,
2026-08-03 02:00,KXBTC15M-26AUG022200-00,63147.72,0,odds 97c above 79c cap,no,,63084.90,9.95,0,0,0.00,0.00,0.00,0.00,0.00,
2026-08-03 02:15,KXBTC15M-26AUG022215-15,63139.61,0,odds 84c above 79c cap,no,,63082.73,9.01,0,0,0.00,0.00,0.00,0.00,0.00,
2026-08-03 02:30,KXBTC15M-26AUG022230-30,63113.96,0,odds 80c above 79c cap,yes,,63125.44,1.82,0,0,0.00,0.00,0.00,0.00,0.00,
2026-08-03 02:45,KXBTC15M-26AUG022245-45,63047.35,0,odds 94c above 79c cap,yes,,63128.74,12.91,0,0,0.00,0.00,0.00,0.00,0.00,
2026-08-03 03:00,KXBTC15M-26AUG022300-00,63115.89,0,odds 90c above 79c cap,no,,63069.16,7.40,0,0,0.00,0.00,0.00,0.00,0.00,
2026-08-03 03:15,KXBTC15M-26AUG022315-15,63063.66,0,odds 56c not above 60c,no,,63053.01,1.69,0,0,0.00,0.00,0.00,0.00,0.00,
2026-08-03 03:30,KXBTC15M-26AUG022330-30,63034.62,1,,no,79,62995.12,6.27,0,6,4.74,0.07,6.00,1.26,1.19,1
2026-08-03 03:45,KXBTC15M-26AUG022345-45,63001.67,1,,no,78,62972.62,4.61,0,6,4.68,0.08,6.00,1.32,1.24,1
2026-08-03 04:00,KXBTC15M-26AUG030000-00,62977.74,0,odds 98c above 79c cap,no,,62845.01,21.08,0,0,0.00,0.00,0.00,0.00,0.00,
2026-08-03 04:15,KXBTC15M-26AUG030015-15,62807.42,1,,no,67,62753.98,8.51,0,7,4.69,0.11,7.00,2.31,2.20,1
2026-08-03 04:30,KXBTC15M-26AUG030030-30,62779.56,0,odds 96c above 79c cap,yes,,62867.54,14.01,0,0,0.00,0.00,0.00,0.00,0.00,
2026-08-03 04:45,KXBTC15M-26AUG030045-45,62893.18,0,odds 87c above 79c cap,yes,,62915.27,3.51,0,0,0.00,0.00,0.00,0.00,0.00,
2026-08-03 05:00,KXBTC15M-26AUG030100-00,62887.06,0,odds 98c above 79c cap,no,,62762.31,19.84,0,0,0.00,0.00,0.00,0.00,0.00,
2026-08-03 05:15,KXBTC15M-26AUG030115-15,62721.29,0,odds 87c above 79c cap,yes,,62750.29,4.62,0,0,0.00,0.00,0.00,0.00,0.00,
2026-08-03 05:30,KXBTC15M-26AUG030130-30,62783.46,0,odds 83c above 79c cap,no,,62750.59,5.24,0,0,0.00,0.00,0.00,0.00,0.00,
2026-08-03 05:45,KXBTC15M-26AUG030145-45,62764.41,1,,no,79,62745.43,3.02,0,6,4.74,0.07,6.00,1.26,1.19,1
2026-08-03 06:00,KXBTC15M-26AUG030200-00,62731.18,1,,yes,67,62745.22,2.24,0,7,4.69,0.11,7.00,2.31,2.20,1
2026-08-03 06:15,KXBTC15M-26AUG030215-15,62745.16,0,odds 88c above 79c cap,yes,,62766.25,3.36,0,0,0.00,0.00,0.00,0.00,0.00,
2026-08-03 06:30,KXBTC15M-26AUG030230-30,62772.53,0,odds 91c above 79c cap,no,,62697.45,11.96,0,0,0.00,0.00,0.00,0.00,0.00,
2026-08-03 06:45,KXBTC15M-26AUG030245-45,62713.47,0,odds 96c above 79c cap,no,,62589.24,19.81,0,0,0.00,0.00,0.00,0.00,0.00,
2026-08-03 07:00,KXBTC15M-26AUG030300-00,62580.84,0,odds 38c not above 60c,no,,62563.28,2.81,0,0,0.00,0.00,0.00,0.00,0.00,
2026-08-03 07:15,KXBTC15M-26AUG030315-15,62546.77,0,odds 42c not above 60c,yes,,62561.29,2.32,0,0,0.00,0.00,0.00,0.00,0.00,
2026-08-03 07:30,KXBTC15M-26AUG030330-30,62560.35,0,odds 59c not above 60c,yes,,62567.70,1.17,0,0,0.00,0.00,0.00,0.00,0.00,
2026-08-03 07:45,KXBTC15M-26AUG030345-45,62570.21,1,,no,64,62562.04,1.31,0,7,4.48,0.12,7.00,2.52,2.40,1
2026-08-03 08:00,KXBTC15M-26AUG030400-00,62557.22,1,,no,65,62539.88,2.77,0,7,4.55,0.12,7.00,2.45,2.33,1
2026-08-03 08:15,KXBTC15M-26AUG030415-15,62532.80,0,odds 96c above 79c cap,no,,62449.47,13.33,0,0,0.00,0.00,0.00,0.00,0.00,
2026-08-03 08:30,KXBTC15M-26AUG030430-30,62488.36,0,odds 98c above 79c cap,no,,62320.56,26.85,0,0,0.00,0.00,0.00,0.00,0.00,
2026-08-03 08:45,KXBTC15M-26AUG030445-45,62273.03,0,odds 87c above 79c cap,yes,,62320.54,7.63,0,0,0.00,0.00,0.00,0.00,0.00,
2026-08-03 09:00,KXBTC15M-26AUG030500-00,62361.67,0,odds 94c above 79c cap,yes,,62406.40,7.17,0,0,0.00,0.00,0.00,0.00,0.00,
2026-08-03 09:15,KXBTC15M-26AUG030515-15,62462.13,0,odds 60c not above 60c,yes,,62476.44,2.29,0,0,0.00,0.00,0.00,0.00,0.00,
2026-08-03 09:30,KXBTC15M-26AUG030530-30,62495.77,0,odds 97c above 79c cap,yes,,62541.27,7.28,0,0,0.00,0.00,0.00,0.00,0.00,
2026-08-03 09:45,KXBTC15M-26AUG030545-45,62564.96,0,odds 84c above 79c cap,yes,,62580.14,2.43,0,0,0.00,0.00,0.00,0.00,0.00,
2026-08-03 10:00,KXBTC15M-26AUG030600-00,62612.08,0,odds 99c above 79c cap,yes,,62716.79,16.72,0,0,0.00,0.00,0.00,0.00,0.00,
2026-08-03 10:15,KXBTC15M-26AUG030615-15,62759.69,0,odds 98c above 79c cap,no,,62687.98,11.43,0,0,0.00,0.00,0.00,0.00,0.00,
2026-08-03 10:30,KXBTC15M-26AUG030630-30,62714.19,0,odds 41c not above 60c,no,,62693.25,3.34,0,0,0.00,0.00,0.00,0.00,0.00,
2026-08-03 10:45,KXBTC15M-26AUG030645-45,62667.59,0,odds 98c above 79c cap,no,,62592.21,12.03,0,0,0.00,0.00,0.00,0.00,0.00,
2026-08-03 11:00,KXBTC15M-26AUG030700-00,62629.96,1,,no,74,62600.40,4.72,0,6,4.44,0.09,0.00,-4.44,-4.53,0
2026-08-03 11:15,KXBTC15M-26AUG030715-15,62670.24,0,odds 99c above 79c cap,no,,62508.80,25.76,0,0,0.00,0.00,0.00,0.00,0.00,
2026-08-03 11:30,KXBTC15M-26AUG030730-30,62569.99,0,odds 98c above 79c cap,yes,,62659.21,14.26,0,0,0.00,0.00,0.00,0.00,0.00,
2026-08-03 11:45,KXBTC15M-26AUG030745-45,62642.06,0,odds 27c not above 60c,no,,62597.40,7.13,0,0,0.00,0.00,0.00,0.00,0.00,
2026-08-03 12:00,KXBTC15M-26AUG030800-00,62621.99,0,odds 96c above 79c cap,no,,62524.81,15.52,0,0,0.00,0.00,0.00,0.00,0.00,
2026-08-03 12:15,KXBTC15M-26AUG030815-15,62486.20,0,odds 91c above 79c cap,no,,62412.80,11.75,0,0,0.00,0.00,0.00,0.00,0.00,
2026-08-03 12:30,KXBTC15M-26AUG030830-30,62477.88,0,odds 97c above 79c cap,yes,,62540.00,9.94,0,0,0.00,0.00,0.00,0.00,0.00,
2026-08-03 12:45,KXBTC15M-26AUG030845-45,62561.12,0,odds 41c not above 60c,yes,,62568.34,1.15,0,0,0.00,0.00,0.00,0.00,0.00,
2026-08-03 13:00,KXBTC15M-26AUG030900-00,62642.75,0,odds 42c not above 60c,no,,62635.64,1.14,0,0,0.00,0.00,0.00,0.00,0.00,
2026-08-03 13:15,KXBTC15M-26AUG030915-15,62621.62,1,,yes,67,62636.16,2.32,0,7,4.69,0.11,7.00,2.31,2.20,1
2026-08-03 13:30,KXBTC15M-26AUG030930-30,62695.13,0,odds 98c above 79c cap,yes,,62766.44,11.37,0,0,0.00,0.00,0.00,0.00,0.00,
2026-08-03 13:45,KXBTC15M-26AUG030945-45,62678.06,0,odds 91c above 79c cap,yes,,62822.31,23.01,0,0,0.00,0.00,0.00,0.00,0.00,
2026-08-03 14:00,KXBTC15M-26AUG031000-00,62822.86,0,odds 99c above 79c cap,yes,,63155.20,52.90,0,0,0.00,0.00,0.00,0.00,0.00,
2026-08-03 14:15,KXBTC15M-26AUG031015-15,63291.96,0,odds 17c not above 60c,yes,,63295.49,0.56,0,0,0.00,0.00,0.00,0.00,0.00,
2026-08-03 14:30,KXBTC15M-26AUG031030-30,63237.73,0,odds 86c above 79c cap,yes,,63376.01,21.87,0,0,0.00,0.00,0.00,0.00,0.00,
2026-08-03 14:45,KXBTC15M-26AUG031045-45,63692.20,1,,yes,68,63773.97,12.84,0,7,4.76,0.11,7.00,2.24,2.13,1
2026-08-03 15:00,KXBTC15M-26AUG031100-00,63703.15,0,odds 88c above 79c cap,yes,,63856.75,24.11,0,0,0.00,0.00,0.00,0.00,0.00,
2026-08-03 15:15,KXBTC15M-26AUG031115-15,63870.69,0,odds 87c above 79c cap,no,,63819.50,8.01,0,0,0.00,0.00,0.00,0.00,0.00,
2026-08-03 15:30,KXBTC15M-26AUG031130-30,63760.31,1,,no,73,63651.78,17.02,0,6,4.38,0.09,6.00,1.62,1.53,1
2026-08-03 15:45,KXBTC15M-26AUG031145-45,63648.87,0,odds 98c above 79c cap,yes,,63816.76,26.38,0,0,0.00,0.00,0.00,0.00,0.00,
2026-08-03 16:00,KXBTC15M-26AUG031200-00,63727.86,1,,no,73,63629.49,15.44,0,6,4.38,0.09,6.00,1.62,1.53,1
2026-08-03 16:15,KXBTC15M-26AUG031215-15,63610.56,0,odds 85c above 79c cap,yes,,63659.73,7.73,0,0,0.00,0.00,0.00,0.00,0.00,
2026-08-03 16:30,KXBTC15M-26AUG031230-30,63747.23,0,odds 96c above 79c cap,yes,,63868.80,19.07,0,0,0.00,0.00,0.00,0.00,0.00,
2026-08-03 16:45,KXBTC15M-26AUG031245-45,63836.36,0,odds 97c above 79c cap,no,,63731.21,16.47,0,0,0.00,0.00,0.00,0.00,0.00,
2026-08-03 17:00,KXBTC15M-26AUG031300-00,63705.13,0,odds 41c not above 60c,no,,63683.20,3.44,0,0,0.00,0.00,0.00,0.00,0.00,
2026-08-03 17:15,KXBTC15M-26AUG031315-15,63714.82,1,,yes,72,63736.04,3.33,0,6,4.32,0.09,6.00,1.68,1.59,1
2026-08-03 17:30,KXBTC15M-26AUG031330-30,63796.91,0,odds 95c above 79c cap,yes,,63845.00,7.54,0,0,0.00,0.00,0.00,0.00,0.00,
2026-08-03 17:45,KXBTC15M-26AUG031345-45,63768.26,1,,yes,63,63778.06,1.54,0,7,4.41,0.12,7.00,2.59,2.47,1
2026-08-03 18:00,KXBTC15M-26AUG031400-00,63839.89,0,odds 39c not above 60c,yes,,63848.07,1.28,0,0,0.00,0.00,0.00,0.00,0.00,
2026-08-03 18:15,KXBTC15M-26AUG031415-15,63846.14,0,odds 59c not above 60c,yes,,63859.89,2.15,0,0,0.00,0.00,0.00,0.00,0.00,
2026-08-03 18:30,KXBTC15M-26AUG031430-30,63927.76,0,odds 98c above 79c cap,no,,63823.86,16.25,0,0,0.00,0.00,0.00,0.00,0.00,
2026-08-03 18:45,KXBTC15M-26AUG031445-45,63772.90,0,odds 21c not above 60c,no,,63771.40,0.24,0,0,0.00,0.00,0.00,0.00,0.00,
2026-08-03 19:00,KXBTC15M-26AUG031500-00,63780.61,0,odds 97c above 79c cap,yes,,63854.64,11.61,0,0,0.00,0.00,0.00,0.00,0.00,
2026-08-03 19:15,KXBTC15M-26AUG031515-15,63818.90,1,,yes,75,63821.47,0.40,0,6,4.50,0.08,6.00,1.50,1.42,1
2026-08-03 19:30,KXBTC15M-26AUG031530-30,63861.63,0,odds 85c above 79c cap,yes,,63892.67,4.86,0,0,0.00,0.00,0.00,0.00,0.00,
2026-08-03 19:45,KXBTC15M-26AUG031545-45,63929.08,0,odds 94c above 79c cap,no,,63855.99,11.43,0,0,0.00,0.00,0.00,0.00,0.00,
2026-08-03 20:00,KXBTC15M-26AUG031600-00,63902.75,1,,no,61,63850.77,8.13,0,8,4.88,0.14,8.00,3.12,2.98,1
2026-08-03 20:15,KXBTC15M-26AUG031615-15,63838.96,0,odds 52c not above 60c,yes,,63857.58,2.92,0,0,0.00,0.00,0.00,0.00,0.00,
2026-08-03 20:30,KXBTC15M-26AUG031630-30,63852.65,0,odds 88c above 79c cap,yes,,63895.88,6.77,0,0,0.00,0.00,0.00,0.00,0.00,
2026-08-03 20:45,KXBTC15M-26AUG031645-45,63891.48,0,odds 80c above 79c cap,no,,63852.25,6.14,0,0,0.00,0.00,0.00,0.00,0.00,
2026-08-03 21:00,KXBTC15M-26AUG031700-00,63859.69,0,odds 99c above 79c cap,no,,63750.93,17.03,0,0,0.00,0.00,0.00,0.00,0.00,
2026-08-03 21:15,KXBTC15M-26AUG031715-15,63741.16,0,odds 97c above 79c cap,no,,63660.01,12.73,0,0,0.00,0.00,0.00,0.00,0.00,
2026-08-03 21:30,KXBTC15M-26AUG031730-30,63670.49,1,,no,68,63661.97,1.34,0,7,4.76,0.11,7.00,2.24,2.13,1
2026-08-03 21:45,KXBTC15M-26AUG031745-45,63662.85,1,,no,66,63629.49,5.24,0,7,4.62,0.11,7.00,2.38,2.27,1
2026-08-03 22:00,KXBTC15M-26AUG031800-00,63624.23,0,odds 96c above 79c cap,no,,63526.73,15.32,0,0,0.00,0.00,0.00,0.00,0.00,
2026-08-03 22:15,KXBTC15M-26AUG031815-15,63547.19,0,odds 97c above 79c cap,no,,63459.81,13.75,0,0,0.00,0.00,0.00,0.00,0.00,
2026-08-03 22:30,KXBTC15M-26AUG031830-30,63444.10,0,odds 90c above 79c cap,yes,,63471.11,4.26,0,0,0.00,0.00,0.00,0.00,0.00,
2026-08-03 22:45,KXBTC15M-26AUG031845-45,63478.12,0,odds 89c above 79c cap,no,,63459.55,2.93,0,0,0.00,0.00,0.00,0.00,0.00,
2026-08-03 23:00,KXBTC15M-26AUG031900-00,63451.90,0,odds 99c above 79c cap,yes,,63565.55,17.91,0,0,0.00,0.00,0.00,0.00,0.00,
2026-08-03 23:15,KXBTC15M-26AUG031915-15,63542.66,1,,no,77,63513.43,4.60,0,6,4.62,0.08,6.00,1.38,1.30,1
2026-08-03 23:30,KXBTC15M-26AUG031930-30,63482.99,0,odds 80c above 79c cap,yes,,63499.01,2.52,0,0,0.00,0.00,0.00,0.00,0.00,
2026-08-03 23:45,KXBTC15M-26AUG031945-45,63521.37,0,odds 99c above 79c cap,no,,63421.44,15.73,0,0,0.00,0.00,0.00,0.00,0.00,
2026-08-04 00:00,KXBTC15M-26AUG032000-00,63445.27,0,odds 46c not above 60c,no,,63439.99,0.83,0,0,0.00,0.00,0.00,0.00,0.00,
2026-08-04 00:15,KXBTC15M-26AUG032015-15,63462.62,0,odds 81c above 79c cap,yes,,63500.67,6.00,0,0,0.00,0.00,0.00,0.00,0.00,
2026-08-04 00:30,KXBTC15M-26AUG032030-30,63426.57,0,odds 88c above 79c cap,no,,63376.51,7.89,0,0,0.00,0.00,0.00,0.00,0.00,
2026-08-04 00:45,KXBTC15M-26AUG032045-45,63365.45,0,odds 87c above 79c cap,no,,63326.19,6.20,0,0,0.00,0.00,0.00,0.00,0.00,
2026-08-04 01:00,KXBTC15M-26AUG032100-00,63335.98,0,odds 39c not above 60c,no,,63268.01,10.73,0,0,0.00,0.00,0.00,0.00,0.00,
2026-08-04 01:15,KXBTC15M-26AUG032115-15,63296.47,0,odds 98c above 79c cap,yes,,63411.69,18.20,0,0,0.00,0.00,0.00,0.00,0.00,
2026-08-04 01:30,KXBTC15M-26AUG032130-30,63404.64,1,,yes,77,63429.10,3.86,0,6,4.62,0.08,6.00,1.38,1.30,1
2026-08-04 01:45,KXBTC15M-26AUG032145-45,63439.14,0,odds 99c above 79c cap,yes,,63810.35,58.51,0,0,0.00,0.00,0.00,0.00,0.00,
2026-08-04 02:00,KXBTC15M-26AUG032200-00,63733.38,0,odds 85c above 79c cap,yes,,63799.46,10.37,0,0,0.00,0.00,0.00,0.00,0.00,
2026-08-04 02:15,KXBTC15M-26AUG032215-15,63788.48,1,,no,74,63732.90,8.71,0,6,4.44,0.09,6.00,1.56,1.47,1
2026-08-04 02:30,KXBTC15M-26AUG032230-30,63713.86,0,odds 96c above 79c cap,no,,63644.34,10.91,0,0,0.00,0.00,0.00,0.00,0.00,
2026-08-04 02:45,KXBTC15M-26AUG032245-45,63656.61,0,odds 98c above 79c cap,yes,,63787.94,20.63,0,0,0.00,0.00,0.00,0.00,0.00,
2026-08-04 03:00,KXBTC15M-26AUG032300-00,63843.77,0,odds 98c above 79c cap,no,,63754.10,14.05,0,0,0.00,0.00,0.00,0.00,0.00,
2026-08-04 03:15,KXBTC15M-26AUG032315-15,63763.20,0,odds 88c above 79c cap,no,,63708.67,8.55,0,0,0.00,0.00,0.00,0.00,0.00,
2026-08-04 03:30,KXBTC15M-26AUG032330-30,63638.21,0,odds 33c not above 60c,yes,,63661.43,3.65,0,0,0.00,0.00,0.00,0.00,0.00,
2026-08-04 03:45,KXBTC15M-26AUG032345-45,63713.44,0,odds 98c above 79c cap,yes,,63766.58,8.34,0,0,0.00,0.00,0.00,0.00,0.00,
2026-08-04 04:00,KXBTC15M-26AUG040000-00,63764.16,1,,no,74,63750.99,2.07,0,6,4.44,0.09,6.00,1.56,1.47,1
2026-08-04 04:15,KXBTC15M-26AUG040015-15,63749.42,0,odds 48c not above 60c,no,,63738.74,1.68,0,0,0.00,0.00,0.00,0.00,0.00,
2026-08-04 04:30,KXBTC15M-26AUG040030-30,63748.78,0,odds 94c above 79c cap,yes,,63771.06,3.49,0,0,0.00,0.00,0.00,0.00,0.00,
2026-08-04 04:45,KXBTC15M-26AUG040045-45,63780.06,0,odds 99c above 79c cap,yes,,63944.65,25.81,0,0,0.00,0.00,0.00,0.00,0.00,
2026-08-04 05:00,KXBTC15M-26AUG040100-00,63997.16,0,odds 97c above 79c cap,yes,,64056.30,9.24,0,0,0.00,0.00,0.00,0.00,0.00,
2026-08-04 05:15,KXBTC15M-26AUG040115-15,63988.41,0,odds 99c above 79c cap,no,,63860.31,20.02,0,0,0.00,0.00,0.00,0.00,0.00,
2026-08-04 05:30,KXBTC15M-26AUG040130-30,63805.68,0,odds 58c not above 60c,no,,63763.71,6.58,0,0,0.00,0.00,0.00,0.00,0.00,
2026-08-04 05:45,KXBTC15M-26AUG040145-45,63770.34,0,odds 49c not above 60c,yes,,63770.57,0.04,0,0,0.00,0.00,0.00,0.00,0.00,
2026-08-04 06:00,KXBTC15M-26AUG040200-00,63805.44,0,odds 94c above 79c cap,no,,63763.70,6.54,0,0,0.00,0.00,0.00,0.00,0.00,
2026-08-04 06:15,KXBTC15M-26AUG040215-15,63763.90,1,,yes,79,63781.68,2.79,0,6,4.74,0.07,0.00,-4.74,-4.81,0
2026-08-04 06:30,KXBTC15M-26AUG040230-30,63742.64,0,odds 81c above 79c cap,yes,,63763.46,3.27,0,0,0.00,0.00,0.00,0.00,0.00,
2026-08-04 06:45,KXBTC15M-26AUG040245-45,63713.37,0,odds 98c above 79c cap,no,,63667.33,7.23,0,0,0.00,0.00,0.00,0.00,0.00,
2026-08-04 07:00,KXBTC15M-26AUG040300-00,63655.81,0,odds 93c above 79c cap,no,,63603.45,8.23,0,0,0.00,0.00,0.00,0.00,0.00,
2026-08-04 07:15,KXBTC15M-26AUG040315-15,63618.53,0,odds 92c above 79c cap,no,,63541.03,12.18,0,0,0.00,0.00,0.00,0.00,0.00,
2026-08-04 07:30,KXBTC15M-26AUG040330-30,63534.58,1,,no,77,63507.80,4.22,0,6,4.62,0.08,0.00,-4.62,-4.70,0
2026-08-04 07:45,KXBTC15M-26AUG040345-45,63572.40,0,odds 90c above 79c cap,yes,,63610.02,5.92,0,0,0.00,0.00,0.00,0.00,0.00,
2026-08-04 08:00,KXBTC15M-26AUG040400-00,63616.20,0,odds 82c above 79c cap,yes,,63642.00,4.06,0,0,0.00,0.00,0.00,0.00,0.00,
2026-08-04 08:15,KXBTC15M-26AUG040415-15,63646.83,0,odds 87c above 79c cap,no,,63601.27,7.16,0,0,0.00,0.00,0.00,0.00,0.00,
2026-08-04 08:30,KXBTC15M-26AUG040430-30,63577.02,0,odds 85c above 79c cap,no,,63569.39,1.20,0,0,0.00,0.00,0.00,0.00,0.00,
2026-08-04 08:45,KXBTC15M-26AUG040445-45,63561.60,0,odds 84c above 79c cap,no,,63501.91,9.39,0,0,0.00,0.00,0.00,0.00,0.00,
2026-08-04 09:00,KXBTC15M-26AUG040500-00,63522.77,1,,yes,71,63529.68,1.09,0,7,4.97,0.11,7.00,2.03,1.92,1
2026-08-04 09:15,KXBTC15M-26AUG040515-15,63525.77,0,odds 84c above 79c cap,no,,63474.61,8.05,0,0,0.00,0.00,0.00,0.00,0.00,
2026-08-04 09:30,KXBTC15M-26AUG040530-30,63518.09,0,odds 60c not above 60c,yes,,63520.47,0.37,0,0,0.00,0.00,0.00,0.00,0.00,
2026-08-04 09:45,KXBTC15M-26AUG040545-45,63514.91,0,odds 92c above 79c cap,no,,63495.09,3.12,0,0,0.00,0.00,0.00,0.00,0.00,
2026-08-04 10:00,KXBTC15M-26AUG040600-00,63506.64,0,odds 85c above 79c cap,yes,,63531.02,3.84,0,0,0.00,0.00,0.00,0.00,0.00,
2026-08-04 10:15,KXBTC15M-26AUG040615-15,63529.25,0,odds 98c above 79c cap,no,,63460.76,10.78,0,0,0.00,0.00,0.00,0.00,0.00,
2026-08-04 10:30,KXBTC15M-26AUG040630-30,63457.83,1,,no,77,63427.86,4.72,0,6,4.62,0.08,6.00,1.38,1.30,1
2026-08-04 10:45,KXBTC15M-26AUG040645-45,63404.76,0,odds 90c above 79c cap,yes,,63460.23,8.75,0,0,0.00,0.00,0.00,0.00,0.00,
2026-08-04 11:00,KXBTC15M-26AUG040700-00,63544.86,0,odds 98c above 79c cap,yes,,63694.49,23.55,0,0,0.00,0.00,0.00,0.00,0.00,
2026-08-04 11:15,KXBTC15M-26AUG040715-15,63695.32,0,odds 50c not above 60c,no,,63672.64,3.56,0,0,0.00,0.00,0.00,0.00,0.00,
2026-08-04 11:30,KXBTC15M-26AUG040730-30,63679.17,1,,yes,74,63706.26,4.25,0,6,4.44,0.09,6.00,1.56,1.47,1
2026-08-04 11:45,KXBTC15M-26AUG040745-45,63717.64,1,,no,78,63658.35,9.31,0,6,4.68,0.08,0.00,-4.68,-4.76,0
2026-08-04 12:00,KXBTC15M-26AUG040800-00,63777.53,0,odds 99c above 79c cap,yes,,63879.88,16.05,0,0,0.00,0.00,0.00,0.00,0.00,
2026-08-04 12:15,KXBTC15M-26AUG040815-15,63859.12,0,odds 97c above 79c cap,no,,63758.96,15.68,0,0,0.00,0.00,0.00,0.00,0.00,
2026-08-04 12:30,KXBTC15M-26AUG040830-30,63757.13,0,odds 80c above 79c cap,no,,63755.01,0.33,0,0,0.00,0.00,0.00,0.00,0.00,
2026-08-04 12:45,KXBTC15M-26AUG040845-45,63768.99,0,odds 98c above 79c cap,yes,,63943.39,27.35,0,0,0.00,0.00,0.00,0.00,0.00,
2026-08-04 13:00,KXBTC15M-26AUG040900-00,63897.90,1,,no,64,63873.12,3.88,0,7,4.48,0.12,7.00,2.52,2.40,1
2026-08-04 13:15,KXBTC15M-26AUG040915-15,63855.45,0,odds 88c above 79c cap,yes,,63915.92,9.47,0,0,0.00,0.00,0.00,0.00,0.00,
2026-08-04 13:30,KXBTC15M-26AUG040930-30,63888.11,1,,no,75,63846.40,6.53,0,6,4.50,0.08,6.00,1.50,1.42,1
2026-08-04 13:45,KXBTC15M-26AUG040945-45,63853.84,0,odds 92c above 79c cap,yes,,64009.74,24.42,0,0,0.00,0.00,0.00,0.00,0.00,
2026-08-04 14:00,KXBTC15M-26AUG041000-00,63973.67,0,odds 99c above 79c cap,no,,63697.58,43.16,0,0,0.00,0.00,0.00,0.00,0.00,
2026-08-04 14:15,KXBTC15M-26AUG041015-15,63641.71,1,,yes,61,63644.31,0.41,0,8,4.88,0.14,8.00,3.12,2.98,1
2026-08-04 14:30,KXBTC15M-26AUG041030-30,63731.50,0,odds 83c above 79c cap,no,,63727.49,0.63,0,0,0.00,0.00,0.00,0.00,0.00,
2026-08-04 14:45,KXBTC15M-26AUG041045-45,63823.18,0,odds 92c above 79c cap,yes,,64022.70,31.26,0,0,0.00,0.00,0.00,0.00,0.00,
2026-08-04 15:00,KXBTC15M-26AUG041100-00,64050.67,0,odds 58c not above 60c,no,,64041.74,1.39,0,0,0.00,0.00,0.00,0.00,0.00,
2026-08-04 15:15,KXBTC15M-26AUG041115-15,64103.83,0,odds 90c above 79c cap,no,,63975.77,19.98,0,0,0.00,0.00,0.00,0.00,0.00,
2026-08-04 15:30,KXBTC15M-26AUG041130-30,64016.45,0,odds 92c above 79c cap,no,,63962.50,8.43,0,0,0.00,0.00,0.00,0.00,0.00,
2026-08-04 15:45,KXBTC15M-26AUG041145-45,63892.42,1,,no,66,63867.03,3.97,0,7,4.62,0.11,0.00,-4.62,-4.73,0
2026-08-04 16:00,KXBTC15M-26AUG041200-00,64008.05,0,odds 95c above 79c cap,yes,,64116.77,16.99,0,0,0.00,0.00,0.00,0.00,0.00,
2026-08-04 16:15,KXBTC15M-26AUG041215-15,64084.73,0,odds 94c above 79c cap,no,,63990.07,14.77,0,0,0.00,0.00,0.00,0.00,0.00,
2026-08-04 16:30,KXBTC15M-26AUG041230-30,63976.77,1,,yes,78,63999.99,3.63,0,6,4.68,0.08,6.00,1.32,1.24,1
2026-08-04 16:45,KXBTC15M-26AUG041245-45,63998.32,0,odds 92c above 79c cap,no,,63910.89,13.66,0,0,0.00,0.00,0.00,0.00,0.00,
2026-08-04 17:00,KXBTC15M-26AUG041300-00,63897.73,1,,no,71,63864.93,5.13,0,7,4.97,0.11,0.00,-4.97,-5.08,0
2026-08-04 17:15,KXBTC15M-26AUG041315-15,63910.45,0,odds 99c above 79c cap,yes,,64041.77,20.55,0,0,0.00,0.00,0.00,0.00,0.00,
2026-08-04 17:30,KXBTC15M-26AUG041330-30,64029.07,1,,no,76,64018.57,1.64,0,6,4.56,0.08,0.00,-4.56,-4.64,0
2026-08-04 17:45,KXBTC15M-26AUG041345-45,64105.25,0,odds 58c not above 60c,no,,64083.71,3.36,0,0,0.00,0.00,0.00,0.00,0.00,
2026-08-04 18:00,KXBTC15M-26AUG041400-00,64076.60,0,odds 99c above 79c cap,no,,63937.88,21.65,0,0,0.00,0.00,0.00,0.00,0.00,
2026-08-04 18:15,KXBTC15M-26AUG041415-15,63936.19,0,odds 99c above 79c cap,yes,,64067.19,20.49,0,0,0.00,0.00,0.00,0.00,0.00,
2026-08-04 18:30,KXBTC15M-26AUG041430-30,64135.93,0,odds 99c above 79c cap,yes,,64313.80,27.73,0,0,0.00,0.00,0.00,0.00,0.00,
2026-08-04 18:45,KXBTC15M-26AUG041445-45,64331.28,0,odds 98c above 79c cap,no,,64186.14,22.56,0,0,0.00,0.00,0.00,0.00,0.00,
2026-08-04 19:00,KXBTC15M-26AUG041500-00,64231.06,0,odds 87c above 79c cap,yes,,64243.25,1.90,0,0,0.00,0.00,0.00,0.00,0.00,
2026-08-04 19:15,KXBTC15M-26AUG041515-15,64257.94,0,odds 93c above 79c cap,yes,,64288.76,4.80,0,0,0.00,0.00,0.00,0.00,0.00,
2026-08-04 19:30,KXBTC15M-26AUG041530-30,64299.93,0,odds 99c above 79c cap,no,,64225.45,11.58,0,0,0.00,0.00,0.00,0.00,0.00,
2026-08-04 19:45,KXBTC15M-26AUG041545-45,64241.26,1,,yes,65,64265.40,3.76,0,7,4.55,0.12,7.00,2.45,2.33,1
2026-08-04 20:00,KXBTC15M-26AUG041600-00,64342.68,0,odds 98c above 79c cap,no,,64255.38,13.57,0,0,0.00,0.00,0.00,0.00,0.00,
2026-08-04 20:15,KXBTC15M-26AUG041615-15,64250.29,0,odds 98c above 79c cap,no,,64130.73,18.61,0,0,0.00,0.00,0.00,0.00,0.00,
2026-08-04 20:30,KXBTC15M-26AUG041630-30,64139.11,0,odds 90c above 79c cap,no,,64073.59,10.22,0,0,0.00,0.00,0.00,0.00,0.00,
2026-08-04 20:45,KXBTC15M-26AUG041645-45,64091.32,0,odds 99c above 79c cap,yes,,64307.01,33.65,0,0,0.00,0.00,0.00,0.00,0.00,
2026-08-04 21:00,KXBTC15M-26AUG041700-00,64354.61,0,odds 98c above 79c cap,no,,64279.27,11.71,0,0,0.00,0.00,0.00,0.00,0.00,
2026-08-04 21:15,KXBTC15M-26AUG041715-15,64300.70,0,odds 85c above 79c cap,no,,64264.17,5.68,0,0,0.00,0.00,0.00,0.00,0.00,
2026-08-04 21:30,KXBTC15M-26AUG041730-30,64176.92,0,odds 96c above 79c cap,yes,,64214.01,5.78,0,0,0.00,0.00,0.00,0.00,0.00,
2026-08-04 21:45,KXBTC15M-26AUG041745-45,64219.25,1,,no,76,64174.27,7.00,0,6,4.56,0.08,6.00,1.44,1.36,1
2026-08-04 22:00,KXBTC15M-26AUG041800-00,64208.79,0,odds 97c above 79c cap,no,,64128.33,12.53,0,0,0.00,0.00,0.00,0.00,0.00,
2026-08-04 22:15,KXBTC15M-26AUG041815-15,64159.58,1,,yes,69,64168.51,1.39,0,7,4.83,0.11,7.00,2.17,2.06,1
2026-08-04 22:30,KXBTC15M-26AUG041830-30,64189.65,0,odds 91c above 79c cap,no,,64157.18,5.06,0,0,0.00,0.00,0.00,0.00,0.00,
2026-08-04 22:45,KXBTC15M-26AUG041845-45,64207.52,1,,no,72,64178.79,4.47,0,6,4.32,0.09,6.00,1.68,1.59,1
2026-08-04 23:00,KXBTC15M-26AUG041900-00,64177.48,1,,no,69,64169.20,1.29,0,7,4.83,0.11,0.00,-4.83,-4.94,0
2026-08-04 23:15,KXBTC15M-26AUG041915-15,64224.64,0,odds 97c above 79c cap,yes,,64359.29,20.97,0,0,0.00,0.00,0.00,0.00,0.00,
2026-08-04 23:30,KXBTC15M-26AUG041930-30,64380.44,0,odds 96c above 79c cap,no,,64275.20,16.35,0,0,0.00,0.00,0.00,0.00,0.00,
2026-08-04 23:45,KXBTC15M-26AUG041945-45,64156.24,0,odds 24c not above 60c,yes,,64174.71,2.88,0,0,0.00,0.00,0.00,0.00,0.00,
2026-08-05 00:00,KXBTC15M-26AUG042000-00,64183.99,0,odds 97c above 79c cap,no,,64071.46,17.53,0,0,0.00,0.00,0.00,0.00,0.00,
2026-08-05 00:15,KXBTC15M-26AUG042015-15,64058.49,0,odds 97c above 79c cap,no,,63995.11,9.89,0,0,0.00,0.00,0.00,0.00,0.00,
2026-08-05 00:30,KXBTC15M-26AUG042030-30,63986.56,1,,yes,61,63990.73,0.65,0,8,4.88,0.14,0.00,-4.88,-5.02,0
2026-08-05 00:45,KXBTC15M-26AUG042045-45,63981.01,0,odds 95c above 79c cap,yes,,64040.01,9.22,0,0,0.00,0.00,0.00,0.00,0.00,
2026-08-05 01:00,KXBTC15M-26AUG042100-00,64019.28,0,odds 95c above 79c cap,no,,63961.94,8.96,0,0,0.00,0.00,0.00,0.00,0.00,
2026-08-05 01:15,KXBTC15M-26AUG042115-15,63948.64,1,,yes,78,63977.28,4.48,0,6,4.68,0.08,6.00,1.32,1.24,1
2026-08-05 01:30,KXBTC15M-26AUG042130-30,63965.46,0,odds 97c above 79c cap,yes,,64028.80,9.90,0,0,0.00,0.00,0.00,0.00,0.00,
2026-08-05 01:45,KXBTC15M-26AUG042145-45,64054.32,0,no quote on chosen side at decision time,yes,,64202.71,23.17,0,0,0.00,0.00,0.00,0.00,0.00,
2026-08-05 02:00,KXBTC15M-26AUG042200-00,64150.94,0,odds 98c above 79c cap,yes,,64262.28,17.36,0,0,0.00,0.00,0.00,0.00,0.00,
2026-08-05 02:15,KXBTC15M-26AUG042215-15,64289.17,0,odds 99c above 79c cap,yes,,64373.78,13.16,0,0,0.00,0.00,0.00,0.00,0.00,
2026-08-05 02:30,KXBTC15M-26AUG042230-30,64413.13,0,odds 19c not above 60c,yes,,64419.20,0.94,0,0,0.00,0.00,0.00,0.00,0.00,
2026-08-05 02:45,KXBTC15M-26AUG042245-45,64384.10,0,odds 52c not above 60c,yes,,64400.10,2.49,0,0,0.00,0.00,0.00,0.00,0.00,
2026-08-05 03:00,KXBTC15M-26AUG042300-00,64378.64,0,odds 37c not above 60c,no,,64366.29,1.92,0,0,0.00,0.00,0.00,0.00,0.00,
2026-08-05 03:15,KXBTC15M-26AUG042315-15,64324.93,1,,yes,70,64349.81,3.87,0,7,4.90,0.11,7.00,2.10,1.99,1
2026-08-05 03:30,KXBTC15M-26AUG042330-30,64331.29,0,odds 99c above 79c cap,no,,64028.79,47.02,0,0,0.00,0.00,0.00,0.00,0.00,
2026-08-05 03:45,KXBTC15M-26AUG042345-45,64026.90,0,odds 97c above 79c cap,yes,,64104.54,12.13,0,0,0.00,0.00,0.00,0.00,0.00,
2026-08-05 04:00,KXBTC15M-26AUG050000-00,64092.25,0,odds 90c above 79c cap,yes,,64111.58,3.02,0,0,0.00,0.00,0.00,0.00,0.00,
2026-08-05 04:15,KXBTC15M-26AUG050015-15,64129.14,0,odds 92c above 79c cap,no,,64087.10,6.56,0,0,0.00,0.00,0.00,0.00,0.00,
2026-08-05 04:30,KXBTC15M-26AUG050030-30,64085.03,0,odds 59c not above 60c,yes,,64086.39,0.21,0,0,0.00,0.00,0.00,0.00,0.00,
2026-08-05 04:45,KXBTC15M-26AUG050045-45,64101.30,0,odds 88c above 79c cap,yes,,64133.49,5.02,0,0,0.00,0.00,0.00,0.00,0.00,
2026-08-05 05:00,KXBTC15M-26AUG050100-00,64128.11,0,odds 85c above 79c cap,no,,64103.76,3.80,0,0,0.00,0.00,0.00,0.00,0.00,
2026-08-05 05:15,KXBTC15M-26AUG050115-15,64119.82,0,odds 99c above 79c cap,yes,,64235.01,17.96,0,0,0.00,0.00,0.00,0.00,0.00,
2026-08-05 05:30,KXBTC15M-26AUG050130-30,64262.37,0,odds 97c above 79c cap,yes,,64412.04,23.29,0,0,0.00,0.00,0.00,0.00,0.00,
2026-08-05 05:45,KXBTC15M-26AUG050145-45,64385.11,0,odds 97c above 79c cap,no,,64301.64,12.96,0,0,0.00,0.00,0.00,0.00,0.00,
2026-08-05 06:00,KXBTC15M-26AUG050200-00,64296.68,0,odds 47c not above 60c,yes,,64308.91,1.90,0,0,0.00,0.00,0.00,0.00,0.00,
2026-08-05 06:15,KXBTC15M-26AUG050215-15,64307.92,0,odds 92c above 79c cap,no,,64279.99,4.34,0,0,0.00,0.00,0.00,0.00,0.00,
2026-08-05 06:30,KXBTC15M-26AUG050230-30,64279.80,0,odds 53c not above 60c,no,,64267.82,1.86,0,0,0.00,0.00,0.00,0.00,0.00,
2026-08-05 06:45,KXBTC15M-26AUG050245-45,64267.75,0,odds 43c not above 60c,no,,64262.40,0.83,0,0,0.00,0.00,0.00,0.00,0.00,
2026-08-05 07:00,KXBTC15M-26AUG050300-00,64248.85,0,odds 94c above 79c cap,no,,64197.91,7.93,0,0,0.00,0.00,0.00,0.00,0.00,
2026-08-05 07:15,KXBTC15M-26AUG050315-15,64204.99,0,odds 95c above 79c cap,no,,64125.03,12.45,0,0,0.00,0.00,0.00,0.00,0.00,
2026-08-05 07:30,KXBTC15M-26AUG050330-30,64132.04,0,odds 98c above 79c cap,no,,64002.18,20.25,0,0,0.00,0.00,0.00,0.00,0.00,
2026-08-05 07:45,KXBTC15M-26AUG050345-45,64023.17,1,,no,78,64009.89,2.07,0,6,4.68,0.08,6.00,1.32,1.24,1
2026-08-05 08:00,KXBTC15M-26AUG050400-00,63963.61,0,odds 92c above 79c cap,yes,,63997.55,5.31,0,0,0.00,0.00,0.00,0.00,0.00,
2026-08-05 08:15,KXBTC15M-26AUG050415-15,64105.72,0,odds 81c above 79c cap,yes,,64148.63,6.69,0,0,0.00,0.00,0.00,0.00,0.00,
2026-08-05 08:30,KXBTC15M-26AUG050430-30,64159.53,0,odds 58c not above 60c,no,,64144.37,2.36,0,0,0.00,0.00,0.00,0.00,0.00,
2026-08-05 08:45,KXBTC15M-26AUG050445-45,64214.92,0,odds 90c above 79c cap,no,,64169.65,7.05,0,0,0.00,0.00,0.00,0.00,0.00,
2026-08-05 09:00,KXBTC15M-26AUG050500-00,64090.53,0,odds 51c not above 60c,yes,,64104.63,2.20,0,0,0.00,0.00,0.00,0.00,0.00,
2026-08-05 09:15,KXBTC15M-26AUG050515-15,64063.40,0,odds 94c above 79c cap,yes,,64083.69,3.17,0,0,0.00,0.00,0.00,0.00,0.00,
2026-08-05 09:30,KXBTC15M-26AUG050530-30,64083.74,0,odds 83c above 79c cap,yes,,64108.32,3.84,0,0,0.00,0.00,0.00,0.00,0.00,
2026-08-05 09:45,KXBTC15M-26AUG050545-45,64103.48,0,odds 95c above 79c cap,yes,,64117.39,2.17,0,0,0.00,0.00,0.00,0.00,0.00,
2026-08-05 10:00,KXBTC15M-26AUG050600-00,64116.56,0,odds 55c not above 60c,no,,64102.52,2.19,0,0,0.00,0.00,0.00,0.00,0.00,
2026-08-05 10:15,KXBTC15M-26AUG050615-15,64100.91,0,odds 46c not above 60c,no,,64064.04,5.75,0,0,0.00,0.00,0.00,0.00,0.00,
2026-08-05 10:30,KXBTC15M-26AUG050630-30,64108.76,0,odds 60c not above 60c,yes,,64137.31,4.45,0,0,0.00,0.00,0.00,0.00,0.00,
2026-08-05 10:45,KXBTC15M-26AUG050645-45,64159.29,0,odds 40c not above 60c,yes,,64169.05,1.52,0,0,0.00,0.00,0.00,0.00,0.00,
2026-08-05 11:00,KXBTC15M-26AUG050700-00,64142.39,0,odds 99c above 79c cap,no,,64011.67,20.38,0,0,0.00,0.00,0.00,0.00,0.00,
2026-08-05 11:15,KXBTC15M-26AUG050715-15,64010.95,0,odds 97c above 79c cap,yes,,64030.01,2.98,0,0,0.00,0.00,0.00,0.00,0.00,
2026-08-05 11:30,KXBTC15M-26AUG050730-30,64041.31,0,odds 54c not above 60c,no,,64025.45,2.48,0,0,0.00,0.00,0.00,0.00,0.00,
2026-08-05 11:45,KXBTC15M-26AUG050745-45,64030.35,0,odds 88c above 79c cap,yes,,64053.94,3.68,0,0,0.00,0.00,0.00,0.00,0.00,
2026-08-05 12:00,KXBTC15M-26AUG050800-00,64050.72,0,odds 93c above 79c cap,no,,64011.68,6.10,0,0,0.00,0.00,0.00,0.00,0.00,
2026-08-05 12:15,KXBTC15M-26AUG050815-15,64023.50,0,odds 98c above 79c cap,yes,,64148.65,19.55,0,0,0.00,0.00,0.00,0.00,0.00,
2026-08-05 12:30,KXBTC15M-26AUG050830-30,64147.49,0,odds 99c above 79c cap,yes,,64483.79,52.43,0,0,0.00,0.00,0.00,0.00,0.00,
2026-08-05 12:45,KXBTC15M-26AUG050845-45,64490.07,0,odds 91c above 79c cap,no,,64411.28,12.22,0,0,0.00,0.00,0.00,0.00,0.00,
2026-08-05 13:00,KXBTC15M-26AUG050900-00,64427.16,0,no quote on chosen side at decision time,no,,64268.62,24.61,0,0,0.00,0.00,0.00,0.00,0.00,
2026-08-05 13:15,KXBTC15M-26AUG050915-15,64299.11,0,odds 99c above 79c cap,no,,64111.33,29.20,0,0,0.00,0.00,0.00,0.00,0.00,
2026-08-05 13:30,KXBTC15M-26AUG050930-30,64085.35,0,odds 16c not above 60c,no,,64083.59,0.27,0,0,0.00,0.00,0.00,0.00,0.00,
2026-08-05 13:45,KXBTC15M-26AUG050945-45,64091.57,1,,yes,77,64187.16,14.91,0,6,4.62,0.08,6.00,1.38,1.30,1
2026-08-05 14:00,KXBTC15M-26AUG051000-00,64131.40,0,odds 86c above 79c cap,yes,,64249.64,18.44,0,0,0.00,0.00,0.00,0.00,0.00,
2026-08-05 14:15,KXBTC15M-26AUG051015-15,64334.11,1,,yes,75,64452.00,18.32,0,6,4.50,0.08,6.00,1.50,1.42,1
2026-08-05 14:30,KXBTC15M-26AUG051030-30,64439.68,0,odds 91c above 79c cap,no,,64332.02,16.71,0,0,0.00,0.00,0.00,0.00,0.00,
2026-08-05 14:45,KXBTC15M-26AUG051045-45,64341.76,0,odds 85c above 79c cap,no,,64280.98,9.45,0,0,0.00,0.00,0.00,0.00,0.00,
2026-08-05 15:00,KXBTC15M-26AUG051100-00,64364.20,0,odds 58c not above 60c,yes,,64366.55,0.37,0,0,0.00,0.00,0.00,0.00,0.00,
2026-08-05 15:15,KXBTC15M-26AUG051115-15,64449.13,0,odds 99c above 79c cap,yes,,64688.02,37.07,0,0,0.00,0.00,0.00,0.00,0.00,
2026-08-05 15:30,KXBTC15M-26AUG051130-30,64610.02,0,odds 98c above 79c cap,no,,64458.17,23.50,0,0,0.00,0.00,0.00,0.00,0.00,
2026-08-05 15:45,KXBTC15M-26AUG051145-45,64474.69,0,odds 98c above 79c cap,yes,,64584.17,16.98,0,0,0.00,0.00,0.00,0.00,0.00,
2026-08-05 16:00,KXBTC15M-26AUG051200-00,64519.91,0,odds 98c above 79c cap,no,,64387.40,20.54,0,0,0.00,0.00,0.00,0.00,0.00,
2026-08-05 16:15,KXBTC15M-26AUG051215-15,64352.60,0,odds 98c above 79c cap,yes,,64467.01,17.78,0,0,0.00,0.00,0.00,0.00,0.00,
2026-08-05 16:30,KXBTC15M-26AUG051230-30,64504.86,0,odds 91c above 79c cap,yes,,64652.17,22.84,0,0,0.00,0.00,0.00,0.00,0.00,
2026-08-05 16:45,KXBTC15M-26AUG051245-45,64702.11,0,odds 91c above 79c cap,no,,64656.63,7.03,0,0,0.00,0.00,0.00,0.00,0.00,
2026-08-05 17:00,KXBTC15M-26AUG051300-00,64643.55,0,odds 94c above 79c cap,no,,64570.75,11.26,0,0,0.00,0.00,0.00,0.00,0.00,
2026-08-05 17:15,KXBTC15M-26AUG051315-15,64615.89,0,odds 94c above 79c cap,no,,64537.36,12.15,0,0,0.00,0.00,0.00,0.00,0.00,
2026-08-05 17:30,KXBTC15M-26AUG051330-30,64544.43,1,,no,64,64537.45,1.08,0,7,4.48,0.12,0.00,-4.48,-4.60,0
2026-08-05 17:45,KXBTC15M-26AUG051345-45,64545.25,0,odds 99c above 79c cap,yes,,64673.59,19.88,0,0,0.00,0.00,0.00,0.00,0.00,
2026-08-05 18:00,KXBTC15M-26AUG051400-00,64647.65,0,odds 92c above 79c cap,yes,,64695.64,7.42,0,0,0.00,0.00,0.00,0.00,0.00,
2026-08-05 18:15,KXBTC15M-26AUG051415-15,64715.68,0,odds 98c above 79c cap,no,,64643.57,11.14,0,0,0.00,0.00,0.00,0.00,0.00,
2026-08-05 18:30,KXBTC15M-26AUG051430-30,64737.26,0,odds 98c above 79c cap,no,,64635.98,15.64,0,0,0.00,0.00,0.00,0.00,0.00,
2026-08-05 18:45,KXBTC15M-26AUG051445-45,64671.04,0,odds 96c above 79c cap,yes,,64731.16,9.30,0,0,0.00,0.00,0.00,0.00,0.00,
2026-08-05 19:00,KXBTC15M-26AUG051500-00,64747.94,0,odds 93c above 79c cap,no,,64701.13,7.23,0,0,0.00,0.00,0.00,0.00,0.00,
2026-08-05 19:15,KXBTC15M-26AUG051515-15,64747.27,0,odds 98c above 79c cap,yes,,64816.62,10.71,0,0,0.00,0.00,0.00,0.00,0.00,
2026-08-05 19:30,KXBTC15M-26AUG051530-30,64846.15,1,,yes,70,64856.30,1.57,0,7,4.90,0.11,7.00,2.10,1.99,1
2026-08-05 19:45,KXBTC15M-26AUG051545-45,64869.87,0,odds 49c not above 60c,no,,64861.76,1.25,0,0,0.00,0.00,0.00,0.00,0.00,
2026-08-05 20:00,KXBTC15M-26AUG051600-00,64862.12,1,,yes,79,64869.79,1.18,0,6,4.74,0.07,0.00,-4.74,-4.81,0
2026-08-05 20:15,KXBTC15M-26AUG051615-15,64833.72,1,,no,75,64825.51,1.27,0,6,4.50,0.08,0.00,-4.50,-4.58,0
2026-08-05 20:30,KXBTC15M-26AUG051630-30,64854.32,0,odds 96c above 79c cap,yes,,64920.30,10.17,0,0,0.00,0.00,0.00,0.00,0.00,
2026-08-05 20:45,KXBTC15M-26AUG051645-45,64927.49,1,,no,76,64892.26,5.43,0,6,4.56,0.08,0.00,-4.56,-4.64,0
2026-08-05 21:00,KXBTC15M-26AUG051700-00,64930.45,0,odds 97c above 79c cap,no,,64810.37,18.49,0,0,0.00,0.00,0.00,0.00,0.00,
2026-08-05 21:15,KXBTC15M-26AUG051715-15,64790.29,0,odds 96c above 79c cap,no,,64705.50,13.09,0,0,0.00,0.00,0.00,0.00,0.00,
2026-08-05 21:30,KXBTC15M-26AUG051730-30,64732.30,0,odds 97c above 79c cap,no,,64622.28,17.00,0,0,0.00,0.00,0.00,0.00,0.00,
2026-08-05 21:45,KXBTC15M-26AUG051745-45,64615.30,1,,yes,72,64638.39,3.57,0,6,4.32,0.09,6.00,1.68,1.59,1
2026-08-05 22:00,KXBTC15M-26AUG051800-00,64662.12,1,,yes,76,64672.86,1.66,0,6,4.56,0.08,6.00,1.44,1.36,1
2026-08-05 22:15,KXBTC15M-26AUG051815-15,64677.11,0,odds 96c above 79c cap,no,,64654.84,3.44,0,0,0.00,0.00,0.00,0.00,0.00,
2026-08-05 22:30,KXBTC15M-26AUG051830-30,64628.77,1,,yes,77,64634.27,0.85,0,6,4.62,0.08,6.00,1.38,1.30,1
2026-08-05 22:45,KXBTC15M-26AUG051845-45,64669.96,0,odds 83c above 79c cap,no,,64623.00,7.26,0,0,0.00,0.00,0.00,0.00,0.00,
2026-08-05 23:00,KXBTC15M-26AUG051900-00,64644.29,0,odds 91c above 79c cap,no,,64600.30,6.80,0,0,0.00,0.00,0.00,0.00,0.00,
2026-08-05 23:15,KXBTC15M-26AUG051915-15,64587.21,0,odds 84c above 79c cap,yes,,64619.64,5.02,0,0,0.00,0.00,0.00,0.00,0.00,
2026-08-05 23:30,KXBTC15M-26AUG051930-30,64623.39,0,odds 94c above 79c cap,yes,,64668.30,6.95,0,0,0.00,0.00,0.00,0.00,0.00,
2026-08-05 23:45,KXBTC15M-26AUG051945-45,64650.98,1,,no,74,64626.73,3.75,0,6,4.44,0.09,6.00,1.56,1.47,1
2026-08-06 00:00,KXBTC15M-26AUG052000-00,64639.90,1,,no,79,64581.00,9.11,0,6,4.74,0.07,6.00,1.26,1.19,1
2026-08-06 00:15,KXBTC15M-26AUG052015-15,64602.69,0,odds 90c above 79c cap,no,,64546.99,8.62,0,0,0.00,0.00,0.00,0.00,0.00,
2026-08-06 00:30,KXBTC15M-26AUG052030-30,64571.58,0,odds 97c above 79c cap,yes,,64647.01,11.68,0,0,0.00,0.00,0.00,0.00,0.00,
2026-08-06 00:45,KXBTC15M-26AUG052045-45,64627.97,0,odds 47c not above 60c,no,,64625.50,0.38,0,0,0.00,0.00,0.00,0.00,0.00,
2026-08-06 01:00,KXBTC15M-26AUG052100-00,64589.58,0,odds 91c above 79c cap,yes,,64619.53,4.64,0,0,0.00,0.00,0.00,0.00,0.00,
2026-08-06 01:15,KXBTC15M-26AUG052115-15,64610.49,0,odds 86c above 79c cap,no,,64553.26,8.86,0,0,0.00,0.00,0.00,0.00,0.00,
2026-08-06 01:30,KXBTC15M-26AUG052130-30,64545.40,0,odds 92c above 79c cap,no,,64474.50,10.98,0,0,0.00,0.00,0.00,0.00,0.00,
2026-08-06 01:45,KXBTC15M-26AUG052145-45,64463.44,0,odds 90c above 79c cap,yes,,64495.48,4.97,0,0,0.00,0.00,0.00,0.00,0.00,
2026-08-06 02:00,KXBTC15M-26AUG052200-00,64511.80,0,odds 94c above 79c cap,yes,,64550.25,5.96,0,0,0.00,0.00,0.00,0.00,0.00,
2026-08-06 02:15,KXBTC15M-26AUG052215-15,64531.33,0,odds 33c not above 60c,yes,,64569.48,5.91,0,0,0.00,0.00,0.00,0.00,0.00,
2026-08-06 02:30,KXBTC15M-26AUG052230-30,64540.77,0,odds 91c above 79c cap,no,,64498.02,6.62,0,0,0.00,0.00,0.00,0.00,0.00,
2026-08-06 02:45,KXBTC15M-26AUG052245-45,64463.85,1,,yes,65,64483.52,3.05,0,7,4.55,0.12,7.00,2.45,2.33,1
2026-08-06 03:00,KXBTC15M-26AUG052300-00,64511.00,0,odds 46c not above 60c,no,,64501.48,1.48,0,0,0.00,0.00,0.00,0.00,0.00,
2026-08-06 03:15,KXBTC15M-26AUG052315-15,64519.95,1,,no,74,64510.64,1.44,0,6,4.44,0.09,6.00,1.56,1.47,1
2026-08-06 03:30,KXBTC15M-26AUG052330-30,64511.43,0,odds 96c above 79c cap,no,,64446.36,10.09,0,0,0.00,0.00,0.00,0.00,0.00,
2026-08-06 03:45,KXBTC15M-26AUG052345-45,64484.24,1,,no,63,64458.14,4.05,0,7,4.41,0.12,7.00,2.59,2.47,1
2026-08-06 04:00,KXBTC15M-26AUG060000-00,64448.96,0,odds 47c not above 60c,yes,,64452.35,0.53,0,0,0.00,0.00,0.00,0.00,0.00,
2026-08-06 04:15,KXBTC15M-26AUG060015-15,64476.25,1,,yes,78,64489.49,2.05,0,6,4.68,0.08,6.00,1.32,1.24,1
2026-08-06 04:30,KXBTC15M-26AUG060030-30,64522.19,0,odds 98c above 79c cap,yes,,64637.98,17.95,0,0,0.00,0.00,0.00,0.00,0.00,
2026-08-06 04:45,KXBTC15M-26AUG060045-45,64633.72,1,,no,73,64617.06,2.58,0,6,4.38,0.09,6.00,1.62,1.53,1
2026-08-06 05:00,KXBTC15M-26AUG060100-00,64599.91,0,odds 97c above 79c cap,yes,,64644.11,6.84,0,0,0.00,0.00,0.00,0.00,0.00,
2026-08-06 05:15,KXBTC15M-26AUG060115-15,64656.73,0,no quote on chosen side at decision time,yes,,64864.03,32.06,0,0,0.00,0.00,0.00,0.00,0.00,
2026-08-06 05:30,KXBTC15M-26AUG060130-30,64859.14,0,odds 93c above 79c cap,yes,,64901.00,6.45,0,0,0.00,0.00,0.00,0.00,0.00,
2026-08-06 05:45,KXBTC15M-26AUG060145-45,64836.46,0,odds 84c above 79c cap,no,,64814.69,3.36,0,0,0.00,0.00,0.00,0.00,0.00,
2026-08-06 06:00,KXBTC15M-26AUG060200-00,64838.14,0,odds 90c above 79c cap,no,,64799.07,6.03,0,0,0.00,0.00,0.00,0.00,0.00,
2026-08-06 06:15,KXBTC15M-26AUG060215-15,64836.28,0,odds 95c above 79c cap,no,,64764.90,11.01,0,0,0.00,0.00,0.00,0.00,0.00,
2026-08-06 06:30,KXBTC15M-26AUG060230-30,64724.01,0,odds 90c above 79c cap,yes,,64753.20,4.51,0,0,0.00,0.00,0.00,0.00,0.00,
2026-08-06 06:45,KXBTC15M-26AUG060245-45,64768.78,0,odds 27c not above 60c,no,,64750.00,2.90,0,0,0.00,0.00,0.00,0.00,0.00,
2026-08-06 09:15,KXBTC15M-26AUG060515-15,64878.72,0,odds 98c above 79c cap,no,,64748.20,20.12,0,0,0.00,0.00,0.00,0.00,0.00,
2026-08-06 09:30,KXBTC15M-26AUG060530-30,64703.84,0,odds 85c above 79c cap,yes,,64728.15,3.76,0,0,0.00,0.00,0.00,0.00,0.00,
2026-08-06 09:45,KXBTC15M-26AUG060545-45,64669.33,0,odds 90c above 79c cap,no,,64619.00,7.78,0,0,0.00,0.00,0.00,0.00,0.00,
2026-08-06 10:00,KXBTC15M-26AUG060600-00,64609.25,0,odds 82c above 79c cap,yes,,64622.79,2.10,0,0,0.00,0.00,0.00,0.00,0.00,
2026-08-06 10:15,KXBTC15M-26AUG060615-15,64621.71,0,odds 93c above 79c cap,no,,64528.70,14.39,0,0,0.00,0.00,0.00,0.00,0.00,
2026-08-06 10:30,KXBTC15M-26AUG060630-30,64538.68,0,odds 96c above 79c cap,yes,,64599.49,9.42,0,0,0.00,0.00,0.00,0.00,0.00,
2026-08-06 10:45,KXBTC15M-26AUG060645-45,64615.11,0,odds 83c above 79c cap,no,,64584.81,4.69,0,0,0.00,0.00,0.00,0.00,0.00,
2026-08-06 11:00,KXBTC15M-26AUG060700-00,64566.60,1,,no,79,64535.41,4.83,0,6,4.74,0.07,6.00,1.26,1.19,1
2026-08-06 11:15,KXBTC15M-26AUG060715-15,64555.43,0,odds 96c above 79c cap,no,,64491.33,9.93,0,0,0.00,0.00,0.00,0.00,0.00,
2026-08-06 11:30,KXBTC15M-26AUG060730-30,64508.74,1,,yes,75,64512.60,0.60,0,6,4.50,0.08,6.00,1.50,1.42,1
2026-08-06 11:45,KXBTC15M-26AUG060745-45,64524.53,0,odds 94c above 79c cap,yes,,64576.20,8.01,0,0,0.00,0.00,0.00,0.00,0.00,
2026-08-06 12:00,KXBTC15M-26AUG060800-00,64576.05,0,odds 93c above 79c cap,no,,64531.36,6.92,0,0,0.00,0.00,0.00,0.00,0.00,
2026-08-06 12:15,KXBTC15M-26AUG060815-15,64557.30,0,odds 99c above 79c cap,no,,64410.01,22.82,0,0,0.00,0.00,0.00,0.00,0.00,
2026-08-06 12:30,KXBTC15M-26AUG060830-30,64421.85,0,odds 95c above 79c cap,yes,,64464.80,6.67,0,0,0.00,0.00,0.00,0.00,0.00,
2026-08-06 12:45,KXBTC15M-26AUG060845-45,64477.84,0,odds 6c not above 60c,no,,64476.73,0.17,0,0,0.00,0.00,0.00,0.00,0.00,
2026-08-06 13:00,KXBTC15M-26AUG060900-00,64455.18,0,odds 96c above 79c cap,no,,64383.54,11.11,0,0,0.00,0.00,0.00,0.00,0.00,
2026-08-06 13:15,KXBTC15M-26AUG060915-15,64363.46,0,no quote on chosen side at decision time,no,,64135.63,35.40,0,0,0.00,0.00,0.00,0.00,0.00,
2026-08-06 13:30,KXBTC15M-26AUG060930-30,64179.01,0,odds 80c above 79c cap,no,,64148.83,4.70,0,0,0.00,0.00,0.00,0.00,0.00,
2026-08-06 13:45,KXBTC15M-26AUG060945-45,64169.73,0,odds 91c above 79c cap,yes,,64267.51,15.24,0,0,0.00,0.00,0.00,0.00,0.00,
2026-08-06 14:00,KXBTC15M-26AUG061000-00,64342.24,0,odds 59c not above 60c,yes,,64389.38,7.33,0,0,0.00,0.00,0.00,0.00,0.00,
2026-08-06 14:15,KXBTC15M-26AUG061015-15,64410.61,0,odds 46c not above 60c,yes,,64431.71,3.28,0,0,0.00,0.00,0.00,0.00,0.00,
2026-08-06 14:30,KXBTC15M-26AUG061030-30,64415.00,0,odds 52c not above 60c,yes,,64440.16,3.91,0,0,0.00,0.00,0.00,0.00,0.00,
2026-08-06 14:45,KXBTC15M-26AUG061045-45,64370.73,0,odds 98c above 79c cap,yes,,64507.19,21.20,0,0,0.00,0.00,0.00,0.00,0.00,
2026-08-06 15:00,KXBTC15M-26AUG061100-00,64748.10,0,odds 91c above 79c cap,no,,64647.84,15.48,0,0,0.00,0.00,0.00,0.00,0.00,
2026-08-06 15:15,KXBTC15M-26AUG061115-15,64730.67,0,odds 96c above 79c cap,yes,,64893.35,25.13,0,0,0.00,0.00,0.00,0.00,0.00,
2026-08-06 15:30,KXBTC15M-26AUG061130-30,64810.35,0,odds 83c above 79c cap,no,,64713.52,14.94,0,0,0.00,0.00,0.00,0.00,0.00,
2026-08-06 15:45,KXBTC15M-26AUG061145-45,64771.36,1,,no,78,64718.54,8.15,0,6,4.68,0.08,6.00,1.32,1.24,1
2026-08-06 16:00,KXBTC15M-26AUG061200-00,64712.28,0,odds 94c above 79c cap,no,,64592.13,18.57,0,0,0.00,0.00,0.00,0.00,0.00,
2026-08-06 16:15,KXBTC15M-26AUG061215-15,64611.50,1,,yes,77,64655.22,6.77,0,6,4.62,0.08,0.00,-4.62,-4.70,0
2026-08-06 16:30,KXBTC15M-26AUG061230-30,64578.85,0,odds 46c not above 60c,no,,64549.11,4.61,0,0,0.00,0.00,0.00,0.00,0.00,
2026-08-06 16:45,KXBTC15M-26AUG061245-45,64600.88,0,odds 83c above 79c cap,yes,,64671.06,10.86,0,0,0.00,0.00,0.00,0.00,0.00,
2026-08-06 17:00,KXBTC15M-26AUG061300-00,64663.89,0,odds 51c not above 60c,yes,,64677.40,2.09,0,0,0.00,0.00,0.00,0.00,0.00,
2026-08-06 17:15,KXBTC15M-26AUG061315-15,64695.93,0,odds 59c not above 60c,no,,64674.99,3.24,0,0,0.00,0.00,0.00,0.00,0.00,
2026-08-06 17:30,KXBTC15M-26AUG061330-30,64677.51,0,odds 88c above 79c cap,no,,64648.44,4.49,0,0,0.00,0.00,0.00,0.00,0.00,
2026-08-06 17:45,KXBTC15M-26AUG061345-45,64635.22,0,odds 98c above 79c cap,no,,64501.01,20.76,0,0,0.00,0.00,0.00,0.00,0.00,
2026-08-06 18:00,KXBTC15M-26AUG061400-00,64539.50,0,odds 95c above 79c cap,yes,,64579.07,6.13,0,0,0.00,0.00,0.00,0.00,0.00,
2026-08-06 18:15,KXBTC15M-26AUG061415-15,64567.76,0,odds 98c above 79c cap,no,,64441.77,19.51,0,0,0.00,0.00,0.00,0.00,0.00,
2026-08-06 18:30,KXBTC15M-26AUG061430-30,64482.43,0,odds 51c not above 60c,no,,64451.42,4.81,0,0,0.00,0.00,0.00,0.00,0.00,
2026-08-06 18:45,KXBTC15M-26AUG061445-45,64463.90,0,odds 96c above 79c cap,no,,64373.62,14.00,0,0,0.00,0.00,0.00,0.00,0.00,
2026-08-06 19:00,KXBTC15M-26AUG061500-00,64366.53,0,odds 88c above 79c cap,no,,64339.61,4.18,0,0,0.00,0.00,0.00,0.00,0.00,
2026-08-06 19:15,KXBTC15M-26AUG061515-15,64358.94,0,odds 87c above 79c cap,yes,,64386.80,4.33,0,0,0.00,0.00,0.00,0.00,0.00,
2026-08-06 19:30,KXBTC15M-26AUG061530-30,64390.64,1,,no,69,64376.24,2.24,0,7,4.83,0.11,7.00,2.17,2.06,1
2026-08-06 19:45,KXBTC15M-26AUG061545-45,64352.76,1,,yes,74,64373.76,3.26,0,6,4.44,0.09,6.00,1.56,1.47,1
2026-08-06 20:00,KXBTC15M-26AUG061600-00,64367.00,0,odds 87c above 79c cap,yes,,64402.42,5.50,0,0,0.00,0.00,0.00,0.00,0.00,
2026-08-06 20:15,KXBTC15M-26AUG061615-15,64397.08,0,odds 96c above 79c cap,yes,,64472.03,11.64,0,0,0.00,0.00,0.00,0.00,0.00,
2026-08-06 20:30,KXBTC15M-26AUG061630-30,64475.58,0,odds 93c above 79c cap,no,,64435.71,6.18,0,0,0.00,0.00,0.00,0.00,0.00,
2026-08-06 20:45,KXBTC15M-26AUG061645-45,64427.74,0,odds 56c not above 60c,no,,64424.36,0.52,0,0,0.00,0.00,0.00,0.00,0.00,
2026-08-06 21:00,KXBTC15M-26AUG061700-00,64416.42,0,odds 84c above 79c cap,no,,64390.89,3.96,0,0,0.00,0.00,0.00,0.00,0.00,
2026-08-06 21:15,KXBTC15M-26AUG061715-15,64396.95,0,odds 82c above 79c cap,yes,,64422.35,3.94,0,0,0.00,0.00,0.00,0.00,0.00,
2026-08-06 21:30,KXBTC15M-26AUG061730-30,64433.60,1,,no,64,64404.92,4.45,0,7,4.48,0.12,7.00,2.52,2.40,1
2026-08-06 21:45,KXBTC15M-26AUG061745-45,64404.98,0,odds 86c above 79c cap,no,,64363.74,6.40,0,0,0.00,0.00,0.00,0.00,0.00,
2026-08-06 22:00,KXBTC15M-26AUG061800-00,64409.06,1,,no,67,64392.18,2.62,0,7,4.69,0.11,7.00,2.31,2.20,1
2026-08-06 22:15,KXBTC15M-26AUG061815-15,64389.78,1,,no,74,64361.92,4.33,0,6,4.44,0.09,6.00,1.56,1.47,1
2026-08-06 22:30,KXBTC15M-26AUG061830-30,64384.16,0,odds 98c above 79c cap,no,,64303.20,12.57,0,0,0.00,0.00,0.00,0.00,0.00,
2026-08-06 22:45,KXBTC15M-26AUG061845-45,64306.86,0,odds 80c above 79c cap,yes,,64312.13,0.82,0,0,0.00,0.00,0.00,0.00,0.00,
2026-08-06 23:00,KXBTC15M-26AUG061900-00,64288.31,1,,yes,76,64302.62,2.23,0,6,4.56,0.08,6.00,1.44,1.36,1
2026-08-06 23:15,KXBTC15M-26AUG061915-15,64302.06,0,odds 32c not above 60c,no,,64300.43,0.25,0,0,0.00,0.00,0.00,0.00,0.00,
2026-08-06 23:30,KXBTC15M-26AUG061930-30,64286.84,0,odds 97c above 79c cap,no,,64214.09,11.32,0,0,0.00,0.00,0.00,0.00,0.00,
2026-08-06 23:45,KXBTC15M-26AUG061945-45,64196.53,0,odds 90c above 79c cap,no,,64151.04,7.09,0,0,0.00,0.00,0.00,0.00,0.00,
2026-08-07 00:00,KXBTC15M-26AUG062000-00,64171.32,0,odds 99c above 79c cap,yes,,64270.45,15.45,0,0,0.00,0.00,0.00,0.00,0.00,
2026-08-07 00:15,KXBTC15M-26AUG062015-15,64260.11,0,odds 96c above 79c cap,yes,,64316.06,8.71,0,0,0.00,0.00,0.00,0.00,0.00,
2026-08-07 00:30,KXBTC15M-26AUG062030-30,64235.82,0,odds 17c not above 60c,yes,,64237.61,0.28,0,0,0.00,0.00,0.00,0.00,0.00,
2026-08-07 00:45,KXBTC15M-26AUG062045-45,64229.57,0,odds 43c not above 60c,no,,64199.49,4.68,0,0,0.00,0.00,0.00,0.00,0.00,
2026-08-07 01:00,KXBTC15M-26AUG062100-00,64260.28,1,,no,78,64213.39,7.30,0,6,4.68,0.08,6.00,1.32,1.24,1
2026-08-07 01:15,KXBTC15M-26AUG062115-15,64252.55,0,odds 91c above 79c cap,yes,,64293.15,6.32,0,0,0.00,0.00,0.00,0.00,0.00,
2026-08-07 01:30,KXBTC15M-26AUG062130-30,64305.30,1,,no,77,64287.37,2.79,0,6,4.62,0.08,0.00,-4.62,-4.70,0
2026-08-07 01:45,KXBTC15M-26AUG062145-45,64366.47,0,odds 96c above 79c cap,no,,64255.51,17.24,0,0,0.00,0.00,0.00,0.00,0.00,
2026-08-07 02:00,KXBTC15M-26AUG062200-00,64315.09,0,odds 92c above 79c cap,yes,,64351.30,5.63,0,0,0.00,0.00,0.00,0.00,0.00,
2026-08-07 02:15,KXBTC15M-26AUG062215-15,64367.04,0,odds 97c above 79c cap,no,,64255.36,17.35,0,0,0.00,0.00,0.00,0.00,0.00,
2026-08-07 02:30,KXBTC15M-26AUG062230-30,64341.46,1,,no,72,64264.08,12.03,0,6,4.32,0.09,6.00,1.68,1.59,1
2026-08-07 02:45,KXBTC15M-26AUG062245-45,64262.69,1,,no,63,64235.01,4.31,0,7,4.41,0.12,0.00,-4.41,-4.53,0
2026-08-07 03:00,KXBTC15M-26AUG062300-00,64354.82,1,,yes,72,64366.80,1.86,0,6,4.32,0.09,0.00,-4.32,-4.41,0
2026-08-07 03:15,KXBTC15M-26AUG062315-15,64343.61,1,,no,77,64319.36,3.77,0,6,4.62,0.08,6.00,1.38,1.30,1
2026-08-07 03:30,KXBTC15M-26AUG062330-30,64279.29,1,,no,78,64248.97,4.72,0,6,4.68,0.08,6.00,1.32,1.24,1
2026-08-07 03:45,KXBTC15M-26AUG062345-45,64263.50,0,odds 60c not above 60c,yes,,64291.48,4.35,0,0,0.00,0.00,0.00,0.00,0.00,
2026-08-07 04:00,KXBTC15M-26AUG070000-00,64282.19,1,,no,79,64231.52,7.88,0,6,4.74,0.07,6.00,1.26,1.19,1
2026-08-07 04:15,KXBTC15M-26AUG070015-15,64233.80,1,,yes,74,64254.64,3.24,0,6,4.44,0.09,6.00,1.56,1.47,1
2026-08-07 04:30,KXBTC15M-26AUG070030-30,64250.53,1,,yes,65,64253.33,0.44,0,7,4.55,0.12,0.00,-4.55,-4.67,0
2026-08-07 04:45,KXBTC15M-26AUG070045-45,64246.96,1,,no,76,64220.39,4.14,0,6,4.56,0.08,6.00,1.44,1.36,1
2026-08-07 05:00,KXBTC15M-26AUG070100-00,64203.16,0,odds 93c above 79c cap,no,,64166.23,5.75,0,0,0.00,0.00,0.00,0.00,0.00,
2026-08-07 05:15,KXBTC15M-26AUG070115-15,64197.91,0,odds 40c not above 60c,yes,,64198.50,0.09,0,0,0.00,0.00,0.00,0.00,0.00,
2026-08-07 05:30,KXBTC15M-26AUG070130-30,64197.88,0,odds 95c above 79c cap,no,,64124.09,11.49,0,0,0.00,0.00,0.00,0.00,0.00,
2026-08-07 05:45,KXBTC15M-26AUG070145-45,64126.27,0,odds 93c above 79c cap,yes,,64171.56,7.06,0,0,0.00,0.00,0.00,0.00,0.00,
2026-08-07 06:00,KXBTC15M-26AUG070200-00,64223.08,0,odds 98c above 79c cap,yes,,64311.64,13.79,0,0,0.00,0.00,0.00,0.00,0.00,
2026-08-07 06:15,KXBTC15M-26AUG070215-15,64294.95,0,odds 40c not above 60c,yes,,64314.99,3.12,0,0,0.00,0.00,0.00,0.00,0.00,
2026-08-07 06:30,KXBTC15M-26AUG070230-30,64337.85,0,odds 91c above 79c cap,yes,,64378.52,6.32,0,0,0.00,0.00,0.00,0.00,0.00,
2026-08-07 06:45,KXBTC15M-26AUG070245-45,64361.42,0,odds 95c above 79c cap,no,,64307.39,8.39,0,0,0.00,0.00,0.00,0.00,0.00,
2026-08-07 07:00,KXBTC15M-26AUG070300-00,64305.78,0,odds 84c above 79c cap,no,,64254.16,8.03,0,0,0.00,0.00,0.00,0.00,0.00,
2026-08-07 07:15,KXBTC15M-26AUG070315-15,64268.00,0,odds 88c above 79c cap,yes,,64309.31,6.43,0,0,0.00,0.00,0.00,0.00,0.00,
2026-08-07 07:30,KXBTC15M-26AUG070330-30,64290.15,0,odds 96c above 79c cap,yes,,64364.12,11.51,0,0,0.00,0.00,0.00,0.00,0.00,
2026-08-07 07:45,KXBTC15M-26AUG070345-45,64358.32,1,,no,77,64318.99,6.11,0,6,4.62,0.08,6.00,1.38,1.30,1
2026-08-07 08:00,KXBTC15M-26AUG070400-00,64323.85,1,,no,65,64296.38,4.27,0,7,4.55,0.12,7.00,2.45,2.33,1
2026-08-07 08:15,KXBTC15M-26AUG070415-15,64267.37,0,odds 53c not above 60c,yes,,64299.99,5.08,0,0,0.00,0.00,0.00,0.00,0.00,
2026-08-07 08:30,KXBTC15M-26AUG070430-30,64325.12,0,odds 93c above 79c cap,yes,,64375.46,7.83,0,0,0.00,0.00,0.00,0.00,0.00,
2026-08-07 08:45,KXBTC15M-26AUG070445-45,64396.11,0,odds 93c above 79c cap,yes,,64438.50,6.58,0,0,0.00,0.00,0.00,0.00,0.00,
2026-08-07 09:00,KXBTC15M-26AUG070500-00,64580.77,0,odds 90c above 79c cap,no,,64539.21,6.44,0,0,0.00,0.00,0.00,0.00,0.00,
2026-08-07 09:15,KXBTC15M-26AUG070515-15,64550.67,0,odds 99c above 79c cap,yes,,64645.79,14.74,0,0,0.00,0.00,0.00,0.00,0.00,
2026-08-07 09:30,KXBTC15M-26AUG070530-30,64687.36,0,odds 98c above 79c cap,yes,,64829.68,22.00,0,0,0.00,0.00,0.00,0.00,0.00,
2026-08-07 09:45,KXBTC15M-26AUG070545-45,64790.29,0,odds 98c above 79c cap,yes,,64855.14,10.01,0,0,0.00,0.00,0.00,0.00,0.00,
2026-08-07 10:00,KXBTC15M-26AUG070600-00,64856.86,0,odds 94c above 79c cap,no,,64791.02,10.15,0,0,0.00,0.00,0.00,0.00,0.00,
2026-08-07 10:15,KXBTC15M-26AUG070615-15,64795.08,0,odds 56c not above 60c,no,,64784.74,1.60,0,0,0.00,0.00,0.00,0.00,0.00,
2026-08-07 10:30,KXBTC15M-26AUG070630-30,64803.67,0,odds 89c above 79c cap,no,,64775.34,4.37,0,0,0.00,0.00,0.00,0.00,0.00,
2026-08-07 10:45,KXBTC15M-26AUG070645-45,64849.10,0,odds 86c above 79c cap,no,,64823.33,3.97,0,0,0.00,0.00,0.00,0.00,0.00,
2026-08-07 11:00,KXBTC15M-26AUG070700-00,64823.40,0,odds 82c above 79c cap,yes,,64846.37,3.54,0,0,0.00,0.00,0.00,0.00,0.00,
2026-08-07 11:15,KXBTC15M-26AUG070715-15,64849.19,0,odds 99c above 79c cap,yes,,64938.97,13.84,0,0,0.00,0.00,0.00,0.00,0.00,
2026-08-07 11:30,KXBTC15M-26AUG070730-30,64920.88,0,odds 99c above 79c cap,yes,,65080.36,24.57,0,0,0.00,0.00,0.00,0.00,0.00,
2026-08-07 11:45,KXBTC15M-26AUG070745-45,65046.52,1,,no,66,64989.11,8.83,0,7,4.62,0.11,7.00,2.38,2.27,1
2026-08-07 12:00,KXBTC15M-26AUG070800-00,64994.43,1,,no,77,64962.03,4.99,0,6,4.62,0.08,6.00,1.38,1.30,1
2026-08-07 12:15,KXBTC15M-26AUG070815-15,64977.24,0,odds 98c above 79c cap,yes,,65158.02,27.82,0,0,0.00,0.00,0.00,0.00,0.00,
2026-08-07 12:30,KXBTC15M-26AUG070830-30,65170.77,0,odds 98c above 79c cap,no,,65036.93,20.54,0,0,0.00,0.00,0.00,0.00,0.00,
2026-08-07 12:45,KXBTC15M-26AUG070845-45,65083.18,0,odds 59c not above 60c,yes,,65127.44,6.80,0,0,0.00,0.00,0.00,0.00,0.00,
2026-08-07 13:00,KXBTC15M-26AUG070900-00,65121.86,0,odds 99c above 79c cap,yes,,65290.93,25.96,0,0,0.00,0.00,0.00,0.00,0.00,
2026-08-07 13:15,KXBTC15M-26AUG070915-15,65249.01,1,,no,78,65177.05,11.03,0,6,4.68,0.08,6.00,1.32,1.24,1
2026-08-07 13:30,KXBTC15M-26AUG070930-30,65190.63,0,odds 86c above 79c cap,no,,65129.88,9.32,0,0,0.00,0.00,0.00,0.00,0.00,
2026-08-07 13:45,KXBTC15M-26AUG070945-45,65115.55,0,odds 95c above 79c cap,yes,,65221.55,16.28,0,0,0.00,0.00,0.00,0.00,0.00,
2026-08-07 14:00,KXBTC15M-26AUG071000-00,65257.33,0,odds 96c above 79c cap,no,,65070.44,28.64,0,0,0.00,0.00,0.00,0.00,0.00,
2026-08-07 14:15,KXBTC15M-26AUG071015-15,64974.83,0,odds 97c above 79c cap,no,,64831.30,22.09,0,0,0.00,0.00,0.00,0.00,0.00,
2026-08-07 14:30,KXBTC15M-26AUG071030-30,64804.31,0,odds 99c above 79c cap,yes,,65039.10,36.23,0,0,0.00,0.00,0.00,0.00,0.00,
2026-08-07 14:45,KXBTC15M-26AUG071045-45,65132.52,0,odds 56c not above 60c,no,,65121.62,1.67,0,0,0.00,0.00,0.00,0.00,0.00,
2026-08-07 15:00,KXBTC15M-26AUG071100-00,65062.06,0,odds 94c above 79c cap,no,,64979.06,12.76,0,0,0.00,0.00,0.00,0.00,0.00,
2026-08-07 15:15,KXBTC15M-26AUG071115-15,64920.07,0,odds 81c above 79c cap,yes,,64954.92,5.37,0,0,0.00,0.00,0.00,0.00,0.00,
2026-08-07 15:30,KXBTC15M-26AUG071130-30,64907.68,0,odds 92c above 79c cap,yes,,64994.04,13.31,0,0,0.00,0.00,0.00,0.00,0.00,
2026-08-07 15:45,KXBTC15M-26AUG071145-45,64974.16,1,,no,67,64948.76,3.91,0,7,4.69,0.11,0.00,-4.69,-4.80,0
2026-08-07 16:00,KXBTC15M-26AUG071200-00,64979.81,0,odds 93c above 79c cap,no,,64895.26,13.01,0,0,0.00,0.00,0.00,0.00,0.00,
2026-08-07 16:15,KXBTC15M-26AUG071215-15,64862.53,0,odds 98c above 79c cap,yes,,64959.09,14.89,0,0,0.00,0.00,0.00,0.00,0.00,
2026-08-07 16:30,KXBTC15M-26AUG071230-30,65010.16,0,odds 98c above 79c cap,no,,64879.66,20.07,0,0,0.00,0.00,0.00,0.00,0.00,
2026-08-07 16:45,KXBTC15M-26AUG071245-45,64880.95,1,,yes,75,64912.78,4.91,0,6,4.50,0.08,6.00,1.50,1.42,1
2026-08-07 17:00,KXBTC15M-26AUG071300-00,64904.32,0,odds 98c above 79c cap,no,,64808.58,14.75,0,0,0.00,0.00,0.00,0.00,0.00,
2026-08-07 17:15,KXBTC15M-26AUG071315-15,64783.91,0,odds 86c above 79c cap,no,,64700.62,12.86,0,0,0.00,0.00,0.00,0.00,0.00,
2026-08-07 17:30,KXBTC15M-26AUG071330-30,64652.46,0,odds 94c above 79c cap,no,,64563.08,13.82,0,0,0.00,0.00,0.00,0.00,0.00,
2026-08-07 17:45,KXBTC15M-26AUG071345-45,64547.33,0,odds 95c above 79c cap,yes,,64607.27,9.29,0,0,0.00,0.00,0.00,0.00,0.00,
2026-08-07 18:00,KXBTC15M-26AUG071400-00,64627.90,0,odds 89c above 79c cap,yes,,64688.80,9.42,0,0,0.00,0.00,0.00,0.00,0.00,
2026-08-07 18:15,KXBTC15M-26AUG071415-15,64712.92,0,odds 99c above 79c cap,yes,,64832.81,18.53,0,0,0.00,0.00,0.00,0.00,0.00,
2026-08-07 18:30,KXBTC15M-26AUG071430-30,64817.20,0,odds 97c above 79c cap,no,,64755.02,9.59,0,0,0.00,0.00,0.00,0.00,0.00,
2026-08-07 18:45,KXBTC15M-26AUG071445-45,64772.98,0,odds 95c above 79c cap,no,,64711.12,9.55,0,0,0.00,0.00,0.00,0.00,0.00,
2026-08-07 19:00,KXBTC15M-26AUG071500-00,64698.10,0,odds 97c above 79c cap,no,,64646.53,7.97,0,0,0.00,0.00,0.00,0.00,0.00,
2026-08-07 19:15,KXBTC15M-26AUG071515-15,64673.11,0,odds 99c above 79c cap,yes,,64807.42,20.77,0,0,0.00,0.00,0.00,0.00,0.00,
2026-08-07 19:30,KXBTC15M-26AUG071530-30,64792.17,0,odds 99c above 79c cap,yes,,64890.84,15.23,0,0,0.00,0.00,0.00,0.00,0.00,
2026-08-07 19:45,KXBTC15M-26AUG071545-45,64902.09,0,odds 91c above 79c cap,yes,,64970.43,10.53,0,0,0.00,0.00,0.00,0.00,0.00,
2026-08-07 20:00,KXBTC15M-26AUG071600-00,64941.71,0,odds 86c above 79c cap,no,,64910.66,4.78,0,0,0.00,0.00,0.00,0.00,0.00,
2026-08-07 20:15,KXBTC15M-26AUG071615-15,64930.70,0,odds 80c above 79c cap,yes,,64946.04,2.36,0,0,0.00,0.00,0.00,0.00,0.00,
2026-08-07 20:30,KXBTC15M-26AUG071630-30,64948.02,0,odds 58c not above 60c,yes,,64964.51,2.54,0,0,0.00,0.00,0.00,0.00,0.00,
2026-08-07 20:45,KXBTC15M-26AUG071645-45,64945.57,0,odds 85c above 79c cap,no,,64920.14,3.92,0,0,0.00,0.00,0.00,0.00,0.00,
2026-08-07 21:00,KXBTC15M-26AUG071700-00,64925.51,0,odds 80c above 79c cap,yes,,64931.93,0.99,0,0,0.00,0.00,0.00,0.00,0.00,
2026-08-07 21:15,KXBTC15M-26AUG071715-15,64937.47,0,odds 56c not above 60c,yes,,64938.58,0.17,0,0,0.00,0.00,0.00,0.00,0.00,
2026-08-07 21:30,KXBTC15M-26AUG071730-30,64965.53,1,,no,66,64949.65,2.44,0,7,4.62,0.11,0.00,-4.62,-4.73,0
2026-08-07 21:45,KXBTC15M-26AUG071745-45,64966.80,1,,yes,73,65004.33,5.78,0,6,4.38,0.09,6.00,1.62,1.53,1
2026-08-07 22:00,KXBTC15M-26AUG071800-00,64999.50,0,odds 98c above 79c cap,no,,64909.23,13.89,0,0,0.00,0.00,0.00,0.00,0.00,
2026-08-07 22:15,KXBTC15M-26AUG071815-15,64909.11,1,,no,66,64895.71,2.06,0,7,4.62,0.11,7.00,2.38,2.27,1
2026-08-07 22:30,KXBTC15M-26AUG071830-30,64897.42,0,odds 49c not above 60c,no,,64892.11,0.82,0,0,0.00,0.00,0.00,0.00,0.00,
2026-08-07 22:45,KXBTC15M-26AUG071845-45,64894.71,0,odds 96c above 79c cap,no,,64840.15,8.41,0,0,0.00,0.00,0.00,0.00,0.00,
2026-08-07 23:00,KXBTC15M-26AUG071900-00,64838.33,0,odds 80c above 79c cap,yes,,64848.65,1.59,0,0,0.00,0.00,0.00,0.00,0.00,
2026-08-07 23:15,KXBTC15M-26AUG071915-15,64854.89,0,odds 33c not above 60c,no,,64852.69,0.34,0,0,0.00,0.00,0.00,0.00,0.00,
2026-08-07 23:30,KXBTC15M-26AUG071930-30,64861.79,1,,no,74,64850.82,1.69,0,6,4.44,0.09,6.00,1.56,1.47,1
2026-08-07 23:45,KXBTC15M-26AUG071945-45,64859.06,1,,yes,76,64863.14,0.63,0,6,4.56,0.08,6.00,1.44,1.36,1
2026-08-08 00:00,KXBTC15M-26AUG072000-00,64868.04,0,odds 95c above 79c cap,yes,,64886.49,2.84,0,0,0.00,0.00,0.00,0.00,0.00,
2026-08-08 00:15,KXBTC15M-26AUG072015-15,64889.12,1,,no,75,64872.06,2.63,0,6,4.50,0.08,6.00,1.50,1.42,1
2026-08-08 00:30,KXBTC15M-26AUG072030-30,64875.80,0,odds 96c above 79c cap,no,,64831.18,6.88,0,0,0.00,0.00,0.00,0.00,0.00,
2026-08-08 00:45,KXBTC15M-26AUG072045-45,64852.75,0,odds 86c above 79c cap,yes,,64867.69,2.30,0,0,0.00,0.00,0.00,0.00,0.00,
2026-08-08 01:00,KXBTC15M-26AUG072100-00,64868.22,0,odds 87c above 79c cap,yes,,64878.87,1.64,0,0,0.00,0.00,0.00,0.00,0.00,
2026-08-08 01:15,KXBTC15M-26AUG072115-15,64884.72,0,odds 44c not above 60c,no,,64882.19,0.39,0,0,0.00,0.00,0.00,0.00,0.00,
2026-08-08 01:30,KXBTC15M-26AUG072130-30,64923.24,0,odds 94c above 79c cap,no,,64886.30,5.69,0,0,0.00,0.00,0.00,0.00,0.00,
2026-08-08 01:45,KXBTC15M-26AUG072145-45,64885.23,0,odds 84c above 79c cap,yes,,64891.48,0.96,0,0,0.00,0.00,0.00,0.00,0.00,
2026-08-08 02:00,KXBTC15M-26AUG072200-00,64900.05,0,odds 88c above 79c cap,no,,64876.18,3.68,0,0,0.00,0.00,0.00,0.00,0.00,
2026-08-08 02:15,KXBTC15M-26AUG072215-15,64884.05,0,odds 91c above 79c cap,no,,64859.22,3.83,0,0,0.00,0.00,0.00,0.00,0.00,
2026-08-08 02:30,KXBTC15M-26AUG072230-30,64864.82,0,odds 87c above 79c cap,yes,,64879.37,2.24,0,0,0.00,0.00,0.00,0.00,0.00,
2026-08-08 02:45,KXBTC15M-26AUG072245-45,64894.72,1,,no,64,64877.65,2.63,0,7,4.48,0.12,7.00,2.52,2.40,1
2026-08-08 03:00,KXBTC15M-26AUG072300-00,64887.18,0,odds 38c not above 60c,no,,64882.85,0.67,0,0,0.00,0.00,0.00,0.00,0.00,
2026-08-08 03:15,KXBTC15M-26AUG072315-15,64890.54,0,odds 89c above 79c cap,yes,,64900.18,1.49,0,0,0.00,0.00,0.00,0.00,0.00,
2026-08-08 03:30,KXBTC15M-26AUG072330-30,64902.13,0,odds 98c above 79c cap,yes,,64962.43,9.29,0,0,0.00,0.00,0.00,0.00,0.00,
2026-08-08 03:45,KXBTC15M-26AUG072345-45,64988.23,1,,no,76,64963.24,3.85,0,6,4.56,0.08,6.00,1.44,1.36,1
2026-08-08 04:00,KXBTC15M-26AUG080000-00,64978.38,0,odds 13c not above 60c,yes,,64981.04,0.41,0,0,0.00,0.00,0.00,0.00,0.00,
2026-08-08 04:15,KXBTC15M-26AUG080015-15,64993.49,0,odds 98c above 79c cap,no,,64925.01,10.54,0,0,0.00,0.00,0.00,0.00,0.00,
2026-08-08 04:30,KXBTC15M-26AUG080030-30,64941.68,0,odds 51c not above 60c,yes,,64950.19,1.31,0,0,0.00,0.00,0.00,0.00,0.00,
2026-08-08 04:45,KXBTC15M-26AUG080045-45,64963.93,0,odds 96c above 79c cap,yes,,65015.90,8.00,0,0,0.00,0.00,0.00,0.00,0.00,
2026-08-08 05:00,KXBTC15M-26AUG080100-00,64999.96,0,odds 93c above 79c cap,no,,64975.38,3.78,0,0,0.00,0.00,0.00,0.00,0.00,
2026-08-08 05:15,KXBTC15M-26AUG080115-15,64974.63,1,,no,79,64960.22,2.22,0,6,4.74,0.07,6.00,1.26,1.19,1
2026-08-08 05:30,KXBTC15M-26AUG080130-30,64960.36,0,odds 97c above 79c cap,yes,,64986.23,3.98,0,0,0.00,0.00,0.00,0.00,0.00,
2026-08-08 05:45,KXBTC15M-26AUG080145-45,64985.00,0,odds 49c not above 60c,no,,64975.30,1.49,0,0,0.00,0.00,0.00,0.00,0.00,
2026-08-08 06:00,KXBTC15M-26AUG080200-00,64979.84,0,odds 98c above 79c cap,no,,64947.48,4.98,0,0,0.00,0.00,0.00,0.00,0.00,
2026-08-08 06:30,KXBTC15M-26AUG080230-30,64948.96,0,odds 51c not above 60c,no,,64946.51,0.38,0,0,0.00,0.00,0.00,0.00,0.00,
2026-08-08 06:45,KXBTC15M-26AUG080245-45,64943.47,1,,no,61,64934.32,1.41,0,8,4.88,0.14,8.00,3.12,2.98,1
2026-08-08 07:00,KXBTC15M-26AUG080300-00,64941.19,0,odds 94c above 79c cap,yes,,64970.48,4.51,0,0,0.00,0.00,0.00,0.00,0.00,
2026-08-08 07:15,KXBTC15M-26AUG080315-15,64973.00,0,odds 50c not above 60c,no,,64968.76,0.65,0,0,0.00,0.00,0.00,0.00,0.00,
2026-08-08 07:30,KXBTC15M-26AUG080330-30,64963.68,1,,yes,75,64966.85,0.49,0,6,4.50,0.08,6.00,1.50,1.42,1
2026-08-08 07:45,KXBTC15M-26AUG080345-45,64967.30,0,odds 97c above 79c cap,no,,64910.23,8.78,0,0,0.00,0.00,0.00,0.00,0.00,
2026-08-08 08:00,KXBTC15M-26AUG080400-00,64919.28,0,odds 91c above 79c cap,yes,,64930.75,1.77,0,0,0.00,0.00,0.00,0.00,0.00,
2026-08-08 08:15,KXBTC15M-26AUG080415-15,64934.05,1,,no,66,64925.36,1.34,0,7,4.62,0.11,0.00,-4.62,-4.73,0
2026-08-08 08:30,KXBTC15M-26AUG080430-30,64934.92,0,odds 54c not above 60c,no,,64928.93,0.92,0,0,0.00,0.00,0.00,0.00,0.00,
2026-08-08 08:45,KXBTC15M-26AUG080445-45,64945.56,0,odds 96c above 79c cap,yes,,64966.65,3.25,0,0,0.00,0.00,0.00,0.00,0.00,
2026-08-08 09:00,KXBTC15M-26AUG080500-00,64975.95,0,odds 94c above 79c cap,no,,64947.94,4.31,0,0,0.00,0.00,0.00,0.00,0.00,
2026-08-08 09:15,KXBTC15M-26AUG080515-15,64956.87,1,,yes,79,64963.19,0.97,0,6,4.74,0.07,6.00,1.26,1.19,1
2026-08-08 09:30,KXBTC15M-26AUG080530-30,64967.79,0,odds 90c above 79c cap,yes,,64975.38,1.17,0,0,0.00,0.00,0.00,0.00,0.00,
2026-08-08 09:45,KXBTC15M-26AUG080545-45,64979.95,0,odds 60c not above 60c,no,,64969.88,1.55,0,0,0.00,0.00,0.00,0.00,0.00,
2026-08-08 10:00,KXBTC15M-26AUG080600-00,64975.17,0,odds 94c above 79c cap,no,,64954.03,3.25,0,0,0.00,0.00,0.00,0.00,0.00,
2026-08-08 10:15,KXBTC15M-26AUG080615-15,64957.76,0,odds 92c above 79c cap,yes,,64967.67,1.53,0,0,0.00,0.00,0.00,0.00,0.00,
2026-08-08 10:30,KXBTC15M-26AUG080630-30,64963.66,0,odds 83c above 79c cap,yes,,64976.03,1.90,0,0,0.00,0.00,0.00,0.00,0.00,
2026-08-08 10:45,KXBTC15M-26AUG080645-45,64981.69,0,odds 51c not above 60c,yes,,64983.77,0.32,0,0,0.00,0.00,0.00,0.00,0.00,
2026-08-08 11:00,KXBTC15M-26AUG080700-00,64976.67,0,odds 47c not above 60c,no,,64976.23,0.07,0,0,0.00,0.00,0.00,0.00,0.00,
2026-08-08 11:15,KXBTC15M-26AUG080715-15,64972.20,0,odds 39c not above 60c,yes,,64972.31,0.02,0,0,0.00,0.00,0.00,0.00,0.00,
2026-08-08 11:30,KXBTC15M-26AUG080730-30,64976.06,0,odds 98c above 79c cap,no,,64936.58,6.08,0,0,0.00,0.00,0.00,0.00,0.00,
2026-08-08 11:45,KXBTC15M-26AUG080745-45,64939.80,1,,no,69,64930.64,1.41,0,7,4.83,0.11,7.00,2.17,2.06,1
2026-08-08 12:00,KXBTC15M-26AUG080800-00,64934.27,0,odds 60c not above 60c,no,,64928.47,0.89,0,0,0.00,0.00,0.00,0.00,0.00,
2026-08-08 12:15,KXBTC15M-26AUG080815-15,64929.44,0,odds 98c above 79c cap,no,,64887.48,6.46,0,0,0.00,0.00,0.00,0.00,0.00,
2026-08-08 12:30,KXBTC15M-26AUG080830-30,64947.62,0,odds 50c not above 60c,no,,64939.09,1.31,0,0,0.00,0.00,0.00,0.00,0.00,
2026-08-08 12:45,KXBTC15M-26AUG080845-45,64935.99,0,odds 98c above 79c cap,yes,,64979.00,6.62,0,0,0.00,0.00,0.00,0.00,0.00,
2026-08-08 13:00,KXBTC15M-26AUG080900-00,64964.77,0,odds 91c above 79c cap,yes,,64971.77,1.08,0,0,0.00,0.00,0.00,0.00,0.00,
2026-08-08 13:15,KXBTC15M-26AUG080915-15,64962.45,0,odds 46c not above 60c,no,,64962.14,0.05,0,0,0.00,0.00,0.00,0.00,0.00,
2026-08-08 13:30,KXBTC15M-26AUG080930-30,64964.60,0,odds 80c above 79c cap,yes,,64970.03,0.84,0,0,0.00,0.00,0.00,0.00,0.00,
2026-08-08 13:45,KXBTC15M-26AUG080945-45,64978.21,0,odds 91c above 79c cap,no,,64966.06,1.87,0,0,0.00,0.00,0.00,0.00,0.00,
2026-08-08 14:00,KXBTC15M-26AUG081000-00,64967.25,0,odds 53c not above 60c,yes,,64978.60,1.75,0,0,0.00,0.00,0.00,0.00,0.00,
2026-08-08 14:15,KXBTC15M-26AUG081015-15,64973.00,0,odds 93c above 79c cap,yes,,64991.88,2.91,0,0,0.00,0.00,0.00,0.00,0.00,
2026-08-08 14:30,KXBTC15M-26AUG081030-30,65015.24,0,odds 98c above 79c cap,yes,,65066.98,7.96,0,0,0.00,0.00,0.00,0.00,0.00,
2026-08-08 14:45,KXBTC15M-26AUG081045-45,65086.04,0,odds 25c not above 60c,no,,65082.79,0.50,0,0,0.00,0.00,0.00,0.00,0.00,
2026-08-08 15:00,KXBTC15M-26AUG081100-00,65071.22,0,odds 97c above 79c cap,yes,,65111.64,6.21,0,0,0.00,0.00,0.00,0.00,0.00,
2026-08-08 15:15,KXBTC15M-26AUG081115-15,65085.50,0,odds 95c above 79c cap,no,,65056.72,4.42,0,0,0.00,0.00,0.00,0.00,0.00,
2026-08-08 15:30,KXBTC15M-26AUG081130-30,65063.60,1,,no,72,65058.04,0.85,0,6,4.32,0.09,6.00,1.68,1.59,1
2026-08-08 15:45,KXBTC15M-26AUG081145-45,65047.63,0,odds 94c above 79c cap,no,,65021.94,3.95,0,0,0.00,0.00,0.00,0.00,0.00,
2026-08-08 16:00,KXBTC15M-26AUG081200-00,65024.68,0,odds 95c above 79c cap,yes,,65049.82,3.87,0,0,0.00,0.00,0.00,0.00,0.00,
2026-08-08 16:15,KXBTC15M-26AUG081215-15,65039.82,1,,yes,73,65044.18,0.67,0,6,4.38,0.09,6.00,1.62,1.53,1
2026-08-08 16:30,KXBTC15M-26AUG081230-30,65041.47,0,odds 58c not above 60c,no,,65028.67,1.97,0,0,0.00,0.00,0.00,0.00,0.00,
2026-08-08 16:45,KXBTC15M-26AUG081245-45,65036.21,0,odds 93c above 79c cap,no,,65020.00,2.49,0,0,0.00,0.00,0.00,0.00,0.00,
2026-08-08 17:00,KXBTC15M-26AUG081300-00,65019.34,0,odds 96c above 79c cap,yes,,65036.92,2.70,0,0,0.00,0.00,0.00,0.00,0.00,
2026-08-08 17:15,KXBTC15M-26AUG081315-15,65043.63,0,odds 92c above 79c cap,yes,,65057.48,2.13,0,0,0.00,0.00,0.00,0.00,0.00,
2026-08-08 17:30,KXBTC15M-26AUG081330-30,65082.47,0,odds 90c above 79c cap,no,,65066.52,2.45,0,0,0.00,0.00,0.00,0.00,0.00,
2026-08-08 17:45,KXBTC15M-26AUG081345-45,65075.05,0,odds 90c above 79c cap,yes,,65076.75,0.26,0,0,0.00,0.00,0.00,0.00,0.00,
2026-08-08 18:00,KXBTC15M-26AUG081400-00,65088.77,1,,no,77,65071.80,2.61,0,6,4.62,0.08,6.00,1.38,1.30,1
2026-08-08 18:15,KXBTC15M-26AUG081415-15,65080.45,0,odds 92c above 79c cap,no,,65057.68,3.50,0,0,0.00,0.00,0.00,0.00,0.00,
2026-08-08 18:30,KXBTC15M-26AUG081430-30,65061.06,0,odds 99c above 79c cap,no,,64989.62,10.98,0,0,0.00,0.00,0.00,0.00,0.00,
2026-08-08 18:45,KXBTC15M-26AUG081445-45,64999.08,1,,yes,66,65007.43,1.28,0,7,4.62,0.11,7.00,2.38,2.27,1
2026-08-08 19:00,KXBTC15M-26AUG081500-00,65010.35,1,,no,77,65000.44,1.52,0,6,4.62,0.08,6.00,1.38,1.30,1
2026-08-08 19:15,KXBTC15M-26AUG081515-15,65002.56,0,odds 92c above 79c cap,no,,64977.64,3.83,0,0,0.00,0.00,0.00,0.00,0.00,
2026-08-08 19:30,KXBTC15M-26AUG081530-30,64983.58,0,odds 53c not above 60c,no,,64972.53,1.70,0,0,0.00,0.00,0.00,0.00,0.00,
2026-08-08 19:45,KXBTC15M-26AUG081545-45,64982.66,0,odds 94c above 79c cap,yes,,64992.16,1.46,0,0,0.00,0.00,0.00,0.00,0.00,
2026-08-08 20:00,KXBTC15M-26AUG081600-00,65000.81,0,odds 97c above 79c cap,yes,,65034.36,5.16,0,0,0.00,0.00,0.00,0.00,0.00,
2026-08-08 20:15,KXBTC15M-26AUG081615-15,65029.65,1,,no,64,65027.36,0.35,0,7,4.48,0.12,0.00,-4.48,-4.60,0
2026-08-08 20:30,KXBTC15M-26AUG081630-30,65033.10,0,odds 94c above 79c cap,no,,65016.01,2.63,0,0,0.00,0.00,0.00,0.00,0.00,
2026-08-08 20:45,KXBTC15M-26AUG081645-45,65019.94,1,,yes,63,65024.66,0.73,0,7,4.41,0.12,7.00,2.59,2.47,1
2026-08-08 21:00,KXBTC15M-26AUG081700-00,65027.88,0,odds 80c above 79c cap,yes,,65034.28,0.98,0,0,0.00,0.00,0.00,0.00,0.00,
2026-08-08 21:15,KXBTC15M-26AUG081715-15,65032.79,0,odds 83c above 79c cap,no,,65020.17,1.94,0,0,0.00,0.00,0.00,0.00,0.00,
2026-08-08 21:30,KXBTC15M-26AUG081730-30,65003.25,1,,no,79,64995.96,1.12,0,6,4.74,0.07,6.00,1.26,1.19,1
2026-08-08 21:45,KXBTC15M-26AUG081745-45,64992.91,0,odds 28c not above 60c,no,,64985.84,1.09,0,0,0.00,0.00,0.00,0.00,0.00,
2026-08-08 22:00,KXBTC15M-26AUG081800-00,65006.97,0,odds 92c above 79c cap,no,,64973.11,5.21,0,0,0.00,0.00,0.00,0.00,0.00,
2026-08-08 22:15,KXBTC15M-26AUG081815-15,64965.88,0,odds 43c not above 60c,no,,64962.90,0.46,0,0,0.00,0.00,0.00,0.00,0.00,
2026-08-08 22:30,KXBTC15M-26AUG081830-30,64953.47,0,odds 43c not above 60c,no,,64947.94,0.85,0,0,0.00,0.00,0.00,0.00,0.00,
2026-08-08 22:45,KXBTC15M-26AUG081845-45,64947.92,0,odds 88c above 79c cap,no,,64926.25,3.34,0,0,0.00,0.00,0.00,0.00,0.00,
2026-08-08 23:00,KXBTC15M-26AUG081900-00,64925.38,0,odds 89c above 79c cap,no,,64909.31,2.48,0,0,0.00,0.00,0.00,0.00,0.00,
2026-08-08 23:15,KXBTC15M-26AUG081915-15,64899.24,1,,no,75,64884.89,2.21,0,6,4.50,0.08,6.00,1.50,1.42,1
2026-08-08 23:30,KXBTC15M-26AUG081930-30,64890.74,0,odds 97c above 79c cap,yes,,64912.91,3.42,0,0,0.00,0.00,0.00,0.00,0.00,
2026-08-08 23:45,KXBTC15M-26AUG081945-45,64889.43,0,odds 94c above 79c cap,yes,,64915.16,3.97,0,0,0.00,0.00,0.00,0.00,0.00,
2026-08-09 00:00,KXBTC15M-26AUG082000-00,64916.08,0,odds 53c not above 60c,no,,64913.85,0.34,0,0,0.00,0.00,0.00,0.00,0.00,
2026-08-09 00:15,KXBTC15M-26AUG082015-15,64906.50,0,odds 50c not above 60c,yes,,64913.47,1.07,0,0,0.00,0.00,0.00,0.00,0.00,
2026-08-09 00:30,KXBTC15M-26AUG082030-30,64911.32,1,,yes,76,64915.06,0.58,0,6,4.56,0.08,6.00,1.44,1.36,1
2026-08-09 00:45,KXBTC15M-26AUG082045-45,64915.79,0,odds 92c above 79c cap,yes,,64926.75,1.69,0,0,0.00,0.00,0.00,0.00,0.00,
2026-08-09 01:00,KXBTC15M-26AUG082100-00,64919.28,0,odds 46c not above 60c,yes,,64921.70,0.37,0,0,0.00,0.00,0.00,0.00,0.00,
2026-08-09 01:15,KXBTC15M-26AUG082115-15,64923.68,1,,yes,74,64928.32,0.71,0,6,4.44,0.09,6.00,1.56,1.47,1
2026-08-09 01:30,KXBTC15M-26AUG082130-30,64930.83,0,odds 95c above 79c cap,no,,64833.69,14.96,0,0,0.00,0.00,0.00,0.00,0.00,
2026-08-09 01:45,KXBTC15M-26AUG082145-45,64816.67,0,odds 90c above 79c cap,yes,,64823.34,1.03,0,0,0.00,0.00,0.00,0.00,0.00,
2026-08-09 02:00,KXBTC15M-26AUG082200-00,64833.75,1,,no,74,64818.74,2.32,0,6,4.44,0.09,6.00,1.56,1.47,1
2026-08-09 02:15,KXBTC15M-26AUG082215-15,64813.48,0,odds 90c above 79c cap,no,,64798.00,2.39,0,0,0.00,0.00,0.00,0.00,0.00,
2026-08-09 02:30,KXBTC15M-26AUG082230-30,64802.04,0,odds 83c above 79c cap,no,,64788.96,2.02,0,0,0.00,0.00,0.00,0.00,0.00,
2026-08-09 02:45,KXBTC15M-26AUG082245-45,64791.75,1,,no,78,64775.65,2.48,0,6,4.68,0.08,6.00,1.32,1.24,1
2026-08-09 03:00,KXBTC15M-26AUG082300-00,64742.64,0,odds 89c above 79c cap,yes,,64768.14,3.94,0,0,0.00,0.00,0.00,0.00,0.00,
2026-08-09 03:15,KXBTC15M-26AUG082315-15,64771.64,0,odds 95c above 79c cap,no,,64743.98,4.27,0,0,0.00,0.00,0.00,0.00,0.00,
2026-08-09 03:30,KXBTC15M-26AUG082330-30,64711.15,0,odds 96c above 79c cap,yes,,64721.98,1.67,0,0,0.00,0.00,0.00,0.00,0.00,
2026-08-09 03:45,KXBTC15M-26AUG082345-45,64730.75,0,odds 85c above 79c cap,yes,,64743.66,1.99,0,0,0.00,0.00,0.00,0.00,0.00,
2026-08-09 04:00,KXBTC15M-26AUG090000-00,64747.31,0,odds 86c above 79c cap,no,,64729.23,2.79,0,0,0.00,0.00,0.00,0.00,0.00,
2026-08-09 04:15,KXBTC15M-26AUG090015-15,64736.76,0,odds 92c above 79c cap,yes,,64747.30,1.63,0,0,0.00,0.00,0.00,0.00,0.00,
2026-08-09 04:30,KXBTC15M-26AUG090030-30,64766.70,1,,no,75,64757.26,1.46,0,6,4.50,0.08,0.00,-4.50,-4.58,0
2026-08-09 04:45,KXBTC15M-26AUG090045-45,64770.91,1,,no,79,64758.54,1.91,0,6,4.74,0.07,6.00,1.26,1.19,1
2026-08-09 05:00,KXBTC15M-26AUG090100-00,64756.96,0,odds 95c above 79c cap,no,,64727.97,4.48,0,0,0.00,0.00,0.00,0.00,0.00,
2026-08-09 05:15,KXBTC15M-26AUG090115-15,64737.63,0,odds 49c not above 60c,no,,64727.53,1.56,0,0,0.00,0.00,0.00,0.00,0.00,
2026-08-09 05:30,KXBTC15M-26AUG090130-30,64736.43,0,odds 53c not above 60c,no,,64734.17,0.35,0,0,0.00,0.00,0.00,0.00,0.00,
2026-08-09 05:45,KXBTC15M-26AUG090145-45,64733.46,0,odds 36c not above 60c,no,,64730.00,0.53,0,0,0.00,0.00,0.00,0.00,0.00,
2026-08-09 06:00,KXBTC15M-26AUG090200-00,64734.07,0,odds 84c above 79c cap,yes,,64739.62,0.86,0,0,0.00,0.00,0.00,0.00,0.00,
2026-08-09 06:15,KXBTC15M-26AUG090215-15,64746.54,1,,yes,69,64754.59,1.24,0,7,4.83,0.11,7.00,2.17,2.06,1
2026-08-09 06:30,KXBTC15M-26AUG090230-30,64756.97,0,odds 95c above 79c cap,yes,,64783.52,4.10,0,0,0.00,0.00,0.00,0.00,0.00,
2026-08-09 06:45,KXBTC15M-26AUG090245-45,64784.43,0,odds 96c above 79c cap,yes,,64806.26,3.37,0,0,0.00,0.00,0.00,0.00,0.00,
2026-08-09 07:00,KXBTC15M-26AUG090300-00,64802.45,0,odds 46c not above 60c,no,,64799.63,0.44,0,0,0.00,0.00,0.00,0.00,0.00,
2026-08-09 07:15,KXBTC15M-26AUG090315-15,64803.49,0,odds 54c not above 60c,no,,64793.12,1.60,0,0,0.00,0.00,0.00,0.00,0.00,
2026-08-09 07:30,KXBTC15M-26AUG090330-30,64803.95,0,odds 89c above 79c cap,no,,64783.53,3.15,0,0,0.00,0.00,0.00,0.00,0.00,
2026-08-09 07:45,KXBTC15M-26AUG090345-45,64792.01,0,odds 83c above 79c cap,no,,64780.58,1.76,0,0,0.00,0.00,0.00,0.00,0.00,
2026-08-09 08:00,KXBTC15M-26AUG090400-00,64786.97,0,odds 89c above 79c cap,no,,64766.39,3.18,0,0,0.00,0.00,0.00,0.00,0.00,
2026-08-09 08:15,KXBTC15M-26AUG090415-15,64779.87,0,odds 99c above 79c cap,yes,,64866.78,13.42,0,0,0.00,0.00,0.00,0.00,0.00,
2026-08-09 08:30,KXBTC15M-26AUG090430-30,64868.40,0,odds 94c above 79c cap,no,,64848.69,3.04,0,0,0.00,0.00,0.00,0.00,0.00,
2026-08-09 08:45,KXBTC15M-26AUG090445-45,64835.00,0,odds 98c above 79c cap,no,,64771.42,9.81,0,0,0.00,0.00,0.00,0.00,0.00,
2026-08-09 09:00,KXBTC15M-26AUG090500-00,64753.57,1,,yes,76,64758.18,0.71,0,6,4.56,0.08,6.00,1.44,1.36,1
2026-08-09 09:15,KXBTC15M-26AUG090515-15,64771.97,1,,yes,71,64775.96,0.62,0,7,4.97,0.11,7.00,2.03,1.92,1
2026-08-09 09:30,KXBTC15M-26AUG090530-30,64777.46,0,odds 47c not above 60c,yes,,64780.99,0.54,0,0,0.00,0.00,0.00,0.00,0.00,
2026-08-09 09:45,KXBTC15M-26AUG090545-45,64764.09,0,odds 80c above 79c cap,yes,,64768.23,0.64,0,0,0.00,0.00,0.00,0.00,0.00,
2026-08-09 10:00,KXBTC15M-26AUG090600-00,64768.21,0,odds 98c above 79c cap,yes,,64802.43,5.28,0,0,0.00,0.00,0.00,0.00,0.00,
2026-08-09 10:15,KXBTC15M-26AUG090615-15,64814.92,0,odds 98c above 79c cap,yes,,64851.00,5.57,0,0,0.00,0.00,0.00,0.00,0.00,
2026-08-09 10:30,KXBTC15M-26AUG090630-30,64899.66,0,odds 84c above 79c cap,yes,,64900.18,0.08,0,0,0.00,0.00,0.00,0.00,0.00,
2026-08-09 10:45,KXBTC15M-26AUG090645-45,64911.19,0,odds 90c above 79c cap,no,,64892.30,2.91,0,0,0.00,0.00,0.00,0.00,0.00,
2026-08-09 11:00,KXBTC15M-26AUG090700-00,64891.27,0,odds 93c above 79c cap,yes,,64917.57,4.05,0,0,0.00,0.00,0.00,0.00,0.00,
2026-08-09 11:15,KXBTC15M-26AUG090715-15,64909.56,0,odds 88c above 79c cap,yes,,64925.84,2.51,0,0,0.00,0.00,0.00,0.00,0.00,
2026-08-09 11:30,KXBTC15M-26AUG090730-30,64923.79,0,odds 41c not above 60c,yes,,64928.90,0.79,0,0,0.00,0.00,0.00,0.00,0.00,
2026-08-09 11:45,KXBTC15M-26AUG090745-45,64922.47,1,,yes,78,64939.19,2.58,0,6,4.68,0.08,6.00,1.32,1.24,1
2026-08-09 12:00,KXBTC15M-26AUG090800-00,64938.11,0,odds 95c above 79c cap,no,,64909.03,4.48,0,0,0.00,0.00,0.00,0.00,0.00,
2026-08-09 12:15,KXBTC15M-26AUG090815-15,64904.99,0,odds 90c above 79c cap,no,,64885.85,2.95,0,0,0.00,0.00,0.00,0.00,0.00,
2026-08-09 12:30,KXBTC15M-26AUG090830-30,64893.57,0,odds 51c not above 60c,no,,64889.65,0.60,0,0,0.00,0.00,0.00,0.00,0.00,
2026-08-09 12:45,KXBTC15M-26AUG090845-45,64893.83,1,,no,72,64890.46,0.52,0,6,4.32,0.09,6.00,1.68,1.59,1
2026-08-09 13:00,KXBTC15M-26AUG090900-00,64890.37,0,odds 92c above 79c cap,yes,,64896.93,1.01,0,0,0.00,0.00,0.00,0.00,0.00,
2026-08-09 13:15,KXBTC15M-26AUG090915-15,64907.09,0,odds 98c above 79c cap,yes,,64968.57,9.47,0,0,0.00,0.00,0.00,0.00,0.00,
2026-08-09 13:30,KXBTC15M-26AUG090930-30,64972.00,0,odds 95c above 79c cap,yes,,64993.49,3.31,0,0,0.00,0.00,0.00,0.00,0.00,
2026-08-09 13:45,KXBTC15M-26AUG090945-45,65027.83,0,no quote on chosen side at decision time,yes,,65205.74,27.36,0,0,0.00,0.00,0.00,0.00,0.00,
2026-08-09 14:00,KXBTC15M-26AUG091000-00,65172.83,0,odds 32c not above 60c,yes,,65174.69,0.29,0,0,0.00,0.00,0.00,0.00,0.00,
2026-08-09 14:15,KXBTC15M-26AUG091015-15,65171.46,0,odds 59c not above 60c,yes,,65180.97,1.46,0,0,0.00,0.00,0.00,0.00,0.00,
2026-08-09 14:30,KXBTC15M-26AUG091030-30,65189.55,0,odds 99c above 79c cap,no,,65123.79,10.09,0,0,0.00,0.00,0.00,0.00,0.00,
2026-08-09 14:45,KXBTC15M-26AUG091045-45,65140.46,0,odds 90c above 79c cap,no,,65108.07,4.97,0,0,0.00,0.00,0.00,0.00,0.00,
2026-08-09 15:00,KXBTC15M-26AUG091100-00,65119.77,0,odds 96c above 79c cap,yes,,65157.32,5.77,0,0,0.00,0.00,0.00,0.00,0.00,
2026-08-09 15:15,KXBTC15M-26AUG091115-15,65221.06,0,odds 92c above 79c cap,no,,65210.25,1.66,0,0,0.00,0.00,0.00,0.00,0.00,
2026-08-09 15:30,KXBTC15M-26AUG091130-30,65194.32,0,odds 30c not above 60c,yes,,65197.95,0.56,0,0,0.00,0.00,0.00,0.00,0.00,
2026-08-09 15:45,KXBTC15M-26AUG091145-45,65183.93,0,odds 81c above 79c cap,yes,,65187.55,0.56,0,0,0.00,0.00,0.00,0.00,0.00,
2026-08-09 16:00,KXBTC15M-26AUG091200-00,65178.69,0,odds 59c not above 60c,yes,,65178.94,0.04,0,0,0.00,0.00,0.00,0.00,0.00,
2026-08-09 16:15,KXBTC15M-26AUG091215-15,65182.60,0,odds 92c above 79c cap,yes,,65209.67,4.15,0,0,0.00,0.00,0.00,0.00,0.00,
2026-08-09 16:30,KXBTC15M-26AUG091230-30,65189.25,0,odds 98c above 79c cap,no,,65136.64,8.07,0,0,0.00,0.00,0.00,0.00,0.00,
2026-08-09 16:45,KXBTC15M-26AUG091245-45,65137.71,0,odds 96c above 79c cap,yes,,65188.96,7.87,0,0,0.00,0.00,0.00,0.00,0.00,
2026-08-09 17:00,KXBTC15M-26AUG091300-00,65198.37,0,odds 81c above 79c cap,no,,65187.18,1.72,0,0,0.00,0.00,0.00,0.00,0.00,
2026-08-09 17:15,KXBTC15M-26AUG091315-15,65184.78,0,odds 89c above 79c cap,no,,65170.86,2.14,0,0,0.00,0.00,0.00,0.00,0.00,
2026-08-09 17:30,KXBTC15M-26AUG091330-30,65176.60,0,odds 80c above 79c cap,yes,,65185.48,1.36,0,0,0.00,0.00,0.00,0.00,0.00,
2026-08-09 17:45,KXBTC15M-26AUG091345-45,65184.82,0,odds 58c not above 60c,no,,65183.88,0.14,0,0,0.00,0.00,0.00,0.00,0.00,
2026-08-09 18:00,KXBTC15M-26AUG091400-00,65182.91,0,odds 99c above 79c cap,no,,65146.38,5.60,0,0,0.00,0.00,0.00,0.00,0.00,
2026-08-09 18:15,KXBTC15M-26AUG091415-15,65149.17,0,odds 91c above 79c cap,yes,,65156.37,1.11,0,0,0.00,0.00,0.00,0.00,0.00,
2026-08-09 18:30,KXBTC15M-26AUG091430-30,65153.39,0,odds 89c above 79c cap,no,,65153.01,0.06,0,0,0.00,0.00,0.00,0.00,0.00,
2026-08-09 18:45,KXBTC15M-26AUG091445-45,65164.39,1,,yes,69,65170.86,0.99,0,7,4.83,0.11,7.00,2.17,2.06,1
2026-08-09 19:00,KXBTC15M-26AUG091500-00,65165.09,0,odds 91c above 79c cap,no,,65152.76,1.89,0,0,0.00,0.00,0.00,0.00,0.00,
2026-08-09 19:15,KXBTC15M-26AUG091515-15,65147.50,1,,yes,71,65148.15,0.10,0,7,4.97,0.11,0.00,-4.97,-5.08,0
2026-08-09 19:30,KXBTC15M-26AUG091530-30,65142.01,0,odds 98c above 79c cap,yes,,65166.37,3.74,0,0,0.00,0.00,0.00,0.00,0.00,
2026-08-09 19:45,KXBTC15M-26AUG091545-45,65160.13,0,odds 92c above 79c cap,no,,65150.97,1.41,0,0,0.00,0.00,0.00,0.00,0.00,
2026-08-09 20:00,KXBTC15M-26AUG091600-00,65151.43,0,odds 92c above 79c cap,no,,65148.81,0.40,0,0,0.00,0.00,0.00,0.00,0.00,
2026-08-09 20:15,KXBTC15M-26AUG091615-15,65134.83,0,odds 98c above 79c cap,no,,65064.57,10.79,0,0,0.00,0.00,0.00,0.00,0.00,
2026-08-09 20:30,KXBTC15M-26AUG091630-30,65038.17,0,odds 95c above 79c cap,yes,,65064.58,4.06,0,0,0.00,0.00,0.00,0.00,0.00,
2026-08-09 20:45,KXBTC15M-26AUG091645-45,65080.58,0,odds 90c above 79c cap,yes,,65100.00,2.98,0,0,0.00,0.00,0.00,0.00,0.00,
2026-08-09 21:00,KXBTC15M-26AUG091700-00,65096.02,0,odds 43c not above 60c,yes,,65099.02,0.46,0,0,0.00,0.00,0.00,0.00,0.00,
2026-08-09 21:15,KXBTC15M-26AUG091715-15,65092.42,0,odds 49c not above 60c,yes,,65094.75,0.36,0,0,0.00,0.00,0.00,0.00,0.00,
2026-08-09 21:30,KXBTC15M-26AUG091730-30,65087.23,0,odds 54c not above 60c,yes,,65093.85,1.02,0,0,0.00,0.00,0.00,0.00,0.00,
2026-08-09 21:45,KXBTC15M-26AUG091745-45,65090.95,0,odds 99c above 79c cap,yes,,65162.64,11.01,0,0,0.00,0.00,0.00,0.00,0.00,
2026-08-09 22:00,KXBTC15M-26AUG091800-00,65177.36,0,odds 98c above 79c cap,no,,65151.81,3.92,0,0,0.00,0.00,0.00,0.00,0.00,
2026-08-09 22:15,KXBTC15M-26AUG091815-15,65157.62,0,odds 98c above 79c cap,yes,,65222.00,9.88,0,0,0.00,0.00,0.00,0.00,0.00,
2026-08-09 22:30,KXBTC15M-26AUG091830-30,65321.32,0,odds 99c above 79c cap,no,,65185.67,20.77,0,0,0.00,0.00,0.00,0.00,0.00,
2026-08-09 22:45,KXBTC15M-26AUG091845-45,65185.09,0,odds 99c above 79c cap,no,,64956.13,35.12,0,0,0.00,0.00,0.00,0.00,0.00,
2026-08-09 23:00,KXBTC15M-26AUG091900-00,64984.68,0,odds 91c above 79c cap,yes,,65050.81,10.18,0,0,0.00,0.00,0.00,0.00,0.00,
2026-08-09 23:15,KXBTC15M-26AUG091915-15,65030.47,0,odds 96c above 79c cap,no,,64982.61,7.36,0,0,0.00,0.00,0.00,0.00,0.00,
2026-08-09 23:30,KXBTC15M-26AUG091930-30,64992.53,0,odds 96c above 79c cap,no,,64898.77,14.43,0,0,0.00,0.00,0.00,0.00,0.00,
2026-08-09 23:45,KXBTC15M-26AUG091945-45,64876.09,0,odds 90c above 79c cap,no,,64837.95,5.88,0,0,0.00,0.00,0.00,0.00,0.00,
2026-08-10 00:00,KXBTC15M-26AUG092000-00,64855.86,1,,no,78,64801.63,8.36,0,6,4.68,0.08,6.00,1.32,1.24,1
2026-08-10 00:15,KXBTC15M-26AUG092015-15,64854.87,0,odds 98c above 79c cap,yes,,65154.81,46.25,0,0,0.00,0.00,0.00,0.00,0.00,
2026-08-10 00:30,KXBTC15M-26AUG092030-30,65104.69,0,odds 99c above 79c cap,no,,64956.48,22.76,0,0,0.00,0.00,0.00,0.00,0.00,
2026-08-10 00:45,KXBTC15M-26AUG092045-45,64965.04,0,odds 98c above 79c cap,no,,64859.54,16.24,0,0,0.00,0.00,0.00,0.00,0.00,
2026-08-10 01:00,KXBTC15M-26AUG092100-00,64791.80,0,odds 99c above 79c cap,yes,,64968.14,27.22,0,0,0.00,0.00,0.00,0.00,0.00,
2026-08-10 01:15,KXBTC15M-26AUG092115-15,64914.62,1,,yes,77,64975.13,9.32,0,6,4.62,0.08,6.00,1.38,1.30,1
2026-08-10 01:30,KXBTC15M-26AUG092130-30,64949.09,0,odds 93c above 79c cap,yes,,64999.85,7.82,0,0,0.00,0.00,0.00,0.00,0.00,
2026-08-10 01:45,KXBTC15M-26AUG092145-45,64974.15,0,odds 93c above 79c cap,no,,64906.60,10.40,0,0,0.00,0.00,0.00,0.00,0.00,
2026-08-10 02:00,KXBTC15M-26AUG092200-00,64916.83,0,odds 99c above 79c cap,yes,,65137.99,34.07,0,0,0.00,0.00,0.00,0.00,0.00,
2026-08-10 02:15,KXBTC15M-26AUG092215-15,65149.30,0,odds 97c above 79c cap,no,,65080.43,10.57,0,0,0.00,0.00,0.00,0.00,0.00,
2026-08-10 02:30,KXBTC15M-26AUG092230-30,65061.94,0,odds 99c above 79c cap,no,,64868.57,29.72,0,0,0.00,0.00,0.00,0.00,0.00,
2026-08-10 02:45,KXBTC15M-26AUG092245-45,64913.41,0,odds 96c above 79c cap,yes,,64993.47,12.33,0,0,0.00,0.00,0.00,0.00,0.00,
2026-08-10 03:00,KXBTC15M-26AUG092300-00,65152.41,0,odds 99c above 79c cap,no,,65051.14,15.54,0,0,0.00,0.00,0.00,0.00,0.00,
2026-08-10 03:15,KXBTC15M-26AUG092315-15,65049.18,0,odds 87c above 79c cap,no,,65004.34,6.89,0,0,0.00,0.00,0.00,0.00,0.00,
2026-08-10 03:30,KXBTC15M-26AUG092330-30,64926.31,0,odds 99c above 79c cap,yes,,65120.18,29.86,0,0,0.00,0.00,0.00,0.00,0.00,
2026-08-10 03:45,KXBTC15M-26AUG092345-45,65012.99,1,,yes,68,65017.62,0.71,0,7,4.76,0.11,0.00,-4.76,-4.87,0
2026-08-10 04:00,KXBTC15M-26AUG100000-00,64966.65,0,odds 84c above 79c cap,no,,64919.63,7.24,0,0,0.00,0.00,0.00,0.00,0.00,
2026-08-10 04:15,KXBTC15M-26AUG100015-15,64915.98,0,odds 97c above 79c cap,yes,,64985.47,10.70,0,0,0.00,0.00,0.00,0.00,0.00,
2026-08-10 04:30,KXBTC15M-26AUG100030-30,65016.97,0,odds 82c above 79c cap,no,,64996.35,3.17,0,0,0.00,0.00,0.00,0.00,0.00,
2026-08-10 04:45,KXBTC15M-26AUG100045-45,64992.13,0,odds 91c above 79c cap,no,,64882.50,16.87,0,0,0.00,0.00,0.00,0.00,0.00,
2026-08-10 05:00,KXBTC15M-26AUG100100-00,64956.22,1,,yes,76,64960.82,0.71,0,6,4.56,0.08,0.00,-4.56,-4.64,0
2026-08-10 05:15,KXBTC15M-26AUG100115-15,64951.06,0,odds 94c above 79c cap,yes,,64992.99,6.46,0,0,0.00,0.00,0.00,0.00,0.00,
2026-08-10 05:30,KXBTC15M-26AUG100130-30,64939.18,0,odds 94c above 79c cap,yes,,64982.63,6.69,0,0,0.00,0.00,0.00,0.00,0.00,
2026-08-10 05:45,KXBTC15M-26AUG100145-45,64991.01,1,,yes,77,65003.24,1.88,0,6,4.62,0.08,6.00,1.38,1.30,1
2026-08-10 06:00,KXBTC15M-26AUG100200-00,65030.72,0,odds 94c above 79c cap,yes,,65099.41,10.56,0,0,0.00,0.00,0.00,0.00,0.00,
2026-08-10 06:15,KXBTC15M-26AUG100215-15,65086.84,0,odds 89c above 79c cap,yes,,65127.18,6.20,0,0,0.00,0.00,0.00,0.00,0.00,
2026-08-10 06:30,KXBTC15M-26AUG100230-30,65156.78,0,odds 49c not above 60c,no,,65116.60,6.17,0,0,0.00,0.00,0.00,0.00,0.00,
2026-08-10 06:45,KXBTC15M-26AUG100245-45,65118.22,0,odds 88c above 79c cap,yes,,65149.13,4.75,0,0,0.00,0.00,0.00,0.00,0.00,
2026-08-10 07:00,KXBTC15M-26AUG100300-00,65183.99,0,odds 94c above 79c cap,yes,,65218.96,5.36,0,0,0.00,0.00,0.00,0.00,0.00,
2026-08-10 07:15,KXBTC15M-26AUG100315-15,65246.73,0,odds 93c above 79c cap,no,,65224.14,3.46,0,0,0.00,0.00,0.00,0.00,0.00,
2026-08-10 07:30,KXBTC15M-26AUG100330-30,65216.13,0,odds 97c above 79c cap,yes,,65243.26,4.16,0,0,0.00,0.00,0.00,0.00,0.00,
2026-08-10 07:45,KXBTC15M-26AUG100345-45,65272.70,1,,yes,62,65275.22,0.39,0,8,4.96,0.14,8.00,3.04,2.90,1
2026-08-10 08:00,KXBTC15M-26AUG100400-00,65282.90,0,odds 98c above 79c cap,no,,65151.71,20.10,0,0,0.00,0.00,0.00,0.00,0.00,
2026-08-10 08:15,KXBTC15M-26AUG100415-15,65160.44,0,odds 97c above 79c cap,yes,,65215.43,8.44,0,0,0.00,0.00,0.00,0.00,0.00,
2026-08-10 08:30,KXBTC15M-26AUG100430-30,65219.15,0,odds 91c above 79c cap,yes,,65269.76,7.76,0,0,0.00,0.00,0.00,0.00,0.00,
2026-08-10 08:45,KXBTC15M-26AUG100445-45,65242.54,0,odds 97c above 79c cap,no,,65183.98,8.98,0,0,0.00,0.00,0.00,0.00,0.00,
2026-08-10 09:00,KXBTC15M-26AUG100500-00,65176.31,1,,yes,66,65179.05,0.42,0,7,4.62,0.11,7.00,2.38,2.27,1
2026-08-10 09:15,KXBTC15M-26AUG100515-15,65200.45,0,odds 91c above 79c cap,no,,65139.76,9.31,0,0,0.00,0.00,0.00,0.00,0.00,
2026-08-10 09:30,KXBTC15M-26AUG100530-30,65174.95,0,odds 90c above 79c cap,no,,65124.07,7.81,0,0,0.00,0.00,0.00,0.00,0.00,
2026-08-10 09:45,KXBTC15M-26AUG100545-45,65120.23,0,odds 98c above 79c cap,no,,65021.48,15.16,0,0,0.00,0.00,0.00,0.00,0.00,
2026-08-10 10:00,KXBTC15M-26AUG100600-00,65007.08,0,odds 99c above 79c cap,no,,64919.50,13.47,0,0,0.00,0.00,0.00,0.00,0.00,
2026-08-10 10:15,KXBTC15M-26AUG100615-15,64923.37,0,odds 99c above 79c cap,yes,,64975.27,7.99,0,0,0.00,0.00,0.00,0.00,0.00,
2026-08-10 10:30,KXBTC15M-26AUG100630-30,64995.62,0,odds 30c not above 60c,no,,64994.75,0.13,0,0,0.00,0.00,0.00,0.00,0.00,
2026-08-10 10:45,KXBTC15M-26AUG100645-45,64969.58,0,odds 34c not above 60c,no,,64966.51,0.47,0,0,0.00,0.00,0.00,0.00,0.00,
2026-08-10 11:00,KXBTC15M-26AUG100700-00,64960.98,0,odds 17c not above 60c,no,,64949.79,1.72,0,0,0.00,0.00,0.00,0.00,0.00,
2026-08-10 11:15,KXBTC15M-26AUG100715-15,64967.58,0,odds 59c not above 60c,no,,64949.66,2.76,0,0,0.00,0.00,0.00,0.00,0.00,
2026-08-10 11:30,KXBTC15M-26AUG100730-30,64958.38,0,odds 97c above 79c cap,yes,,65006.12,7.35,0,0,0.00,0.00,0.00,0.00,0.00,
2026-08-10 11:45,KXBTC15M-26AUG100745-45,65030.66,1,,no,72,65023.56,1.09,0,6,4.32,0.09,6.00,1.68,1.59,1
2026-08-10 12:00,KXBTC15M-26AUG100800-00,65015.24,0,odds 97c above 79c cap,yes,,65073.96,9.03,0,0,0.00,0.00,0.00,0.00,0.00,
2026-08-10 12:15,KXBTC15M-26AUG100815-15,65079.46,0,odds 95c above 79c cap,yes,,65120.01,6.23,0,0,0.00,0.00,0.00,0.00,0.00,
2026-08-10 12:30,KXBTC15M-26AUG100830-30,65083.18,0,odds 95c above 79c cap,no,,65020.57,9.62,0,0,0.00,0.00,0.00,0.00,0.00,
2026-08-10 12:45,KXBTC15M-26AUG100845-45,65003.14,0,odds 99c above 79c cap,no,,64860.00,22.02,0,0,0.00,0.00,0.00,0.00,0.00,
2026-08-10 13:00,KXBTC15M-26AUG100900-00,64967.31,0,odds 97c above 79c cap,no,,64845.00,18.83,0,0,0.00,0.00,0.00,0.00,0.00,
2026-08-10 13:15,KXBTC15M-26AUG100915-15,64831.54,0,odds 41c not above 60c,no,,64824.19,1.13,0,0,0.00,0.00,0.00,0.00,0.00,
2026-08-10 13:30,KXBTC15M-26AUG100930-30,64833.85,0,odds 96c above 79c cap,yes,,64860.62,4.13,0,0,0.00,0.00,0.00,0.00,0.00,
2026-08-10 13:45,KXBTC15M-26AUG100945-45,64879.16,0,odds 99c above 79c cap,no,,64615.49,40.64,0,0,0.00,0.00,0.00,0.00,0.00,
2026-08-10 14:00,KXBTC15M-26AUG101000-00,64593.12,0,odds 94c above 79c cap,no,,64448.13,22.45,0,0,0.00,0.00,0.00,0.00,0.00,
2026-08-10 14:15,KXBTC15M-26AUG101015-15,64509.78,0,odds 93c above 79c cap,yes,,64560.37,7.84,0,0,0.00,0.00,0.00,0.00,0.00,
2026-08-10 14:30,KXBTC15M-26AUG101030-30,64678.42,0,odds 45c not above 60c,yes,,64687.17,1.35,0,0,0.00,0.00,0.00,0.00,0.00,
2026-08-10 14:45,KXBTC15M-26AUG101045-45,64746.39,0,odds 41c not above 60c,yes,,64753.21,1.05,0,0,0.00,0.00,0.00,0.00,0.00,
2026-08-10 15:00,KXBTC15M-26AUG101100-00,64789.63,0,odds 98c above 79c cap,no,,64593.48,30.27,0,0,0.00,0.00,0.00,0.00,0.00,
2026-08-10 15:15,KXBTC15M-26AUG101115-15,64582.50,0,odds 81c above 79c cap,yes,,64638.27,8.64,0,0,0.00,0.00,0.00,0.00,0.00,
2026-08-10 15:30,KXBTC15M-26AUG101130-30,64525.00,0,odds 99c above 79c cap,no,,64277.39,38.37,0,0,0.00,0.00,0.00,0.00,0.00,
2026-08-10 16:00,KXBTC15M-26AUG101200-00,64292.64,0,odds 96c above 79c cap,no,,64148.80,22.37,0,0,0.00,0.00,0.00,0.00,0.00,
2026-08-10 16:15,KXBTC15M-26AUG101215-15,64241.97,0,odds 85c above 79c cap,no,,64157.25,13.19,0,0,0.00,0.00,0.00,0.00,0.00,
2026-08-10 16:30,KXBTC15M-26AUG101230-30,64169.00,0,odds 94c above 79c cap,no,,64053.62,17.98,0,0,0.00,0.00,0.00,0.00,0.00,
2026-08-10 16:45,KXBTC15M-26AUG101245-45,64068.19,1,,yes,79,64108.27,6.26,0,6,4.74,0.07,0.00,-4.74,-4.81,0
2026-08-10 17:00,KXBTC15M-26AUG101300-00,63936.32,0,odds 99c above 79c cap,no,,63758.49,27.81,0,0,0.00,0.00,0.00,0.00,0.00,
2026-08-10 17:15,KXBTC15M-26AUG101315-15,63832.01,0,odds 88c above 79c cap,yes,,63921.42,14.01,0,0,0.00,0.00,0.00,0.00,0.00,
2026-08-10 17:30,KXBTC15M-26AUG101330-30,63941.66,0,odds 95c above 79c cap,no,,63898.68,6.72,0,0,0.00,0.00,0.00,0.00,0.00,
2026-08-10 17:45,KXBTC15M-26AUG101345-45,63877.01,1,,yes,77,63933.26,8.81,0,6,4.62,0.08,6.00,1.38,1.30,1
2026-08-10 18:00,KXBTC15M-26AUG101400-00,63896.34,0,odds 93c above 79c cap,no,,63824.48,11.25,0,0,0.00,0.00,0.00,0.00,0.00,
2026-08-10 18:15,KXBTC15M-26AUG101415-15,63878.32,1,,yes,76,63927.88,7.76,0,6,4.56,0.08,6.00,1.44,1.36,1
2026-08-10 18:30,KXBTC15M-26AUG101430-30,63895.69,0,odds 81c above 79c cap,yes,,63939.82,6.91,0,0,0.00,0.00,0.00,0.00,0.00,
2026-08-10 18:45,KXBTC15M-26AUG101445-45,63846.18,0,odds 92c above 79c cap,no,,63773.61,11.37,0,0,0.00,0.00,0.00,0.00,0.00,
2026-08-10 19:00,KXBTC15M-26AUG101500-00,63805.95,1,,yes,77,63837.89,5.01,0,6,4.62,0.08,6.00,1.38,1.30,1
2026-08-10 19:15,KXBTC15M-26AUG101515-15,63826.44,0,odds 83c above 79c cap,yes,,63850.18,3.72,0,0,0.00,0.00,0.00,0.00,0.00,
2026-08-10 19:30,KXBTC15M-26AUG101530-30,63862.85,0,odds 98c above 79c cap,yes,,63923.88,9.56,0,0,0.00,0.00,0.00,0.00,0.00,
2026-08-10 19:45,KXBTC15M-26AUG101545-45,63955.60,0,odds 90c above 79c cap,no,,63871.53,13.15,0,0,0.00,0.00,0.00,0.00,0.00,
2026-08-10 20:00,KXBTC15M-26AUG101600-00,63969.47,0,odds 55c not above 60c,no,,63938.58,4.83,0,0,0.00,0.00,0.00,0.00,0.00,
2026-08-10 20:15,KXBTC15M-26AUG101615-15,63970.21,0,odds 89c above 79c cap,yes,,64003.33,5.18,0,0,0.00,0.00,0.00,0.00,0.00,
2026-08-10 20:30,KXBTC15M-26AUG101630-30,63983.48,0,odds 96c above 79c cap,yes,,64033.44,7.81,0,0,0.00,0.00,0.00,0.00,0.00,
2026-08-10 20:45,KXBTC15M-26AUG101645-45,64056.89,0,odds 42c not above 60c,yes,,64067.22,1.61,0,0,0.00,0.00,0.00,0.00,0.00,
2026-08-10 21:00,KXBTC15M-26AUG101700-00,64121.24,0,odds 87c above 79c cap,no,,64095.12,4.07,0,0,0.00,0.00,0.00,0.00,0.00,
2026-08-10 21:15,KXBTC15M-26AUG101715-15,64101.07,0,odds 92c above 79c cap,no,,64043.29,9.01,0,0,0.00,0.00,0.00,0.00,0.00,
2026-08-10 21:30,KXBTC15M-26AUG101730-30,64055.01,0,odds 90c above 79c cap,no,,64019.41,5.56,0,0,0.00,0.00,0.00,0.00,0.00,
2026-08-10 21:45,KXBTC15M-26AUG101745-45,64058.12,0,odds 87c above 79c cap,no,,64004.02,8.45,0,0,0.00,0.00,0.00,0.00,0.00,
2026-08-10 22:00,KXBTC15M-26AUG101800-00,63984.49,0,odds 95c above 79c cap,no,,63933.81,7.92,0,0,0.00,0.00,0.00,0.00,0.00,
2026-08-10 22:15,KXBTC15M-26AUG101815-15,63929.70,0,odds 88c above 79c cap,yes,,63953.99,3.80,0,0,0.00,0.00,0.00,0.00,0.00,
2026-08-10 22:30,KXBTC15M-26AUG101830-30,63985.17,0,odds 90c above 79c cap,no,,63949.24,5.62,0,0,0.00,0.00,0.00,0.00,0.00,
2026-08-10 22:45,KXBTC15M-26AUG101845-45,63953.66,0,odds 96c above 79c cap,no,,63905.97,7.46,0,0,0.00,0.00,0.00,0.00,0.00,
2026-08-10 23:00,KXBTC15M-26AUG101900-00,63925.68,0,odds 89c above 79c cap,yes,,63942.97,2.70,0,0,0.00,0.00,0.00,0.00,0.00,
2026-08-10 23:15,KXBTC15M-26AUG101915-15,63956.95,0,odds 96c above 79c cap,no,,63930.99,4.06,0,0,0.00,0.00,0.00,0.00,0.00,
2026-08-10 23:30,KXBTC15M-26AUG101930-30,63927.02,0,odds 44c not above 60c,no,,63921.17,0.92,0,0,0.00,0.00,0.00,0.00,0.00,
2026-08-10 23:45,KXBTC15M-26AUG101945-45,63938.30,0,odds 95c above 79c cap,no,,63879.99,9.12,0,0,0.00,0.00,0.00,0.00,0.00,
2026-08-11 00:00,KXBTC15M-26AUG102000-00,63915.50,1,,no,75,63904.44,1.73,0,6,4.50,0.08,0.00,-4.50,-4.58,0
2026-08-11 00:15,KXBTC15M-26AUG102015-15,63918.32,0,odds 88c above 79c cap,no,,63876.80,6.50,0,0,0.00,0.00,0.00,0.00,0.00,
2026-08-11 00:30,KXBTC15M-26AUG102030-30,63915.45,0,odds 32c not above 60c,yes,,63925.38,1.55,0,0,0.00,0.00,0.00,0.00,0.00,
2026-08-11 00:45,KXBTC15M-26AUG102045-45,63914.63,1,,yes,67,63917.08,0.38,0,7,4.69,0.11,0.00,-4.69,-4.80,0
2026-08-11 01:00,KXBTC15M-26AUG102100-00,63911.62,0,odds 95c above 79c cap,yes,,63970.09,9.15,0,0,0.00,0.00,0.00,0.00,0.00,
2026-08-11 01:15,KXBTC15M-26AUG102115-15,63982.37,0,odds 14c not above 60c,yes,,63987.65,0.83,0,0,0.00,0.00,0.00,0.00,0.00,
2026-08-11 01:30,KXBTC15M-26AUG102130-30,64005.63,1,,no,62,63976.48,4.55,0,8,4.96,0.14,0.00,-4.96,-5.10,0
2026-08-11 01:45,KXBTC15M-26AUG102145-45,64012.35,0,odds 96c above 79c cap,no,,63957.57,8.56,0,0,0.00,0.00,0.00,0.00,0.00,
2026-08-11 02:00,KXBTC15M-26AUG102200-00,63937.02,0,odds 96c above 79c cap,yes,,63992.35,8.65,0,0,0.00,0.00,0.00,0.00,0.00,
2026-08-11 02:15,KXBTC15M-26AUG102215-15,64010.43,1,,yes,67,64012.29,0.29,0,7,4.69,0.11,0.00,-4.69,-4.80,0
2026-08-11 02:30,KXBTC15M-26AUG102230-30,63988.76,1,,yes,75,63994.01,0.82,0,6,4.50,0.08,6.00,1.50,1.42,1
2026-08-11 02:45,KXBTC15M-26AUG102245-45,63994.94,0,odds 90c above 79c cap,no,,63967.09,4.35,0,0,0.00,0.00,0.00,0.00,0.00,
2026-08-11 03:00,KXBTC15M-26AUG102300-00,63983.56,1,,yes,73,63984.23,0.10,0,6,4.38,0.09,6.00,1.62,1.53,1
2026-08-11 03:15,KXBTC15M-26AUG102315-15,63985.73,0,odds 96c above 79c cap,yes,,64018.04,5.05,0,0,0.00,0.00,0.00,0.00,0.00,
2026-08-11 03:30,KXBTC15M-26AUG102330-30,64040.89,0,odds 97c above 79c cap,yes,,64088.58,7.45,0,0,0.00,0.00,0.00,0.00,0.00,
2026-08-11 03:45,KXBTC15M-26AUG102345-45,64082.36,1,,yes,70,64086.52,0.65,0,7,4.90,0.11,0.00,-4.90,-5.01,0
2026-08-11 04:00,KXBTC15M-26AUG110000-00,64073.95,0,odds 60c not above 60c,no,,64061.06,2.01,0,0,0.00,0.00,0.00,0.00,0.00,
2026-08-11 04:15,KXBTC15M-26AUG110015-15,64078.89,0,odds 84c above 79c cap,no,,64058.96,3.11,0,0,0.00,0.00,0.00,0.00,0.00,
2026-08-11 04:30,KXBTC15M-26AUG110030-30,64067.50,0,odds 81c above 79c cap,no,,64040.34,4.24,0,0,0.00,0.00,0.00,0.00,0.00,
2026-08-11 04:45,KXBTC15M-26AUG110045-45,64051.65,1,,no,78,64034.40,2.69,0,6,4.68,0.08,6.00,1.32,1.24,1
2026-08-11 05:00,KXBTC15M-26AUG110100-00,64041.21,0,odds 97c above 79c cap,no,,63972.74,10.69,0,0,0.00,0.00,0.00,0.00,0.00,
2026-08-11 05:15,KXBTC15M-26AUG110115-15,63979.17,0,odds 89c above 79c cap,yes,,63989.39,1.60,0,0,0.00,0.00,0.00,0.00,0.00,
2026-08-11 05:30,KXBTC15M-26AUG110130-30,63989.44,0,odds 99c above 79c cap,no,,63903.07,13.50,0,0,0.00,0.00,0.00,0.00,0.00,
2026-08-11 05:45,KXBTC15M-26AUG110145-45,63919.38,0,odds 98c above 79c cap,yes,,63964.50,7.06,0,0,0.00,0.00,0.00,0.00,0.00,
2026-08-11 06:00,KXBTC15M-26AUG110200-00,63978.59,0,odds 91c above 79c cap,no,,63944.00,5.41,0,0,0.00,0.00,0.00,0.00,0.00,
2026-08-11 06:15,KXBTC15M-26AUG110215-15,63944.29,0,odds 96c above 79c cap,yes,,63973.57,4.58,0,0,0.00,0.00,0.00,0.00,0.00,
2026-08-11 06:30,KXBTC15M-26AUG110230-30,63973.06,0,odds 97c above 79c cap,no,,63904.35,10.74,0,0,0.00,0.00,0.00,0.00,0.00,
2026-08-11 06:45,KXBTC15M-26AUG110245-45,63881.24,0,odds 85c above 79c cap,yes,,63886.08,0.76,0,0,0.00,0.00,0.00,0.00,0.00,
2026-08-11 07:00,KXBTC15M-26AUG110300-00,63877.76,0,odds 97c above 79c cap,no,,63832.00,7.16,0,0,0.00,0.00,0.00,0.00,0.00,
2026-08-11 07:15,KXBTC15M-26AUG110315-15,63904.29,1,,yes,77,63910.37,0.95,0,6,4.62,0.08,6.00,1.38,1.30,1
2026-08-11 07:30,KXBTC15M-26AUG110330-30,63909.10,0,odds 94c above 79c cap,no,,63856.41,8.24,0,0,0.00,0.00,0.00,0.00,0.00,
2026-08-11 07:45,KXBTC15M-26AUG110345-45,63853.63,0,odds 99c above 79c cap,yes,,64002.66,23.34,0,0,0.00,0.00,0.00,0.00,0.00,
2026-08-11 08:00,KXBTC15M-26AUG110400-00,64013.79,0,odds 80c above 79c cap,no,,63982.46,4.89,0,0,0.00,0.00,0.00,0.00,0.00,
2026-08-11 08:15,KXBTC15M-26AUG110415-15,64004.89,0,odds 39c not above 60c,no,,64004.20,0.11,0,0,0.00,0.00,0.00,0.00,0.00,
2026-08-11 08:30,KXBTC15M-26AUG110430-30,63988.84,0,odds 90c above 79c cap,yes,,64017.15,4.42,0,0,0.00,0.00,0.00,0.00,0.00,
2026-08-11 08:45,KXBTC15M-26AUG110445-45,63999.10,0,odds 92c above 79c cap,yes,,64032.82,5.27,0,0,0.00,0.00,0.00,0.00,0.00,
2026-08-11 09:00,KXBTC15M-26AUG110500-00,64054.45,0,odds 93c above 79c cap,yes,,64080.95,4.14,0,0,0.00,0.00,0.00,0.00,0.00,
2026-08-11 09:15,KXBTC15M-26AUG110515-15,64075.71,0,odds 55c not above 60c,no,,64065.09,1.66,0,0,0.00,0.00,0.00,0.00,0.00,
2026-08-11 09:30,KXBTC15M-26AUG110530-30,64075.25,0,odds 97c above 79c cap,yes,,64129.60,8.48,0,0,0.00,0.00,0.00,0.00,0.00,
2026-08-11 09:45,KXBTC15M-26AUG110545-45,64129.60,0,odds 44c not above 60c,no,,64126.56,0.47,0,0,0.00,0.00,0.00,0.00,0.00,
2026-08-11 10:00,KXBTC15M-26AUG110600-00,64188.30,1,,yes,62,64202.31,2.18,0,8,4.96,0.14,8.00,3.04,2.90,1
2026-08-11 10:15,KXBTC15M-26AUG110615-15,64238.30,1,,no,68,64214.62,3.69,0,7,4.76,0.11,7.00,2.24,2.13,1
2026-08-11 10:30,KXBTC15M-26AUG110630-30,64190.93,0,odds 24c not above 60c,yes,,64194.41,0.54,0,0,0.00,0.00,0.00,0.00,0.00,
2026-08-11 10:45,KXBTC15M-26AUG110645-45,64243.64,0,odds 91c above 79c cap,no,,64219.64,3.74,0,0,0.00,0.00,0.00,0.00,0.00,
2026-08-11 11:00,KXBTC15M-26AUG110700-00,64220.93,0,odds 93c above 79c cap,no,,64160.00,9.49,0,0,0.00,0.00,0.00,0.00,0.00,
2026-08-11 11:15,KXBTC15M-26AUG110715-15,64177.34,0,odds 98c above 79c cap,yes,,64325.99,23.16,0,0,0.00,0.00,0.00,0.00,0.00,
2026-08-11 11:30,KXBTC15M-26AUG110730-30,64306.69,0,odds 83c above 79c cap,no,,64280.59,4.06,0,0,0.00,0.00,0.00,0.00,0.00,
2026-08-11 11:45,KXBTC15M-26AUG110745-45,64286.93,0,odds 60c not above 60c,yes,,64291.78,0.75,0,0,0.00,0.00,0.00,0.00,0.00,
2026-08-11 12:00,KXBTC15M-26AUG110800-00,64290.68,0,odds 96c above 79c cap,yes,,64336.79,7.17,0,0,0.00,0.00,0.00,0.00,0.00,
2026-08-11 12:15,KXBTC15M-26AUG110815-15,64335.34,0,odds 98c above 79c cap,yes,,64396.62,9.53,0,0,0.00,0.00,0.00,0.00,0.00,
2026-08-11 12:30,KXBTC15M-26AUG110830-30,64421.62,0,odds 99c above 79c cap,no,,64245.75,27.30,0,0,0.00,0.00,0.00,0.00,0.00,
2026-08-11 12:45,KXBTC15M-26AUG110845-45,64273.96,0,odds 91c above 79c cap,yes,,64286.13,1.89,0,0,0.00,0.00,0.00,0.00,0.00,
2026-08-11 13:00,KXBTC15M-26AUG110900-00,64279.82,0,odds 54c not above 60c,no,,64272.99,1.06,0,0,0.00,0.00,0.00,0.00,0.00,
2026-08-11 13:15,KXBTC15M-26AUG110915-15,64281.02,0,odds 87c above 79c cap,yes,,64315.85,5.42,0,0,0.00,0.00,0.00,0.00,0.00,
2026-08-11 13:30,KXBTC15M-26AUG110930-30,64269.35,0,odds 98c above 79c cap,no,,64138.57,20.35,0,0,0.00,0.00,0.00,0.00,0.00,
2026-08-11 13:45,KXBTC15M-26AUG110945-45,64140.02,0,odds 86c above 79c cap,no,,64126.10,2.17,0,0,0.00,0.00,0.00,0.00,0.00,
2026-08-11 14:00,KXBTC15M-26AUG111000-00,64130.46,0,odds 88c above 79c cap,no,,64061.67,10.73,0,0,0.00,0.00,0.00,0.00,0.00,
2026-08-11 14:15,KXBTC15M-26AUG111015-15,64140.26,1,,no,63,64127.79,1.94,0,7,4.41,0.12,0.00,-4.41,-4.53,0
2026-08-11 14:30,KXBTC15M-26AUG111030-30,64166.30,0,odds 98c above 79c cap,no,,63965.00,31.37,0,0,0.00,0.00,0.00,0.00,0.00,
2026-08-11 14:45,KXBTC15M-26AUG111045-45,63977.54,0,odds 91c above 79c cap,no,,63875.41,15.96,0,0,0.00,0.00,0.00,0.00,0.00,
2026-08-11 15:00,KXBTC15M-26AUG111100-00,63897.27,0,odds 98c above 79c cap,no,,63675.54,34.70,0,0,0.00,0.00,0.00,0.00,0.00,
2026-08-11 15:15,KXBTC15M-26AUG111115-15,63715.99,0,odds 85c above 79c cap,yes,,63718.33,0.37,0,0,0.00,0.00,0.00,0.00,0.00,
2026-08-11 15:30,KXBTC15M-26AUG111130-30,63737.83,1,,yes,62,63768.27,4.78,0,8,4.96,0.14,8.00,3.04,2.90,1
2026-08-11 15:45,KXBTC15M-26AUG111145-45,63811.15,0,no quote on chosen side at decision time,no,,63464.20,54.37,0,0,0.00,0.00,0.00,0.00,0.00,
2026-08-11 16:00,KXBTC15M-26AUG111200-00,63492.92,0,odds 90c above 79c cap,no,,63456.24,5.78,0,0,0.00,0.00,0.00,0.00,0.00,
2026-08-11 16:15,KXBTC15M-26AUG111215-15,63562.63,1,,yes,62,63596.94,5.40,0,8,4.96,0.14,0.00,-4.96,-5.10,0
2026-08-11 16:30,KXBTC15M-26AUG111230-30,63534.02,0,odds 84c above 79c cap,yes,,63568.68,5.46,0,0,0.00,0.00,0.00,0.00,0.00,
2026-08-11 16:45,KXBTC15M-26AUG111245-45,63537.40,0,odds 91c above 79c cap,no,,63471.14,10.43,0,0,0.00,0.00,0.00,0.00,0.00,
2026-08-11 17:00,KXBTC15M-26AUG111300-00,63448.71,0,odds 49c not above 60c,no,,63443.28,0.86,0,0,0.00,0.00,0.00,0.00,0.00,
2026-08-11 17:15,KXBTC15M-26AUG111315-15,63448.11,0,odds 86c above 79c cap,no,,63406.94,6.49,0,0,0.00,0.00,0.00,0.00,0.00,
2026-08-11 17:30,KXBTC15M-26AUG111330-30,63455.86,0,odds 90c above 79c cap,yes,,63520.33,10.16,0,0,0.00,0.00,0.00,0.00,0.00,
2026-08-11 17:45,KXBTC15M-26AUG111345-45,63505.98,0,odds 87c above 79c cap,no,,63455.01,8.03,0,0,0.00,0.00,0.00,0.00,0.00,
2026-08-11 18:00,KXBTC15M-26AUG111400-00,63503.81,0,odds 84c above 79c cap,yes,,63563.57,9.41,0,0,0.00,0.00,0.00,0.00,0.00,
2026-08-11 18:15,KXBTC15M-26AUG111415-15,63545.61,0,odds 89c above 79c cap,no,,63486.82,9.25,0,0,0.00,0.00,0.00,0.00,0.00,
2026-08-11 18:30,KXBTC15M-26AUG111430-30,63526.84,0,odds 54c not above 60c,no,,63505.09,3.42,0,0,0.00,0.00,0.00,0.00,0.00,
2026-08-11 18:45,KXBTC15M-26AUG111445-45,63436.15,0,odds 96c above 79c cap,no,,63206.98,36.13,0,0,0.00,0.00,0.00,0.00,0.00,
2026-08-11 19:00,KXBTC15M-26AUG111500-00,63261.00,0,odds 92c above 79c cap,yes,,63277.25,2.57,0,0,0.00,0.00,0.00,0.00,0.00,
2026-08-11 19:15,KXBTC15M-26AUG111515-15,63310.36,0,odds 97c above 79c cap,no,,63199.15,17.57,0,0,0.00,0.00,0.00,0.00,0.00,
2026-08-11 19:30,KXBTC15M-26AUG111530-30,63212.94,0,odds 96c above 79c cap,yes,,63302.38,14.15,0,0,0.00,0.00,0.00,0.00,0.00,
2026-08-11 19:45,KXBTC15M-26AUG111545-45,63288.69,0,odds 96c above 79c cap,yes,,63334.98,7.31,0,0,0.00,0.00,0.00,0.00,0.00,
2026-08-11 20:00,KXBTC15M-26AUG111600-00,63382.59,0,odds 85c above 79c cap,yes,,63419.67,5.85,0,0,0.00,0.00,0.00,0.00,0.00,
2026-08-11 20:15,KXBTC15M-26AUG111615-15,63475.93,0,odds 99c above 79c cap,yes,,63633.89,24.89,0,0,0.00,0.00,0.00,0.00,0.00,
2026-08-11 20:30,KXBTC15M-26AUG111630-30,63618.86,0,odds 91c above 79c cap,no,,63553.98,10.20,0,0,0.00,0.00,0.00,0.00,0.00,
2026-08-11 20:45,KXBTC15M-26AUG111645-45,63611.86,0,odds 86c above 79c cap,yes,,63649.85,5.97,0,0,0.00,0.00,0.00,0.00,0.00,
2026-08-11 21:00,KXBTC15M-26AUG111700-00,63617.12,0,odds 95c above 79c cap,yes,,63679.26,9.77,0,0,0.00,0.00,0.00,0.00,0.00,
2026-08-11 21:15,KXBTC15M-26AUG111715-15,63679.42,0,odds 50c not above 60c,no,,63670.72,1.37,0,0,0.00,0.00,0.00,0.00,0.00,
2026-08-11 21:30,KXBTC15M-26AUG111730-30,63678.78,0,odds 93c above 79c cap,no,,63621.77,8.95,0,0,0.00,0.00,0.00,0.00,0.00,
2026-08-11 21:45,KXBTC15M-26AUG111745-45,63613.64,0,odds 86c above 79c cap,no,,63603.50,1.59,0,0,0.00,0.00,0.00,0.00,0.00,
2026-08-11 22:00,KXBTC15M-26AUG111800-00,63609.50,0,odds 35c not above 60c,no,,63607.56,0.30,0,0,0.00,0.00,0.00,0.00,0.00,
2026-08-11 22:15,KXBTC15M-26AUG111815-15,63621.81,0,odds 85c above 79c cap,yes,,63660.31,6.05,0,0,0.00,0.00,0.00,0.00,0.00,
2026-08-11 22:30,KXBTC15M-26AUG111830-30,63676.71,1,,no,71,63649.36,4.30,0,7,4.97,0.11,7.00,2.03,1.92,1
2026-08-11 22:45,KXBTC15M-26AUG111845-45,63659.75,0,odds 91c above 79c cap,no,,63626.99,5.15,0,0,0.00,0.00,0.00,0.00,0.00,
2026-08-11 23:00,KXBTC15M-26AUG111900-00,63597.43,0,odds 45c not above 60c,no,,63595.29,0.34,0,0,0.00,0.00,0.00,0.00,0.00,
2026-08-11 23:15,KXBTC15M-26AUG111915-15,63610.03,0,odds 98c above 79c cap,no,,63528.29,12.85,0,0,0.00,0.00,0.00,0.00,0.00,
2026-08-11 23:30,KXBTC15M-26AUG111930-30,63519.18,1,,yes,72,63527.95,1.38,0,6,4.32,0.09,6.00,1.68,1.59,1
2026-08-11 23:45,KXBTC15M-26AUG111945-45,63538.11,1,,yes,67,63553.32,2.39,0,7,4.69,0.11,7.00,2.31,2.20,1
2026-08-12 00:00,KXBTC15M-26AUG112000-00,63581.35,0,odds 84c above 79c cap,no,,63550.81,4.80,0,0,0.00,0.00,0.00,0.00,0.00,
2026-08-12 00:15,KXBTC15M-26AUG112015-15,63544.77,0,odds 94c above 79c cap,no,,63481.58,9.94,0,0,0.00,0.00,0.00,0.00,0.00,
2026-08-12 00:30,KXBTC15M-26AUG112030-30,63546.01,0,odds 96c above 79c cap,yes,,63623.18,12.14,0,0,0.00,0.00,0.00,0.00,0.00,
2026-08-12 00:45,KXBTC15M-26AUG112045-45,63615.59,0,odds 88c above 79c cap,yes,,63655.22,6.23,0,0,0.00,0.00,0.00,0.00,0.00,
2026-08-12 01:00,KXBTC15M-26AUG112100-00,63657.44,0,odds 86c above 79c cap,yes,,63671.65,2.23,0,0,0.00,0.00,0.00,0.00,0.00,
2026-08-12 01:15,KXBTC15M-26AUG112115-15,63683.84,0,odds 36c not above 60c,yes,,63695.57,1.84,0,0,0.00,0.00,0.00,0.00,0.00,
2026-08-12 01:30,KXBTC15M-26AUG112130-30,63725.99,0,odds 81c above 79c cap,no,,63703.20,3.58,0,0,0.00,0.00,0.00,0.00,0.00,
2026-08-12 01:45,KXBTC15M-26AUG112145-45,63700.44,1,,yes,65,63732.46,5.03,0,7,4.55,0.12,7.00,2.45,2.33,1
2026-08-12 02:00,KXBTC15M-26AUG112200-00,63759.86,0,odds 20c not above 60c,no,,63756.99,0.45,0,0,0.00,0.00,0.00,0.00,0.00,
2026-08-12 02:15,KXBTC15M-26AUG112215-15,63761.23,0,odds 93c above 79c cap,yes,,63793.90,5.12,0,0,0.00,0.00,0.00,0.00,0.00,
2026-08-12 02:30,KXBTC15M-26AUG112230-30,63804.50,0,odds 90c above 79c cap,no,,63753.99,7.92,0,0,0.00,0.00,0.00,0.00,0.00,
2026-08-12 02:45,KXBTC15M-26AUG112245-45,63820.50,0,odds 97c above 79c cap,no,,63697.97,19.20,0,0,0.00,0.00,0.00,0.00,0.00,
2026-08-12 03:00,KXBTC15M-26AUG112300-00,63714.51,0,odds 47c not above 60c,no,,63685.77,4.51,0,0,0.00,0.00,0.00,0.00,0.00,
2026-08-12 03:15,KXBTC15M-26AUG112315-15,63682.59,0,odds 23c not above 60c,no,,63669.32,2.08,0,0,0.00,0.00,0.00,0.00,0.00,
2026-08-12 03:30,KXBTC15M-26AUG112330-30,63659.84,0,odds 92c above 79c cap,yes,,63703.88,6.92,0,0,0.00,0.00,0.00,0.00,0.00,
2026-08-12 03:45,KXBTC15M-26AUG112345-45,63695.22,0,odds 96c above 79c cap,yes,,63773.01,12.21,0,0,0.00,0.00,0.00,0.00,0.00,
2026-08-12 04:00,KXBTC15M-26AUG120000-00,63758.36,0,odds 90c above 79c cap,no,,63733.43,3.91,0,0,0.00,0.00,0.00,0.00,0.00,
2026-08-12 04:15,KXBTC15M-26AUG120015-15,63771.95,0,odds 82c above 79c cap,no,,63745.89,4.09,0,0,0.00,0.00,0.00,0.00,0.00,
2026-08-12 04:30,KXBTC15M-26AUG120030-30,63727.64,0,odds 94c above 79c cap,yes,,63788.13,9.49,0,0,0.00,0.00,0.00,0.00,0.00,
2026-08-12 04:45,KXBTC15M-26AUG120045-45,63753.04,0,odds 92c above 79c cap,no,,63681.79,11.18,0,0,0.00,0.00,0.00,0.00,0.00,
2026-08-12 05:00,KXBTC15M-26AUG120100-00,63711.90,0,odds 92c above 79c cap,yes,,63765.53,8.42,0,0,0.00,0.00,0.00,0.00,0.00,
2026-08-12 05:15,KXBTC15M-26AUG120115-15,63719.60,0,odds 53c not above 60c,yes,,63738.50,2.97,0,0,0.00,0.00,0.00,0.00,0.00,
2026-08-12 05:30,KXBTC15M-26AUG120130-30,63760.64,0,odds 50c not above 60c,yes,,63776.18,2.44,0,0,0.00,0.00,0.00,0.00,0.00,
2026-08-12 05:45,KXBTC15M-26AUG120145-45,63782.30,0,odds 24c not above 60c,no,,63780.97,0.21,0,0,0.00,0.00,0.00,0.00,0.00,
2026-08-12 06:00,KXBTC15M-26AUG120200-00,63792.88,0,odds 90c above 79c cap,no,,63764.15,4.50,0,0,0.00,0.00,0.00,0.00,0.00,
2026-08-12 06:15,KXBTC15M-26AUG120215-15,63794.76,0,odds 95c above 79c cap,no,,63672.72,19.13,0,0,0.00,0.00,0.00,0.00,0.00,
2026-08-12 06:30,KXBTC15M-26AUG120230-30,63648.14,0,odds 92c above 79c cap,no,,63577.45,11.11,0,0,0.00,0.00,0.00,0.00,0.00,
2026-08-12 06:45,KXBTC15M-26AUG120245-45,63582.32,1,,yes,70,63584.44,0.33,0,7,4.90,0.11,7.00,2.10,1.99,1
2026-08-12 07:00,KXBTC15M-26AUG120300-00,63587.07,0,odds 41c not above 60c,yes,,63592.20,0.81,0,0,0.00,0.00,0.00,0.00,0.00,
2026-08-12 07:15,KXBTC15M-26AUG120315-15,63641.36,0,odds 95c above 79c cap,yes,,63703.21,9.72,0,0,0.00,0.00,0.00,0.00,0.00,
2026-08-12 07:30,KXBTC15M-26AUG120330-30,63701.00,0,odds 92c above 79c cap,no,,63662.34,6.07,0,0,0.00,0.00,0.00,0.00,0.00,
2026-08-12 07:45,KXBTC15M-26AUG120345-45,63675.01,0,odds 89c above 79c cap,no,,63633.53,6.51,0,0,0.00,0.00,0.00,0.00,0.00,
2026-08-12 08:00,KXBTC15M-26AUG120400-00,63636.07,0,odds 95c above 79c cap,yes,,63708.75,11.42,0,0,0.00,0.00,0.00,0.00,0.00,
2026-08-12 08:15,KXBTC15M-26AUG120415-15,63759.16,0,odds 40c not above 60c,no,,63738.00,3.32,0,0,0.00,0.00,0.00,0.00,0.00,
2026-08-12 08:30,KXBTC15M-26AUG120430-30,63723.41,0,odds 88c above 79c cap,yes,,63757.59,5.36,0,0,0.00,0.00,0.00,0.00,0.00,
2026-08-12 08:45,KXBTC15M-26AUG120445-45,63759.10,1,,no,76,63721.58,5.88,0,6,4.56,0.08,6.00,1.44,1.36,1
2026-08-12 09:00,KXBTC15M-26AUG120500-00,63717.98,1,,yes,66,63727.85,1.55,0,7,4.62,0.11,7.00,2.38,2.27,1
2026-08-12 09:15,KXBTC15M-26AUG120515-15,63734.45,0,odds 97c above 79c cap,yes,,63799.18,10.16,0,0,0.00,0.00,0.00,0.00,0.00,
2026-08-12 09:30,KXBTC15M-26AUG120530-30,63794.40,0,odds 98c above 79c cap,yes,,63896.40,15.99,0,0,0.00,0.00,0.00,0.00,0.00,
2026-08-12 09:45,KXBTC15M-26AUG120545-45,63908.63,0,odds 97c above 79c cap,yes,,63974.29,10.27,0,0,0.00,0.00,0.00,0.00,0.00,
2026-08-12 10:00,KXBTC15M-26AUG120600-00,63981.90,1,,yes,74,64011.59,4.64,0,6,4.44,0.09,6.00,1.56,1.47,1
2026-08-12 10:15,KXBTC15M-26AUG120615-15,64046.62,1,,yes,67,64087.45,6.38,0,7,4.69,0.11,7.00,2.31,2.20,1
2026-08-12 10:30,KXBTC15M-26AUG120630-30,64073.95,0,odds 94c above 79c cap,no,,64017.52,8.81,0,0,0.00,0.00,0.00,0.00,0.00,
2026-08-12 10:45,KXBTC15M-26AUG120645-45,64016.15,0,odds 92c above 79c cap,yes,,64083.58,10.53,0,0,0.00,0.00,0.00,0.00,0.00,
2026-08-12 11:00,KXBTC15M-26AUG120700-00,64089.54,1,,yes,73,64091.74,0.34,0,6,4.38,0.09,0.00,-4.38,-4.47,0
2026-08-12 11:15,KXBTC15M-26AUG120715-15,64086.24,1,,no,75,64060.00,4.09,0,6,4.50,0.08,6.00,1.50,1.42,1
2026-08-12 11:30,KXBTC15M-26AUG120730-30,64085.00,0,odds 91c above 79c cap,yes,,64109.65,3.85,0,0,0.00,0.00,0.00,0.00,0.00,
2026-08-12 11:45,KXBTC15M-26AUG120745-45,64142.94,0,odds 32c not above 60c,no,,64141.20,0.27,0,0,0.00,0.00,0.00,0.00,0.00,
2026-08-12 12:00,KXBTC15M-26AUG120800-00,64138.62,0,odds 92c above 79c cap,yes,,64173.60,5.45,0,0,0.00,0.00,0.00,0.00,0.00,
2026-08-12 12:15,KXBTC15M-26AUG120815-15,64179.51,0,odds 96c above 79c cap,yes,,64198.14,2.90,0,0,0.00,0.00,0.00,0.00,0.00,
2026-08-12 12:30,KXBTC15M-26AUG120830-30,64220.19,1,,no,61,64206.73,2.10,0,8,4.88,0.14,0.00,-4.88,-5.02,0
2026-08-12 12:45,KXBTC15M-26AUG120845-45,64325.86,0,odds 98c above 79c cap,no,,64062.01,41.02,0,0,0.00,0.00,0.00,0.00,0.00,
2026-08-12 13:00,KXBTC15M-26AUG120900-00,64046.10,1,,yes,75,64076.40,4.73,0,6,4.50,0.08,6.00,1.50,1.42,1
2026-08-12 13:15,KXBTC15M-26AUG120915-15,64065.47,1,,no,75,64022.40,6.72,0,6,4.50,0.08,6.00,1.50,1.42,1
2026-08-12 13:30,KXBTC15M-26AUG120930-30,63905.74,0,odds 50c not above 60c,no,,63889.84,2.49,0,0,0.00,0.00,0.00,0.00,0.00,
2026-08-12 13:45,KXBTC15M-26AUG120945-45,63881.22,0,odds 40c not above 60c,no,,63833.43,7.48,0,0,0.00,0.00,0.00,0.00,0.00,
2026-08-12 14:00,KXBTC15M-26AUG121000-00,63905.68,0,odds 83c above 79c cap,no,,63824.86,12.65,0,0,0.00,0.00,0.00,0.00,0.00,
2026-08-12 14:15,KXBTC15M-26AUG121015-15,63807.56,0,odds 91c above 79c cap,no,,63777.83,4.66,0,0,0.00,0.00,0.00,0.00,0.00,
2026-08-12 14:30,KXBTC15M-26AUG121030-30,63743.05,1,,no,77,63669.34,11.56,0,6,4.62,0.08,6.00,1.38,1.30,1
2026-08-12 14:45,KXBTC15M-26AUG121045-45,63627.16,0,odds 93c above 79c cap,no,,63506.66,18.94,0,0,0.00,0.00,0.00,0.00,0.00,
2026-08-12 15:00,KXBTC15M-26AUG121100-00,63535.73,0,odds 93c above 79c cap,no,,63406.81,20.29,0,0,0.00,0.00,0.00,0.00,0.00,
2026-08-12 15:15,KXBTC15M-26AUG121115-15,63305.96,0,odds 90c above 79c cap,yes,,63398.12,14.56,0,0,0.00,0.00,0.00,0.00,0.00,
2026-08-12 15:30,KXBTC15M-26AUG121130-30,63435.02,1,,no,69,63392.41,6.72,0,7,4.83,0.11,7.00,2.17,2.06,1
2026-08-12 15:45,KXBTC15M-26AUG121145-45,63406.82,1,,yes,76,63410.41,0.57,0,6,4.56,0.08,6.00,1.44,1.36,1
2026-08-12 16:00,KXBTC15M-26AUG121200-00,63476.60,0,odds 83c above 79c cap,no,,63431.41,7.12,0,0,0.00,0.00,0.00,0.00,0.00,
2026-08-12 16:15,KXBTC15M-26AUG121215-15,63367.79,1,,no,63,63334.96,5.18,0,7,4.41,0.12,0.00,-4.41,-4.53,0
2026-08-12 16:30,KXBTC15M-26AUG121230-30,63395.25,0,odds 90c above 79c cap,yes,,63453.60,9.20,0,0,0.00,0.00,0.00,0.00,0.00,
2026-08-12 16:45,KXBTC15M-26AUG121245-45,63483.75,0,odds 58c not above 60c,no,,63482.25,0.24,0,0,0.00,0.00,0.00,0.00,0.00,
2026-08-12 17:00,KXBTC15M-26AUG121300-00,63459.57,0,odds 81c above 79c cap,no,,63447.67,1.88,0,0,0.00,0.00,0.00,0.00,0.00,
2026-08-12 17:15,KXBTC15M-26AUG121315-15,63426.26,0,odds 38c not above 60c,no,,63425.01,0.20,0,0,0.00,0.00,0.00,0.00,0.00,
2026-08-12 17:30,KXBTC15M-26AUG121330-30,63461.58,0,odds 97c above 79c cap,no,,63347.06,18.05,0,0,0.00,0.00,0.00,0.00,0.00,
2026-08-12 17:45,KXBTC15M-26AUG121345-45,63378.37,0,odds 85c above 79c cap,yes,,63409.63,4.93,0,0,0.00,0.00,0.00,0.00,0.00,
2026-08-12 18:00,KXBTC15M-26AUG121400-00,63408.30,0,odds 53c not above 60c,no,,63404.30,0.63,0,0,0.00,0.00,0.00,0.00,0.00,
2026-08-12 18:15,KXBTC15M-26AUG121415-15,63406.35,0,odds 80c above 79c cap,no,,63381.60,3.90,0,0,0.00,0.00,0.00,0.00,0.00,
2026-08-12 18:30,KXBTC15M-26AUG121430-30,63406.62,0,odds 96c above 79c cap,no,,63349.23,9.05,0,0,0.00,0.00,0.00,0.00,0.00,
2026-08-12 18:45,KXBTC15M-26AUG121445-45,63365.53,1,,yes,65,63375.13,1.52,0,7,4.55,0.12,7.00,2.45,2.33,1
2026-08-12 19:00,KXBTC15M-26AUG121500-00,63371.26,0,odds 94c above 79c cap,no,,63323.99,7.46,0,0,0.00,0.00,0.00,0.00,0.00,
2026-08-12 19:15,KXBTC15M-26AUG121515-15,63317.84,0,odds 90c above 79c cap,yes,,63356.38,6.09,0,0,0.00,0.00,0.00,0.00,0.00,
2026-08-12 19:30,KXBTC15M-26AUG121530-30,63324.20,1,,no,73,63254.91,10.94,0,6,4.38,0.09,6.00,1.62,1.53,1
2026-08-12 19:45,KXBTC15M-26AUG121545-45,63313.72,0,odds 80c above 79c cap,no,,63307.85,0.93,0,0,0.00,0.00,0.00,0.00,0.00,
2026-08-12 20:00,KXBTC15M-26AUG121600-00,63283.54,0,odds 86c above 79c cap,yes,,63325.00,6.55,0,0,0.00,0.00,0.00,0.00,0.00,
2026-08-12 20:15,KXBTC15M-26AUG121615-15,63347.13,1,,yes,75,63370.79,3.73,0,6,4.50,0.08,6.00,1.50,1.42,1
2026-08-12 20:30,KXBTC15M-26AUG121630-30,63396.62,0,odds 86c above 79c cap,yes,,63433.00,5.74,0,0,0.00,0.00,0.00,0.00,0.00,
2026-08-12 20:45,KXBTC15M-26AUG121645-45,63442.51,0,odds 94c above 79c cap,yes,,63479.99,5.91,0,0,0.00,0.00,0.00,0.00,0.00,
2026-08-12 21:00,KXBTC15M-26AUG121700-00,63481.15,1,,no,75,63475.20,0.94,0,6,4.50,0.08,0.00,-4.50,-4.58,0
2026-08-12 21:15,KXBTC15M-26AUG121715-15,63522.03,1,,no,65,63519.92,0.33,0,7,4.55,0.12,7.00,2.45,2.33,1
2026-08-12 21:30,KXBTC15M-26AUG121730-30,63521.31,0,odds 87c above 79c cap,no,,63451.05,11.06,0,0,0.00,0.00,0.00,0.00,0.00,
2026-08-12 21:45,KXBTC15M-26AUG121745-45,63433.09,1,,yes,71,63442.44,1.47,0,7,4.97,0.11,7.00,2.03,1.92,1
2026-08-12 22:00,KXBTC15M-26AUG121800-00,63460.88,0,odds 86c above 79c cap,yes,,63465.82,0.78,0,0,0.00,0.00,0.00,0.00,0.00,
2026-08-12 22:15,KXBTC15M-26AUG121815-15,63408.14,0,odds 54c not above 60c,yes,,63445.43,5.88,0,0,0.00,0.00,0.00,0.00,0.00,
2026-08-12 22:30,KXBTC15M-26AUG121830-30,63433.84,1,,yes,76,63453.37,3.08,0,6,4.56,0.08,0.00,-4.56,-4.64,0
2026-08-12 22:45,KXBTC15M-26AUG121845-45,63431.46,0,odds 98c above 79c cap,no,,63325.76,16.66,0,0,0.00,0.00,0.00,0.00,0.00,
2026-08-12 23:00,KXBTC15M-26AUG121900-00,63340.76,0,odds 86c above 79c cap,yes,,63361.04,3.20,0,0,0.00,0.00,0.00,0.00,0.00,
2026-08-12 23:15,KXBTC15M-26AUG121915-15,63366.30,1,,no,70,63353.10,2.08,0,7,4.90,0.11,7.00,2.10,1.99,1
2026-08-12 23:30,KXBTC15M-26AUG121930-30,63348.77,0,odds 80c above 79c cap,no,,63333.08,2.48,0,0,0.00,0.00,0.00,0.00,0.00,
2026-08-12 23:45,KXBTC15M-26AUG121945-45,63344.84,0,odds 96c above 79c cap,yes,,63362.49,2.79,0,0,0.00,0.00,0.00,0.00,0.00,
2026-08-13 00:00,KXBTC15M-26AUG122000-00,63341.34,0,odds 81c above 79c cap,yes,,63355.81,2.28,0,0,0.00,0.00,0.00,0.00,0.00,
2026-08-13 00:15,KXBTC15M-26AUG122015-15,63407.78,0,odds 97c above 79c cap,yes,,63519.51,17.62,0,0,0.00,0.00,0.00,0.00,0.00,
2026-08-13 00:30,KXBTC15M-26AUG122030-30,63530.96,1,,yes,70,63537.81,1.08,0,7,4.90,0.11,7.00,2.10,1.99,1
2026-08-13 00:45,KXBTC15M-26AUG122045-45,63555.68,0,odds 90c above 79c cap,no,,63505.29,7.93,0,0,0.00,0.00,0.00,0.00,0.00,
2026-08-13 01:00,KXBTC15M-26AUG122100-00,63462.20,0,odds 91c above 79c cap,yes,,63506.04,6.91,0,0,0.00,0.00,0.00,0.00,0.00,
2026-08-13 01:15,KXBTC15M-26AUG122115-15,63512.11,0,odds 45c not above 60c,yes,,63527.80,2.47,0,0,0.00,0.00,0.00,0.00,0.00,
2026-08-13 01:30,KXBTC15M-26AUG122130-30,63550.34,0,odds 99c above 79c cap,no,,63348.01,31.84,0,0,0.00,0.00,0.00,0.00,0.00,
2026-08-13 01:45,KXBTC15M-26AUG122145-45,63365.79,0,odds 98c above 79c cap,yes,,63450.00,13.29,0,0,0.00,0.00,0.00,0.00,0.00,
2026-08-13 02:00,KXBTC15M-26AUG122200-00,63370.60,0,odds 93c above 79c cap,yes,,63438.42,10.70,0,0,0.00,0.00,0.00,0.00,0.00,
2026-08-13 02:15,KXBTC15M-26AUG122215-15,63393.81,0,odds 23c not above 60c,no,,63385.49,1.31,0,0,0.00,0.00,0.00,0.00,0.00,
2026-08-13 02:30,KXBTC15M-26AUG122230-30,63398.49,1,,no,67,63396.08,0.38,0,7,4.69,0.11,0.00,-4.69,-4.80,0
2026-08-13 02:45,KXBTC15M-26AUG122245-45,63406.79,0,odds 80c above 79c cap,no,,63350.46,8.88,0,0,0.00,0.00,0.00,0.00,0.00,
2026-08-13 03:00,KXBTC15M-26AUG122300-00,63422.41,0,odds 89c above 79c cap,yes,,63503.55,12.79,0,0,0.00,0.00,0.00,0.00,0.00,
2026-08-13 03:15,KXBTC15M-26AUG122315-15,63482.52,0,odds 80c above 79c cap,no,,63469.48,2.05,0,0,0.00,0.00,0.00,0.00,0.00,
2026-08-13 03:30,KXBTC15M-26AUG122330-30,63511.97,1,,yes,76,63532.27,3.20,0,6,4.56,0.08,0.00,-4.56,-4.64,0
2026-08-13 03:45,KXBTC15M-26AUG122345-45,63508.44,1,,yes,77,63527.87,3.06,0,6,4.62,0.08,6.00,1.38,1.30,1
2026-08-13 04:00,KXBTC15M-26AUG130000-00,63515.00,0,odds 90c above 79c cap,yes,,63587.88,11.47,0,0,0.00,0.00,0.00,0.00,0.00,
2026-08-13 04:15,KXBTC15M-26AUG130015-15,63584.38,1,,no,61,63570.61,2.17,0,8,4.88,0.14,0.00,-4.88,-5.02,0
2026-08-13 04:30,KXBTC15M-26AUG130030-30,63605.94,0,odds 92c above 79c cap,no,,63544.85,9.60,0,0,0.00,0.00,0.00,0.00,0.00,
2026-08-13 04:45,KXBTC15M-26AUG130045-45,63529.83,0,odds 91c above 79c cap,yes,,63619.58,14.13,0,0,0.00,0.00,0.00,0.00,0.00,
2026-08-13 05:00,KXBTC15M-26AUG130100-00,63628.59,0,odds 86c above 79c cap,yes,,63667.18,6.06,0,0,0.00,0.00,0.00,0.00,0.00,
2026-08-13 05:15,KXBTC15M-26AUG130115-15,63631.48,0,odds 94c above 79c cap,yes,,63806.76,27.55,0,0,0.00,0.00,0.00,0.00,0.00,
2026-08-13 05:30,KXBTC15M-26AUG130130-30,63813.54,0,odds 92c above 79c cap,yes,,63864.20,7.94,0,0,0.00,0.00,0.00,0.00,0.00,
2026-08-13 05:45,KXBTC15M-26AUG130145-45,63876.45,0,odds 46c not above 60c,no,,63867.61,1.38,0,0,0.00,0.00,0.00,0.00,0.00,
2026-08-13 06:00,KXBTC15M-26AUG130200-00,63864.15,1,,no,78,63831.11,5.17,0,6,4.68,0.08,6.00,1.32,1.24,1
2026-08-13 06:15,KXBTC15M-26AUG130215-15,63828.20,0,odds 94c above 79c cap,no,,63755.05,11.46,0,0,0.00,0.00,0.00,0.00,0.00,
2026-08-13 06:30,KXBTC15M-26AUG130230-30,63777.35,0,odds 55c not above 60c,no,,63768.70,1.36,0,0,0.00,0.00,0.00,0.00,0.00,
2026-08-13 06:45,KXBTC15M-26AUG130245-45,63766.95,0,odds 96c above 79c cap,no,,63709.20,9.06,0,0,0.00,0.00,0.00,0.00,0.00,
2026-08-13 09:15,KXBTC15M-26AUG130515-15,63708.20,0,odds 99c above 79c cap,no,,63615.13,14.61,0,0,0.00,0.00,0.00,0.00,0.00,
2026-08-13 09:30,KXBTC15M-26AUG130530-30,63587.06,0,odds 98c above 79c cap,yes,,63645.72,9.23,0,0,0.00,0.00,0.00,0.00,0.00,
2026-08-13 09:45,KXBTC15M-26AUG130545-45,63601.22,0,odds 85c above 79c cap,yes,,63618.99,2.79,0,0,0.00,0.00,0.00,0.00,0.00,
2026-08-13 10:00,KXBTC15M-26AUG130600-00,63640.28,0,odds 97c above 79c cap,yes,,63706.21,10.36,0,0,0.00,0.00,0.00,0.00,0.00,
2026-08-13 10:15,KXBTC15M-26AUG130615-15,63720.52,0,odds 99c above 79c cap,no,,63584.21,21.39,0,0,0.00,0.00,0.00,0.00,0.00,
2026-08-13 10:30,KXBTC15M-26AUG130630-30,63564.99,0,odds 55c not above 60c,yes,,63566.86,0.29,0,0,0.00,0.00,0.00,0.00,0.00,
2026-08-13 10:45,KXBTC15M-26AUG130645-45,63568.35,0,odds 80c above 79c cap,no,,63536.01,5.09,0,0,0.00,0.00,0.00,0.00,0.00,
2026-08-13 11:00,KXBTC15M-26AUG130700-00,63574.07,1,,yes,63,63582.11,1.26,0,7,4.41,0.12,7.00,2.59,2.47,1
2026-08-13 11:15,KXBTC15M-26AUG130715-15,63588.69,0,odds 92c above 79c cap,no,,63546.22,6.68,0,0,0.00,0.00,0.00,0.00,0.00,
2026-08-13 11:30,KXBTC15M-26AUG130730-30,63560.44,0,odds 98c above 79c cap,no,,63399.23,25.36,0,0,0.00,0.00,0.00,0.00,0.00,
2026-08-13 11:45,KXBTC15M-26AUG130745-45,63382.17,0,odds 80c above 79c cap,yes,,63385.76,0.57,0,0,0.00,0.00,0.00,0.00,0.00,
2026-08-13 12:00,KXBTC15M-26AUG130800-00,63379.18,0,odds 90c above 79c cap,yes,,63398.26,3.01,0,0,0.00,0.00,0.00,0.00,0.00,
2026-08-13 12:15,KXBTC15M-26AUG130815-15,63413.98,0,odds 94c above 79c cap,yes,,63455.24,6.51,0,0,0.00,0.00,0.00,0.00,0.00,
2026-08-13 12:30,KXBTC15M-26AUG130830-30,63491.15,0,odds 32c not above 60c,no,,63490.32,0.13,0,0,0.00,0.00,0.00,0.00,0.00,
2026-08-13 12:45,KXBTC15M-26AUG130845-45,63512.79,1,,no,61,63479.99,5.16,0,8,4.88,0.14,0.00,-4.88,-5.02,0
2026-08-13 13:00,KXBTC15M-26AUG130900-00,63515.41,0,odds 96c above 79c cap,yes,,63593.81,12.34,0,0,0.00,0.00,0.00,0.00,0.00,
2026-08-13 13:15,KXBTC15M-26AUG130915-15,63629.15,0,odds 92c above 79c cap,yes,,63686.88,9.07,0,0,0.00,0.00,0.00,0.00,0.00,
2026-08-13 13:30,KXBTC15M-26AUG130930-30,63678.79,0,odds 99c above 79c cap,no,,63541.40,21.58,0,0,0.00,0.00,0.00,0.00,0.00,
2026-08-13 13:45,KXBTC15M-26AUG130945-45,63531.59,0,odds 99c above 79c cap,yes,,63755.32,35.22,0,0,0.00,0.00,0.00,0.00,0.00,
2026-08-13 14:00,KXBTC15M-26AUG131000-00,63735.05,1,,no,69,63706.64,4.46,0,7,4.83,0.11,7.00,2.17,2.06,1
2026-08-13 14:15,KXBTC15M-26AUG131015-15,63656.39,0,odds 53c not above 60c,yes,,63667.75,1.78,0,0,0.00,0.00,0.00,0.00,0.00,
2026-08-13 14:30,KXBTC15M-26AUG131030-30,63755.12,1,,yes,61,63789.00,5.31,0,8,4.88,0.14,0.00,-4.88,-5.02,0
2026-08-13 14:45,KXBTC15M-26AUG131045-45,63735.69,0,odds 98c above 79c cap,yes,,63876.11,22.03,0,0,0.00,0.00,0.00,0.00,0.00,
2026-08-13 15:00,KXBTC15M-26AUG131100-00,63897.79,0,odds 85c above 79c cap,no,,63821.29,11.97,0,0,0.00,0.00,0.00,0.00,0.00,
2026-08-13 15:15,KXBTC15M-26AUG131115-15,63814.67,0,odds 87c above 79c cap,no,,63784.16,4.78,0,0,0.00,0.00,0.00,0.00,0.00,
2026-08-13 15:30,KXBTC15M-26AUG131130-30,63767.23,1,,no,73,63686.88,12.60,0,6,4.38,0.09,6.00,1.62,1.53,1
2026-08-13 15:45,KXBTC15M-26AUG131145-45,63558.78,0,odds 96c above 79c cap,yes,,63631.12,11.38,0,0,0.00,0.00,0.00,0.00,0.00,
2026-08-13 16:00,KXBTC15M-26AUG131200-00,63669.64,0,odds 96c above 79c cap,no,,63562.84,16.77,0,0,0.00,0.00,0.00,0.00,0.00,
2026-08-13 16:15,KXBTC15M-26AUG131215-15,63396.75,0,odds 52c not above 60c,yes,,63397.41,0.10,0,0,0.00,0.00,0.00,0.00,0.00,
2026-08-13 16:30,KXBTC15M-26AUG131230-30,63402.51,0,odds 94c above 79c cap,yes,,63486.38,13.23,0,0,0.00,0.00,0.00,0.00,0.00,
2026-08-13 16:45,KXBTC15M-26AUG131245-45,63313.04,0,odds 98c above 79c cap,no,,62953.61,56.77,0,0,0.00,0.00,0.00,0.00,0.00,
2026-08-13 17:00,KXBTC15M-26AUG131300-00,62877.20,0,odds 94c above 79c cap,yes,,63006.43,20.55,0,0,0.00,0.00,0.00,0.00,0.00,
2026-08-13 17:15,KXBTC15M-26AUG131315-15,63074.92,0,odds 55c not above 60c,no,,63046.87,4.45,0,0,0.00,0.00,0.00,0.00,0.00,
2026-08-13 17:30,KXBTC15M-26AUG131330-30,63075.15,0,odds 94c above 79c cap,yes,,63141.21,10.47,0,0,0.00,0.00,0.00,0.00,0.00,
2026-08-13 17:45,KXBTC15M-26AUG131345-45,63122.80,0,odds 40c not above 60c,yes,,63124.57,0.28,0,0,0.00,0.00,0.00,0.00,0.00,
2026-08-13 18:00,KXBTC15M-26AUG131400-00,63151.05,1,,no,64,63131.41,3.11,0,7,4.48,0.12,7.00,2.52,2.40,1
2026-08-13 18:15,KXBTC15M-26AUG131415-15,63086.09,0,odds 90c above 79c cap,yes,,63141.25,8.74,0,0,0.00,0.00,0.00,0.00,0.00,
2026-08-13 18:30,KXBTC15M-26AUG131430-30,63141.86,1,,no,79,63126.05,2.50,0,6,4.74,0.07,6.00,1.26,1.19,1
2026-08-13 18:45,KXBTC15M-26AUG131445-45,63057.15,1,,yes,68,63073.93,2.66,0,7,4.76,0.11,7.00,2.24,2.13,1
2026-08-13 19:00,KXBTC15M-26AUG131500-00,63133.33,0,odds 98c above 79c cap,yes,,63261.84,20.36,0,0,0.00,0.00,0.00,0.00,0.00,
2026-08-13 19:15,KXBTC15M-26AUG131515-15,63243.90,0,odds 98c above 79c cap,yes,,63391.65,23.36,0,0,0.00,0.00,0.00,0.00,0.00,
2026-08-13 19:30,KXBTC15M-26AUG131530-30,63341.80,1,,yes,70,63347.04,0.83,0,7,4.90,0.11,7.00,2.10,1.99,1
2026-08-13 19:45,KXBTC15M-26AUG131545-45,63356.69,0,odds 60c not above 60c,yes,,63360.16,0.55,0,0,0.00,0.00,0.00,0.00,0.00,
2026-08-13 20:00,KXBTC15M-26AUG131600-00,63342.16,0,odds 59c not above 60c,yes,,63351.67,1.50,0,0,0.00,0.00,0.00,0.00,0.00,
2026-08-13 20:15,KXBTC15M-26AUG131615-15,63342.30,0,odds 92c above 79c cap,yes,,63364.75,3.54,0,0,0.00,0.00,0.00,0.00,0.00,
2026-08-13 20:30,KXBTC15M-26AUG131630-30,63348.97,0,odds 84c above 79c cap,yes,,63365.66,2.63,0,0,0.00,0.00,0.00,0.00,0.00,
2026-08-13 20:45,KXBTC15M-26AUG131645-45,63389.25,1,,no,67,63352.73,5.76,0,7,4.69,0.11,7.00,2.31,2.20,1
2026-08-13 21:00,KXBTC15M-26AUG131700-00,63355.25,0,odds 87c above 79c cap,no,,63333.10,3.50,0,0,0.00,0.00,0.00,0.00,0.00,
2026-08-13 21:15,KXBTC15M-26AUG131715-15,63349.91,0,odds 90c above 79c cap,yes,,63383.47,5.30,0,0,0.00,0.00,0.00,0.00,0.00,
2026-08-13 21:30,KXBTC15M-26AUG131730-30,63375.10,0,odds 20c not above 60c,no,,63373.05,0.32,0,0,0.00,0.00,0.00,0.00,0.00,
2026-08-13 21:45,KXBTC15M-26AUG131745-45,63383.48,0,odds 92c above 79c cap,yes,,63402.13,2.94,0,0,0.00,0.00,0.00,0.00,0.00,
2026-08-13 22:00,KXBTC15M-26AUG131800-00,63389.96,0,odds 51c not above 60c,yes,,63398.31,1.32,0,0,0.00,0.00,0.00,0.00,0.00,
2026-08-13 22:15,KXBTC15M-26AUG131815-15,63413.77,0,odds 95c above 79c cap,yes,,63509.99,15.17,0,0,0.00,0.00,0.00,0.00,0.00,
2026-08-13 22:30,KXBTC15M-26AUG131830-30,63549.65,0,odds 56c not above 60c,no,,63549.61,0.01,0,0,0.00,0.00,0.00,0.00,0.00,
2026-08-13 22:45,KXBTC15M-26AUG131845-45,63561.36,0,odds 91c above 79c cap,no,,63505.13,8.85,0,0,0.00,0.00,0.00,0.00,0.00,
2026-08-13 23:00,KXBTC15M-26AUG131900-00,63498.15,0,odds 81c above 79c cap,no,,63471.10,4.26,0,0,0.00,0.00,0.00,0.00,0.00,
2026-08-13 23:15,KXBTC15M-26AUG131915-15,63468.12,0,odds 92c above 79c cap,no,,63446.40,3.42,0,0,0.00,0.00,0.00,0.00,0.00,
2026-08-13 23:30,KXBTC15M-26AUG131930-30,63419.54,1,,no,64,63411.92,1.20,0,7,4.48,0.12,7.00,2.52,2.40,1
2026-08-13 23:45,KXBTC15M-26AUG131945-45,63415.05,1,,no,79,63391.41,3.73,0,6,4.74,0.07,6.00,1.26,1.19,1
2026-08-14 00:00,KXBTC15M-26AUG132000-00,63399.86,0,odds 94c above 79c cap,no,,63355.01,7.07,0,0,0.00,0.00,0.00,0.00,0.00,
2026-08-14 00:15,KXBTC15M-26AUG132015-15,63423.02,0,odds 82c above 79c cap,yes,,63441.32,2.89,0,0,0.00,0.00,0.00,0.00,0.00,
2026-08-14 00:30,KXBTC15M-26AUG132030-30,63445.38,0,odds 90c above 79c cap,yes,,63449.96,0.72,0,0,0.00,0.00,0.00,0.00,0.00,
2026-08-14 00:45,KXBTC15M-26AUG132045-45,63392.76,0,odds 52c not above 60c,yes,,63395.00,0.35,0,0,0.00,0.00,0.00,0.00,0.00,
2026-08-14 01:00,KXBTC15M-26AUG132100-00,63475.99,0,odds 50c not above 60c,no,,63469.23,1.06,0,0,0.00,0.00,0.00,0.00,0.00,
2026-08-14 01:15,KXBTC15M-26AUG132115-15,63481.51,1,,no,67,63460.54,3.30,0,7,4.69,0.11,7.00,2.31,2.20,1
2026-08-14 01:30,KXBTC15M-26AUG132130-30,63455.81,1,,yes,79,63483.97,4.44,0,6,4.74,0.07,0.00,-4.74,-4.81,0
2026-08-14 01:45,KXBTC15M-26AUG132145-45,63431.86,0,odds 81c above 79c cap,yes,,63486.79,8.66,0,0,0.00,0.00,0.00,0.00,0.00,
2026-08-14 02:00,KXBTC15M-26AUG132200-00,63500.43,1,,no,77,63469.14,4.93,0,6,4.62,0.08,0.00,-4.62,-4.70,0
2026-08-14 02:15,KXBTC15M-26AUG132215-15,63510.77,0,odds 81c above 79c cap,yes,,63534.77,3.78,0,0,0.00,0.00,0.00,0.00,0.00,
2026-08-14 02:30,KXBTC15M-26AUG132230-30,63473.76,1,,no,76,63434.74,6.15,0,6,4.56,0.08,6.00,1.44,1.36,1
2026-08-14 02:45,KXBTC15M-26AUG132245-45,63430.31,0,odds 85c above 79c cap,yes,,63437.91,1.20,0,0,0.00,0.00,0.00,0.00,0.00,
2026-08-14 03:00,KXBTC15M-26AUG132300-00,63457.06,1,,yes,73,63464.05,1.10,0,6,4.38,0.09,0.00,-4.38,-4.47,0
2026-08-14 03:15,KXBTC15M-26AUG132315-15,63416.69,1,,no,63,63395.00,3.42,0,7,4.41,0.12,0.00,-4.41,-4.53,0
2026-08-14 03:30,KXBTC15M-26AUG132330-30,63431.71,0,odds 82c above 79c cap,yes,,63461.59,4.71,0,0,0.00,0.00,0.00,0.00,0.00,
2026-08-14 03:45,KXBTC15M-26AUG132345-45,63410.31,0,odds 87c above 79c cap,no,,63314.61,15.09,0,0,0.00,0.00,0.00,0.00,0.00,
2026-08-14 04:00,KXBTC15M-26AUG140000-00,63318.74,1,,no,70,63271.95,7.39,0,7,4.90,0.11,7.00,2.10,1.99,1
2026-08-14 04:15,KXBTC15M-26AUG140015-15,63252.79,0,odds 96c above 79c cap,yes,,63333.36,12.74,0,0,0.00,0.00,0.00,0.00,0.00,
2026-08-14 04:30,KXBTC15M-26AUG140030-30,63341.95,0,odds 83c above 79c cap,no,,63305.91,5.69,0,0,0.00,0.00,0.00,0.00,0.00,
2026-08-14 04:45,KXBTC15M-26AUG140045-45,63354.37,1,,no,74,63346.36,1.26,0,6,4.44,0.09,6.00,1.56,1.47,1
2026-08-14 05:00,KXBTC15M-26AUG140100-00,63329.95,0,odds 60c not above 60c,no,,63319.22,1.69,0,0,0.00,0.00,0.00,0.00,0.00,
2026-08-14 05:15,KXBTC15M-26AUG140115-15,63307.36,0,odds 84c above 79c cap,no,,63279.33,4.43,0,0,0.00,0.00,0.00,0.00,0.00,
2026-08-14 05:30,KXBTC15M-26AUG140130-30,63272.57,0,odds 88c above 79c cap,no,,63258.88,2.16,0,0,0.00,0.00,0.00,0.00,0.00,
2026-08-14 05:45,KXBTC15M-26AUG140145-45,63262.61,0,odds 84c above 79c cap,yes,,63286.30,3.74,0,0,0.00,0.00,0.00,0.00,0.00,
2026-08-14 06:00,KXBTC15M-26AUG140200-00,63290.33,0,odds 84c above 79c cap,yes,,63320.57,4.78,0,0,0.00,0.00,0.00,0.00,0.00,
2026-08-14 06:15,KXBTC15M-26AUG140215-15,63313.15,0,odds 92c above 79c cap,no,,63230.95,12.98,0,0,0.00,0.00,0.00,0.00,0.00,
2026-08-14 06:30,KXBTC15M-26AUG140230-30,63236.99,0,odds 94c above 79c cap,no,,63146.85,14.25,0,0,0.00,0.00,0.00,0.00,0.00,
2026-08-14 06:45,KXBTC15M-26AUG140245-45,63124.29,0,odds 83c above 79c cap,yes,,63135.56,1.79,0,0,0.00,0.00,0.00,0.00,0.00,
2026-08-14 07:00,KXBTC15M-26AUG140300-00,63119.46,0,odds 95c above 79c cap,no,,62994.62,19.78,0,0,0.00,0.00,0.00,0.00,0.00,
2026-08-14 07:30,KXBTC15M-26AUG140330-30,63011.58,0,odds 90c above 79c cap,yes,,63033.77,3.52,0,0,0.00,0.00,0.00,0.00,0.00,
2026-08-14 07:45,KXBTC15M-26AUG140345-45,63033.17,0,odds 98c above 79c cap,no,,62935.23,15.54,0,0,0.00,0.00,0.00,0.00,0.00,
2026-08-14 08:00,KXBTC15M-26AUG140400-00,62957.04,0,odds 91c above 79c cap,no,,62912.37,7.10,0,0,0.00,0.00,0.00,0.00,0.00,
2026-08-14 08:15,KXBTC15M-26AUG140415-15,62862.30,1,,yes,67,62870.00,1.22,0,7,4.69,0.11,0.00,-4.69,-4.80,0
2026-08-14 08:30,KXBTC15M-26AUG140430-30,62847.33,0,odds 96c above 79c cap,no,,62702.26,23.08,0,0,0.00,0.00,0.00,0.00,0.00,
2026-08-14 08:45,KXBTC15M-26AUG140445-45,62720.52,0,odds 92c above 79c cap,yes,,62790.90,11.22,0,0,0.00,0.00,0.00,0.00,0.00,
2026-08-14 09:00,KXBTC15M-26AUG140500-00,62765.49,0,odds 96c above 79c cap,yes,,62842.70,12.30,0,0,0.00,0.00,0.00,0.00,0.00,
2026-08-14 09:15,KXBTC15M-26AUG140515-15,62872.16,0,odds 98c above 79c cap,no,,62784.01,14.02,0,0,0.00,0.00,0.00,0.00,0.00,
2026-08-14 09:30,KXBTC15M-26AUG140530-30,62805.91,0,odds 96c above 79c cap,yes,,62830.57,3.93,0,0,0.00,0.00,0.00,0.00,0.00,
2026-08-14 09:45,KXBTC15M-26AUG140545-45,62743.07,0,odds 92c above 79c cap,no,,62692.63,8.04,0,0,0.00,0.00,0.00,0.00,0.00,
2026-08-14 10:00,KXBTC15M-26AUG140600-00,62700.27,0,odds 94c above 79c cap,yes,,62735.10,5.56,0,0,0.00,0.00,0.00,0.00,0.00,
2026-08-14 10:15,KXBTC15M-26AUG140615-15,62730.99,0,odds 87c above 79c cap,yes,,62761.73,4.90,0,0,0.00,0.00,0.00,0.00,0.00,
2026-08-14 10:30,KXBTC15M-26AUG140630-30,62788.09,0,odds 83c above 79c cap,yes,,62807.05,3.02,0,0,0.00,0.00,0.00,0.00,0.00,
2026-08-14 10:45,KXBTC15M-26AUG140645-45,62809.38,0,odds 81c above 79c cap,yes,,62811.28,0.30,0,0,0.00,0.00,0.00,0.00,0.00,
2026-08-14 11:00,KXBTC15M-26AUG140700-00,62802.79,0,odds 83c above 79c cap,no,,62743.98,9.36,0,0,0.00,0.00,0.00,0.00,0.00,
2026-08-14 11:15,KXBTC15M-26AUG140715-15,62752.57,0,odds 86c above 79c cap,yes,,62777.99,4.05,0,0,0.00,0.00,0.00,0.00,0.00,
2026-08-14 11:30,KXBTC15M-26AUG140730-30,62789.71,0,odds 84c above 79c cap,yes,,62819.95,4.82,0,0,0.00,0.00,0.00,0.00,0.00,
2026-08-14 11:45,KXBTC15M-26AUG140745-45,62828.55,1,,no,70,62774.89,8.54,0,7,4.90,0.11,7.00,2.10,1.99,1
2026-08-14 12:00,KXBTC15M-26AUG140800-00,62819.64,0,odds 92c above 79c cap,yes,,62862.00,6.74,0,0,0.00,0.00,0.00,0.00,0.00,
2026-08-14 12:15,KXBTC15M-26AUG140815-15,62797.72,0,odds 87c above 79c cap,no,,62718.41,12.63,0,0,0.00,0.00,0.00,0.00,0.00,
2026-08-14 12:30,KXBTC15M-26AUG140830-30,62740.73,0,odds 94c above 79c cap,yes,,62807.71,10.68,0,0,0.00,0.00,0.00,0.00,0.00,
2026-08-14 12:45,KXBTC15M-26AUG140845-45,62818.24,0,odds 93c above 79c cap,no,,62727.79,14.40,0,0,0.00,0.00,0.00,0.00,0.00,
2026-08-14 13:00,KXBTC15M-26AUG140900-00,62701.86,1,,yes,65,62712.61,1.71,0,7,4.55,0.12,0.00,-4.55,-4.67,0
2026-08-14 13:15,KXBTC15M-26AUG140915-15,62674.98,0,odds 90c above 79c cap,no,,62558.22,18.63,0,0,0.00,0.00,0.00,0.00,0.00,
2026-08-14 13:30,KXBTC15M-26AUG140930-30,62629.66,1,,yes,75,62654.92,4.03,0,6,4.50,0.08,6.00,1.50,1.42,1
2026-08-14 13:45,KXBTC15M-26AUG140945-45,62712.14,0,odds 92c above 79c cap,no,,62610.00,16.29,0,0,0.00,0.00,0.00,0.00,0.00,
2026-08-14 14:00,KXBTC15M-26AUG141000-00,62626.66,0,odds 80c above 79c cap,no,,62563.36,10.11,0,0,0.00,0.00,0.00,0.00,0.00,
2026-08-14 14:15,KXBTC15M-26AUG141015-15,62578.28,1,,no,72,62573.92,0.70,0,6,4.32,0.09,6.00,1.68,1.59,1
2026-08-14 14:30,KXBTC15M-26AUG141030-30,62545.00,0,odds 40c not above 60c,yes,,62564.01,3.04,0,0,0.00,0.00,0.00,0.00,0.00,
2026-08-14 14:45,KXBTC15M-26AUG141045-45,62608.99,0,odds 95c above 79c cap,yes,,62703.71,15.13,0,0,0.00,0.00,0.00,0.00,0.00,
2026-08-14 15:00,KXBTC15M-26AUG141100-00,62681.94,0,odds 95c above 79c cap,no,,62575.01,17.06,0,0,0.00,0.00,0.00,0.00,0.00,
2026-08-14 15:15,KXBTC15M-26AUG141115-15,62566.69,0,odds 81c above 79c cap,yes,,62631.23,10.32,0,0,0.00,0.00,0.00,0.00,0.00,
2026-08-14 15:30,KXBTC15M-26AUG141130-30,62633.94,0,odds 93c above 79c cap,yes,,62661.09,4.33,0,0,0.00,0.00,0.00,0.00,0.00,
2026-08-14 15:45,KXBTC15M-26AUG141145-45,62731.01,0,odds 99c above 79c cap,yes,,62897.91,26.61,0,0,0.00,0.00,0.00,0.00,0.00,
2026-08-14 16:00,KXBTC15M-26AUG141200-00,62915.70,1,,yes,64,62992.88,12.27,0,7,4.48,0.12,7.00,2.52,2.40,1
2026-08-14 16:15,KXBTC15M-26AUG141215-15,62937.05,0,odds 58c not above 60c,yes,,62997.81,9.65,0,0,0.00,0.00,0.00,0.00,0.00,
2026-08-14 16:30,KXBTC15M-26AUG141230-30,62973.81,0,odds 89c above 79c cap,yes,,63051.35,12.31,0,0,0.00,0.00,0.00,0.00,0.00,
2026-08-14 16:45,KXBTC15M-26AUG141245-45,63055.63,0,odds 94c above 79c cap,yes,,63147.50,14.57,0,0,0.00,0.00,0.00,0.00,0.00,
2026-08-14 17:00,KXBTC15M-26AUG141300-00,63138.83,0,odds 96c above 79c cap,no,,63057.99,12.80,0,0,0.00,0.00,0.00,0.00,0.00,
2026-08-14 17:15,KXBTC15M-26AUG141315-15,63075.56,1,,no,66,63065.07,1.66,0,7,4.62,0.11,0.00,-4.62,-4.73,0
2026-08-14 17:30,KXBTC15M-26AUG141330-30,63109.00,0,odds 91c above 79c cap,yes,,63154.07,7.14,0,0,0.00,0.00,0.00,0.00,0.00,
2026-08-14 17:45,KXBTC15M-26AUG141345-45,63142.12,0,odds 95c above 79c cap,no,,63076.65,10.37,0,0,0.00,0.00,0.00,0.00,0.00,
2026-08-14 18:00,KXBTC15M-26AUG141400-00,63023.16,1,,no,66,62944.45,12.49,0,7,4.62,0.11,7.00,2.38,2.27,1
2026-08-14 18:15,KXBTC15M-26AUG141415-15,62952.14,1,,yes,77,62997.82,7.26,0,6,4.62,0.08,6.00,1.38,1.30,1
2026-08-14 18:30,KXBTC15M-26AUG141430-30,62954.43,0,odds 90c above 79c cap,yes,,62991.44,5.88,0,0,0.00,0.00,0.00,0.00,0.00,
2026-08-14 18:45,KXBTC15M-26AUG141445-45,62972.55,0,odds 90c above 79c cap,no,,62951.73,3.31,0,0,0.00,0.00,0.00,0.00,0.00,
2026-08-14 19:00,KXBTC15M-26AUG141500-00,62909.61,0,odds 97c above 79c cap,no,,62850.42,9.41,0,0,0.00,0.00,0.00,0.00,0.00,
2026-08-14 19:15,KXBTC15M-26AUG141515-15,62857.17,0,odds 89c above 79c cap,no,,62790.01,10.68,0,0,0.00,0.00,0.00,0.00,0.00,
2026-08-14 19:30,KXBTC15M-26AUG141530-30,62794.50,1,,yes,67,62817.26,3.62,0,7,4.69,0.11,7.00,2.31,2.20,1
2026-08-14 19:45,KXBTC15M-26AUG141545-45,62860.19,0,odds 52c not above 60c,yes,,62865.97,0.92,0,0,0.00,0.00,0.00,0.00,0.00,
2026-08-14 20:00,KXBTC15M-26AUG141600-00,62907.23,1,,no,65,62897.43,1.56,0,7,4.55,0.12,7.00,2.45,2.33,1
2026-08-14 20:15,KXBTC15M-26AUG141615-15,62880.83,0,odds 98c above 79c cap,yes,,62938.17,9.12,0,0,0.00,0.00,0.00,0.00,0.00,
2026-08-14 20:30,KXBTC15M-26AUG141630-30,62906.40,0,odds 54c not above 60c,no,,62869.47,5.87,0,0,0.00,0.00,0.00,0.00,0.00,
2026-08-14 20:45,KXBTC15M-26AUG141645-45,62879.90,0,odds 95c above 79c cap,no,,62840.27,6.30,0,0,0.00,0.00,0.00,0.00,0.00,
2026-08-14 21:00,KXBTC15M-26AUG141700-00,62837.65,0,odds 49c not above 60c,yes,,62837.77,0.02,0,0,0.00,0.00,0.00,0.00,0.00,
2026-08-14 21:15,KXBTC15M-26AUG141715-15,62834.84,0,odds 47c not above 60c,no,,62832.91,0.31,0,0,0.00,0.00,0.00,0.00,0.00,
2026-08-14 21:30,KXBTC15M-26AUG141730-30,62834.38,0,odds 49c not above 60c,no,,62834.11,0.04,0,0,0.00,0.00,0.00,0.00,0.00,
2026-08-14 21:45,KXBTC15M-26AUG141745-45,62826.04,0,odds 49c not above 60c,yes,,62842.32,2.59,0,0,0.00,0.00,0.00,0.00,0.00,
2026-08-14 22:00,KXBTC15M-26AUG141800-00,62820.25,0,odds 50c not above 60c,yes,,62823.17,0.46,0,0,0.00,0.00,0.00,0.00,0.00,
2026-08-14 22:15,KXBTC15M-26AUG141815-15,62859.93,1,,no,75,62815.71,7.03,0,6,4.50,0.08,6.00,1.50,1.42,1
2026-08-14 22:30,KXBTC15M-26AUG141830-30,62779.91,1,,no,69,62752.91,4.30,0,7,4.83,0.11,7.00,2.17,2.06,1
2026-08-14 22:45,KXBTC15M-26AUG141845-45,62756.80,0,odds 96c above 79c cap,yes,,62810.26,8.52,0,0,0.00,0.00,0.00,0.00,0.00,
2026-08-14 23:00,KXBTC15M-26AUG141900-00,62816.49,0,odds 56c not above 60c,no,,62803.14,2.13,0,0,0.00,0.00,0.00,0.00,0.00,
2026-08-14 23:15,KXBTC15M-26AUG141915-15,62818.39,1,,yes,66,62831.40,2.07,0,7,4.62,0.11,7.00,2.38,2.27,1
2026-08-14 23:30,KXBTC15M-26AUG141930-30,62860.68,1,,yes,77,62873.12,1.98,0,6,4.62,0.08,6.00,1.38,1.30,1
2026-08-14 23:45,KXBTC15M-26AUG141945-45,62881.13,0,odds 84c above 79c cap,yes,,62919.43,6.09,0,0,0.00,0.00,0.00,0.00,0.00,
2026-08-15 00:00,KXBTC15M-26AUG142000-00,62942.58,0,odds 82c above 79c cap,yes,,62972.70,4.79,0,0,0.00,0.00,0.00,0.00,0.00,
2026-08-15 00:15,KXBTC15M-26AUG142015-15,62973.01,1,,no,78,62963.96,1.44,0,6,4.68,0.08,6.00,1.32,1.24,1
2026-08-15 00:30,KXBTC15M-26AUG142030-30,62947.14,1,,yes,78,62960.22,2.08,0,6,4.68,0.08,0.00,-4.68,-4.76,0
2026-08-15 00:45,KXBTC15M-26AUG142045-45,62937.44,1,,yes,70,62949.99,1.99,0,7,4.90,0.11,7.00,2.10,1.99,1
2026-08-15 01:00,KXBTC15M-26AUG142100-00,62949.05,0,odds 83c above 79c cap,no,,62936.08,2.06,0,0,0.00,0.00,0.00,0.00,0.00,
2026-08-15 01:15,KXBTC15M-26AUG142115-15,62947.15,1,,no,62,62941.36,0.92,0,8,4.96,0.14,8.00,3.04,2.90,1
2026-08-15 01:30,KXBTC15M-26AUG142130-30,62943.02,0,odds 87c above 79c cap,yes,,62970.00,4.29,0,0,0.00,0.00,0.00,0.00,0.00,
2026-08-15 01:45,KXBTC15M-26AUG142145-45,62962.83,1,,yes,74,62968.20,0.85,0,6,4.44,0.09,6.00,1.56,1.47,1
2026-08-15 02:00,KXBTC15M-26AUG142200-00,62965.20,1,,no,67,62955.59,1.53,0,7,4.69,0.11,0.00,-4.69,-4.80,0
2026-08-15 02:15,KXBTC15M-26AUG142215-15,62970.91,1,,yes,65,62985.16,2.26,0,7,4.55,0.12,7.00,2.45,2.33,1
2026-08-15 02:30,KXBTC15M-26AUG142230-30,62984.09,0,odds 93c above 79c cap,yes,,63048.94,10.30,0,0,0.00,0.00,0.00,0.00,0.00,
2026-08-15 02:45,KXBTC15M-26AUG142245-45,63036.06,1,,yes,74,63061.25,4.00,0,6,4.44,0.09,6.00,1.56,1.47,1
2026-08-15 03:00,KXBTC15M-26AUG142300-00,63051.00,1,,yes,76,63063.64,2.00,0,6,4.56,0.08,6.00,1.44,1.36,1
2026-08-15 03:15,KXBTC15M-26AUG142315-15,63070.12,0,odds 52c not above 60c,yes,,63070.81,0.11,0,0,0.00,0.00,0.00,0.00,0.00,
2026-08-15 03:30,KXBTC15M-26AUG142330-30,63080.34,0,odds 90c above 79c cap,no,,63022.95,9.10,0,0,0.00,0.00,0.00,0.00,0.00,
2026-08-15 03:45,KXBTC15M-26AUG142345-45,63029.05,0,odds 90c above 79c cap,no,,62999.90,4.62,0,0,0.00,0.00,0.00,0.00,0.00,
2026-08-15 04:00,KXBTC15M-26AUG150000-00,63001.90,1,,yes,73,63009.37,1.19,0,6,4.38,0.09,0.00,-4.38,-4.47,0
2026-08-15 04:15,KXBTC15M-26AUG150015-15,62989.58,0,odds 85c above 79c cap,yes,,63004.22,2.32,0,0,0.00,0.00,0.00,0.00,0.00,
2026-08-15 04:30,KXBTC15M-26AUG150030-30,63037.90,0,odds 90c above 79c cap,yes,,63055.50,2.79,0,0,0.00,0.00,0.00,0.00,0.00,
2026-08-15 04:45,KXBTC15M-26AUG150045-45,63062.10,0,odds 86c above 79c cap,yes,,63077.18,2.39,0,0,0.00,0.00,0.00,0.00,0.00,
2026-08-15 05:00,KXBTC15M-26AUG150100-00,63079.51,0,odds 89c above 79c cap,no,,63053.98,4.05,0,0,0.00,0.00,0.00,0.00,0.00,
2026-08-15 05:15,KXBTC15M-26AUG150115-15,63057.78,0,odds 94c above 79c cap,yes,,63076.00,2.89,0,0,0.00,0.00,0.00,0.00,0.00,
2026-08-15 05:30,KXBTC15M-26AUG150130-30,63085.30,0,odds 95c above 79c cap,no,,63057.82,4.36,0,0,0.00,0.00,0.00,0.00,0.00,
2026-08-15 05:45,KXBTC15M-26AUG150145-45,63059.71,0,odds 98c above 79c cap,no,,62994.58,10.33,0,0,0.00,0.00,0.00,0.00,0.00,
2026-08-15 06:00,KXBTC15M-26AUG150200-00,63011.14,0,odds 53c not above 60c,no,,62986.60,3.89,0,0,0.00,0.00,0.00,0.00,0.00,
2026-08-15 06:15,KXBTC15M-26AUG150215-15,63020.08,1,,yes,62,63029.87,1.55,0,8,4.96,0.14,0.00,-4.96,-5.10,0
2026-08-15 06:30,KXBTC15M-26AUG150230-30,62984.91,1,,yes,69,63000.73,2.51,0,7,4.83,0.11,0.00,-4.83,-4.94,0
2026-08-15 06:45,KXBTC15M-26AUG150245-45,62978.02,1,,yes,74,62993.10,2.39,0,6,4.44,0.09,6.00,1.56,1.47,1
2026-08-15 07:00,KXBTC15M-26AUG150300-00,63008.46,0,odds 96c above 79c cap,yes,,63066.93,9.28,0,0,0.00,0.00,0.00,0.00,0.00,
2026-08-15 07:15,KXBTC15M-26AUG150315-15,63047.60,0,odds 92c above 79c cap,no,,62998.40,7.80,0,0,0.00,0.00,0.00,0.00,0.00,
2026-08-15 07:30,KXBTC15M-26AUG150330-30,63059.68,0,odds 84c above 79c cap,no,,63029.92,4.72,0,0,0.00,0.00,0.00,0.00,0.00,
2026-08-15 07:45,KXBTC15M-26AUG150345-45,63018.18,0,odds 40c not above 60c,no,,63017.10,0.17,0,0,0.00,0.00,0.00,0.00,0.00,
2026-08-15 08:00,KXBTC15M-26AUG150400-00,63013.86,1,,no,64,62971.60,6.71,0,7,4.48,0.12,7.00,2.52,2.40,1
2026-08-15 08:15,KXBTC15M-26AUG150415-15,63010.29,1,,no,71,62995.04,2.42,0,7,4.97,0.11,7.00,2.03,1.92,1
2026-08-15 08:30,KXBTC15M-26AUG150430-30,62992.21,1,,no,62,62983.27,1.42,0,8,4.96,0.14,8.00,3.04,2.90,1
2026-08-15 08:45,KXBTC15M-26AUG150445-45,62987.82,0,odds 90c above 79c cap,no,,62948.57,6.23,0,0,0.00,0.00,0.00,0.00,0.00,
2026-08-15 09:00,KXBTC15M-26AUG150500-00,62955.31,0,odds 94c above 79c cap,no,,62905.38,7.93,0,0,0.00,0.00,0.00,0.00,0.00,
2026-08-15 09:15,KXBTC15M-26AUG150515-15,62879.36,1,,yes,66,62886.03,1.06,0,7,4.62,0.11,7.00,2.38,2.27,1
2026-08-15 09:30,KXBTC15M-26AUG150530-30,62896.87,1,,yes,61,62903.51,1.06,0,8,4.88,0.14,8.00,3.12,2.98,1
2026-08-15 09:45,KXBTC15M-26AUG150545-45,62914.63,0,odds 96c above 79c cap,yes,,62939.18,3.90,0,0,0.00,0.00,0.00,0.00,0.00,
2026-08-15 10:00,KXBTC15M-26AUG150600-00,62955.91,0,odds 95c above 79c cap,yes,,62979.85,3.80,0,0,0.00,0.00,0.00,0.00,0.00,
2026-08-15 10:15,KXBTC15M-26AUG150615-15,62963.07,0,odds 87c above 79c cap,no,,62946.34,2.66,0,0,0.00,0.00,0.00,0.00,0.00,
2026-08-15 10:30,KXBTC15M-26AUG150630-30,62952.80,0,odds 42c not above 60c,no,,62951.17,0.26,0,0,0.00,0.00,0.00,0.00,0.00,
2026-08-15 10:45,KXBTC15M-26AUG150645-45,62949.66,0,odds 93c above 79c cap,yes,,62962.56,2.05,0,0,0.00,0.00,0.00,0.00,0.00,
2026-08-15 11:00,KXBTC15M-26AUG150700-00,62968.11,1,,no,65,62955.68,1.97,0,7,4.55,0.12,0.00,-4.55,-4.67,0
2026-08-15 11:15,KXBTC15M-26AUG150715-15,62978.87,0,odds 83c above 79c cap,no,,62958.10,3.30,0,0,0.00,0.00,0.00,0.00,0.00,
2026-08-15 11:30,KXBTC15M-26AUG150730-30,62960.50,1,,yes,79,62962.99,0.40,0,6,4.74,0.07,6.00,1.26,1.19,1
2026-08-15 11:45,KXBTC15M-26AUG150745-45,62966.56,1,,yes,75,62970.08,0.56,0,6,4.50,0.08,6.00,1.50,1.42,1
2026-08-15 12:00,KXBTC15M-26AUG150800-00,62979.44,0,odds 90c above 79c cap,no,,62957.33,3.51,0,0,0.00,0.00,0.00,0.00,0.00,
2026-08-15 12:15,KXBTC15M-26AUG150815-15,62957.92,0,odds 92c above 79c cap,no,,62931.73,4.16,0,0,0.00,0.00,0.00,0.00,0.00,
2026-08-15 12:30,KXBTC15M-26AUG150830-30,62926.60,1,,no,62,62917.25,1.49,0,8,4.96,0.14,8.00,3.04,2.90,1
2026-08-15 12:45,KXBTC15M-26AUG150845-45,62923.24,0,odds 87c above 79c cap,no,,62902.42,3.31,0,0,0.00,0.00,0.00,0.00,0.00,
2026-08-15 13:00,KXBTC15M-26AUG150900-00,62901.79,1,,no,64,62900.00,0.28,0,7,4.48,0.12,0.00,-4.48,-4.60,0
2026-08-15 13:15,KXBTC15M-26AUG150915-15,62979.10,0,odds 42c not above 60c,no,,62977.41,0.27,0,0,0.00,0.00,0.00,0.00,0.00,
2026-08-15 13:30,KXBTC15M-26AUG150930-30,62999.51,0,odds 87c above 79c cap,no,,62970.99,4.53,0,0,0.00,0.00,0.00,0.00,0.00,
2026-08-15 13:45,KXBTC15M-26AUG150945-45,62973.23,1,,no,65,62966.24,1.11,0,7,4.55,0.12,7.00,2.45,2.33,1
2026-08-15 14:00,KXBTC15M-26AUG151000-00,62963.65,0,odds 92c above 79c cap,yes,,62977.91,2.26,0,0,0.00,0.00,0.00,0.00,0.00,
2026-08-15 14:15,KXBTC15M-26AUG151015-15,62986.05,0,odds 84c above 79c cap,no,,62969.55,2.62,0,0,0.00,0.00,0.00,0.00,0.00,
2026-08-15 14:30,KXBTC15M-26AUG151030-30,62976.80,0,odds 91c above 79c cap,no,,62959.01,2.82,0,0,0.00,0.00,0.00,0.00,0.00,
2026-08-15 14:45,KXBTC15M-26AUG151045-45,62968.63,0,odds 37c not above 60c,yes,,62974.77,0.98,0,0,0.00,0.00,0.00,0.00,0.00,
2026-08-15 15:00,KXBTC15M-26AUG151100-00,62971.07,0,odds 83c above 79c cap,yes,,62978.19,1.13,0,0,0.00,0.00,0.00,0.00,0.00,
2026-08-15 15:15,KXBTC15M-26AUG151115-15,62978.41,0,odds 82c above 79c cap,no,,62963.74,2.33,0,0,0.00,0.00,0.00,0.00,0.00,
2026-08-15 15:30,KXBTC15M-26AUG151130-30,62973.13,0,odds 92c above 79c cap,yes,,62988.23,2.40,0,0,0.00,0.00,0.00,0.00,0.00,
2026-08-15 15:45,KXBTC15M-26AUG151145-45,63003.93,0,odds 97c above 79c cap,yes,,63048.02,7.00,0,0,0.00,0.00,0.00,0.00,0.00,
2026-08-15 16:00,KXBTC15M-26AUG151200-00,63042.75,0,odds 90c above 79c cap,no,,63022.86,3.16,0,0,0.00,0.00,0.00,0.00,0.00,
2026-08-15 16:15,KXBTC15M-26AUG151215-15,63029.31,1,,no,77,63024.71,0.73,0,6,4.62,0.08,6.00,1.38,1.30,1
2026-08-15 16:30,KXBTC15M-26AUG151230-30,63012.79,0,odds 92c above 79c cap,yes,,63039.23,4.20,0,0,0.00,0.00,0.00,0.00,0.00,
2026-08-15 16:45,KXBTC15M-26AUG151245-45,63049.71,0,odds 90c above 79c cap,no,,63025.48,3.84,0,0,0.00,0.00,0.00,0.00,0.00,
2026-08-15 17:00,KXBTC15M-26AUG151300-00,63029.30,0,odds 55c not above 60c,no,,63022.51,1.08,0,0,0.00,0.00,0.00,0.00,0.00,
2026-08-15 17:15,KXBTC15M-26AUG151315-15,63027.55,0,odds 45c not above 60c,no,,63021.47,0.96,0,0,0.00,0.00,0.00,0.00,0.00,
2026-08-15 17:30,KXBTC15M-26AUG151330-30,63029.50,0,odds 96c above 79c cap,no,,63004.94,3.90,0,0,0.00,0.00,0.00,0.00,0.00,
2026-08-15 17:45,KXBTC15M-26AUG151345-45,63003.44,1,,no,65,62994.80,1.37,0,7,4.55,0.12,7.00,2.45,2.33,1
2026-08-15 18:00,KXBTC15M-26AUG151400-00,63002.56,0,odds 83c above 79c cap,no,,62998.90,0.58,0,0,0.00,0.00,0.00,0.00,0.00,
2026-08-15 18:15,KXBTC15M-26AUG151415-15,63004.55,0,odds 85c above 79c cap,yes,,63026.03,3.41,0,0,0.00,0.00,0.00,0.00,0.00,
2026-08-15 18:30,KXBTC15M-26AUG151430-30,63033.03,0,odds 96c above 79c cap,no,,62987.94,7.15,0,0,0.00,0.00,0.00,0.00,0.00,
2026-08-15 18:45,KXBTC15M-26AUG151445-45,62983.27,0,odds 34c not above 60c,no,,62976.44,1.08,0,0,0.00,0.00,0.00,0.00,0.00,
2026-08-15 19:00,KXBTC15M-26AUG151500-00,62984.80,0,odds 21c not above 60c,no,,62983.37,0.23,0,0,0.00,0.00,0.00,0.00,0.00,
2026-08-15 19:15,KXBTC15M-26AUG151515-15,62991.73,0,odds 94c above 79c cap,yes,,63012.00,3.22,0,0,0.00,0.00,0.00,0.00,0.00,
2026-08-15 19:30,KXBTC15M-26AUG151530-30,63017.26,0,odds 98c above 79c cap,yes,,63047.97,4.87,0,0,0.00,0.00,0.00,0.00,0.00,
2026-08-15 19:45,KXBTC15M-26AUG151545-45,63031.38,0,odds 85c above 79c cap,yes,,63036.89,0.87,0,0,0.00,0.00,0.00,0.00,0.00,
2026-08-15 20:00,KXBTC15M-26AUG151600-00,63040.90,0,odds 94c above 79c cap,yes,,63052.24,1.80,0,0,0.00,0.00,0.00,0.00,0.00,
2026-08-15 20:15,KXBTC15M-26AUG151615-15,63056.46,0,odds 98c above 79c cap,no,,63002.73,8.52,0,0,0.00,0.00,0.00,0.00,0.00,
2026-08-15 20:30,KXBTC15M-26AUG151630-30,63016.79,0,odds 86c above 79c cap,no,,63003.20,2.16,0,0,0.00,0.00,0.00,0.00,0.00,
2026-08-15 20:45,KXBTC15M-26AUG151645-45,63013.87,0,odds 50c not above 60c,no,,63006.63,1.15,0,0,0.00,0.00,0.00,0.00,0.00,
2026-08-15 21:00,KXBTC15M-26AUG151700-00,63019.67,0,odds 93c above 79c cap,yes,,63030.68,1.75,0,0,0.00,0.00,0.00,0.00,0.00,
2026-08-15 21:15,KXBTC15M-26AUG151715-15,63037.69,1,,no,71,63026.40,1.79,0,7,4.97,0.11,0.00,-4.97,-5.08,0
2026-08-15 21:30,KXBTC15M-26AUG151730-30,63040.98,0,odds 94c above 79c cap,yes,,63069.20,4.48,0,0,0.00,0.00,0.00,0.00,0.00,
2026-08-15 21:45,KXBTC15M-26AUG151745-45,63078.64,0,odds 87c above 79c cap,yes,,63088.50,1.56,0,0,0.00,0.00,0.00,0.00,0.00,
2026-08-15 22:00,KXBTC15M-26AUG151800-00,63092.78,0,odds 58c not above 60c,no,,63089.99,0.44,0,0,0.00,0.00,0.00,0.00,0.00,
2026-08-15 22:15,KXBTC15M-26AUG151815-15,63088.04,0,odds 49c not above 60c,no,,63084.52,0.56,0,0,0.00,0.00,0.00,0.00,0.00,
2026-08-15 22:30,KXBTC15M-26AUG151830-30,63082.93,1,,no,73,63075.34,1.20,0,6,4.38,0.09,6.00,1.62,1.53,1
2026-08-15 22:45,KXBTC15M-26AUG151845-45,63081.75,1,,yes,71,63084.10,0.37,0,7,4.97,0.11,7.00,2.03,1.92,1
2026-08-15 23:00,KXBTC15M-26AUG151900-00,63086.63,0,odds 94c above 79c cap,no,,63061.76,3.94,0,0,0.00,0.00,0.00,0.00,0.00,
2026-08-15 23:15,KXBTC15M-26AUG151915-15,63069.18,1,,yes,73,63069.49,0.05,0,6,4.38,0.09,6.00,1.62,1.53,1
2026-08-15 23:30,KXBTC15M-26AUG151930-30,63069.34,0,odds 87c above 79c cap,no,,63041.13,4.47,0,0,0.00,0.00,0.00,0.00,0.00,
2026-08-15 23:45,KXBTC15M-26AUG151945-45,63048.26,1,,no,68,63034.35,2.21,0,7,4.76,0.11,7.00,2.24,2.13,1
2026-08-16 00:00,KXBTC15M-26AUG152000-00,63039.87,0,odds 92c above 79c cap,no,,63016.68,3.68,0,0,0.00,0.00,0.00,0.00,0.00,
2026-08-16 00:15,KXBTC15M-26AUG152015-15,63025.47,0,odds 90c above 79c cap,no,,63009.99,2.46,0,0,0.00,0.00,0.00,0.00,0.00,
2026-08-16 00:30,KXBTC15M-26AUG152030-30,63009.20,0,odds 30c not above 60c,no,,63001.67,1.20,0,0,0.00,0.00,0.00,0.00,0.00,
2026-08-16 00:45,KXBTC15M-26AUG152045-45,63011.16,1,,no,76,63000.03,1.77,0,6,4.56,0.08,0.00,-4.56,-4.64,0
2026-08-16 01:00,KXBTC15M-26AUG152100-00,63013.50,1,,no,64,63004.35,1.45,0,7,4.48,0.12,0.00,-4.48,-4.60,0
2026-08-16 01:15,KXBTC15M-26AUG152115-15,63019.27,0,odds 95c above 79c cap,no,,62978.45,6.48,0,0,0.00,0.00,0.00,0.00,0.00,
2026-08-16 01:30,KXBTC15M-26AUG152130-30,62990.62,0,odds 95c above 79c cap,yes,,63001.01,1.65,0,0,0.00,0.00,0.00,0.00,0.00,
2026-08-16 01:45,KXBTC15M-26AUG152145-45,62995.06,0,odds 95c above 79c cap,no,,62959.03,5.72,0,0,0.00,0.00,0.00,0.00,0.00,
2026-08-16 02:00,KXBTC15M-26AUG152200-00,62995.81,0,odds 80c above 79c cap,no,,62976.93,3.00,0,0,0.00,0.00,0.00,0.00,0.00,
2026-08-16 02:15,KXBTC15M-26AUG152215-15,63011.35,0,odds 91c above 79c cap,no,,62959.34,8.25,0,0,0.00,0.00,0.00,0.00,0.00,
2026-08-16 02:30,KXBTC15M-26AUG152230-30,62960.15,0,odds 96c above 79c cap,yes,,63046.25,13.68,0,0,0.00,0.00,0.00,0.00,0.00,
2026-08-16 02:45,KXBTC15M-26AUG152245-45,63046.48,0,odds 83c above 79c cap,yes,,63060.01,2.15,0,0,0.00,0.00,0.00,0.00,0.00,
2026-08-16 03:00,KXBTC15M-26AUG152300-00,63083.26,0,odds 86c above 79c cap,no,,63058.58,3.91,0,0,0.00,0.00,0.00,0.00,0.00,
2026-08-16 03:15,KXBTC15M-26AUG152315-15,63055.30,0,odds 48c not above 60c,no,,63048.55,1.07,0,0,0.00,0.00,0.00,0.00,0.00,
2026-08-16 03:30,KXBTC15M-26AUG152330-30,63054.62,1,,no,61,63049.17,0.86,0,8,4.88,0.14,8.00,3.12,2.98,1
2026-08-16 03:45,KXBTC15M-26AUG152345-45,63054.21,0,odds 23c not above 60c,no,,63052.50,0.27,0,0,0.00,0.00,0.00,0.00,0.00,
2026-08-16 04:00,KXBTC15M-26AUG160000-00,63055.57,0,odds 43c not above 60c,no,,63053.71,0.29,0,0,0.00,0.00,0.00,0.00,0.00,
2026-08-16 04:15,KXBTC15M-26AUG160015-15,63061.22,0,odds 50c not above 60c,yes,,63061.23,0.00,0,0,0.00,0.00,0.00,0.00,0.00,
2026-08-16 04:30,KXBTC15M-26AUG160030-30,63065.28,0,odds 92c above 79c cap,yes,,63080.57,2.42,0,0,0.00,0.00,0.00,0.00,0.00,
2026-08-16 04:45,KXBTC15M-26AUG160045-45,63084.86,0,odds 96c above 79c cap,no,,63052.99,5.05,0,0,0.00,0.00,0.00,0.00,0.00,
2026-08-16 05:00,KXBTC15M-26AUG160100-00,63055.60,0,odds 26c not above 60c,no,,63051.75,0.61,0,0,0.00,0.00,0.00,0.00,0.00,
2026-08-16 05:15,KXBTC15M-26AUG160115-15,63024.95,0,odds 83c above 79c cap,yes,,63030.00,0.80,0,0,0.00,0.00,0.00,0.00,0.00,
2026-08-16 05:30,KXBTC15M-26AUG160130-30,63030.68,0,odds 89c above 79c cap,no,,63006.97,3.76,0,0,0.00,0.00,0.00,0.00,0.00,
2026-08-16 05:45,KXBTC15M-26AUG160145-45,63006.18,0,odds 83c above 79c cap,yes,,63010.36,0.66,0,0,0.00,0.00,0.00,0.00,0.00,
2026-08-16 06:00,KXBTC15M-26AUG160200-00,62996.88,0,odds 47c not above 60c,no,,62988.03,1.40,0,0,0.00,0.00,0.00,0.00,0.00,
2026-08-16 06:15,KXBTC15M-26AUG160215-15,63005.04,1,,yes,75,63008.64,0.57,0,6,4.50,0.08,0.00,-4.50,-4.58,0
2026-08-16 06:30,KXBTC15M-26AUG160230-30,62997.67,1,,no,72,62979.78,2.84,0,6,4.32,0.09,0.00,-4.32,-4.41,0
2026-08-16 06:45,KXBTC15M-26AUG160245-45,63006.08,1,,no,62,62992.45,2.16,0,8,4.96,0.14,8.00,3.04,2.90,1
2026-08-16 07:00,KXBTC15M-26AUG160300-00,63002.32,0,odds 28c not above 60c,no,,62992.15,1.61,0,0,0.00,0.00,0.00,0.00,0.00,
2026-08-16 07:15,KXBTC15M-26AUG160315-15,63003.28,0,odds 84c above 79c cap,no,,62984.97,2.91,0,0,0.00,0.00,0.00,0.00,0.00,
2026-08-16 07:30,KXBTC15M-26AUG160330-30,62991.40,0,odds 84c above 79c cap,yes,,62994.28,0.46,0,0,0.00,0.00,0.00,0.00,0.00,
2026-08-16 07:45,KXBTC15M-26AUG160345-45,62997.35,0,odds 59c not above 60c,yes,,62997.73,0.06,0,0,0.00,0.00,0.00,0.00,0.00,
2026-08-16 08:00,KXBTC15M-26AUG160400-00,62991.44,0,odds 33c not above 60c,no,,62991.08,0.06,0,0,0.00,0.00,0.00,0.00,0.00,
2026-08-16 08:15,KXBTC15M-26AUG160415-15,62996.65,1,,yes,65,62997.44,0.13,0,7,4.55,0.12,0.00,-4.55,-4.67,0
2026-08-16 08:30,KXBTC15M-26AUG160430-30,62994.51,0,odds 91c above 79c cap,yes,,63004.50,1.59,0,0,0.00,0.00,0.00,0.00,0.00,
2026-08-16 08:45,KXBTC15M-26AUG160445-45,63008.22,0,odds 52c not above 60c,no,,63003.18,0.80,0,0,0.00,0.00,0.00,0.00,0.00,
2026-08-16 09:00,KXBTC15M-26AUG160500-00,63000.46,0,odds 29c not above 60c,no,,63000.20,0.04,0,0,0.00,0.00,0.00,0.00,0.00,
2026-08-16 09:15,KXBTC15M-26AUG160515-15,63004.24,1,,no,67,63000.21,0.64,0,7,4.69,0.11,7.00,2.31,2.20,1
2026-08-16 09:30,KXBTC15M-26AUG160530-30,63002.47,0,odds 31c not above 60c,no,,63000.91,0.25,0,0,0.00,0.00,0.00,0.00,0.00,
2026-08-16 09:45,KXBTC15M-26AUG160545-45,63000.78,0,odds 93c above 79c cap,no,,62977.15,3.75,0,0,0.00,0.00,0.00,0.00,0.00,
2026-08-16 10:00,KXBTC15M-26AUG160600-00,62932.76,0,odds 83c above 79c cap,yes,,62937.08,0.69,0,0,0.00,0.00,0.00,0.00,0.00,
2026-08-16 10:15,KXBTC15M-26AUG160615-15,62925.16,0,odds 56c not above 60c,no,,62915.48,1.54,0,0,0.00,0.00,0.00,0.00,0.00,
2026-08-16 10:30,KXBTC15M-26AUG160630-30,62921.93,1,,yes,70,62927.58,0.90,0,7,4.90,0.11,7.00,2.10,1.99,1
2026-08-16 10:45,KXBTC15M-26AUG160645-45,62942.11,0,odds 58c not above 60c,no,,62937.91,0.67,0,0,0.00,0.00,0.00,0.00,0.00,
2026-08-16 11:00,KXBTC15M-26AUG160700-00,62941.51,1,,no,65,62936.28,0.83,0,7,4.55,0.12,7.00,2.45,2.33,1
2026-08-16 11:15,KXBTC15M-26AUG160715-15,62939.59,0,odds 21c not above 60c,no,,62931.95,1.21,0,0,0.00,0.00,0.00,0.00,0.00,
2026-08-16 11:30,KXBTC15M-26AUG160730-30,62940.25,0,odds 94c above 79c cap,no,,62917.85,3.56,0,0,0.00,0.00,0.00,0.00,0.00,
2026-08-16 11:45,KXBTC15M-26AUG160745-45,62920.65,0,odds 88c above 79c cap,yes,,62928.89,1.31,0,0,0.00,0.00,0.00,0.00,0.00,
2026-08-16 12:00,KXBTC15M-26AUG160800-00,62925.79,1,,no,66,62921.87,0.62,0,7,4.62,0.11,0.00,-4.62,-4.73,0
2026-08-16 12:15,KXBTC15M-26AUG160815-15,62938.46,0,odds 88c above 79c cap,yes,,62951.97,2.15,0,0,0.00,0.00,0.00,0.00,0.00,
2026-08-16 12:30,KXBTC15M-26AUG160830-30,62950.27,1,,no,67,62949.76,0.08,0,7,4.69,0.11,7.00,2.31,2.20,1
2026-08-16 12:45,KXBTC15M-26AUG160845-45,62948.69,0,odds 83c above 79c cap,no,,62935.02,2.17,0,0,0.00,0.00,0.00,0.00,0.00,
2026-08-16 13:00,KXBTC15M-26AUG160900-00,62929.17,0,odds 91c above 79c cap,yes,,62946.06,2.68,0,0,0.00,0.00,0.00,0.00,0.00,
2026-08-16 13:15,KXBTC15M-26AUG160915-15,62945.31,0,odds 97c above 79c cap,yes,,62999.10,8.55,0,0,0.00,0.00,0.00,0.00,0.00,
2026-08-16 13:30,KXBTC15M-26AUG160930-30,62992.76,0,odds 54c not above 60c,yes,,62999.01,0.99,0,0,0.00,0.00,0.00,0.00,0.00,
2026-08-16 13:45,KXBTC15M-26AUG160945-45,62995.31,1,,no,68,62994.64,0.11,0,7,4.76,0.11,0.00,-4.76,-4.87,0
2026-08-16 14:00,KXBTC15M-26AUG161000-00,62996.49,0,odds 56c not above 60c,yes,,62998.36,0.30,0,0,0.00,0.00,0.00,0.00,0.00,
2026-08-16 14:15,KXBTC15M-26AUG161015-15,62994.94,0,odds 47c not above 60c,no,,62994.94,0.00,0,0,0.00,0.00,0.00,0.00,0.00,
2026-08-16 14:30,KXBTC15M-26AUG161030-30,62994.98,0,odds 97c above 79c cap,yes,,63019.54,3.90,0,0,0.00,0.00,0.00,0.00,0.00,
2026-08-16 14:45,KXBTC15M-26AUG161045-45,63017.91,0,odds 83c above 79c cap,yes,,63032.63,2.34,0,0,0.00,0.00,0.00,0.00,0.00,
2026-08-16 15:00,KXBTC15M-26AUG161100-00,63030.40,1,,yes,68,63032.12,0.27,0,7,4.76,0.11,7.00,2.24,2.13,1
2026-08-16 15:15,KXBTC15M-26AUG161115-15,63037.14,1,,yes,76,63050.00,2.04,0,6,4.56,0.08,6.00,1.44,1.36,1
2026-08-16 15:30,KXBTC15M-26AUG161130-30,63040.21,0,odds 35c not above 60c,no,,63039.15,0.17,0,0,0.00,0.00,0.00,0.00,0.00,
2026-08-16 15:45,KXBTC15M-26AUG161145-45,63046.20,0,odds 94c above 79c cap,yes,,63062.85,2.64,0,0,0.00,0.00,0.00,0.00,0.00,
2026-08-16 16:00,KXBTC15M-26AUG161200-00,63054.92,0,odds 50c not above 60c,no,,63053.12,0.29,0,0,0.00,0.00,0.00,0.00,0.00,
2026-08-16 16:15,KXBTC15M-26AUG161215-15,63072.82,0,odds 87c above 79c cap,yes,,63089.19,2.60,0,0,0.00,0.00,0.00,0.00,0.00,
2026-08-16 16:30,KXBTC15M-26AUG161230-30,63139.21,0,odds 99c above 79c cap,yes,,63260.01,19.13,0,0,0.00,0.00,0.00,0.00,0.00,
2026-08-16 16:45,KXBTC15M-26AUG161245-45,63260.46,0,odds 60c not above 60c,no,,63231.83,4.53,0,0,0.00,0.00,0.00,0.00,0.00,
2026-08-16 17:00,KXBTC15M-26AUG161300-00,63227.66,0,odds 94c above 79c cap,no,,63185.99,6.59,0,0,0.00,0.00,0.00,0.00,0.00,
2026-08-16 17:15,KXBTC15M-26AUG161315-15,63191.92,1,,yes,69,63195.59,0.58,0,7,4.83,0.11,0.00,-4.83,-4.94,0
2026-08-16 17:30,KXBTC15M-26AUG161330-30,63155.57,1,,no,74,63125.23,4.80,0,6,4.44,0.09,6.00,1.56,1.47,1
2026-08-16 17:45,KXBTC15M-26AUG161345-45,63130.02,1,,no,68,63121.37,1.37,0,7,4.76,0.11,7.00,2.24,2.13,1
2026-08-16 18:00,KXBTC15M-26AUG161400-00,63077.19,0,odds 90c above 79c cap,yes,,63098.80,3.43,0,0,0.00,0.00,0.00,0.00,0.00,
2026-08-16 18:15,KXBTC15M-26AUG161415-15,63090.61,1,,yes,67,63095.98,0.85,0,7,4.69,0.11,0.00,-4.69,-4.80,0
2026-08-16 18:30,KXBTC15M-26AUG161430-30,63074.42,0,odds 90c above 79c cap,yes,,63097.49,3.66,0,0,0.00,0.00,0.00,0.00,0.00,
2026-08-16 18:45,KXBTC15M-26AUG161445-45,63092.45,1,,no,72,63075.46,2.69,0,6,4.32,0.09,6.00,1.68,1.59,1
2026-08-16 19:00,KXBTC15M-26AUG161500-00,63081.50,1,,no,70,63072.75,1.39,0,7,4.90,0.11,7.00,2.10,1.99,1
2026-08-16 19:15,KXBTC15M-26AUG161515-15,63078.77,0,odds 97c above 79c cap,yes,,63099.16,3.23,0,0,0.00,0.00,0.00,0.00,0.00,
2026-08-16 19:30,KXBTC15M-26AUG161530-30,63112.89,0,odds 92c above 79c cap,yes,,63137.44,3.89,0,0,0.00,0.00,0.00,0.00,0.00,
2026-08-16 19:45,KXBTC15M-26AUG161545-45,63153.87,0,odds 58c not above 60c,no,,63143.79,1.60,0,0,0.00,0.00,0.00,0.00,0.00,
2026-08-16 20:00,KXBTC15M-26AUG161600-00,63109.30,0,odds 94c above 79c cap,no,,63044.43,10.28,0,0,0.00,0.00,0.00,0.00,0.00,
2026-08-16 20:15,KXBTC15M-26AUG161615-15,63048.28,0,odds 89c above 79c cap,yes,,63071.74,3.72,0,0,0.00,0.00,0.00,0.00,0.00,
2026-08-16 20:30,KXBTC15M-26AUG161630-30,63070.59,0,odds 90c above 79c cap,no,,63021.97,7.71,0,0,0.00,0.00,0.00,0.00,0.00,
2026-08-16 20:45,KXBTC15M-26AUG161645-45,63033.28,0,odds 49c not above 60c,no,,63020.24,2.07,0,0,0.00,0.00,0.00,0.00,0.00,
2026-08-16 21:00,KXBTC15M-26AUG161700-00,63007.89,0,odds 43c not above 60c,no,,62993.12,2.34,0,0,0.00,0.00,0.00,0.00,0.00,
2026-08-16 21:15,KXBTC15M-26AUG161715-15,63004.31,0,odds 81c above 79c cap,no,,62982.83,3.41,0,0,0.00,0.00,0.00,0.00,0.00,
2026-08-16 21:30,KXBTC15M-26AUG161730-30,62996.02,0,odds 88c above 79c cap,no,,62975.25,3.30,0,0,0.00,0.00,0.00,0.00,0.00,
2026-08-16 21:45,KXBTC15M-26AUG161745-45,62973.91,0,odds 95c above 79c cap,no,,62784.29,30.11,0,0,0.00,0.00,0.00,0.00,0.00,
2026-08-16 22:00,KXBTC15M-26AUG161800-00,62866.06,0,odds 57c not above 60c,yes,,62903.09,5.89,0,0,0.00,0.00,0.00,0.00,0.00,
2026-08-16 22:15,KXBTC15M-26AUG161815-15,62880.64,0,odds 82c above 79c cap,no,,62857.32,3.71,0,0,0.00,0.00,0.00,0.00,0.00,
2026-08-16 22:30,KXBTC15M-26AUG161830-30,62863.83,0,odds 96c above 79c cap,no,,62778.03,13.65,0,0,0.00,0.00,0.00,0.00,0.00,
2026-08-16 22:45,KXBTC15M-26AUG161845-45,62784.90,0,odds 98c above 79c cap,no,,62642.62,22.66,0,0,0.00,0.00,0.00,0.00,0.00,
2026-08-16 23:00,KXBTC15M-26AUG161900-00,62717.71,0,odds 95c above 79c cap,yes,,62760.44,6.81,0,0,0.00,0.00,0.00,0.00,0.00,
2026-08-16 23:15,KXBTC15M-26AUG161915-15,62834.67,0,odds 96c above 79c cap,yes,,62894.20,9.47,0,0,0.00,0.00,0.00,0.00,0.00,
2026-08-16 23:30,KXBTC15M-26AUG161930-30,62825.47,1,,no,71,62781.17,7.05,0,7,4.97,0.11,7.00,2.03,1.92,1
2026-08-16 23:45,KXBTC15M-26AUG161945-45,62773.11,0,odds 89c above 79c cap,yes,,62787.44,2.28,0,0,0.00,0.00,0.00,0.00,0.00,
2026-08-17 00:00,KXBTC15M-26AUG162000-00,62835.40,0,odds 30c not above 60c,yes,,62840.70,0.84,0,0,0.00,0.00,0.00,0.00,0.00,
2026-08-17 00:15,KXBTC15M-26AUG162015-15,62832.31,1,,no,69,62814.34,2.86,0,7,4.83,0.11,7.00,2.17,2.06,1
2026-08-17 00:30,KXBTC15M-26AUG162030-30,62829.29,0,odds 98c above 79c cap,no,,62705.91,19.64,0,0,0.00,0.00,0.00,0.00,0.00,
2026-08-17 00:45,KXBTC15M-26AUG162045-45,62790.39,0,odds 89c above 79c cap,no,,62724.02,10.57,0,0,0.00,0.00,0.00,0.00,0.00,
2026-08-17 01:00,KXBTC15M-26AUG162100-00,62861.43,1,,no,78,62828.51,5.24,0,6,4.68,0.08,6.00,1.32,1.24,1
2026-08-17 01:15,KXBTC15M-26AUG162115-15,62848.60,0,odds 98c above 79c cap,yes,,63022.95,27.74,0,0,0.00,0.00,0.00,0.00,0.00,
2026-08-17 01:30,KXBTC15M-26AUG162130-30,63006.91,0,odds 88c above 79c cap,yes,,63067.98,9.69,0,0,0.00,0.00,0.00,0.00,0.00,
2026-08-17 01:45,KXBTC15M-26AUG162145-45,63050.76,0,odds 96c above 79c cap,yes,,63153.30,16.26,0,0,0.00,0.00,0.00,0.00,0.00,
2026-08-17 02:00,KXBTC15M-26AUG162200-00,63137.44,0,odds 93c above 79c cap,no,,63061.22,12.07,0,0,0.00,0.00,0.00,0.00,0.00,
2026-08-17 02:15,KXBTC15M-26AUG162215-15,63053.84,0,odds 93c above 79c cap,no,,63003.43,7.99,0,0,0.00,0.00,0.00,0.00,0.00,
2026-08-17 02:30,KXBTC15M-26AUG162230-30,63020.20,0,odds 90c above 79c cap,yes,,63085.44,10.35,0,0,0.00,0.00,0.00,0.00,0.00,
2026-08-17 02:45,KXBTC15M-26AUG162245-45,63122.33,0,odds 96c above 79c cap,yes,,63186.22,10.12,0,0,0.00,0.00,0.00,0.00,0.00,
2026-08-17 03:00,KXBTC15M-26AUG162300-00,63196.00,0,odds 99c above 79c cap,yes,,63345.00,23.58,0,0,0.00,0.00,0.00,0.00,0.00,
2026-08-17 03:15,KXBTC15M-26AUG162315-15,63337.39,1,,no,63,63316.93,3.23,0,7,4.41,0.12,0.00,-4.41,-4.53,0
2026-08-17 03:30,KXBTC15M-26AUG162330-30,63346.28,0,odds 90c above 79c cap,no,,63278.81,10.65,0,0,0.00,0.00,0.00,0.00,0.00,
2026-08-17 03:45,KXBTC15M-26AUG162345-45,63300.06,0,odds 47c not above 60c,no,,63288.53,1.82,0,0,0.00,0.00,0.00,0.00,0.00,
2026-08-17 04:00,KXBTC15M-26AUG170000-00,63297.15,0,odds 98c above 79c cap,yes,,63448.63,23.93,0,0,0.00,0.00,0.00,0.00,0.00,
2026-08-17 04:15,KXBTC15M-26AUG170015-15,63372.82,0,odds 90c above 79c cap,yes,,63440.55,10.69,0,0,0.00,0.00,0.00,0.00,0.00,
2026-08-17 04:30,KXBTC15M-26AUG170030-30,63441.68,0,odds 41c not above 60c,yes,,63443.69,0.32,0,0,0.00,0.00,0.00,0.00,0.00,
2026-08-17 04:45,KXBTC15M-26AUG170045-45,63443.17,0,odds 51c not above 60c,yes,,63450.11,1.09,0,0,0.00,0.00,0.00,0.00,0.00,
2026-08-17 05:00,KXBTC15M-26AUG170100-00,63441.03,0,odds 84c above 79c cap,yes,,63492.34,8.09,0,0,0.00,0.00,0.00,0.00,0.00,
2026-08-17 05:15,KXBTC15M-26AUG170115-15,63480.63,0,odds 85c above 79c cap,no,,63417.98,9.87,0,0,0.00,0.00,0.00,0.00,0.00,
2026-08-17 05:30,KXBTC15M-26AUG170130-30,63485.16,0,odds 31c not above 60c,no,,63481.38,0.60,0,0,0.00,0.00,0.00,0.00,0.00,
2026-08-17 05:45,KXBTC15M-26AUG170145-45,63431.62,1,,no,78,63381.17,7.95,0,6,4.68,0.08,6.00,1.32,1.24,1
2026-08-17 06:00,KXBTC15M-26AUG170200-00,63410.88,0,odds 89c above 79c cap,yes,,63461.80,8.03,0,0,0.00,0.00,0.00,0.00,0.00,
2026-08-17 06:15,KXBTC15M-26AUG170215-15,63461.77,0,odds 94c above 79c cap,yes,,63540.17,12.35,0,0,0.00,0.00,0.00,0.00,0.00,
2026-08-17 06:30,KXBTC15M-26AUG170230-30,63522.16,1,,no,66,63507.78,2.26,0,7,4.62,0.11,0.00,-4.62,-4.73,0
2026-08-17 06:45,KXBTC15M-26AUG170245-45,63526.59,1,,yes,69,63544.26,2.78,0,7,4.83,0.11,7.00,2.17,2.06,1
2026-08-17 07:00,KXBTC15M-26AUG170300-00,63545.57,1,,yes,70,63564.69,3.01,0,7,4.90,0.11,7.00,2.10,1.99,1
2026-08-17 07:15,KXBTC15M-26AUG170315-15,63609.35,0,odds 95c above 79c cap,no,,63541.28,10.70,0,0,0.00,0.00,0.00,0.00,0.00,
2026-08-17 07:30,KXBTC15M-26AUG170330-30,63531.49,1,,no,76,63499.37,5.06,0,6,4.56,0.08,0.00,-4.56,-4.64,0
2026-08-17 07:45,KXBTC15M-26AUG170345-45,63532.22,1,,no,78,63485.36,7.38,0,6,4.68,0.08,6.00,1.32,1.24,1
2026-08-17 08:00,KXBTC15M-26AUG170400-00,63484.88,0,odds 54c not above 60c,no,,63483.82,0.17,0,0,0.00,0.00,0.00,0.00,0.00,
2026-08-17 08:15,KXBTC15M-26AUG170415-15,63486.76,0,odds 94c above 79c cap,no,,63383.59,16.25,0,0,0.00,0.00,0.00,0.00,0.00,
2026-08-17 08:30,KXBTC15M-26AUG170430-30,63374.26,1,,no,65,63362.14,1.91,0,7,4.55,0.12,7.00,2.45,2.33,1
2026-08-17 08:45,KXBTC15M-26AUG170445-45,63362.51,0,odds 87c above 79c cap,no,,63313.82,7.68,0,0,0.00,0.00,0.00,0.00,0.00,
2026-08-17 09:00,KXBTC15M-26AUG170500-00,63313.66,0,odds 60c not above 60c,yes,,63314.95,0.20,0,0,0.00,0.00,0.00,0.00,0.00,
2026-08-17 09:15,KXBTC15M-26AUG170515-15,63317.69,0,odds 93c above 79c cap,yes,,63341.98,3.84,0,0,0.00,0.00,0.00,0.00,0.00,
2026-08-17 09:30,KXBTC15M-26AUG170530-30,63358.06,0,odds 98c above 79c cap,no,,63302.39,8.79,0,0,0.00,0.00,0.00,0.00,0.00,
2026-08-17 09:45,KXBTC15M-26AUG170545-45,63313.62,0,odds 97c above 79c cap,no,,63242.84,11.18,0,0,0.00,0.00,0.00,0.00,0.00,
2026-08-17 10:00,KXBTC15M-26AUG170600-00,63243.33,1,,yes,72,63246.74,0.54,0,6,4.32,0.09,6.00,1.68,1.59,1
2026-08-17 10:15,KXBTC15M-26AUG170615-15,63250.47,1,,no,74,63239.59,1.72,0,6,4.44,0.09,0.00,-4.44,-4.53,0
2026-08-17 10:30,KXBTC15M-26AUG170630-30,63269.21,0,odds 46c not above 60c,yes,,63277.05,1.24,0,0,0.00,0.00,0.00,0.00,0.00,
2026-08-17 10:45,KXBTC15M-26AUG170645-45,63321.73,0,odds 99c above 79c cap,yes,,63464.48,22.54,0,0,0.00,0.00,0.00,0.00,0.00,
2026-08-17 11:00,KXBTC15M-26AUG170700-00,63549.29,0,odds 54c not above 60c,yes,,63553.60,0.68,0,0,0.00,0.00,0.00,0.00,0.00,
2026-08-17 11:15,KXBTC15M-26AUG170715-15,63619.20,0,odds 82c above 79c cap,no,,63576.77,6.67,0,0,0.00,0.00,0.00,0.00,0.00,
2026-08-17 11:30,KXBTC15M-26AUG170730-30,63598.73,0,odds 28c not above 60c,no,,63585.01,2.16,0,0,0.00,0.00,0.00,0.00,0.00,
2026-08-17 11:45,KXBTC15M-26AUG170745-45,63594.12,0,odds 93c above 79c cap,yes,,63624.36,4.76,0,0,0.00,0.00,0.00,0.00,0.00,
2026-08-17 12:00,KXBTC15M-26AUG170800-00,63628.70,0,odds 91c above 79c cap,no,,63566.41,9.79,0,0,0.00,0.00,0.00,0.00,0.00,
2026-08-17 12:15,KXBTC15M-26AUG170815-15,63555.74,1,,yes,68,63562.71,1.10,0,7,4.76,0.11,7.00,2.24,2.13,1
2026-08-17 12:30,KXBTC15M-26AUG170830-30,63603.91,0,odds 93c above 79c cap,no,,63539.39,10.14,0,0,0.00,0.00,0.00,0.00,0.00,
2026-08-17 12:45,KXBTC15M-26AUG170845-45,63519.43,0,odds 89c above 79c cap,no,,63514.53,0.77,0,0,0.00,0.00,0.00,0.00,0.00,
2026-08-17 13:00,KXBTC15M-26AUG170900-00,63511.27,1,,no,75,63505.02,0.98,0,6,4.50,0.08,6.00,1.50,1.42,1
2026-08-17 13:15,KXBTC15M-26AUG170915-15,63491.68,0,odds 48c not above 60c,no,,63472.61,3.00,0,0,0.00,0.00,0.00,0.00,0.00,
2026-08-17 13:30,KXBTC15M-26AUG170930-30,63501.60,0,odds 99c above 79c cap,no,,63390.00,17.57,0,0,0.00,0.00,0.00,0.00,0.00,
2026-08-17 13:45,KXBTC15M-26AUG170945-45,63426.45,0,odds 99c above 79c cap,yes,,63660.26,36.86,0,0,0.00,0.00,0.00,0.00,0.00,
2026-08-17 14:00,KXBTC15M-26AUG171000-00,63606.47,1,,no,67,63566.16,6.34,0,7,4.69,0.11,7.00,2.31,2.20,1
2026-08-17 14:15,KXBTC15M-26AUG171015-15,63600.85,0,odds 38c not above 60c,yes,,63614.15,2.09,0,0,0.00,0.00,0.00,0.00,0.00,
2026-08-17 14:30,KXBTC15M-26AUG171030-30,63623.99,1,,no,64,63575.59,7.61,0,7,4.48,0.12,7.00,2.52,2.40,1
2026-08-17 14:45,KXBTC15M-26AUG171045-45,63556.00,1,,no,67,63553.61,0.38,0,7,4.69,0.11,0.00,-4.69,-4.80,0
2026-08-17 15:00,KXBTC15M-26AUG171100-00,63558.83,0,odds 98c above 79c cap,yes,,63746.87,29.59,0,0,0.00,0.00,0.00,0.00,0.00,
2026-08-17 15:15,KXBTC15M-26AUG171115-15,63810.87,0,odds 84c above 79c cap,yes,,63878.76,10.64,0,0,0.00,0.00,0.00,0.00,0.00,
2026-08-17 15:30,KXBTC15M-26AUG171130-30,63828.24,1,,no,64,63825.32,0.46,0,7,4.48,0.12,0.00,-4.48,-4.60,0
2026-08-17 15:45,KXBTC15M-26AUG171145-45,64001.62,0,odds 45c not above 60c,no,,63996.44,0.81,0,0,0.00,0.00,0.00,0.00,0.00,
2026-08-17 16:00,KXBTC15M-26AUG171200-00,64037.84,0,odds 98c above 79c cap,yes,,64109.99,11.27,0,0,0.00,0.00,0.00,0.00,0.00,
2026-08-17 16:15,KXBTC15M-26AUG171215-15,64126.65,0,odds 94c above 79c cap,no,,64041.65,13.26,0,0,0.00,0.00,0.00,0.00,0.00,
2026-08-17 16:30,KXBTC15M-26AUG171230-30,64032.42,1,,yes,63,64039.44,1.10,0,7,4.41,0.12,7.00,2.59,2.47,1
2026-08-17 16:45,KXBTC15M-26AUG171245-45,64048.55,0,odds 97c above 79c cap,yes,,64100.85,8.17,0,0,0.00,0.00,0.00,0.00,0.00,
2026-08-17 17:00,KXBTC15M-26AUG171300-00,64045.14,1,,no,66,64030.98,2.21,0,7,4.62,0.11,0.00,-4.62,-4.73,0
2026-08-17 17:15,KXBTC15M-26AUG171315-15,64068.52,0,odds 91c above 79c cap,no,,64003.15,10.20,0,0,0.00,0.00,0.00,0.00,0.00,
2026-08-17 17:30,KXBTC15M-26AUG171330-30,63957.03,0,odds 98c above 79c cap,yes,,64186.66,35.90,0,0,0.00,0.00,0.00,0.00,0.00,
2026-08-17 17:45,KXBTC15M-26AUG171345-45,64179.14,0,odds 45c not above 60c,yes,,64185.31,0.96,0,0,0.00,0.00,0.00,0.00,0.00,
2026-08-17 18:00,KXBTC15M-26AUG171400-00,64199.08,0,odds 87c above 79c cap,yes,,64274.32,11.72,0,0,0.00,0.00,0.00,0.00,0.00,
2026-08-17 18:15,KXBTC15M-26AUG171415-15,64289.16,1,,no,62,64256.60,5.06,0,8,4.96,0.14,0.00,-4.96,-5.10,0
2026-08-17 18:30,KXBTC15M-26AUG171430-30,64330.19,0,odds 98c above 79c cap,yes,,64496.50,25.85,0,0,0.00,0.00,0.00,0.00,0.00,
2026-08-17 18:45,KXBTC15M-26AUG171445-45,64442.58,1,,no,79,64418.26,3.77,0,6,4.74,0.07,6.00,1.26,1.19,1
2026-08-17 19:00,KXBTC15M-26AUG171500-00,64412.86,0,odds 41c not above 60c,yes,,64415.46,0.40,0,0,0.00,0.00,0.00,0.00,0.00,
2026-08-17 19:15,KXBTC15M-26AUG171515-15,64382.15,0,odds 83c above 79c cap,no,,64312.38,10.84,0,0,0.00,0.00,0.00,0.00,0.00,
2026-08-17 19:30,KXBTC15M-26AUG171530-30,64293.66,0,odds 80c above 79c cap,yes,,64332.82,6.09,0,0,0.00,0.00,0.00,0.00,0.00,
2026-08-17 19:45,KXBTC15M-26AUG171545-45,64363.36,0,odds 38c not above 60c,yes,,64368.85,0.85,0,0,0.00,0.00,0.00,0.00,0.00,
2026-08-17 20:00,KXBTC15M-26AUG171600-00,64330.20,0,odds 96c above 79c cap,no,,64251.00,12.31,0,0,0.00,0.00,0.00,0.00,0.00,
2026-08-17 20:15,KXBTC15M-26AUG171615-15,64274.97,0,odds 86c above 79c cap,no,,64247.69,4.24,0,0,0.00,0.00,0.00,0.00,0.00,
2026-08-17 20:30,KXBTC15M-26AUG171630-30,64257.84,0,odds 97c above 79c cap,yes,,64310.43,8.18,0,0,0.00,0.00,0.00,0.00,0.00,
2026-08-17 20:45,KXBTC15M-26AUG171645-45,64369.67,0,odds 94c above 79c cap,no,,64337.84,4.94,0,0,0.00,0.00,0.00,0.00,0.00,
2026-08-17 21:00,KXBTC15M-26AUG171700-00,64345.30,0,odds 43c not above 60c,yes,,64355.87,1.64,0,0,0.00,0.00,0.00,0.00,0.00,
2026-08-17 21:15,KXBTC15M-26AUG171715-15,64349.35,0,odds 89c above 79c cap,yes,,64379.70,4.72,0,0,0.00,0.00,0.00,0.00,0.00,
2026-08-17 21:30,KXBTC15M-26AUG171730-30,64329.11,0,odds 89c above 79c cap,no,,64274.10,8.55,0,0,0.00,0.00,0.00,0.00,0.00,
2026-08-17 21:45,KXBTC15M-26AUG171745-45,64285.01,0,odds 60c not above 60c,yes,,64288.06,0.47,0,0,0.00,0.00,0.00,0.00,0.00,
2026-08-17 22:00,KXBTC15M-26AUG171800-00,64300.35,1,,yes,74,64316.57,2.52,0,6,4.44,0.09,6.00,1.56,1.47,1
2026-08-17 22:15,KXBTC15M-26AUG171815-15,64337.58,0,odds 89c above 79c cap,no,,64274.18,9.85,0,0,0.00,0.00,0.00,0.00,0.00,
2026-08-17 22:30,KXBTC15M-26AUG171830-30,64272.68,0,odds 46c not above 60c,no,,64254.31,2.86,0,0,0.00,0.00,0.00,0.00,0.00,
2026-08-17 22:45,KXBTC15M-26AUG171845-45,64255.93,1,,yes,77,64264.20,1.29,0,6,4.62,0.08,6.00,1.38,1.30,1
2026-08-17 23:00,KXBTC15M-26AUG171900-00,64262.87,1,,no,76,64234.64,4.39,0,6,4.56,0.08,6.00,1.44,1.36,1
2026-08-17 23:15,KXBTC15M-26AUG171915-15,64249.86,0,odds 96c above 79c cap,yes,,64305.98,8.73,0,0,0.00,0.00,0.00,0.00,0.00,
2026-08-17 23:30,KXBTC15M-26AUG171930-30,64321.75,0,odds 96c above 79c cap,yes,,64382.42,9.43,0,0,0.00,0.00,0.00,0.00,0.00,
2026-08-17 23:45,KXBTC15M-26AUG171945-45,64434.26,1,,yes,78,64443.63,1.45,0,6,4.68,0.08,6.00,1.32,1.24,1
2026-08-18 00:00,KXBTC15M-26AUG172000-00,64435.18,0,odds 90c above 79c cap,yes,,64437.30,0.33,0,0,0.00,0.00,0.00,0.00,0.00,
2026-08-18 00:15,KXBTC15M-26AUG172015-15,64495.84,0,odds 98c above 79c cap,no,,64367.58,19.89,0,0,0.00,0.00,0.00,0.00,0.00,
2026-08-18 00:30,KXBTC15M-26AUG172030-30,64386.33,0,odds 88c above 79c cap,yes,,64416.65,4.71,0,0,0.00,0.00,0.00,0.00,0.00,
2026-08-18 00:45,KXBTC15M-26AUG172045-45,64418.06,0,odds 90c above 79c cap,no,,64337.70,12.47,0,0,0.00,0.00,0.00,0.00,0.00,
2026-08-18 01:00,KXBTC15M-26AUG172100-00,64346.75,0,odds 90c above 79c cap,no,,64303.23,6.76,0,0,0.00,0.00,0.00,0.00,0.00,
2026-08-18 01:15,KXBTC15M-26AUG172115-15,64333.30,0,odds 97c above 79c cap,no,,64252.21,12.60,0,0,0.00,0.00,0.00,0.00,0.00,
2026-08-18 01:30,KXBTC15M-26AUG172130-30,64296.27,1,,no,70,64264.21,4.99,0,7,4.90,0.11,7.00,2.10,1.99,1
2026-08-18 01:45,KXBTC15M-26AUG172145-45,64270.66,0,odds 51c not above 60c,no,,64257.61,2.03,0,0,0.00,0.00,0.00,0.00,0.00,
2026-08-18 02:00,KXBTC15M-26AUG172200-00,64236.23,0,odds 99c above 79c cap,no,,64122.54,17.70,0,0,0.00,0.00,0.00,0.00,0.00,
2026-08-18 02:15,KXBTC15M-26AUG172215-15,64142.76,0,odds 94c above 79c cap,yes,,64161.91,2.99,0,0,0.00,0.00,0.00,0.00,0.00,
2026-08-18 02:30,KXBTC15M-26AUG172230-30,64142.78,0,odds 54c not above 60c,no,,64116.81,4.05,0,0,0.00,0.00,0.00,0.00,0.00,
2026-08-18 02:45,KXBTC15M-26AUG172245-45,64108.48,0,odds 84c above 79c cap,yes,,64138.11,4.62,0,0,0.00,0.00,0.00,0.00,0.00,
2026-08-18 03:00,KXBTC15M-26AUG172300-00,64086.06,1,,no,79,64013.15,11.38,0,6,4.74,0.07,6.00,1.26,1.19,1
2026-08-18 03:15,KXBTC15M-26AUG172315-15,64041.90,0,odds 45c not above 60c,no,,64034.52,1.15,0,0,0.00,0.00,0.00,0.00,0.00,
2026-08-18 03:30,KXBTC15M-26AUG172330-30,64030.94,0,odds 87c above 79c cap,yes,,64044.42,2.11,0,0,0.00,0.00,0.00,0.00,0.00,
2026-08-18 03:45,KXBTC15M-26AUG172345-45,64057.33,1,,yes,67,64078.59,3.32,0,7,4.69,0.11,7.00,2.31,2.20,1
2026-08-18 04:00,KXBTC15M-26AUG180000-00,64107.82,0,odds 41c not above 60c,no,,64107.70,0.02,0,0,0.00,0.00,0.00,0.00,0.00,
2026-08-18 04:15,KXBTC15M-26AUG180015-15,64113.14,0,odds 88c above 79c cap,no,,64061.56,8.05,0,0,0.00,0.00,0.00,0.00,0.00,
2026-08-18 04:30,KXBTC15M-26AUG180030-30,64103.94,0,odds 87c above 79c cap,no,,64066.67,5.81,0,0,0.00,0.00,0.00,0.00,0.00,
2026-08-18 04:45,KXBTC15M-26AUG180045-45,64095.93,0,odds 84c above 79c cap,yes,,64150.93,8.58,0,0,0.00,0.00,0.00,0.00,0.00,
2026-08-18 05:00,KXBTC15M-26AUG180100-00,64162.08,1,,no,73,64141.55,3.20,0,6,4.38,0.09,6.00,1.62,1.53,1
2026-08-18 05:15,KXBTC15M-26AUG180115-15,64152.43,0,odds 96c above 79c cap,yes,,64195.04,6.64,0,0,0.00,0.00,0.00,0.00,0.00,
2026-08-18 05:30,KXBTC15M-26AUG180130-30,64169.01,1,,no,75,64155.19,2.15,0,6,4.50,0.08,0.00,-4.50,-4.58,0
2026-08-18 05:45,KXBTC15M-26AUG180145-45,64186.30,0,odds 88c above 79c cap,no,,64124.74,9.59,0,0,0.00,0.00,0.00,0.00,0.00,
2026-08-18 06:00,KXBTC15M-26AUG180200-00,64196.62,1,,no,79,64151.91,6.96,0,6,4.74,0.07,6.00,1.26,1.19,1
2026-08-18 06:15,KXBTC15M-26AUG180215-15,64181.24,1,,no,79,64163.18,2.81,0,6,4.74,0.07,6.00,1.26,1.19,1
2026-08-18 06:30,KXBTC15M-26AUG180230-30,64179.63,0,odds 93c above 79c cap,yes,,64295.16,18.00,0,0,0.00,0.00,0.00,0.00,0.00,
2026-08-18 06:45,KXBTC15M-26AUG180245-45,64285.53,0,odds 89c above 79c cap,yes,,64358.67,11.38,0,0,0.00,0.00,0.00,0.00,0.00,
2026-08-18 07:00,KXBTC15M-26AUG180300-00,64380.15,0,odds 98c above 79c cap,no,,64219.00,25.03,0,0,0.00,0.00,0.00,0.00,0.00,
2026-08-18 07:15,KXBTC15M-26AUG180315-15,64264.21,0,odds 86c above 79c cap,yes,,64282.62,2.86,0,0,0.00,0.00,0.00,0.00,0.00,
2026-08-18 07:30,KXBTC15M-26AUG180330-30,64287.48,0,odds 84c above 79c cap,no,,64253.14,5.34,0,0,0.00,0.00,0.00,0.00,0.00,
2026-08-18 07:45,KXBTC15M-26AUG180345-45,64236.68,0,odds 83c above 79c cap,no,,64196.66,6.23,0,0,0.00,0.00,0.00,0.00,0.00,
2026-08-18 08:00,KXBTC15M-26AUG180400-00,64199.17,0,odds 96c above 79c cap,no,,64114.14,13.24,0,0,0.00,0.00,0.00,0.00,0.00,
2026-08-18 08:15,KXBTC15M-26AUG180415-15,64146.98,0,odds 93c above 79c cap,no,,64048.50,15.35,0,0,0.00,0.00,0.00,0.00,0.00,
2026-08-18 08:30,KXBTC15M-26AUG180430-30,64093.79,0,odds 95c above 79c cap,yes,,64168.51,11.66,0,0,0.00,0.00,0.00,0.00,0.00,
2026-08-18 08:45,KXBTC15M-26AUG180445-45,64155.40,0,odds 99c above 79c cap,yes,,64231.13,11.80,0,0,0.00,0.00,0.00,0.00,0.00,
2026-08-18 09:00,KXBTC15M-26AUG180500-00,64231.94,0,odds 82c above 79c cap,no,,64201.84,4.69,0,0,0.00,0.00,0.00,0.00,0.00,
2026-08-18 09:15,KXBTC15M-26AUG180515-15,64233.40,0,odds 95c above 79c cap,no,,64176.39,8.88,0,0,0.00,0.00,0.00,0.00,0.00,
2026-08-18 09:30,KXBTC15M-26AUG180530-30,64186.38,0,odds 99c above 79c cap,no,,64093.29,14.50,0,0,0.00,0.00,0.00,0.00,0.00,
2026-08-18 09:45,KXBTC15M-26AUG180545-45,64101.31,1,,yes,69,64102.96,0.26,0,7,4.83,0.11,0.00,-4.83,-4.94,0
2026-08-18 10:00,KXBTC15M-26AUG180600-00,64094.33,1,,yes,73,64100.99,1.04,0,6,4.38,0.09,6.00,1.62,1.53,1
2026-08-18 10:15,KXBTC15M-26AUG180615-15,64118.72,1,,no,72,64087.21,4.91,0,6,4.32,0.09,6.00,1.68,1.59,1
2026-08-18 10:30,KXBTC15M-26AUG180630-30,64101.14,1,,no,72,64081.60,3.05,0,6,4.32,0.09,6.00,1.68,1.59,1
2026-08-18 10:45,KXBTC15M-26AUG180645-45,64100.16,0,odds 94c above 79c cap,yes,,64128.60,4.44,0,0,0.00,0.00,0.00,0.00,0.00,
2026-08-18 11:00,KXBTC15M-26AUG180700-00,64129.57,0,odds 83c above 79c cap,yes,,64140.84,1.76,0,0,0.00,0.00,0.00,0.00,0.00,
2026-08-18 11:15,KXBTC15M-26AUG180715-15,64143.80,0,odds 98c above 79c cap,yes,,64246.15,15.96,0,0,0.00,0.00,0.00,0.00,0.00,
2026-08-18 11:30,KXBTC15M-26AUG180730-30,64262.77,0,odds 95c above 79c cap,yes,,64315.71,8.24,0,0,0.00,0.00,0.00,0.00,0.00,
2026-08-18 11:45,KXBTC15M-26AUG180745-45,64311.85,0,odds 48c not above 60c,yes,,64317.63,0.90,0,0,0.00,0.00,0.00,0.00,0.00,
2026-08-18 12:00,KXBTC15M-26AUG180800-00,64321.04,0,odds 92c above 79c cap,no,,64284.73,5.65,0,0,0.00,0.00,0.00,0.00,0.00,
2026-08-18 12:15,KXBTC15M-26AUG180815-15,64292.36,0,odds 95c above 79c cap,no,,64225.19,10.45,0,0,0.00,0.00,0.00,0.00,0.00,
2026-08-18 12:30,KXBTC15M-26AUG180830-30,64243.30,0,odds 57c not above 60c,yes,,64246.80,0.54,0,0,0.00,0.00,0.00,0.00,0.00,
2026-08-18 12:45,KXBTC15M-26AUG180845-45,64248.35,0,odds 92c above 79c cap,no,,64199.71,7.57,0,0,0.00,0.00,0.00,0.00,0.00,
2026-08-18 13:00,KXBTC15M-26AUG180900-00,64202.81,0,odds 82c above 79c cap,no,,64176.09,4.16,0,0,0.00,0.00,0.00,0.00,0.00,
2026-08-18 13:15,KXBTC15M-26AUG180915-15,64169.14,0,odds 96c above 79c cap,no,,64113.24,8.71,0,0,0.00,0.00,0.00,0.00,0.00,
2026-08-18 13:30,KXBTC15M-26AUG180930-30,64141.51,0,odds 97c above 79c cap,no,,64045.89,14.91,0,0,0.00,0.00,0.00,0.00,0.00,
2026-08-18 13:45,KXBTC15M-26AUG180945-45,64016.41,0,odds 99c above 79c cap,yes,,64139.78,19.27,0,0,0.00,0.00,0.00,0.00,0.00,
2026-08-18 14:00,KXBTC15M-26AUG181000-00,64129.12,0,odds 81c above 79c cap,no,,64090.86,5.97,0,0,0.00,0.00,0.00,0.00,0.00,
2026-08-18 14:15,KXBTC15M-26AUG181015-15,64160.30,0,odds 91c above 79c cap,yes,,64226.50,10.32,0,0,0.00,0.00,0.00,0.00,0.00,
2026-08-18 14:30,KXBTC15M-26AUG181030-30,64204.11,0,no quote on chosen side at decision time,yes,,64718.38,80.10,0,0,0.00,0.00,0.00,0.00,0.00,
2026-08-18 14:45,KXBTC15M-26AUG181045-45,64963.82,0,odds 99c above 79c cap,no,,64689.51,42.23,0,0,0.00,0.00,0.00,0.00,0.00,
2026-08-18 15:00,KXBTC15M-26AUG181100-00,64763.54,0,odds 85c above 79c cap,no,,64680.60,12.81,0,0,0.00,0.00,0.00,0.00,0.00,
2026-08-18 15:15,KXBTC15M-26AUG181115-15,64683.34,1,,no,72,64610.37,11.28,0,6,4.32,0.09,0.00,-4.32,-4.41,0
2026-08-18 15:30,KXBTC15M-26AUG181130-30,64695.78,1,,yes,66,64747.08,7.93,0,7,4.62,0.11,7.00,2.38,2.27,1
2026-08-18 15:45,KXBTC15M-26AUG181145-45,64779.44,1,,yes,77,64803.87,3.77,0,6,4.62,0.08,6.00,1.38,1.30,1
2026-08-18 16:00,KXBTC15M-26AUG181200-00,64785.87,0,odds 84c above 79c cap,yes,,64812.64,4.13,0,0,0.00,0.00,0.00,0.00,0.00,
2026-08-18 16:15,KXBTC15M-26AUG181215-15,64812.17,0,odds 90c above 79c cap,no,,64712.14,15.43,0,0,0.00,0.00,0.00,0.00,0.00,
2026-08-18 16:30,KXBTC15M-26AUG181230-30,64717.30,1,,no,77,64684.27,5.10,0,6,4.62,0.08,6.00,1.38,1.30,1
2026-08-18 16:45,KXBTC15M-26AUG181245-45,64672.57,0,odds 97c above 79c cap,yes,,64762.03,13.83,0,0,0.00,0.00,0.00,0.00,0.00,
2026-08-18 17:00,KXBTC15M-26AUG181300-00,64756.01,0,odds 82c above 79c cap,yes,,64770.00,2.16,0,0,0.00,0.00,0.00,0.00,0.00,
2026-08-18 17:15,KXBTC15M-26AUG181315-15,64798.64,0,odds 92c above 79c cap,no,,64739.08,9.19,0,0,0.00,0.00,0.00,0.00,0.00,
2026-08-18 17:30,KXBTC15M-26AUG181330-30,64768.80,0,odds 45c not above 60c,no,,64758.13,1.65,0,0,0.00,0.00,0.00,0.00,0.00,
2026-08-18 17:45,KXBTC15M-26AUG181345-45,64796.80,0,odds 94c above 79c cap,no,,64712.35,13.03,0,0,0.00,0.00,0.00,0.00,0.00,
2026-08-18 18:00,KXBTC15M-26AUG181400-00,64692.37,0,odds 89c above 79c cap,no,,64667.01,3.92,0,0,0.00,0.00,0.00,0.00,0.00,
2026-08-18 18:15,KXBTC15M-26AUG181415-15,64641.87,0,odds 84c above 79c cap,yes,,64669.16,4.22,0,0,0.00,0.00,0.00,0.00,0.00,
2026-08-18 18:30,KXBTC15M-26AUG181430-30,64700.89,0,odds 96c above 79c cap,yes,,64738.70,5.84,0,0,0.00,0.00,0.00,0.00,0.00,
2026-08-18 18:45,KXBTC15M-26AUG181445-45,64771.89,1,,no,67,64751.12,3.21,0,7,4.69,0.11,7.00,2.31,2.20,1
2026-08-18 19:00,KXBTC15M-26AUG181500-00,64730.32,0,odds 22c not above 60c,no,,64724.76,0.86,0,0,0.00,0.00,0.00,0.00,0.00,
2026-08-18 19:15,KXBTC15M-26AUG181515-15,64740.07,0,odds 98c above 79c cap,no,,64691.63,7.48,0,0,0.00,0.00,0.00,0.00,0.00,
2026-08-18 19:30,KXBTC15M-26AUG181530-30,64686.33,0,odds 84c above 79c cap,yes,,64713.54,4.21,0,0,0.00,0.00,0.00,0.00,0.00,
2026-08-18 19:45,KXBTC15M-26AUG181545-45,64748.33,0,odds 98c above 79c cap,no,,64663.13,13.16,0,0,0.00,0.00,0.00,0.00,0.00,
2026-08-18 20:00,KXBTC15M-26AUG181600-00,64643.98,1,,no,66,64619.99,3.71,0,7,4.62,0.11,7.00,2.38,2.27,1
2026-08-18 20:15,KXBTC15M-26AUG181615-15,64613.35,0,odds 45c not above 60c,no,,64598.05,2.37,0,0,0.00,0.00,0.00,0.00,0.00,
2026-08-18 20:30,KXBTC15M-26AUG181630-30,64621.34,0,odds 86c above 79c cap,no,,64583.62,5.84,0,0,0.00,0.00,0.00,0.00,0.00,
2026-08-18 20:45,KXBTC15M-26AUG181645-45,64579.75,0,odds 81c above 79c cap,yes,,64585.02,0.82,0,0,0.00,0.00,0.00,0.00,0.00,
2026-08-18 21:00,KXBTC15M-26AUG181700-00,64575.62,1,,no,68,64567.42,1.27,0,7,4.76,0.11,7.00,2.24,2.13,1
2026-08-18 21:15,KXBTC15M-26AUG181715-15,64550.33,0,odds 96c above 79c cap,yes,,64587.04,5.69,0,0,0.00,0.00,0.00,0.00,0.00,
2026-08-18 21:30,KXBTC15M-26AUG181730-30,64599.95,0,odds 81c above 79c cap,no,,64588.09,1.84,0,0,0.00,0.00,0.00,0.00,0.00,
2026-08-18 21:45,KXBTC15M-26AUG181745-45,64588.50,0,odds 94c above 79c cap,no,,64536.37,8.07,0,0,0.00,0.00,0.00,0.00,0.00,
2026-08-18 22:00,KXBTC15M-26AUG181800-00,64559.38,0,odds 40c not above 60c,no,,64537.26,3.43,0,0,0.00,0.00,0.00,0.00,0.00,
2026-08-18 22:15,KXBTC15M-26AUG181815-15,64571.80,1,,no,73,64547.00,3.84,0,6,4.38,0.09,6.00,1.62,1.53,1
2026-08-18 22:30,KXBTC15M-26AUG181830-30,64550.26,1,,no,67,64519.91,4.70,0,7,4.69,0.11,0.00,-4.69,-4.80,0
2026-08-18 22:45,KXBTC15M-26AUG181845-45,64553.39,0,odds 92c above 79c cap,yes,,64596.43,6.67,0,0,0.00,0.00,0.00,0.00,0.00,
2026-08-18 23:00,KXBTC15M-26AUG181900-00,64599.66,0,odds 88c above 79c cap,no,,64560.92,6.00,0,0,0.00,0.00,0.00,0.00,0.00,
2026-08-18 23:15,KXBTC15M-26AUG181915-15,64598.94,0,odds 90c above 79c cap,yes,,64635.43,5.65,0,0,0.00,0.00,0.00,0.00,0.00,
2026-08-18 23:30,KXBTC15M-26AUG181930-30,64661.31,0,odds 89c above 79c cap,yes,,64691.65,4.69,0,0,0.00,0.00,0.00,0.00,0.00,
2026-08-18 23:45,KXBTC15M-26AUG181945-45,64686.59,0,odds 92c above 79c cap,yes,,64716.70,4.65,0,0,0.00,0.00,0.00,0.00,0.00,
2026-08-19 00:00,KXBTC15M-26AUG182000-00,64740.36,0,odds 93c above 79c cap,no,,64695.95,6.86,0,0,0.00,0.00,0.00,0.00,0.00,
2026-08-19 00:15,KXBTC15M-26AUG182015-15,64691.30,0,odds 97c above 79c cap,no,,64579.92,17.22,0,0,0.00,0.00,0.00,0.00,0.00,
2026-08-19 00:30,KXBTC15M-26AUG182030-30,64557.46,0,odds 35c not above 60c,no,,64541.92,2.41,0,0,0.00,0.00,0.00,0.00,0.00,
2026-08-19 00:45,KXBTC15M-26AUG182045-45,64564.25,0,odds 90c above 79c cap,yes,,64571.59,1.14,0,0,0.00,0.00,0.00,0.00,0.00,
2026-08-19 01:00,KXBTC15M-26AUG182100-00,64533.01,0,odds 86c above 79c cap,no,,64486.56,7.20,0,0,0.00,0.00,0.00,0.00,0.00,
2026-08-19 01:15,KXBTC15M-26AUG182115-15,64471.39,0,odds 21c not above 60c,no,,64468.10,0.51,0,0,0.00,0.00,0.00,0.00,0.00,
2026-08-19 01:30,KXBTC15M-26AUG182130-30,64486.69,0,odds 85c above 79c cap,no,,64400.00,13.44,0,0,0.00,0.00,0.00,0.00,0.00,
2026-08-19 01:45,KXBTC15M-26AUG182145-45,64441.86,1,,no,71,64415.56,4.08,0,7,4.97,0.11,7.00,2.03,1.92,1
2026-08-19 02:00,KXBTC15M-26AUG182200-00,64371.97,1,,yes,68,64399.49,4.28,0,7,4.76,0.11,0.00,-4.76,-4.87,0
2026-08-19 02:15,KXBTC15M-26AUG182215-15,64358.44,0,odds 91c above 79c cap,no,,64321.02,5.81,0,0,0.00,0.00,0.00,0.00,0.00,
2026-08-19 02:30,KXBTC15M-26AUG182230-30,64360.24,0,odds 83c above 79c cap,no,,64358.54,0.26,0,0,0.00,0.00,0.00,0.00,0.00,
2026-08-19 02:45,KXBTC15M-26AUG182245-45,64342.50,1,,yes,73,64351.17,1.35,0,6,4.38,0.09,6.00,1.62,1.53,1
2026-08-19 03:00,KXBTC15M-26AUG182300-00,64343.01,0,odds 90c above 79c cap,no,,64315.00,4.35,0,0,0.00,0.00,0.00,0.00,0.00,
2026-08-19 03:15,KXBTC15M-26AUG182315-15,64307.61,0,odds 92c above 79c cap,no,,64222.91,13.17,0,0,0.00,0.00,0.00,0.00,0.00,
2026-08-19 03:30,KXBTC15M-26AUG182330-30,64300.72,1,,yes,73,64306.62,0.92,0,6,4.38,0.09,6.00,1.62,1.53,1
2026-08-19 03:45,KXBTC15M-26AUG182345-45,64318.12,0,odds 86c above 79c cap,no,,64282.25,5.58,0,0,0.00,0.00,0.00,0.00,0.00,
2026-08-19 04:00,KXBTC15M-26AUG190000-00,64296.02,1,,no,64,64277.96,2.81,0,7,4.48,0.12,7.00,2.52,2.40,1
2026-08-19 04:15,KXBTC15M-26AUG190015-15,64283.52,0,odds 87c above 79c cap,no,,64264.12,3.02,0,0,0.00,0.00,0.00,0.00,0.00,
2026-08-19 04:30,KXBTC15M-26AUG190030-30,64268.78,0,odds 96c above 79c cap,yes,,64316.72,7.46,0,0,0.00,0.00,0.00,0.00,0.00,
2026-08-19 04:45,KXBTC15M-26AUG190045-45,64311.99,1,,no,73,64291.26,3.22,0,6,4.38,0.09,6.00,1.62,1.53,1
2026-08-19 05:00,KXBTC15M-26AUG190100-00,64300.69,0,odds 83c above 79c cap,no,,64250.01,7.88,0,0,0.00,0.00,0.00,0.00,0.00,
2026-08-19 05:15,KXBTC15M-26AUG190115-15,64271.57,0,odds 96c above 79c cap,yes,,64339.02,10.49,0,0,0.00,0.00,0.00,0.00,0.00,
2026-08-19 05:30,KXBTC15M-26AUG190130-30,64354.21,0,odds 98c above 79c cap,no,,64284.10,10.89,0,0,0.00,0.00,0.00,0.00,0.00,
2026-08-19 05:45,KXBTC15M-26AUG190145-45,64311.77,0,odds 88c above 79c cap,no,,64279.38,5.04,0,0,0.00,0.00,0.00,0.00,0.00,
2026-08-19 06:00,KXBTC15M-26AUG190200-00,64272.07,0,odds 98c above 79c cap,no,,64205.52,10.35,0,0,0.00,0.00,0.00,0.00,0.00,
2026-08-19 06:15,KXBTC15M-26AUG190215-15,64189.44,0,odds 96c above 79c cap,no,,64132.69,8.84,0,0,0.00,0.00,0.00,0.00,0.00,
2026-08-19 06:30,KXBTC15M-26AUG190230-30,64132.16,0,odds 97c above 79c cap,yes,,64241.26,17.01,0,0,0.00,0.00,0.00,0.00,0.00,
2026-08-19 06:45,KXBTC15M-26AUG190245-45,64226.59,0,odds 80c above 79c cap,yes,,64230.59,0.62,0,0,0.00,0.00,0.00,0.00,0.00,
2026-08-19 07:00,KXBTC15M-26AUG190300-00,64220.67,0,odds 91c above 79c cap,yes,,64273.00,8.15,0,0,0.00,0.00,0.00,0.00,0.00,
2026-08-19 07:15,KXBTC15M-26AUG190315-15,64290.14,0,odds 93c above 79c cap,no,,64273.09,2.65,0,0,0.00,0.00,0.00,0.00,0.00,
2026-08-19 07:30,KXBTC15M-26AUG190330-30,64293.89,0,odds 58c not above 60c,yes,,64298.34,0.69,0,0,0.00,0.00,0.00,0.00,0.00,
2026-08-19 07:45,KXBTC15M-26AUG190345-45,64297.89,0,odds 91c above 79c cap,yes,,64336.37,5.98,0,0,0.00,0.00,0.00,0.00,0.00,
2026-08-19 08:00,KXBTC15M-26AUG190400-00,64308.08,0,odds 94c above 79c cap,no,,64251.00,8.88,0,0,0.00,0.00,0.00,0.00,0.00,
2026-08-19 08:15,KXBTC15M-26AUG190415-15,64248.75,0,odds 60c not above 60c,no,,64234.07,2.28,0,0,0.00,0.00,0.00,0.00,0.00,
2026-08-19 08:30,KXBTC15M-26AUG190430-30,64208.71,1,,yes,75,64222.52,2.15,0,6,4.50,0.08,6.00,1.50,1.42,1
2026-08-19 08:45,KXBTC15M-26AUG190445-45,64236.65,0,odds 98c above 79c cap,yes,,64406.92,26.51,0,0,0.00,0.00,0.00,0.00,0.00,
2026-08-19 09:00,KXBTC15M-26AUG190500-00,64402.16,0,odds 49c not above 60c,no,,64386.95,2.36,0,0,0.00,0.00,0.00,0.00,0.00,
2026-08-19 09:15,KXBTC15M-26AUG190515-15,64374.10,0,odds 80c above 79c cap,no,,64369.01,0.79,0,0,0.00,0.00,0.00,0.00,0.00,
2026-08-19 09:30,KXBTC15M-26AUG190530-30,64354.53,1,,no,65,64334.71,3.08,0,7,4.55,0.12,7.00,2.45,2.33,1
2026-08-19 09:45,KXBTC15M-26AUG190545-45,64339.79,0,odds 43c not above 60c,no,,64323.19,2.58,0,0,0.00,0.00,0.00,0.00,0.00,
2026-08-19 10:00,KXBTC15M-26AUG190600-00,64321.30,0,odds 96c above 79c cap,yes,,64352.17,4.80,0,0,0.00,0.00,0.00,0.00,0.00,
2026-08-19 10:15,KXBTC15M-26AUG190615-15,64376.33,0,odds 95c above 79c cap,no,,64318.81,8.93,0,0,0.00,0.00,0.00,0.00,0.00,
2026-08-19 10:30,KXBTC15M-26AUG190630-30,64342.89,0,odds 84c above 79c cap,no,,64315.92,4.19,0,0,0.00,0.00,0.00,0.00,0.00,
2026-08-19 10:45,KXBTC15M-26AUG190645-45,64347.80,0,odds 16c not above 60c,no,,64340.01,1.21,0,0,0.00,0.00,0.00,0.00,0.00,
2026-08-19 11:00,KXBTC15M-26AUG190700-00,64355.96,0,odds 60c not above 60c,yes,,64380.24,3.77,0,0,0.00,0.00,0.00,0.00,0.00,
2026-08-19 11:15,KXBTC15M-26AUG190715-15,64401.29,0,odds 92c above 79c cap,yes,,64470.01,10.67,0,0,0.00,0.00,0.00,0.00,0.00,
2026-08-19 11:30,KXBTC15M-26AUG190730-30,64455.87,0,odds 84c above 79c cap,yes,,64474.04,2.82,0,0,0.00,0.00,0.00,0.00,0.00,
2026-08-19 11:45,KXBTC15M-26AUG190745-45,64459.28,1,,no,77,64438.65,3.20,0,6,4.62,0.08,6.00,1.38,1.30,1
2026-08-19 12:00,KXBTC15M-26AUG190800-00,64421.48,0,odds 88c above 79c cap,yes,,64454.02,5.05,0,0,0.00,0.00,0.00,0.00,0.00,
2026-08-19 12:15,KXBTC15M-26AUG190815-15,64461.54,1,,no,75,64450.89,1.65,0,6,4.50,0.08,6.00,1.50,1.42,1
2026-08-19 12:30,KXBTC15M-26AUG190830-30,64455.38,1,,no,73,64435.78,3.04,0,6,4.38,0.09,6.00,1.62,1.53,1
2026-08-19 12:45,KXBTC15M-26AUG190845-45,64444.04,0,odds 99c above 79c cap,yes,,64683.34,37.13,0,0,0.00,0.00,0.00,0.00,0.00,
2026-08-19 13:00,KXBTC15M-26AUG190900-00,64861.50,0,odds 86c above 79c cap,no,,64792.85,10.58,0,0,0.00,0.00,0.00,0.00,0.00,
2026-08-19 13:15,KXBTC15M-26AUG190915-15,64826.69,0,odds 44c not above 60c,yes,,64855.34,4.42,0,0,0.00,0.00,0.00,0.00,0.00,
2026-08-19 13:30,KXBTC15M-26AUG190930-30,64903.82,0,odds 13c not above 60c,no,,64888.13,2.42,0,0,0.00,0.00,0.00,0.00,0.00,
2026-08-19 13:45,KXBTC15M-26AUG190945-45,64969.54,0,odds 95c above 79c cap,no,,64799.23,26.21,0,0,0.00,0.00,0.00,0.00,0.00,
2026-08-19 14:00,KXBTC15M-26AUG191000-00,65003.97,1,,no,68,64998.93,0.78,0,7,4.76,0.11,7.00,2.24,2.13,1
2026-08-19 14:15,KXBTC15M-26AUG191015-15,64960.86,0,odds 99c above 79c cap,yes,,65359.87,61.42,0,0,0.00,0.00,0.00,0.00,0.00,
2026-08-19 14:30,KXBTC15M-26AUG191030-30,65305.42,0,odds 83c above 79c cap,yes,,65341.33,5.50,0,0,0.00,0.00,0.00,0.00,0.00,
2026-08-19 14:45,KXBTC15M-26AUG191045-45,65391.51,1,,yes,79,65430.62,5.98,0,6,4.74,0.07,6.00,1.26,1.19,1
2026-08-19 15:00,KXBTC15M-26AUG191100-00,65407.67,0,odds 99c above 79c cap,yes,,65778.30,56.66,0,0,0.00,0.00,0.00,0.00,0.00,
2026-08-19 15:15,KXBTC15M-26AUG191115-15,65912.22,0,no quote on chosen side at decision time,yes,,66492.99,88.11,0,0,0.00,0.00,0.00,0.00,0.00,
2026-08-19 15:30,KXBTC15M-26AUG191130-30,66665.21,0,odds 99c above 79c cap,yes,,67176.99,76.77,0,0,0.00,0.00,0.00,0.00,0.00,
2026-08-19 15:45,KXBTC15M-26AUG191145-45,68320.23,0,odds 87c above 79c cap,yes,,68768.12,65.56,0,0,0.00,0.00,0.00,0.00,0.00,
2026-08-19 16:00,KXBTC15M-26AUG191200-00,68588.78,0,odds 97c above 79c cap,no,,68458.69,18.97,0,0,0.00,0.00,0.00,0.00,0.00,
2026-08-19 16:15,KXBTC15M-26AUG191215-15,68497.50,0,odds 93c above 79c cap,yes,,68653.95,22.84,0,0,0.00,0.00,0.00,0.00,0.00,
2026-08-19 16:30,KXBTC15M-26AUG191230-30,68552.40,0,odds 95c above 79c cap,yes,,68740.99,27.51,0,0,0.00,0.00,0.00,0.00,0.00,
2026-08-19 16:45,KXBTC15M-26AUG191245-45,68858.95,0,odds 97c above 79c cap,no,,68573.01,41.53,0,0,0.00,0.00,0.00,0.00,0.00,
2026-08-19 17:00,KXBTC15M-26AUG191300-00,68575.57,0,odds 54c not above 60c,no,,68574.27,0.19,0,0,0.00,0.00,0.00,0.00,0.00,
2026-08-19 17:15,KXBTC15M-26AUG191315-15,68452.66,0,odds 93c above 79c cap,no,,68289.77,23.80,0,0,0.00,0.00,0.00,0.00,0.00,
2026-08-19 17:30,KXBTC15M-26AUG191330-30,68223.21,0,odds 99c above 79c cap,no,,67882.30,49.97,0,0,0.00,0.00,0.00,0.00,0.00,
2026-08-19 17:45,KXBTC15M-26AUG191345-45,67912.87,0,odds 87c above 79c cap,yes,,68003.18,13.30,0,0,0.00,0.00,0.00,0.00,0.00,
2026-08-19 18:00,KXBTC15M-26AUG191400-00,68004.55,0,odds 98c above 79c cap,yes,,68196.01,28.15,0,0,0.00,0.00,0.00,0.00,0.00,
2026-08-19 18:15,KXBTC15M-26AUG191415-15,68179.24,0,odds 93c above 79c cap,no,,68073.95,15.44,0,0,0.00,0.00,0.00,0.00,0.00,
2026-08-19 18:30,KXBTC15M-26AUG191430-30,68159.82,0,odds 92c above 79c cap,yes,,68280.90,17.76,0,0,0.00,0.00,0.00,0.00,0.00,
2026-08-19 18:45,KXBTC15M-26AUG191445-45,68281.53,0,odds 48c not above 60c,yes,,68323.00,6.07,0,0,0.00,0.00,0.00,0.00,0.00,
2026-08-19 19:00,KXBTC15M-26AUG191500-00,68405.55,0,odds 55c not above 60c,no,,68354.18,7.51,0,0,0.00,0.00,0.00,0.00,0.00,
2026-08-19 19:15,KXBTC15M-26AUG191515-15,68385.25,1,,no,62,68383.27,0.29,0,8,4.96,0.14,8.00,3.04,2.90,1
2026-08-19 19:30,KXBTC15M-26AUG191530-30,68163.46,0,odds 97c above 79c cap,yes,,68272.64,16.02,0,0,0.00,0.00,0.00,0.00,0.00,
2026-08-19 19:45,KXBTC15M-26AUG191545-45,68161.11,0,odds 88c above 79c cap,yes,,68302.96,20.81,0,0,0.00,0.00,0.00,0.00,0.00,
2026-08-19 20:00,KXBTC15M-26AUG191600-00,68369.46,1,,yes,71,68416.62,6.90,0,7,4.97,0.11,7.00,2.03,1.92,1
2026-08-19 20:15,KXBTC15M-26AUG191615-15,68420.99,0,odds 98c above 79c cap,yes,,68595.00,25.43,0,0,0.00,0.00,0.00,0.00,0.00,
2026-08-19 20:30,KXBTC15M-26AUG191630-30,68671.00,0,odds 95c above 79c cap,yes,,68775.08,15.16,0,0,0.00,0.00,0.00,0.00,0.00,
2026-08-19 20:45,KXBTC15M-26AUG191645-45,68677.38,1,,yes,72,68721.86,6.48,0,6,4.32,0.09,0.00,-4.32,-4.41,0
2026-08-19 21:00,KXBTC15M-26AUG191700-00,68660.57,0,odds 97c above 79c cap,yes,,69074.67,60.31,0,0,0.00,0.00,0.00,0.00,0.00,
2026-08-19 21:15,KXBTC15M-26AUG191715-15,69064.81,0,odds 97c above 79c cap,yes,,69405.54,49.33,0,0,0.00,0.00,0.00,0.00,0.00,
2026-08-19 21:30,KXBTC15M-26AUG191730-30,69389.94,0,odds 83c above 79c cap,yes,,69552.88,23.48,0,0,0.00,0.00,0.00,0.00,0.00,
2026-08-19 21:45,KXBTC15M-26AUG191745-45,69615.07,1,,no,79,69433.06,26.15,0,6,4.74,0.07,6.00,1.26,1.19,1
2026-08-19 22:00,KXBTC15M-26AUG191800-00,69596.78,0,odds 85c above 79c cap,yes,,69825.71,32.89,0,0,0.00,0.00,0.00,0.00,0.00,
2026-08-19 22:15,KXBTC15M-26AUG191815-15,69695.64,0,odds 96c above 79c cap,no,,69373.45,46.23,0,0,0.00,0.00,0.00,0.00,0.00,
2026-08-19 22:30,KXBTC15M-26AUG191830-30,69373.37,0,odds 92c above 79c cap,no,,69175.05,28.59,0,0,0.00,0.00,0.00,0.00,0.00,
2026-08-19 22:45,KXBTC15M-26AUG191845-45,69143.33,0,odds 96c above 79c cap,yes,,69437.60,42.56,0,0,0.00,0.00,0.00,0.00,0.00,
2026-08-19 23:00,KXBTC15M-26AUG191900-00,69324.22,0,odds 96c above 79c cap,no,,69191.35,19.17,0,0,0.00,0.00,0.00,0.00,0.00,
2026-08-19 23:15,KXBTC15M-26AUG191915-15,69232.56,0,odds 82c above 79c cap,yes,,69282.09,7.15,0,0,0.00,0.00,0.00,0.00,0.00,
2026-08-19 23:30,KXBTC15M-26AUG191930-30,69323.39,1,,no,76,69247.50,10.95,0,6,4.56,0.08,0.00,-4.56,-4.64,0
2026-08-19 23:45,KXBTC15M-26AUG191945-45,69354.87,0,odds 88c above 79c cap,no,,69278.29,11.04,0,0,0.00,0.00,0.00,0.00,0.00,
2026-08-20 00:00,KXBTC15M-26AUG192000-00,69307.33,0,odds 93c above 79c cap,no,,69218.68,12.79,0,0,0.00,0.00,0.00,0.00,0.00,
2026-08-20 00:15,KXBTC15M-26AUG192015-15,69299.80,0,odds 99c above 79c cap,yes,,69625.84,47.05,0,0,0.00,0.00,0.00,0.00,0.00,
2026-08-20 00:30,KXBTC15M-26AUG192030-30,69506.94,0,odds 94c above 79c cap,yes,,69638.94,18.99,0,0,0.00,0.00,0.00,0.00,0.00,
2026-08-20 00:45,KXBTC15M-26AUG192045-45,69596.98,0,odds 27c not above 60c,no,,69540.00,8.19,0,0,0.00,0.00,0.00,0.00,0.00,
2026-08-20 01:00,KXBTC15M-26AUG192100-00,69535.98,1,,no,73,69440.01,13.80,0,6,4.38,0.09,6.00,1.62,1.53,1
2026-08-20 01:15,KXBTC15M-26AUG192115-15,69384.18,0,odds 88c above 79c cap,no,,69271.31,16.27,0,0,0.00,0.00,0.00,0.00,0.00,
2026-08-20 01:30,KXBTC15M-26AUG192130-30,69351.31,1,,no,74,69312.92,5.54,0,6,4.44,0.09,6.00,1.56,1.47,1
2026-08-20 01:45,KXBTC15M-26AUG192145-45,69282.04,0,odds 99c above 79c cap,yes,,69580.65,43.10,0,0,0.00,0.00,0.00,0.00,0.00,
2026-08-20 02:00,KXBTC15M-26AUG192200-00,69588.09,0,odds 89c above 79c cap,yes,,69650.01,8.90,0,0,0.00,0.00,0.00,0.00,0.00,
2026-08-20 02:15,KXBTC15M-26AUG192215-15,69684.68,1,,no,78,69550.53,19.25,0,6,4.68,0.08,6.00,1.32,1.24,1
2026-08-20 02:30,KXBTC15M-26AUG192230-30,69644.68,0,odds 96c above 79c cap,no,,69465.14,25.78,0,0,0.00,0.00,0.00,0.00,0.00,
2026-08-20 02:45,KXBTC15M-26AUG192245-45,69465.11,0,odds 95c above 79c cap,no,,69304.25,23.16,0,0,0.00,0.00,0.00,0.00,0.00,
2026-08-20 03:00,KXBTC15M-26AUG192300-00,69282.84,0,odds 59c not above 60c,no,,69238.20,6.44,0,0,0.00,0.00,0.00,0.00,0.00,
2026-08-20 03:15,KXBTC15M-26AUG192315-15,69261.48,0,odds 98c above 79c cap,no,,68922.76,48.90,0,0,0.00,0.00,0.00,0.00,0.00,
2026-08-20 03:30,KXBTC15M-26AUG192330-30,68940.81,0,odds 27c not above 60c,no,,68938.77,0.30,0,0,0.00,0.00,0.00,0.00,0.00,
2026-08-20 03:45,KXBTC15M-26AUG192345-45,68923.26,0,odds 90c above 79c cap,yes,,69027.13,15.07,0,0,0.00,0.00,0.00,0.00,0.00,
2026-08-20 04:00,KXBTC15M-26AUG200000-00,69107.63,1,,yes,73,69121.33,1.98,0,6,4.38,0.09,6.00,1.62,1.53,1
2026-08-20 04:15,KXBTC15M-26AUG200015-15,69131.61,0,odds 98c above 79c cap,yes,,69330.94,28.83,0,0,0.00,0.00,0.00,0.00,0.00,
2026-08-20 04:30,KXBTC15M-26AUG200030-30,69305.38,0,odds 30c not above 60c,yes,,69313.68,1.20,0,0,0.00,0.00,0.00,0.00,0.00,
