ts_utc,ticker,kind,side,price_c,contracts,cost,fee,spot,distance_bps
2026-07-11 21:38,KXBTC15M-26JUL111745-45,entry,no,67,7,4.69,0.11,64315.23,2.57
2026-07-11 21:53,KXBTC15M-26JUL111800-00,entry,yes,69,7,4.83,0.11,64317.82,1.13
2026-07-11 22:23,KXBTC15M-26JUL111830-30,entry,no,94,5,4.70,0.02,64223.72,19.36
2026-07-11 22:53,KXBTC15M-26JUL111900-00,entry,no,92,5,4.60,0.03,64126.77,9.28
2026-07-11 23:23,KXBTC15M-26JUL111930-30,entry,no,96,5,4.80,0.02,63932.52,26.36
2026-07-11 23:38,KXBTC15M-26JUL111945-45,entry,no,72,6,4.32,0.09,63860.11,4.94
2026-07-12 00:23,KXBTC15M-26JUL112030-30,entry,yes,74,6,4.44,0.09,63845.94,6.06
2026-07-12 00:38,KXBTC15M-26JUL112045-45,entry,no,86,5,4.30,0.05,63772.85,8.78
2026-07-12 01:08,KXBTC15M-26JUL112115-15,entry,yes,88,5,4.40,0.04,63888.19,14.60
2026-07-12 01:23,KXBTC15M-26JUL112130-30,entry,yes,85,5,4.25,0.05,63954.79,9.29
2026-07-12 01:38,KXBTC15M-26JUL112145-45,entry,yes,94,5,4.70,0.02,64015.08,16.13
2026-07-12 01:53,KXBTC15M-26JUL112200-00,entry,no,74,6,4.44,0.09,64082.20,6.39
2026-07-12 02:08,KXBTC15M-26JUL112215-15,entry,no,76,6,4.56,0.08,64049.00,6.90
2026-07-12 02:23,KXBTC15M-26JUL112230-30,entry,yes,90,5,4.50,0.04,64079.99,10.24
2026-07-12 02:53,KXBTC15M-26JUL112300-00,entry,yes,63,7,4.41,0.12,64056.71,1.91
2026-07-12 03:08,KXBTC15M-26JUL112315-15,entry,no,61,8,4.88,0.14,64027.60,3.80
2026-07-12 03:23,KXBTC15M-26JUL112330-30,entry,yes,67,7,4.69,0.11,64091.81,1.84
2026-07-12 03:38,KXBTC15M-26JUL112345-45,entry,yes,68,7,4.76,0.11,64112.16,3.26
2026-07-12 04:23,KXBTC15M-26JUL120030-30,entry,no,92,5,4.60,0.03,64087.74,9.06
2026-07-12 04:38,KXBTC15M-26JUL120045-45,entry,no,94,5,4.70,0.02,63926.34,18.83
2026-07-12 04:53,KXBTC15M-26JUL120100-00,entry,no,84,5,4.20,0.05,63949.23,6.89
2026-07-12 05:08,KXBTC15M-26JUL120115-15,entry,yes,69,7,4.83,0.11,63965.61,2.30
2026-07-12 05:23,KXBTC15M-26JUL120130-30,entry,no,92,5,4.60,0.03,63891.54,10.36
2026-07-12 05:38,KXBTC15M-26JUL120145-45,entry,yes,85,5,4.25,0.05,63924.63,6.71
2026-07-12 05:53,KXBTC15M-26JUL120200-00,entry,no,61,8,4.88,0.14,63932.01,1.06
2026-07-12 06:08,KXBTC15M-26JUL120215-15,entry,no,98,5,4.90,0.01,63777.60,26.31
2026-07-12 06:23,KXBTC15M-26JUL120230-30,entry,no,80,6,4.80,0.07,63706.89,2.29
2026-07-12 06:38,KXBTC15M-26JUL120245-45,entry,yes,97,5,4.85,0.02,63692.71,10.77
2026-07-12 06:53,KXBTC15M-26JUL120300-00,entry,no,84,5,4.20,0.05,63719.25,2.75
2026-07-12 07:08,KXBTC15M-26JUL120315-15,entry,yes,86,5,4.30,0.05,63760.72,5.84
2026-07-12 07:23,KXBTC15M-26JUL120330-30,entry,yes,95,5,4.75,0.02,63832.64,10.33
2026-07-12 08:08,KXBTC15M-26JUL120415-15,entry,yes,98,5,4.90,0.01,64015.81,26.48
2026-07-12 08:23,KXBTC15M-26JUL120430-30,entry,no,81,6,4.86,0.07,63964.35,6.87
2026-07-12 08:53,KXBTC15M-26JUL120500-00,entry,no,69,7,4.83,0.11,63938.76,4.94
2026-07-12 09:08,KXBTC15M-26JUL120515-15,entry,no,69,7,4.83,0.11,63940.03,0.80
2026-07-12 09:23,KXBTC15M-26JUL120530-30,entry,no,99,5,4.95,0.01,63743.67,18.20
2026-07-12 09:38,KXBTC15M-26JUL120545-45,entry,yes,99,5,4.95,0.01,63877.45,13.40
2026-07-12 09:53,KXBTC15M-26JUL120600-00,entry,no,86,5,4.30,0.05,63934.66,5.70
2026-07-12 10:08,KXBTC15M-26JUL120615-15,entry,no,91,5,4.55,0.03,63855.99,10.86
2026-07-12 10:23,KXBTC15M-26JUL120630-30,entry,no,69,7,4.83,0.11,63859.01,4.13
2026-07-12 11:08,KXBTC15M-26JUL120715-15,entry,yes,81,6,4.86,0.07,63860.15,3.32
2026-07-12 11:23,KXBTC15M-26JUL120730-30,entry,yes,71,7,4.97,0.11,63826.94,2.00
2026-07-12 11:38,KXBTC15M-26JUL120745-45,entry,yes,97,5,4.85,0.02,63971.18,16.10
2026-07-12 12:08,KXBTC15M-26JUL120815-15,entry,no,89,5,4.45,0.04,63929.32,7.99
2026-07-12 12:23,KXBTC15M-26JUL120830-30,entry,no,94,5,4.70,0.02,63999.80,9.52
2026-07-12 12:38,KXBTC15M-26JUL120845-45,entry,no,83,6,4.98,0.06,63965.73,8.31
2026-07-12 12:53,KXBTC15M-26JUL120900-00,entry,no,85,5,4.25,0.05,63965.27,4.02
2026-07-12 13:08,KXBTC15M-26JUL120915-15,entry,yes,70,7,4.90,0.11,64005.21,1.71
2026-07-12 13:38,KXBTC15M-26JUL120945-45,entry,yes,81,6,4.86,0.07,64039.23,4.35
2026-07-12 13:53,KXBTC15M-26JUL121000-00,entry,no,78,6,4.68,0.08,63987.55,3.20
2026-07-12 14:08,KXBTC15M-26JUL121015-15,entry,no,81,6,4.86,0.07,63955.03,5.31
2026-07-12 14:38,KXBTC15M-26JUL121045-45,entry,yes,93,5,4.65,0.03,64017.12,8.83
2026-07-12 14:53,KXBTC15M-26JUL121100-00,entry,yes,98,5,4.90,0.01,64159.06,19.05
2026-07-12 15:23,KXBTC15M-26JUL121130-30,entry,no,86,5,4.30,0.05,64129.50,4.09
2026-07-12 15:38,KXBTC15M-26JUL121145-45,entry,no,90,5,4.50,0.04,64109.61,10.74
2026-07-12 15:53,KXBTC15M-26JUL121200-00,entry,yes,85,5,4.25,0.05,64150.46,4.71
2026-07-12 16:23,KXBTC15M-26JUL121230-30,entry,yes,92,5,4.60,0.03,64068.20,6.15
2026-07-12 16:38,KXBTC15M-26JUL121245-45,entry,no,95,5,4.75,0.02,64065.77,11.72
2026-07-12 17:08,KXBTC15M-26JUL121315-15,entry,no,88,5,4.40,0.04,64108.98,4.00
2026-07-12 17:23,KXBTC15M-26JUL121330-30,entry,no,69,7,4.83,0.11,64091.95,2.27
2026-07-12 17:38,KXBTC15M-26JUL121345-45,entry,yes,78,6,4.68,0.08,64117.74,3.57
2026-07-12 17:53,KXBTC15M-26JUL121400-00,entry,no,88,5,4.40,0.04,63991.20,20.38
2026-07-12 18:38,KXBTC15M-26JUL121445-45,entry,yes,90,5,4.50,0.04,64095.39,8.41
2026-07-12 18:53,KXBTC15M-26JUL121500-00,entry,yes,72,6,4.32,0.09,64092.87,1.46
2026-07-12 19:08,KXBTC15M-26JUL121515-15,entry,yes,83,6,4.98,0.06,64155.00,6.65
2026-07-12 19:23,KXBTC15M-26JUL121530-30,entry,yes,76,6,4.56,0.08,64164.01,2.19
2026-07-12 19:38,KXBTC15M-26JUL121545-45,entry,no,92,5,4.60,0.03,64118.98,7.92
2026-07-12 19:53,KXBTC15M-26JUL121600-00,entry,yes,97,5,4.85,0.02,64212.01,13.59
2026-07-12 20:08,KXBTC15M-26JUL121615-15,entry,no,79,6,4.74,0.07,64170.75,3.87
2026-07-12 20:38,KXBTC15M-26JUL121645-45,entry,no,80,6,4.80,0.07,64156.96,1.59
2026-07-12 21:23,KXBTC15M-26JUL121730-30,entry,no,96,5,4.80,0.02,64077.55,14.95
2026-07-12 21:38,KXBTC15M-26JUL121745-45,entry,no,88,5,4.40,0.04,64027.60,7.69
2026-07-12 21:53,KXBTC15M-26JUL121800-00,entry,no,95,5,4.75,0.02,63888.00,19.18
2026-07-12 22:08,KXBTC15M-26JUL121815-15,entry,no,93,5,4.65,0.03,63758.75,23.00
2026-07-12 22:38,KXBTC15M-26JUL121845-45,entry,no,73,6,4.38,0.09,63745.89,6.44
2026-07-12 23:08,KXBTC15M-26JUL121915-15,entry,no,67,7,4.69,0.11,63754.61,16.14
2026-07-12 23:38,KXBTC15M-26JUL121945-45,entry,no,89,5,4.45,0.04,63737.12,10.08
2026-07-12 23:53,KXBTC15M-26JUL122000-00,entry,no,67,7,4.69,0.11,63747.98,4.11
2026-07-13 00:08,KXBTC15M-26JUL122015-15,entry,yes,96,5,4.80,0.02,63913.75,25.58
2026-07-13 00:38,KXBTC15M-26JUL122045-45,entry,no,98,5,4.90,0.01,63881.78,41.12
2026-07-13 00:53,KXBTC15M-26JUL122100-00,entry,yes,97,5,4.85,0.02,63933.61,29.03
2026-07-13 01:08,KXBTC15M-26JUL122115-15,entry,no,92,5,4.60,0.03,63849.23,28.13
2026-07-13 01:23,KXBTC15M-26JUL122130-30,entry,no,79,6,4.74,0.07,63734.80,15.27
2026-07-13 01:38,KXBTC15M-26JUL122145-45,entry,no,79,6,4.74,0.07,63658.00,4.66
2026-07-13 01:53,KXBTC15M-26JUL122200-00,entry,no,90,5,4.50,0.04,63539.84,19.51
2026-07-13 02:08,KXBTC15M-26JUL122215-15,entry,no,87,5,4.35,0.04,63219.75,27.12
2026-07-13 02:53,KXBTC15M-26JUL122300-00,entry,no,79,6,4.74,0.07,63348.02,12.89
2026-07-13 03:08,KXBTC15M-26JUL122315-15,entry,no,98,5,4.90,0.01,63067.99,41.84
2026-07-13 03:23,KXBTC15M-26JUL122330-30,entry,no,76,6,4.56,0.08,62860.78,18.05
2026-07-13 03:38,KXBTC15M-26JUL122345-45,entry,no,98,5,4.90,0.01,62801.97,36.25
2026-07-13 03:53,KXBTC15M-26JUL130000-00,entry,no,70,7,4.90,0.11,62755.42,4.68
2026-07-13 04:23,KXBTC15M-26JUL130030-30,entry,yes,90,5,4.50,0.04,62818.47,7.50
2026-07-13 04:38,KXBTC15M-26JUL130045-45,entry,no,97,5,4.85,0.02,62698.99,20.90
2026-07-13 04:53,KXBTC15M-26JUL130100-00,entry,yes,81,6,4.86,0.07,62700.92,3.17
2026-07-13 05:08,KXBTC15M-26JUL130115-15,entry,yes,90,5,4.50,0.04,62736.69,13.07
2026-07-13 05:23,KXBTC15M-26JUL130130-30,entry,no,61,8,4.88,0.14,62631.51,24.00
2026-07-13 05:38,KXBTC15M-26JUL130145-45,entry,yes,97,5,4.85,0.02,62746.33,24.41
2026-07-13 06:08,KXBTC15M-26JUL130215-15,entry,yes,86,5,4.30,0.05,62776.72,6.45
2026-07-13 06:38,KXBTC15M-26JUL130245-45,entry,no,82,6,4.92,0.07,62749.67,5.57
2026-07-13 07:38,KXBTC15M-26JUL130345-45,entry,yes,75,6,4.50,0.08,62964.75,6.04
2026-07-13 08:23,KXBTC15M-26JUL130430-30,entry,no,79,6,4.74,0.07,62933.15,7.77
2026-07-13 08:38,KXBTC15M-26JUL130445-45,entry,no,72,6,4.32,0.09,62935.39,14.38
2026-07-13 08:53,KXBTC15M-26JUL130500-00,entry,yes,86,5,4.30,0.05,63136.51,13.12
2026-07-13 09:08,KXBTC15M-26JUL130515-15,entry,no,77,6,4.62,0.08,63071.89,11.62
2026-07-13 09:23,KXBTC15M-26JUL130530-30,entry,no,79,6,4.74,0.07,63059.49,6.40
2026-07-13 10:08,KXBTC15M-26JUL130615-15,entry,no,69,7,4.83,0.11,63016.73,5.09
2026-07-13 10:23,KXBTC15M-26JUL130630-30,entry,yes,62,8,4.96,0.14,63029.07,0.20
2026-07-13 11:08,KXBTC15M-26JUL130715-15,entry,yes,97,5,4.85,0.02,63021.86,33.44
2026-07-13 11:23,KXBTC15M-26JUL130730-30,entry,no,73,6,4.38,0.09,62965.00,10.76
2026-07-13 11:38,KXBTC15M-26JUL130745-45,entry,no,85,5,4.25,0.05,62943.97,4.39
2026-07-13 11:53,KXBTC15M-26JUL130800-00,entry,no,82,6,4.92,0.07,62851.81,10.09
2026-07-13 12:23,KXBTC15M-26JUL130830-30,entry,no,82,6,4.92,0.07,62703.15,16.86
2026-07-13 12:38,KXBTC15M-26JUL130845-45,entry,no,97,5,4.85,0.02,62548.41,24.29
2026-07-13 13:23,KXBTC15M-26JUL130930-30,entry,no,76,6,4.56,0.08,62461.11,0.84
2026-07-13 13:38,KXBTC15M-26JUL130945-45,entry,yes,86,5,4.30,0.05,62555.43,10.87
2026-07-13 13:53,KXBTC15M-26JUL131000-00,entry,no,76,6,4.56,0.08,62158.42,15.36
2026-07-13 14:38,KXBTC15M-26JUL131045-45,entry,no,77,6,4.62,0.08,62487.44,2.24
2026-07-13 14:53,KXBTC15M-26JUL131100-00,entry,yes,71,7,4.97,0.11,62605.78,11.91
2026-07-13 15:08,KXBTC15M-26JUL131115-15,entry,no,62,8,4.96,0.14,62656.65,10.07
2026-07-13 15:23,KXBTC15M-26JUL131130-30,entry,yes,76,6,4.56,0.08,62808.09,11.22
2026-07-13 15:38,KXBTC15M-26JUL131145-45,entry,no,92,5,4.60,0.03,62588.00,26.56
2026-07-13 15:53,KXBTC15M-26JUL131200-00,entry,no,64,7,4.48,0.12,62555.14,2.56
2026-07-13 16:08,KXBTC15M-26JUL131215-15,entry,no,81,6,4.86,0.07,62483.78,10.18
2026-07-13 16:23,KXBTC15M-26JUL131230-30,entry,no,96,5,4.80,0.02,62243.94,36.28
2026-07-13 16:38,KXBTC15M-26JUL131245-45,entry,no,95,5,4.75,0.02,62166.98,16.87
2026-07-13 16:53,KXBTC15M-26JUL131300-00,entry,no,78,6,4.68,0.08,62252.10,9.00
2026-07-13 17:08,KXBTC15M-26JUL131315-15,entry,yes,83,6,4.98,0.06,62224.33,3.76
2026-07-13 17:23,KXBTC15M-26JUL131330-30,entry,no,86,5,4.30,0.05,62159.94,13.63
2026-07-13 17:38,KXBTC15M-26JUL131345-45,entry,no,92,5,4.60,0.03,61961.20,25.17
2026-07-13 17:53,KXBTC15M-26JUL131400-00,entry,no,82,6,4.92,0.07,61937.69,15.18
2026-07-13 18:08,KXBTC15M-26JUL131415-15,entry,yes,90,5,4.50,0.04,61946.21,12.98
2026-07-13 18:38,KXBTC15M-26JUL131445-45,entry,yes,65,7,4.55,0.12,61896.46,5.30
2026-07-13 18:53,KXBTC15M-26JUL131500-00,entry,yes,85,5,4.25,0.05,62009.42,13.49
2026-07-13 19:23,KXBTC15M-26JUL131530-30,entry,no,90,5,4.50,0.04,61950.60,10.64
2026-07-13 19:38,KXBTC15M-26JUL131545-45,entry,yes,94,5,4.70,0.02,62044.40,14.34
2026-07-13 19:53,KXBTC15M-26JUL131600-00,entry,yes,91,5,4.55,0.03,62170.06,11.55
2026-07-13 20:08,KXBTC15M-26JUL131615-15,entry,no,68,7,4.76,0.11,62179.98,5.64
2026-07-13 20:23,KXBTC15M-26JUL131630-30,entry,no,84,5,4.20,0.05,62105.10,8.89
2026-07-13 20:38,KXBTC15M-26JUL131645-45,entry,yes,74,6,4.44,0.09,62168.46,2.32
2026-07-13 20:53,KXBTC15M-26JUL131700-00,entry,no,92,5,4.60,0.03,62083.99,9.78
2026-07-13 21:08,KXBTC15M-26JUL131715-15,entry,no,71,7,4.97,0.11,62121.89,4.28
2026-07-13 21:23,KXBTC15M-26JUL131730-30,entry,yes,84,5,4.20,0.05,62078.99,7.60
2026-07-13 21:38,KXBTC15M-26JUL131745-45,entry,no,76,6,4.56,0.08,61895.00,12.31
2026-07-13 21:53,KXBTC15M-26JUL131800-00,entry,yes,85,5,4.25,0.05,61998.66,15.78
2026-07-13 22:08,KXBTC15M-26JUL131815-15,entry,yes,80,6,4.80,0.07,62116.00,13.34
2026-07-13 22:38,KXBTC15M-26JUL131845-45,entry,no,86,5,4.30,0.05,62041.67,9.92
2026-07-13 22:53,KXBTC15M-26JUL131900-00,entry,no,81,6,4.86,0.07,61915.99,13.89
2026-07-13 23:08,KXBTC15M-26JUL131915-15,entry,yes,84,5,4.20,0.05,61934.57,11.68
2026-07-13 23:23,KXBTC15M-26JUL131930-30,entry,yes,94,5,4.70,0.02,62104.10,19.01
2026-07-13 23:38,KXBTC15M-26JUL131945-45,entry,no,70,7,4.90,0.11,62062.46,6.56
2026-07-13 23:53,KXBTC15M-26JUL132000-00,entry,yes,97,5,4.85,0.02,62180.57,22.49
2026-07-14 00:08,KXBTC15M-26JUL132015-15,entry,no,69,7,4.83,0.11,62222.46,6.12
2026-07-14 00:23,KXBTC15M-26JUL132030-30,entry,no,86,5,4.30,0.05,62284.84,16.82
2026-07-14 00:53,KXBTC15M-26JUL132100-00,entry,yes,87,5,4.35,0.04,62321.99,13.59
2026-07-14 01:08,KXBTC15M-26JUL132115-15,entry,no,83,6,4.98,0.06,62413.52,11.68
2026-07-14 01:23,KXBTC15M-26JUL132130-30,entry,yes,87,5,4.35,0.04,62508.00,12.31
2026-07-14 01:53,KXBTC15M-26JUL132200-00,entry,yes,79,6,4.74,0.07,62452.60,3.13
2026-07-14 02:08,KXBTC15M-26JUL132215-15,entry,yes,80,6,4.80,0.07,62544.58,12.06
2026-07-14 02:23,KXBTC15M-26JUL132230-30,entry,no,88,5,4.40,0.04,62340.79,15.46
2026-07-14 02:38,KXBTC15M-26JUL132245-45,entry,yes,95,5,4.75,0.02,62407.77,17.82
2026-07-14 02:53,KXBTC15M-26JUL132300-00,entry,no,68,7,4.76,0.11,62469.21,8.04
2026-07-14 03:08,KXBTC15M-26JUL132315-15,entry,no,86,5,4.30,0.05,62427.38,8.37
2026-07-14 03:23,KXBTC15M-26JUL132330-30,entry,no,81,6,4.86,0.07,62315.38,0.30
2026-07-14 03:38,KXBTC15M-26JUL132345-45,entry,yes,88,5,4.40,0.04,62426.36,6.40
2026-07-14 03:53,KXBTC15M-26JUL140000-00,entry,yes,93,5,4.65,0.03,62483.68,11.59
2026-07-14 04:08,KXBTC15M-26JUL140015-15,entry,yes,61,8,4.88,0.14,62507.97,0.20
2026-07-14 04:23,KXBTC15M-26JUL140030-30,entry,yes,84,5,4.20,0.05,62570.14,9.72
2026-07-14 04:38,KXBTC15M-26JUL140045-45,entry,yes,95,5,4.75,0.02,62682.96,16.40
2026-07-14 05:08,KXBTC15M-26JUL140115-15,entry,yes,77,6,4.62,0.08,62752.85,11.46
2026-07-14 05:38,KXBTC15M-26JUL140145-45,entry,no,89,5,4.45,0.04,62690.48,14.12
2026-07-14 05:53,KXBTC15M-26JUL140200-00,entry,no,80,6,4.80,0.07,62652.87,4.75
2026-07-14 06:08,KXBTC15M-26JUL140215-15,entry,no,82,6,4.92,0.07,62589.02,8.31
2026-07-14 06:23,KXBTC15M-26JUL140230-30,entry,no,71,7,4.97,0.11,62608.85,2.66
2026-07-14 06:38,KXBTC15M-26JUL140245-45,entry,yes,68,7,4.76,0.11,62620.03,0.57
2026-07-14 06:53,KXBTC15M-26JUL140300-00,entry,no,72,6,4.32,0.09,62573.92,6.84
2026-07-14 07:08,KXBTC15M-26JUL140315-15,entry,no,62,8,4.96,0.14,62536.32,1.26
2026-07-14 07:38,KXBTC15M-26JUL140345-45,entry,no,80,6,4.80,0.07,62514.42,7.11
2026-07-14 08:08,KXBTC15M-26JUL140415-15,entry,no,66,7,4.62,0.11,62430.56,7.41
2026-07-14 08:23,KXBTC15M-26JUL140430-30,entry,yes,78,6,4.68,0.08,62497.44,5.88
2026-07-14 08:38,KXBTC15M-26JUL140445-45,entry,yes,78,6,4.68,0.08,62669.68,13.85
2026-07-14 08:53,KXBTC15M-26JUL140500-00,entry,no,94,5,4.70,0.02,62625.18,12.08
2026-07-14 09:08,KXBTC15M-26JUL140515-15,entry,no,72,6,4.32,0.09,62600.35,4.40
2026-07-14 09:38,KXBTC15M-26JUL140545-45,entry,no,98,5,4.90,0.01,62479.02,21.16
2026-07-14 10:08,KXBTC15M-26JUL140615-15,entry,yes,95,5,4.75,0.02,62621.35,9.76
2026-07-14 10:23,KXBTC15M-26JUL140630-30,entry,no,84,5,4.20,0.05,62611.52,5.90
2026-07-14 10:38,KXBTC15M-26JUL140645-45,entry,yes,81,6,4.86,0.07,62641.97,6.68
2026-07-14 10:53,KXBTC15M-26JUL140700-00,entry,yes,75,6,4.50,0.08,62737.99,4.17
2026-07-14 11:08,KXBTC15M-26JUL140715-15,entry,no,92,5,4.60,0.03,62642.86,16.90
2026-07-14 11:53,KXBTC15M-26JUL140800-00,entry,yes,68,7,4.76,0.11,62809.99,2.34
2026-07-14 12:08,KXBTC15M-26JUL140815-15,entry,no,84,5,4.20,0.05,62722.46,8.77
2026-07-14 12:23,KXBTC15M-26JUL140830-30,entry,yes,97,5,4.85,0.02,62901.99,20.19
2026-07-14 12:38,KXBTC15M-26JUL140845-45,entry,yes,99,5,4.95,0.01,63467.10,95.13
2026-07-14 12:53,KXBTC15M-26JUL140900-00,entry,yes,97,5,4.85,0.02,63801.01,46.24
2026-07-14 13:08,KXBTC15M-26JUL140915-15,entry,no,77,6,4.62,0.08,63752.49,19.41
2026-07-14 13:23,KXBTC15M-26JUL140930-30,entry,yes,98,5,4.90,0.01,64048.58,50.77
2026-07-14 13:38,KXBTC15M-26JUL140945-45,entry,no,76,6,4.56,0.08,63868.81,3.53
2026-07-14 13:53,KXBTC15M-26JUL141000-00,entry,yes,62,8,4.96,0.14,63825.48,22.17
2026-07-14 14:08,KXBTC15M-26JUL141015-15,entry,no,86,5,4.30,0.05,63663.96,17.99
2026-07-14 14:38,KXBTC15M-26JUL141045-45,entry,yes,85,5,4.25,0.05,63970.24,23.92
2026-07-14 14:53,KXBTC15M-26JUL141100-00,entry,yes,63,7,4.41,0.12,63987.98,5.99
2026-07-14 15:23,KXBTC15M-26JUL141130-30,entry,yes,91,5,4.55,0.03,64243.78,13.22
2026-07-14 15:38,KXBTC15M-26JUL141145-45,entry,yes,98,5,4.90,0.01,64727.51,41.68
2026-07-14 15:53,KXBTC15M-26JUL141200-00,entry,no,86,5,4.30,0.05,64592.11,22.92
2026-07-14 16:08,KXBTC15M-26JUL141215-15,entry,yes,65,7,4.55,0.12,64784.91,12.57
2026-07-14 17:08,KXBTC15M-26JUL141315-15,entry,no,92,5,4.60,0.03,64540.85,24.21
2026-07-14 17:23,KXBTC15M-26JUL141330-30,entry,no,96,5,4.80,0.02,64453.10,17.30
2026-07-14 17:38,KXBTC15M-26JUL141345-45,entry,no,88,5,4.40,0.04,64432.03,12.49
2026-07-14 17:53,KXBTC15M-26JUL141400-00,entry,yes,91,5,4.55,0.03,64584.02,17.19
2026-07-14 18:08,KXBTC15M-26JUL141415-15,entry,no,89,5,4.45,0.04,64498.36,15.49
2026-07-14 18:38,KXBTC15M-26JUL141445-45,entry,yes,71,7,4.97,0.11,64586.97,13.97
2026-07-14 19:23,KXBTC15M-26JUL141530-30,entry,yes,73,6,4.38,0.09,64605.68,0.87
2026-07-14 19:38,KXBTC15M-26JUL141545-45,entry,no,94,5,4.70,0.02,64451.52,16.70
2026-07-14 19:53,KXBTC15M-26JUL141600-00,entry,yes,96,5,4.80,0.02,64596.54,14.14
2026-07-14 20:08,KXBTC15M-26JUL141615-15,entry,no,96,5,4.80,0.02,64445.13,16.82
2026-07-14 20:38,KXBTC15M-26JUL141645-45,entry,no,64,7,4.48,0.12,64386.27,3.54
2026-07-14 21:23,KXBTC15M-26JUL141730-30,entry,yes,76,6,4.56,0.08,64588.92,3.32
2026-07-14 21:38,KXBTC15M-26JUL141745-45,entry,yes,76,6,4.56,0.08,64635.72,2.49
2026-07-14 21:53,KXBTC15M-26JUL141800-00,entry,no,94,5,4.70,0.02,64609.73,14.19
2026-07-14 22:08,KXBTC15M-26JUL141815-15,entry,no,86,5,4.30,0.05,64552.90,12.85
2026-07-14 22:23,KXBTC15M-26JUL141830-30,entry,yes,98,5,4.90,0.01,64852.09,55.57
2026-07-14 22:38,KXBTC15M-26JUL141845-45,entry,yes,76,6,4.56,0.08,64947.90,4.79
2026-07-14 23:23,KXBTC15M-26JUL141930-30,entry,no,96,5,4.80,0.02,64854.03,19.15
2026-07-14 23:38,KXBTC15M-26JUL141945-45,entry,yes,94,5,4.70,0.02,64929.91,10.30
2026-07-14 23:53,KXBTC15M-26JUL142000-00,entry,yes,62,8,4.96,0.14,64967.14,1.43
2026-07-15 00:23,KXBTC15M-26JUL142030-30,entry,no,90,5,4.50,0.04,64826.88,8.49
2026-07-15 00:38,KXBTC15M-26JUL142045-45,entry,no,90,5,4.50,0.04,64760.19,11.38
2026-07-15 00:53,KXBTC15M-26JUL142100-00,entry,yes,80,6,4.80,0.07,64766.71,4.37
2026-07-15 01:08,KXBTC15M-26JUL142115-15,entry,no,93,5,4.65,0.03,64704.67,12.93
2026-07-15 01:38,KXBTC15M-26JUL142145-45,entry,no,96,5,4.80,0.02,64669.21,18.90
2026-07-15 01:53,KXBTC15M-26JUL142200-00,entry,no,78,6,4.68,0.08,64601.29,6.04
2026-07-15 02:23,KXBTC15M-26JUL142230-30,entry,no,96,5,4.80,0.02,64514.55,22.93
2026-07-15 02:53,KXBTC15M-26JUL142300-00,entry,no,94,5,4.70,0.02,64457.81,8.14
2026-07-15 03:08,KXBTC15M-26JUL142315-15,entry,yes,98,5,4.90,0.01,64572.05,18.46
2026-07-15 03:23,KXBTC15M-26JUL142330-30,entry,no,71,7,4.97,0.11,64540.00,6.48
2026-07-15 03:38,KXBTC15M-26JUL142345-45,entry,yes,92,5,4.60,0.03,64624.03,10.58
2026-07-15 03:53,KXBTC15M-26JUL150000-00,entry,yes,98,5,4.90,0.01,64718.11,10.07
2026-07-15 04:08,KXBTC15M-26JUL150015-15,entry,no,69,7,4.83,0.11,64727.48,3.48
2026-07-15 04:23,KXBTC15M-26JUL150030-30,entry,no,84,5,4.20,0.05,64749.02,5.65
2026-07-15 04:38,KXBTC15M-26JUL150045-45,entry,yes,75,6,4.50,0.08,64757.10,3.98
2026-07-15 04:53,KXBTC15M-26JUL150100-00,entry,yes,82,6,4.92,0.07,64772.83,2.76
2026-07-15 05:08,KXBTC15M-26JUL150115-15,entry,no,90,5,4.50,0.04,64622.00,11.36
2026-07-15 05:23,KXBTC15M-26JUL150130-30,entry,yes,93,5,4.65,0.03,64642.59,10.36
2026-07-15 05:38,KXBTC15M-26JUL150145-45,entry,yes,93,5,4.65,0.03,64687.04,9.33
2026-07-15 05:53,KXBTC15M-26JUL150200-00,entry,yes,98,5,4.90,0.01,64737.90,12.34
2026-07-15 06:08,KXBTC15M-26JUL150215-15,entry,yes,73,6,4.38,0.09,64900.48,0.45
2026-07-15 06:38,KXBTC15M-26JUL150245-45,entry,yes,68,7,4.76,0.11,64970.40,7.11
2026-07-15 06:53,KXBTC15M-26JUL150300-00,entry,no,95,5,4.75,0.02,64878.39,16.84
2026-07-15 07:08,KXBTC15M-26JUL150315-15,entry,no,78,6,4.68,0.08,64720.01,9.41
2026-07-15 07:23,KXBTC15M-26JUL150330-30,entry,no,98,5,4.90,0.01,64606.74,33.67
2026-07-15 07:38,KXBTC15M-26JUL150345-45,entry,yes,86,5,4.30,0.05,64531.54,8.29
2026-07-15 08:08,KXBTC15M-26JUL150415-15,entry,yes,68,7,4.76,0.11,64546.56,5.31
2026-07-15 08:38,KXBTC15M-26JUL150445-45,entry,yes,83,6,4.98,0.06,64635.78,6.16
2026-07-15 08:53,KXBTC15M-26JUL150500-00,entry,yes,76,6,4.56,0.08,64712.01,4.80
2026-07-15 09:08,KXBTC15M-26JUL150515-15,entry,yes,68,7,4.76,0.11,64733.79,2.01
2026-07-15 09:23,KXBTC15M-26JUL150530-30,entry,yes,91,5,4.55,0.03,64810.02,3.38
2026-07-15 09:38,KXBTC15M-26JUL150545-45,entry,no,94,5,4.70,0.02,64733.79,9.38
2026-07-15 09:53,KXBTC15M-26JUL150600-00,entry,no,81,6,4.86,0.07,64624.89,6.97
2026-07-15 10:08,KXBTC15M-26JUL150615-15,entry,yes,98,5,4.90,0.01,64770.08,23.35
2026-07-15 10:23,KXBTC15M-26JUL150630-30,entry,no,96,5,4.80,0.02,64617.61,22.38
2026-07-15 10:38,KXBTC15M-26JUL150645-45,entry,yes,72,6,4.32,0.09,64630.96,6.30
2026-07-15 11:08,KXBTC15M-26JUL150715-15,entry,yes,94,5,4.70,0.02,64681.99,11.37
2026-07-15 11:23,KXBTC15M-26JUL150730-30,entry,no,94,5,4.70,0.02,64614.00,10.01
2026-07-15 11:38,KXBTC15M-26JUL150745-45,entry,yes,93,5,4.65,0.03,64633.72,7.99
2026-07-15 11:53,KXBTC15M-26JUL150800-00,entry,yes,87,5,4.35,0.04,64663.00,4.03
2026-07-15 12:08,KXBTC15M-26JUL150815-15,entry,no,90,5,4.50,0.04,64617.02,11.19
2026-07-15 12:23,KXBTC15M-26JUL150830-30,entry,no,87,5,4.35,0.04,64587.40,8.05
2026-07-15 12:38,KXBTC15M-26JUL150845-45,entry,yes,96,5,4.80,0.02,64755.57,19.96
2026-07-15 12:53,KXBTC15M-26JUL150900-00,entry,yes,99,5,4.95,0.01,65160.25,62.06
2026-07-15 13:08,KXBTC15M-26JUL150915-15,entry,yes,99,5,4.95,0.01,65292.41,26.65
2026-07-15 13:23,KXBTC15M-26JUL150930-30,entry,yes,94,5,4.70,0.02,65404.01,13.12
2026-07-15 13:38,KXBTC15M-26JUL150945-45,entry,yes,82,6,4.92,0.07,65337.77,11.02
2026-07-15 13:53,KXBTC15M-26JUL151000-00,entry,no,98,5,4.90,0.01,64900.29,56.35
2026-07-15 14:08,KXBTC15M-26JUL151015-15,entry,yes,96,5,4.80,0.02,65251.59,30.81
2026-07-15 14:38,KXBTC15M-26JUL151045-45,entry,yes,64,7,4.48,0.12,65369.04,10.63
2026-07-15 14:53,KXBTC15M-26JUL151100-00,entry,yes,75,6,4.50,0.08,65390.15,9.63
2026-07-15 15:08,KXBTC15M-26JUL151115-15,entry,yes,71,7,4.97,0.11,65408.16,9.43
2026-07-15 15:23,KXBTC15M-26JUL151130-30,entry,no,83,6,4.98,0.06,65266.28,13.37
2026-07-15 15:38,KXBTC15M-26JUL151145-45,entry,yes,86,5,4.30,0.05,65453.00,13.89
2026-07-15 16:08,KXBTC15M-26JUL151215-15,entry,no,97,5,4.85,0.02,65128.63,37.90
2026-07-15 16:23,KXBTC15M-26JUL151230-30,entry,yes,62,8,4.96,0.14,65104.64,5.64
2026-07-15 16:38,KXBTC15M-26JUL151245-45,entry,no,99,5,4.95,0.01,64733.79,57.76
2026-07-15 16:53,KXBTC15M-26JUL151300-00,entry,yes,97,5,4.85,0.02,65026.36,26.05
2026-07-15 17:08,KXBTC15M-26JUL151315-15,entry,no,66,7,4.62,0.11,65056.00,1.21
2026-07-15 17:23,KXBTC15M-26JUL151330-30,entry,yes,69,7,4.83,0.11,64991.52,1.10
2026-07-15 17:38,KXBTC15M-26JUL151345-45,entry,no,70,7,4.90,0.11,64964.80,3.75
2026-07-15 18:08,KXBTC15M-26JUL151415-15,entry,no,75,6,4.50,0.08,64968.75,7.57
2026-07-15 18:38,KXBTC15M-26JUL151445-45,entry,yes,63,7,4.41,0.12,65022.17,2.22
2026-07-15 18:53,KXBTC15M-26JUL151500-00,entry,no,74,6,4.44,0.09,64861.18,14.27
2026-07-15 19:08,KXBTC15M-26JUL151515-15,entry,yes,86,5,4.30,0.05,64862.20,7.36
2026-07-15 19:23,KXBTC15M-26JUL151530-30,entry,no,94,5,4.70,0.02,64751.93,21.73
2026-07-15 19:38,KXBTC15M-26JUL151545-45,entry,yes,88,5,4.40,0.04,64878.36,9.64
2026-07-15 19:53,KXBTC15M-26JUL151600-00,entry,no,79,6,4.74,0.07,64938.21,0.89
2026-07-15 20:23,KXBTC15M-26JUL151630-30,entry,yes,92,5,4.60,0.03,64951.70,6.63
2026-07-15 20:38,KXBTC15M-26JUL151645-45,entry,no,62,8,4.96,0.14,64950.01,2.62
2026-07-15 20:53,KXBTC15M-26JUL151700-00,entry,no,80,6,4.80,0.07,64940.40,3.97
2026-07-15 21:08,KXBTC15M-26JUL151715-15,entry,no,70,7,4.90,0.11,64916.51,3.09
2026-07-15 21:23,KXBTC15M-26JUL151730-30,entry,yes,78,6,4.68,0.08,64893.05,3.79
2026-07-15 21:38,KXBTC15M-26JUL151745-45,entry,no,80,6,4.80,0.07,64757.45,12.66
2026-07-15 22:53,KXBTC15M-26JUL151900-00,entry,yes,78,6,4.68,0.08,64866.05,2.79
2026-07-15 23:08,KXBTC15M-26JUL151915-15,entry,yes,87,5,4.35,0.04,64860.39,3.92
2026-07-15 23:38,KXBTC15M-26JUL151945-45,entry,no,62,8,4.96,0.14,64793.50,2.96
2026-07-15 23:53,KXBTC15M-26JUL152000-00,entry,yes,95,5,4.75,0.02,64758.02,9.30
2026-07-16 00:08,KXBTC15M-26JUL152015-15,entry,yes,71,7,4.97,0.11,64724.58,0.70
2026-07-16 00:23,KXBTC15M-26JUL152030-30,entry,no,94,5,4.70,0.02,64641.55,22.67
2026-07-16 00:38,KXBTC15M-26JUL152045-45,entry,no,85,5,4.25,0.05,64480.02,10.79
2026-07-16 00:53,KXBTC15M-26JUL152100-00,entry,yes,97,5,4.85,0.02,64595.64,17.04
2026-07-16 01:08,KXBTC15M-26JUL152115-15,entry,yes,86,5,4.30,0.05,64596.16,7.01
2026-07-16 01:23,KXBTC15M-26JUL152130-30,entry,no,96,5,4.80,0.02,64419.99,24.61
2026-07-16 01:38,KXBTC15M-26JUL152145-45,entry,yes,94,5,4.70,0.02,64613.02,13.06
2026-07-16 01:53,KXBTC15M-26JUL152200-00,entry,yes,98,5,4.90,0.01,64708.39,20.41
2026-07-16 02:08,KXBTC15M-26JUL152215-15,entry,no,90,5,4.50,0.04,64662.89,4.69
2026-07-16 02:38,KXBTC15M-26JUL152245-45,entry,no,74,6,4.44,0.09,64581.62,7.18
2026-07-16 03:08,KXBTC15M-26JUL152315-15,entry,no,90,5,4.50,0.04,64578.92,5.16
2026-07-16 03:23,KXBTC15M-26JUL152330-30,entry,no,92,5,4.60,0.03,64579.42,12.45
2026-07-16 03:53,KXBTC15M-26JUL160000-00,entry,no,95,5,4.75,0.02,64529.07,13.47
2026-07-16 04:23,KXBTC15M-26JUL160030-30,entry,no,97,5,4.85,0.02,64495.20,16.53
2026-07-16 04:38,KXBTC15M-26JUL160045-45,entry,no,74,6,4.44,0.09,64541.88,8.75
2026-07-16 04:53,KXBTC15M-26JUL160100-00,entry,yes,61,8,4.88,0.14,64574.00,1.14
2026-07-16 05:08,KXBTC15M-26JUL160115-15,entry,yes,92,5,4.60,0.03,64614.01,7.81
2026-07-16 05:23,KXBTC15M-26JUL160130-30,entry,yes,94,5,4.70,0.02,64851.20,22.46
2026-07-16 05:53,KXBTC15M-26JUL160200-00,entry,no,70,7,4.90,0.11,64849.94,1.77
2026-07-16 06:23,KXBTC15M-26JUL160230-30,entry,no,68,7,4.76,0.11,64797.76,2.35
2026-07-16 06:38,KXBTC15M-26JUL160245-45,entry,no,96,5,4.80,0.02,64595.99,27.50
2026-07-16 09:23,KXBTC15M-26JUL160530-30,entry,no,79,6,4.74,0.07,64030.90,9.08
2026-07-16 09:38,KXBTC15M-26JUL160545-45,entry,yes,82,6,4.92,0.07,64035.81,5.25
2026-07-16 10:08,KXBTC15M-26JUL160615-15,entry,yes,93,5,4.65,0.03,64123.99,14.14
2026-07-16 10:23,KXBTC15M-26JUL160630-30,entry,yes,83,6,4.98,0.06,64150.00,7.96
2026-07-16 10:38,KXBTC15M-26JUL160645-45,entry,no,68,7,4.76,0.11,64138.14,5.34
2026-07-16 11:08,KXBTC15M-26JUL160715-15,entry,no,96,5,4.80,0.02,64086.31,13.24
2026-07-16 11:23,KXBTC15M-26JUL160730-30,entry,yes,77,6,4.62,0.08,64192.16,10.50
2026-07-16 11:53,KXBTC15M-26JUL160800-00,entry,no,83,6,4.98,0.06,64145.24,10.23
2026-07-16 12:08,KXBTC15M-26JUL160815-15,entry,no,92,5,4.60,0.03,64098.32,17.06
2026-07-16 12:38,KXBTC15M-26JUL160845-45,entry,no,95,5,4.75,0.02,63947.98,27.85
2026-07-16 12:53,KXBTC15M-26JUL160900-00,entry,yes,90,5,4.50,0.04,63960.00,16.34
2026-07-16 13:08,KXBTC15M-26JUL160915-15,entry,yes,77,6,4.62,0.08,63964.81,6.24
2026-07-16 13:23,KXBTC15M-26JUL160930-30,entry,yes,92,5,4.60,0.03,64183.21,20.88
2026-07-16 13:38,KXBTC15M-26JUL160945-45,entry,yes,91,5,4.55,0.03,64271.99,14.94
2026-07-16 13:53,KXBTC15M-26JUL161000-00,entry,yes,91,5,4.55,0.03,64291.64,24.39
2026-07-16 14:08,KXBTC15M-26JUL161015-15,entry,yes,92,5,4.60,0.03,64560.00,35.62
2026-07-16 14:53,KXBTC15M-26JUL161100-00,entry,no,80,6,4.80,0.07,64540.21,17.78
2026-07-16 15:08,KXBTC15M-26JUL161115-15,entry,no,88,5,4.40,0.04,64337.09,23.87
2026-07-16 15:23,KXBTC15M-26JUL161130-30,entry,yes,98,5,4.90,0.01,64518.66,35.62
2026-07-16 15:38,KXBTC15M-26JUL161145-45,entry,no,75,6,4.50,0.08,64738.87,3.89
2026-07-16 16:08,KXBTC15M-26JUL161215-15,entry,no,96,5,4.80,0.02,64526.58,22.16
2026-07-16 16:23,KXBTC15M-26JUL161230-30,entry,no,82,6,4.92,0.07,64384.89,14.02
2026-07-16 16:53,KXBTC15M-26JUL161300-00,entry,yes,91,5,4.55,0.03,64434.09,13.18
2026-07-16 17:08,KXBTC15M-26JUL161315-15,entry,no,96,5,4.80,0.02,64334.76,18.58
2026-07-16 17:53,KXBTC15M-26JUL161400-00,entry,no,72,6,4.32,0.09,64091.28,2.70
2026-07-16 18:08,KXBTC15M-26JUL161415-15,entry,yes,88,5,4.40,0.04,64107.44,13.72
2026-07-16 18:23,KXBTC15M-26JUL161430-30,entry,yes,90,5,4.50,0.04,64243.60,12.24
2026-07-16 18:38,KXBTC15M-26JUL161445-45,entry,no,97,5,4.85,0.02,64105.01,14.46
2026-07-16 18:53,KXBTC15M-26JUL161500-00,entry,yes,96,5,4.80,0.02,64220.38,18.31
2026-07-16 19:08,KXBTC15M-26JUL161515-15,entry,no,78,6,4.68,0.08,64194.28,4.35
2026-07-16 19:23,KXBTC15M-26JUL161530-30,entry,no,64,7,4.48,0.12,64135.41,9.14
2026-07-16 19:38,KXBTC15M-26JUL161545-45,entry,no,75,6,4.50,0.08,64213.14,2.03
2026-07-16 19:53,KXBTC15M-26JUL161600-00,entry,yes,74,6,4.44,0.09,64202.42,7.02
2026-07-16 20:08,KXBTC15M-26JUL161615-15,entry,no,85,5,4.25,0.05,64153.12,10.22
2026-07-16 20:23,KXBTC15M-26JUL161630-30,entry,yes,80,6,4.80,0.07,64162.42,2.57
2026-07-16 20:38,KXBTC15M-26JUL161645-45,entry,no,74,6,4.44,0.09,64089.97,7.56
2026-07-16 20:53,KXBTC15M-26JUL161700-00,entry,no,73,6,4.38,0.09,64083.43,3.79
2026-07-16 21:08,KXBTC15M-26JUL161715-15,entry,yes,77,6,4.62,0.08,64109.31,2.16
2026-07-16 21:38,KXBTC15M-26JUL161745-45,entry,yes,70,7,4.90,0.11,64177.29,6.27
2026-07-16 22:08,KXBTC15M-26JUL161815-15,entry,yes,69,7,4.83,0.11,64167.96,9.05
2026-07-16 22:23,KXBTC15M-26JUL161830-30,entry,no,96,5,4.80,0.02,64021.88,16.51
2026-07-16 22:38,KXBTC15M-26JUL161845-45,entry,yes,96,5,4.80,0.02,64081.66,16.38
2026-07-16 22:53,KXBTC15M-26JUL161900-00,entry,no,91,5,4.55,0.03,63929.39,16.31
2026-07-16 23:08,KXBTC15M-26JUL161915-15,entry,no,68,7,4.76,0.11,63881.67,5.77
2026-07-16 23:23,KXBTC15M-26JUL161930-30,entry,no,97,5,4.85,0.02,63720.94,24.42
2026-07-16 23:38,KXBTC15M-26JUL161945-45,entry,no,89,5,4.45,0.04,63702.61,10.43
2026-07-16 23:53,KXBTC15M-26JUL162000-00,entry,yes,80,6,4.80,0.07,63828.67,5.75
2026-07-17 00:08,KXBTC15M-26JUL162015-15,entry,no,93,5,4.65,0.03,63738.00,8.83
2026-07-17 00:23,KXBTC15M-26JUL162030-30,entry,yes,62,8,4.96,0.14,63768.79,4.75
2026-07-17 00:38,KXBTC15M-26JUL162045-45,entry,no,95,5,4.75,0.02,63675.69,11.55
2026-07-17 00:53,KXBTC15M-26JUL162100-00,entry,yes,80,6,4.80,0.07,63799.64,13.03
2026-07-17 01:08,KXBTC15M-26JUL162115-15,entry,yes,95,5,4.75,0.02,64013.39,28.75
2026-07-17 01:23,KXBTC15M-26JUL162130-30,entry,no,89,5,4.45,0.04,63848.48,14.56
2026-07-17 01:38,KXBTC15M-26JUL162145-45,entry,no,85,5,4.25,0.05,63809.35,15.01
2026-07-17 01:53,KXBTC15M-26JUL162200-00,entry,no,95,5,4.75,0.02,63468.78,36.77
2026-07-17 02:08,KXBTC15M-26JUL162215-15,entry,yes,67,7,4.69,0.11,63531.43,5.74
2026-07-17 02:23,KXBTC15M-26JUL162230-30,entry,no,77,6,4.62,0.08,63493.25,11.76
2026-07-17 02:38,KXBTC15M-26JUL162245-45,entry,no,93,5,4.65,0.03,63380.31,25.06
2026-07-17 02:53,KXBTC15M-26JUL162300-00,entry,no,77,6,4.62,0.08,63357.95,7.31
2026-07-17 03:08,KXBTC15M-26JUL162315-15,entry,yes,97,5,4.85,0.02,63585.28,23.59
2026-07-17 03:23,KXBTC15M-26JUL162330-30,entry,yes,90,5,4.50,0.04,63625.86,8.39
2026-07-17 03:38,KXBTC15M-26JUL162345-45,entry,no,69,7,4.83,0.11,63602.55,4.85
2026-07-17 03:53,KXBTC15M-26JUL170000-00,entry,no,92,5,4.60,0.03,63501.72,11.40
2026-07-17 04:08,KXBTC15M-26JUL170015-15,entry,no,92,5,4.60,0.03,63453.88,10.10
2026-07-17 04:23,KXBTC15M-26JUL170030-30,entry,no,98,5,4.90,0.01,63315.65,20.73
2026-07-17 04:53,KXBTC15M-26JUL170100-00,entry,yes,86,5,4.30,0.05,63446.61,2.79
2026-07-17 05:08,KXBTC15M-26JUL170115-15,entry,no,87,5,4.35,0.04,63347.09,13.58
2026-07-17 05:23,KXBTC15M-26JUL170130-30,entry,no,92,5,4.60,0.03,63311.66,10.27
2026-07-17 05:38,KXBTC15M-26JUL170145-45,entry,no,93,5,4.65,0.03,63139.02,10.50
2026-07-17 05:53,KXBTC15M-26JUL170200-00,entry,no,98,5,4.90,0.01,62772.43,26.63
2026-07-17 06:08,KXBTC15M-26JUL170215-15,entry,yes,90,5,4.50,0.04,62860.00,12.38
2026-07-17 06:53,KXBTC15M-26JUL170300-00,entry,no,61,8,4.88,0.14,62820.92,1.80
2026-07-17 07:08,KXBTC15M-26JUL170315-15,entry,no,80,6,4.80,0.07,62827.99,9.56
2026-07-17 07:23,KXBTC15M-26JUL170330-30,entry,no,88,5,4.40,0.04,62810.86,6.48
2026-07-17 07:38,KXBTC15M-26JUL170345-45,entry,no,77,6,4.62,0.08,62863.41,2.87
2026-07-17 07:53,KXBTC15M-26JUL170400-00,entry,no,63,7,4.41,0.12,62888.32,3.73
2026-07-17 08:08,KXBTC15M-26JUL170415-15,entry,yes,71,7,4.97,0.11,62799.20,3.19
2026-07-17 08:23,KXBTC15M-26JUL170430-30,entry,no,80,6,4.80,0.07,62785.51,8.01
2026-07-17 08:38,KXBTC15M-26JUL170445-45,entry,no,92,5,4.60,0.03,62634.74,20.06
2026-07-17 08:53,KXBTC15M-26JUL170500-00,entry,yes,96,5,4.80,0.02,62819.77,14.96
2026-07-17 09:08,KXBTC15M-26JUL170515-15,entry,yes,74,6,4.44,0.09,62850.72,1.12
2026-07-17 09:23,KXBTC15M-26JUL170530-30,entry,no,90,5,4.50,0.04,62880.74,2.39
2026-07-17 09:53,KXBTC15M-26JUL170600-00,entry,no,92,5,4.60,0.03,62931.99,10.74
2026-07-17 10:08,KXBTC15M-26JUL170615-15,entry,yes,97,5,4.85,0.02,63027.85,14.32
2026-07-17 10:23,KXBTC15M-26JUL170630-30,entry,no,71,7,4.97,0.11,63024.16,2.04
2026-07-17 10:38,KXBTC15M-26JUL170645-45,entry,yes,83,6,4.98,0.06,63086.24,6.97
2026-07-17 11:08,KXBTC15M-26JUL170715-15,entry,no,92,5,4.60,0.03,63050.49,12.20
2026-07-17 11:38,KXBTC15M-26JUL170745-45,entry,yes,97,5,4.85,0.02,63192.97,18.34
2026-07-17 11:53,KXBTC15M-26JUL170800-00,entry,yes,76,6,4.56,0.08,63257.99,3.10
2026-07-17 12:08,KXBTC15M-26JUL170815-15,entry,no,75,6,4.50,0.08,63224.54,5.26
2026-07-17 12:38,KXBTC15M-26JUL170845-45,entry,no,83,6,4.98,0.06,63099.98,6.31
2026-07-17 13:08,KXBTC15M-26JUL170915-15,entry,no,99,5,4.95,0.01,62793.45,40.56
2026-07-17 13:23,KXBTC15M-26JUL170930-30,entry,yes,93,5,4.65,0.03,62850.00,13.42
2026-07-17 13:38,KXBTC15M-26JUL170945-45,entry,no,95,5,4.75,0.02,62532.81,41.30
2026-07-17 13:53,KXBTC15M-26JUL171000-00,entry,yes,98,5,4.90,0.01,62782.10,46.01
2026-07-17 14:08,KXBTC15M-26JUL171015-15,entry,yes,89,5,4.45,0.04,63311.10,37.24
2026-07-17 14:23,KXBTC15M-26JUL171030-30,entry,no,82,6,4.92,0.07,63203.14,19.82
2026-07-17 14:53,KXBTC15M-26JUL171100-00,entry,no,75,6,4.50,0.08,63132.91,15.26
2026-07-17 15:08,KXBTC15M-26JUL171115-15,entry,no,90,5,4.50,0.04,62964.79,28.98
2026-07-17 15:23,KXBTC15M-26JUL171130-30,entry,yes,97,5,4.85,0.02,63052.36,32.72
2026-07-17 15:38,KXBTC15M-26JUL171145-45,entry,yes,66,7,4.62,0.11,63219.61,4.42
2026-07-17 16:08,KXBTC15M-26JUL171215-15,entry,no,63,7,4.41,0.12,63343.70,5.11
2026-07-17 16:23,KXBTC15M-26JUL171230-30,entry,no,91,5,4.55,0.03,63303.35,22.59
2026-07-17 16:53,KXBTC15M-26JUL171300-00,entry,yes,95,5,4.75,0.02,63588.00,18.60
2026-07-17 17:08,KXBTC15M-26JUL171315-15,entry,yes,98,5,4.90,0.01,63844.79,44.83
2026-07-17 17:53,KXBTC15M-26JUL171400-00,entry,yes,86,5,4.30,0.05,64006.67,0.78
2026-07-17 18:08,KXBTC15M-26JUL171415-15,entry,no,83,6,4.98,0.06,63985.45,6.75
2026-07-17 18:23,KXBTC15M-26JUL171430-30,entry,no,96,5,4.80,0.02,63920.34,22.31
2026-07-17 18:38,KXBTC15M-26JUL171445-45,entry,yes,82,6,4.92,0.07,64029.43,16.69
2026-07-17 18:53,KXBTC15M-26JUL171500-00,entry,yes,97,5,4.85,0.02,64324.39,37.18
2026-07-17 19:08,KXBTC15M-26JUL171515-15,entry,no,88,5,4.40,0.04,64124.56,15.91
2026-07-17 19:23,KXBTC15M-26JUL171530-30,entry,no,85,5,4.25,0.05,63995.43,8.97
2026-07-17 19:38,KXBTC15M-26JUL171545-45,entry,yes,89,5,4.45,0.04,64112.44,10.37
2026-07-17 20:08,KXBTC15M-26JUL171615-15,entry,no,97,5,4.85,0.02,63993.66,20.77
2026-07-17 20:38,KXBTC15M-26JUL171645-45,entry,no,91,5,4.55,0.03,63952.12,11.96
2026-07-17 20:53,KXBTC15M-26JUL171700-00,entry,yes,80,6,4.80,0.07,64090.87,8.60
2026-07-17 21:08,KXBTC15M-26JUL171715-15,entry,yes,76,6,4.56,0.08,64134.62,6.83
2026-07-17 21:38,KXBTC15M-26JUL171745-45,entry,no,90,5,4.50,0.04,64067.11,11.89
2026-07-17 21:53,KXBTC15M-26JUL171800-00,entry,no,72,6,4.32,0.09,64046.71,2.71
2026-07-17 22:23,KXBTC15M-26JUL171830-30,entry,no,91,5,4.55,0.03,63972.00,11.69
2026-07-17 22:38,KXBTC15M-26JUL171845-45,entry,no,77,6,4.62,0.08,63890.71,6.99
2026-07-17 22:53,KXBTC15M-26JUL171900-00,entry,yes,89,5,4.45,0.04,63938.71,3.96
2026-07-17 23:08,KXBTC15M-26JUL171915-15,entry,no,96,5,4.80,0.02,63864.03,11.76
2026-07-17 23:23,KXBTC15M-26JUL171930-30,entry,yes,92,5,4.60,0.03,63895.25,3.55
2026-07-17 23:38,KXBTC15M-26JUL171945-45,entry,yes,94,5,4.70,0.02,63954.22,4.19
2026-07-17 23:53,KXBTC15M-26JUL172000-00,entry,no,75,6,4.50,0.08,63932.53,1.85
2026-07-18 00:08,KXBTC15M-26JUL172015-15,entry,no,79,6,4.74,0.07,63868.80,5.19
2026-07-18 00:23,KXBTC15M-26JUL172030-30,entry,yes,70,7,4.90,0.11,63940.73,3.15
2026-07-18 00:38,KXBTC15M-26JUL172045-45,entry,no,91,5,4.55,0.03,63873.76,13.32
2026-07-18 00:53,KXBTC15M-26JUL172100-00,entry,no,68,7,4.76,0.11,63854.90,4.50
2026-07-18 01:23,KXBTC15M-26JUL172130-30,entry,yes,90,5,4.50,0.04,63934.55,7.48
2026-07-18 01:38,KXBTC15M-26JUL172145-45,entry,no,89,5,4.45,0.04,63895.84,10.37
2026-07-18 01:53,KXBTC15M-26JUL172200-00,entry,yes,85,5,4.25,0.05,63936.81,4.41
2026-07-18 02:08,KXBTC15M-26JUL172215-15,entry,no,85,5,4.25,0.05,63891.72,5.28
2026-07-18 02:23,KXBTC15M-26JUL172230-30,entry,yes,89,5,4.45,0.04,63937.59,1.23
2026-07-18 02:38,KXBTC15M-26JUL172245-45,entry,no,75,6,4.50,0.08,63943.91,2.23
2026-07-18 02:53,KXBTC15M-26JUL172300-00,entry,no,76,6,4.56,0.08,63911.32,3.16
2026-07-18 03:08,KXBTC15M-26JUL172315-15,entry,yes,79,6,4.74,0.07,63937.89,2.45
2026-07-18 03:38,KXBTC15M-26JUL172345-45,entry,no,70,7,4.90,0.11,63899.97,2.79
2026-07-18 04:08,KXBTC15M-26JUL180015-15,entry,no,69,7,4.83,0.11,63949.69,4.99
2026-07-18 04:23,KXBTC15M-26JUL180030-30,entry,no,80,6,4.80,0.07,63926.05,5.00
2026-07-18 04:38,KXBTC15M-26JUL180045-45,entry,no,88,5,4.40,0.04,63905.29,6.66
2026-07-18 04:53,KXBTC15M-26JUL180100-00,entry,yes,66,7,4.62,0.11,63913.91,0.15
2026-07-18 05:23,KXBTC15M-26JUL180130-30,entry,yes,89,5,4.45,0.04,63900.00,0.46
2026-07-18 05:38,KXBTC15M-26JUL180145-45,entry,yes,76,6,4.56,0.08,63933.08,0.31
2026-07-18 05:53,KXBTC15M-26JUL180200-00,entry,no,63,7,4.41,0.12,63924.00,0.61
2026-07-18 06:08,KXBTC15M-26JUL180215-15,entry,yes,75,6,4.50,0.08,63927.98,1.43
2026-07-18 06:23,KXBTC15M-26JUL180230-30,entry,yes,94,5,4.70,0.02,63950.80,4.17
2026-07-18 06:38,KXBTC15M-26JUL180245-45,entry,no,94,5,4.70,0.02,63911.98,6.13
2026-07-18 06:53,KXBTC15M-26JUL180300-00,entry,yes,72,6,4.32,0.09,63940.10,1.07
2026-07-18 07:23,KXBTC15M-26JUL180330-30,entry,yes,83,6,4.98,0.06,63973.11,2.15
2026-07-18 07:38,KXBTC15M-26JUL180345-45,entry,no,62,8,4.96,0.14,63962.09,1.88
2026-07-18 07:53,KXBTC15M-26JUL180400-00,entry,no,63,7,4.41,0.12,63958.40,2.99
2026-07-18 08:08,KXBTC15M-26JUL180415-15,entry,no,93,5,4.65,0.03,63931.29,7.38
2026-07-18 08:53,KXBTC15M-26JUL180500-00,entry,yes,77,6,4.62,0.08,63951.01,1.07
2026-07-18 09:08,KXBTC15M-26JUL180515-15,entry,no,64,7,4.48,0.12,63932.82,2.94
2026-07-18 09:23,KXBTC15M-26JUL180530-30,entry,no,90,5,4.50,0.04,63920.00,2.32
2026-07-18 09:38,KXBTC15M-26JUL180545-45,entry,yes,63,7,4.41,0.12,63924.04,0.60
2026-07-18 09:53,KXBTC15M-26JUL180600-00,entry,yes,79,6,4.74,0.07,63940.90,1.86
2026-07-18 10:08,KXBTC15M-26JUL180615-15,entry,yes,75,6,4.50,0.08,63947.73,0.58
2026-07-18 10:23,KXBTC15M-26JUL180630-30,entry,yes,66,7,4.62,0.11,63951.03,0.28
2026-07-18 10:53,KXBTC15M-26JUL180700-00,entry,yes,67,7,4.69,0.11,63961.25,0.01
2026-07-18 11:08,KXBTC15M-26JUL180715-15,entry,yes,82,6,4.92,0.07,63975.99,1.30
2026-07-18 11:53,KXBTC15M-26JUL180800-00,entry,yes,76,6,4.56,0.08,63980.00,0.60
2026-07-18 12:08,KXBTC15M-26JUL180815-15,entry,yes,95,5,4.75,0.02,64100.86,12.00
2026-07-18 12:23,KXBTC15M-26JUL180830-30,entry,no,95,5,4.75,0.02,64021.37,11.57
2026-07-18 12:38,KXBTC15M-26JUL180845-45,entry,yes,95,5,4.75,0.02,64123.99,9.67
2026-07-18 12:53,KXBTC15M-26JUL180900-00,entry,yes,77,6,4.62,0.08,64160.02,2.26
2026-07-18 13:08,KXBTC15M-26JUL180915-15,entry,no,96,5,4.80,0.02,64078.06,15.77
2026-07-18 13:23,KXBTC15M-26JUL180930-30,entry,no,71,7,4.97,0.11,63946.47,6.69
2026-07-18 13:38,KXBTC15M-26JUL180945-45,entry,no,64,7,4.48,0.12,64013.59,0.29
2026-07-18 13:53,KXBTC15M-26JUL181000-00,entry,yes,63,7,4.41,0.12,64023.66,1.84
2026-07-18 14:08,KXBTC15M-26JUL181015-15,entry,yes,69,7,4.83,0.11,64068.79,0.99
2026-07-18 14:38,KXBTC15M-26JUL181045-45,entry,no,75,6,4.50,0.08,64120.00,2.30
2026-07-18 15:38,KXBTC15M-26JUL181145-45,entry,no,71,7,4.97,0.11,64017.28,4.69
2026-07-18 15:53,KXBTC15M-26JUL181200-00,entry,yes,94,5,4.70,0.02,64068.80,7.17
2026-07-18 16:08,KXBTC15M-26JUL181215-15,entry,no,73,6,4.38,0.09,64060.66,3.34
2026-07-18 16:23,KXBTC15M-26JUL181230-30,entry,no,65,7,4.55,0.12,64093.60,1.77
2026-07-18 16:38,KXBTC15M-26JUL181245-45,entry,yes,86,5,4.30,0.05,64105.00,1.19
2026-07-18 16:53,KXBTC15M-26JUL181300-00,entry,yes,95,5,4.75,0.02,64228.27,19.52
2026-07-18 17:08,KXBTC15M-26JUL181315-15,entry,no,61,8,4.88,0.14,64236.79,1.89
2026-07-18 17:38,KXBTC15M-26JUL181345-45,entry,yes,92,5,4.60,0.03,64350.49,14.81
2026-07-18 17:53,KXBTC15M-26JUL181400-00,entry,yes,75,6,4.50,0.08,64414.72,2.31
2026-07-18 18:08,KXBTC15M-26JUL181415-15,entry,no,67,7,4.69,0.11,64436.79,1.87
2026-07-18 18:23,KXBTC15M-26JUL181430-30,entry,yes,88,5,4.40,0.04,64494.68,9.25
2026-07-18 18:38,KXBTC15M-26JUL181445-45,entry,no,83,6,4.98,0.06,64492.22,6.05
2026-07-18 18:53,KXBTC15M-26JUL181500-00,entry,yes,73,6,4.38,0.09,64458.11,0.83
2026-07-18 19:08,KXBTC15M-26JUL181515-15,entry,yes,83,6,4.98,0.06,64493.76,1.49
2026-07-18 19:23,KXBTC15M-26JUL181530-30,entry,yes,86,5,4.30,0.05,64528.74,4.62
2026-07-18 19:38,KXBTC15M-26JUL181545-45,entry,yes,93,5,4.65,0.03,64491.99,6.14
2026-07-18 19:53,KXBTC15M-26JUL181600-00,entry,yes,73,6,4.38,0.09,64495.98,0.09
2026-07-18 20:08,KXBTC15M-26JUL181615-15,entry,no,85,5,4.25,0.05,64517.76,2.81
2026-07-18 20:23,KXBTC15M-26JUL181630-30,entry,yes,97,5,4.85,0.02,64650.24,10.13
2026-07-18 20:38,KXBTC15M-26JUL181645-45,entry,no,93,5,4.65,0.03,64555.17,9.74
2026-07-18 21:08,KXBTC15M-26JUL181715-15,entry,no,68,7,4.76,0.11,64602.40,9.72
2026-07-18 21:23,KXBTC15M-26JUL181730-30,entry,yes,76,6,4.56,0.08,64705.44,0.51
2026-07-18 21:38,KXBTC15M-26JUL181745-45,entry,no,87,5,4.35,0.04,64665.06,4.78
2026-07-18 21:53,KXBTC15M-26JUL181800-00,entry,yes,95,5,4.75,0.02,64763.89,20.72
2026-07-18 22:08,KXBTC15M-26JUL181815-15,entry,yes,70,7,4.90,0.11,64712.79,1.70
2026-07-18 22:23,KXBTC15M-26JUL181830-30,entry,no,62,8,4.96,0.14,64738.70,4.51
2026-07-18 22:38,KXBTC15M-26JUL181845-45,entry,no,66,7,4.62,0.11,64686.01,2.83
2026-07-18 22:53,KXBTC15M-26JUL181900-00,entry,yes,92,5,4.60,0.03,64763.41,3.95
2026-07-18 23:08,KXBTC15M-26JUL181915-15,entry,no,88,5,4.40,0.04,64704.48,11.32
2026-07-18 23:23,KXBTC15M-26JUL181930-30,entry,yes,91,5,4.55,0.03,64756.96,8.52
2026-07-18 23:53,KXBTC15M-26JUL182000-00,entry,no,65,7,4.55,0.12,64771.23,2.87
2026-07-19 00:38,KXBTC15M-26JUL182045-45,entry,no,63,7,4.41,0.12,64738.47,3.63
2026-07-19 00:53,KXBTC15M-26JUL182100-00,entry,yes,81,6,4.86,0.07,64744.86,0.63
2026-07-19 01:53,KXBTC15M-26JUL182200-00,entry,yes,61,8,4.88,0.14,64742.70,1.48
2026-07-19 02:08,KXBTC15M-26JUL182215-15,entry,yes,95,5,4.75,0.02,64812.00,11.71
2026-07-19 02:23,KXBTC15M-26JUL182230-30,entry,no,96,5,4.80,0.02,64804.74,8.99
2026-07-19 02:38,KXBTC15M-26JUL182245-45,entry,yes,94,5,4.70,0.02,64863.52,11.58
2026-07-19 03:08,KXBTC15M-26JUL182315-15,entry,no,97,5,4.85,0.02,64696.00,14.65
2026-07-19 03:23,KXBTC15M-26JUL182330-30,entry,no,97,5,4.85,0.02,64600.00,15.77
2026-07-19 03:53,KXBTC15M-26JUL190000-00,entry,yes,85,5,4.25,0.05,64648.58,3.61
2026-07-19 04:08,KXBTC15M-26JUL190015-15,entry,no,95,5,4.75,0.02,64600.14,10.12
2026-07-19 04:23,KXBTC15M-26JUL190030-30,entry,yes,77,6,4.62,0.08,64625.01,2.91
2026-07-19 04:38,KXBTC15M-26JUL190045-45,entry,yes,90,5,4.50,0.04,64707.30,5.21
2026-07-19 04:53,KXBTC15M-26JUL190100-00,entry,no,89,5,4.45,0.04,64675.55,7.86
2026-07-19 05:08,KXBTC15M-26JUL190115-15,entry,yes,91,5,4.55,0.03,64709.97,4.06
2026-07-19 05:23,KXBTC15M-26JUL190130-30,entry,no,74,6,4.44,0.09,64719.40,3.43
2026-07-19 05:38,KXBTC15M-26JUL190145-45,entry,no,92,5,4.60,0.03,64646.56,5.84
2026-07-19 05:53,KXBTC15M-26JUL190200-00,entry,yes,94,5,4.70,0.02,64705.47,6.94
2026-07-19 06:08,KXBTC15M-26JUL190215-15,entry,no,79,6,4.74,0.07,64650.24,5.54
2026-07-19 06:23,KXBTC15M-26JUL190230-30,entry,yes,85,5,4.25,0.05,64710.79,3.31
2026-07-19 06:53,KXBTC15M-26JUL190300-00,entry,no,74,6,4.44,0.09,64676.00,2.64
2026-07-19 07:08,KXBTC15M-26JUL190315-15,entry,no,69,7,4.83,0.11,64658.41,2.67
2026-07-19 07:23,KXBTC15M-26JUL190330-30,entry,yes,70,7,4.90,0.11,64664.96,0.86
2026-07-19 07:53,KXBTC15M-26JUL190400-00,entry,no,97,5,4.85,0.02,64686.41,6.47
2026-07-19 08:08,KXBTC15M-26JUL190415-15,entry,yes,70,7,4.90,0.11,64646.38,0.54
2026-07-19 08:23,KXBTC15M-26JUL190430-30,entry,no,97,5,4.85,0.02,64586.81,15.21
2026-07-19 08:38,KXBTC15M-26JUL190445-45,entry,no,85,5,4.25,0.05,64595.15,5.53
2026-07-19 08:53,KXBTC15M-26JUL190500-00,entry,yes,92,5,4.60,0.03,64653.91,5.37
2026-07-19 09:08,KXBTC15M-26JUL190515-15,entry,no,81,6,4.86,0.07,64640.00,4.23
2026-07-19 09:23,KXBTC15M-26JUL190530-30,entry,no,99,5,4.95,0.01,64535.80,12.10
2026-07-19 09:38,KXBTC15M-26JUL190545-45,entry,no,78,6,4.68,0.08,64499.54,6.01
2026-07-19 10:08,KXBTC15M-26JUL190615-15,entry,yes,65,7,4.55,0.12,64493.30,1.11
2026-07-19 10:23,KXBTC15M-26JUL190630-30,entry,yes,83,6,4.98,0.06,64562.46,3.90
2026-07-19 10:38,KXBTC15M-26JUL190645-45,entry,yes,90,5,4.50,0.04,64587.67,1.10
2026-07-19 10:53,KXBTC15M-26JUL190700-00,entry,no,92,5,4.60,0.03,64567.50,8.80
2026-07-19 11:08,KXBTC15M-26JUL190715-15,entry,yes,68,7,4.76,0.11,64563.05,3.94
2026-07-19 11:23,KXBTC15M-26JUL190730-30,entry,yes,81,6,4.86,0.07,64554.58,0.83
2026-07-19 11:38,KXBTC15M-26JUL190745-45,entry,no,68,7,4.76,0.11,64473.99,5.75
2026-07-19 11:53,KXBTC15M-26JUL190800-00,entry,no,93,5,4.65,0.03,64431.79,9.51
2026-07-19 12:08,KXBTC15M-26JUL190815-15,entry,no,95,5,4.75,0.02,64354.94,12.08
2026-07-19 12:23,KXBTC15M-26JUL190830-30,entry,yes,73,6,4.38,0.09,64359.79,6.37
2026-07-19 12:38,KXBTC15M-26JUL190845-45,entry,yes,97,5,4.85,0.02,64363.33,15.25
2026-07-19 12:53,KXBTC15M-26JUL190900-00,entry,yes,76,6,4.56,0.08,64407.35,6.60
2026-07-19 13:08,KXBTC15M-26JUL190915-15,entry,no,94,5,4.70,0.02,64341.11,9.81
2026-07-19 13:53,KXBTC15M-26JUL191000-00,entry,yes,94,5,4.70,0.02,64459.17,11.78
2026-07-19 14:08,KXBTC15M-26JUL191015-15,entry,yes,68,7,4.76,0.11,64447.84,0.57
2026-07-19 14:23,KXBTC15M-26JUL191030-30,entry,no,97,5,4.85,0.02,64390.40,17.64
2026-07-19 14:38,KXBTC15M-26JUL191045-45,entry,yes,88,5,4.40,0.04,64468.53,6.18
2026-07-19 14:53,KXBTC15M-26JUL191100-00,entry,yes,91,5,4.55,0.03,64530.16,8.51
2026-07-19 15:08,KXBTC15M-26JUL191115-15,entry,no,72,6,4.32,0.09,64517.76,5.82
2026-07-19 15:23,KXBTC15M-26JUL191130-30,entry,no,84,5,4.20,0.05,64481.99,8.70
2026-07-19 15:38,KXBTC15M-26JUL191145-45,entry,yes,94,5,4.70,0.02,64522.48,7.52
2026-07-19 15:53,KXBTC15M-26JUL191200-00,entry,no,77,6,4.62,0.08,64533.37,0.24
2026-07-19 16:08,KXBTC15M-26JUL191215-15,entry,no,88,5,4.40,0.04,64477.27,8.73
2026-07-19 16:23,KXBTC15M-26JUL191230-30,entry,yes,93,5,4.65,0.03,64570.10,8.90
2026-07-19 16:38,KXBTC15M-26JUL191245-45,entry,no,83,6,4.98,0.06,64511.69,7.93
2026-07-19 16:53,KXBTC15M-26JUL191300-00,entry,no,86,5,4.30,0.05,64514.07,7.19
2026-07-19 17:08,KXBTC15M-26JUL191315-15,entry,yes,91,5,4.55,0.03,64551.14,8.26
2026-07-19 17:38,KXBTC15M-26JUL191345-45,entry,yes,69,7,4.83,0.11,64629.12,2.61
2026-07-19 17:53,KXBTC15M-26JUL191400-00,entry,no,71,7,4.97,0.11,64535.98,7.55
2026-07-19 18:08,KXBTC15M-26JUL191415-15,entry,no,97,5,4.85,0.02,64412.00,15.52
2026-07-19 18:23,KXBTC15M-26JUL191430-30,entry,no,72,6,4.32,0.09,64406.51,6.31
2026-07-19 18:53,KXBTC15M-26JUL191500-00,entry,no,68,7,4.76,0.11,64333.76,8.52
2026-07-19 19:23,KXBTC15M-26JUL191530-30,entry,no,74,6,4.44,0.09,64387.92,2.64
2026-07-19 19:53,KXBTC15M-26JUL191600-00,entry,no,82,6,4.92,0.07,64352.38,3.96
2026-07-19 20:08,KXBTC15M-26JUL191615-15,entry,yes,88,5,4.40,0.04,64443.19,4.15
2026-07-19 20:23,KXBTC15M-26JUL191630-30,entry,no,63,7,4.41,0.12,64464.56,0.74
2026-07-19 21:23,KXBTC15M-26JUL191730-30,entry,no,94,5,4.70,0.02,64425.60,12.88
2026-07-19 21:38,KXBTC15M-26JUL191745-45,entry,no,84,5,4.20,0.05,64382.00,8.35
2026-07-19 21:53,KXBTC15M-26JUL191800-00,entry,yes,73,6,4.38,0.09,64382.73,8.33
2026-07-19 22:08,KXBTC15M-26JUL191815-15,entry,yes,70,7,4.90,0.11,64440.49,11.74
2026-07-19 22:23,KXBTC15M-26JUL191830-30,entry,yes,92,5,4.60,0.03,64707.32,14.96
2026-07-19 22:38,KXBTC15M-26JUL191845-45,entry,no,90,5,4.50,0.04,64694.39,5.84
2026-07-19 22:53,KXBTC15M-26JUL191900-00,entry,no,94,5,4.70,0.02,64646.89,19.14
2026-07-19 23:08,KXBTC15M-26JUL191915-15,entry,no,85,5,4.25,0.05,64598.76,5.70
2026-07-19 23:23,KXBTC15M-26JUL191930-30,entry,no,73,6,4.38,0.09,64629.27,3.53
2026-07-19 23:38,KXBTC15M-26JUL191945-45,entry,yes,68,7,4.76,0.11,64651.49,3.96
2026-07-19 23:53,KXBTC15M-26JUL192000-00,entry,no,71,7,4.97,0.11,64663.84,3.44
2026-07-20 00:08,KXBTC15M-26JUL192015-15,entry,yes,74,6,4.44,0.09,64794.33,16.60
2026-07-20 00:23,KXBTC15M-26JUL192030-30,entry,no,97,5,4.85,0.02,64825.64,25.73
2026-07-20 00:53,KXBTC15M-26JUL192100-00,entry,no,98,5,4.90,0.01,64486.03,47.15
2026-07-20 01:08,KXBTC15M-26JUL192115-15,entry,yes,98,5,4.90,0.01,64768.00,38.97
2026-07-20 01:23,KXBTC15M-26JUL192130-30,entry,no,80,6,4.80,0.07,64771.98,0.54
2026-07-20 01:38,KXBTC15M-26JUL192145-45,entry,yes,70,7,4.90,0.11,64845.28,3.00
2026-07-20 01:53,KXBTC15M-26JUL192200-00,entry,no,95,5,4.75,0.02,64518.35,29.64
2026-07-20 02:08,KXBTC15M-26JUL192215-15,entry,yes,97,5,4.85,0.02,64809.26,34.44
2026-07-20 02:23,KXBTC15M-26JUL192230-30,entry,no,93,5,4.65,0.03,64608.86,29.69
2026-07-20 02:38,KXBTC15M-26JUL192245-45,entry,yes,69,7,4.83,0.11,64701.75,7.15
2026-07-20 02:53,KXBTC15M-26JUL192300-00,entry,yes,66,7,4.62,0.11,64834.24,2.50
2026-07-20 03:08,KXBTC15M-26JUL192315-15,entry,no,66,7,4.62,0.11,64745.03,6.68
2026-07-20 03:23,KXBTC15M-26JUL192330-30,entry,no,92,5,4.60,0.03,64620.67,28.28
2026-07-20 03:38,KXBTC15M-26JUL192345-45,entry,yes,96,5,4.80,0.02,64745.92,15.62
2026-07-20 04:08,KXBTC15M-26JUL200015-15,entry,no,90,5,4.50,0.04,64693.99,13.16
2026-07-20 04:23,KXBTC15M-26JUL200030-30,entry,no,72,6,4.32,0.09,64653.87,2.77
2026-07-20 04:53,KXBTC15M-26JUL200100-00,entry,no,95,5,4.75,0.02,64496.00,30.88
2026-07-20 05:08,KXBTC15M-26JUL200115-15,entry,no,85,5,4.25,0.05,64403.69,15.52
2026-07-20 05:23,KXBTC15M-26JUL200130-30,entry,no,65,7,4.55,0.12,64120.31,11.42
2026-07-20 05:53,KXBTC15M-26JUL200200-00,entry,no,91,5,4.55,0.03,64079.84,14.68
2026-07-20 06:08,KXBTC15M-26JUL200215-15,entry,yes,66,7,4.62,0.11,64113.00,5.01
2026-07-20 06:38,KXBTC15M-26JUL200245-45,entry,no,98,5,4.90,0.01,63885.17,31.84
2026-07-20 06:53,KXBTC15M-26JUL200300-00,entry,yes,82,6,4.92,0.07,63835.55,11.23
2026-07-20 07:08,KXBTC15M-26JUL200315-15,entry,yes,92,5,4.60,0.03,63949.15,15.90
2026-07-20 07:23,KXBTC15M-26JUL200330-30,entry,yes,81,6,4.86,0.07,63983.71,9.41
2026-07-20 07:53,KXBTC15M-26JUL200400-00,entry,yes,80,6,4.80,0.07,64234.52,14.81
2026-07-20 08:08,KXBTC15M-26JUL200415-15,entry,no,65,7,4.55,0.12,64185.02,2.91
2026-07-20 08:23,KXBTC15M-26JUL200430-30,entry,no,85,5,4.25,0.05,64169.56,11.36
2026-07-20 08:38,KXBTC15M-26JUL200445-45,entry,no,98,5,4.90,0.01,63904.34,43.53
2026-07-20 08:53,KXBTC15M-26JUL200500-00,entry,yes,90,5,4.50,0.04,63973.12,9.94
2026-07-20 09:23,KXBTC15M-26JUL200530-30,entry,yes,88,5,4.40,0.04,64115.98,11.76
2026-07-20 09:38,KXBTC15M-26JUL200545-45,entry,yes,68,7,4.76,0.11,64145.60,0.90
2026-07-20 09:53,KXBTC15M-26JUL200600-00,entry,yes,66,7,4.62,0.11,64188.01,1.38
2026-07-20 10:23,KXBTC15M-26JUL200630-30,entry,yes,93,5,4.65,0.03,64291.50,11.12
2026-07-20 10:38,KXBTC15M-26JUL200645-45,entry,no,91,5,4.55,0.03,64220.97,12.56
2026-07-20 11:08,KXBTC15M-26JUL200715-15,entry,yes,91,5,4.55,0.03,64379.61,21.71
2026-07-20 11:23,KXBTC15M-26JUL200730-30,entry,no,89,5,4.45,0.04,64273.49,8.26
2026-07-20 11:38,KXBTC15M-26JUL200745-45,entry,yes,99,5,4.95,0.01,64840.70,84.42
2026-07-20 11:53,KXBTC15M-26JUL200800-00,entry,yes,92,5,4.60,0.03,64920.36,19.63
2026-07-20 12:08,KXBTC15M-26JUL200815-15,entry,no,94,5,4.70,0.02,64795.58,25.33
2026-07-20 12:23,KXBTC15M-26JUL200830-30,entry,no,62,8,4.96,0.14,64667.19,2.68
2026-07-20 12:53,KXBTC15M-26JUL200900-00,entry,yes,81,6,4.86,0.07,64605.43,3.81
2026-07-20 13:08,KXBTC15M-26JUL200915-15,entry,yes,70,7,4.90,0.11,64646.09,9.42
2026-07-20 13:23,KXBTC15M-26JUL200930-30,entry,no,68,7,4.76,0.11,64584.11,9.91
2026-07-20 13:38,KXBTC15M-26JUL200945-45,entry,yes,88,5,4.40,0.04,64598.04,17.40
2026-07-20 13:53,KXBTC15M-26JUL201000-00,entry,no,81,6,4.86,0.07,64343.00,41.65
2026-07-20 14:08,KXBTC15M-26JUL201015-15,entry,yes,86,5,4.30,0.05,64325.89,10.68
2026-07-20 14:23,KXBTC15M-26JUL201030-30,entry,no,87,5,4.35,0.04,64201.59,11.07
2026-07-20 14:38,KXBTC15M-26JUL201045-45,entry,no,78,6,4.68,0.08,64309.50,10.99
2026-07-20 14:53,KXBTC15M-26JUL201100-00,entry,no,72,6,4.32,0.09,64256.42,17.32
2026-07-20 15:08,KXBTC15M-26JUL201115-15,entry,yes,98,5,4.90,0.01,64687.08,56.85
2026-07-20 15:38,KXBTC15M-26JUL201145-45,entry,no,85,5,4.25,0.05,64813.22,8.56
2026-07-20 15:53,KXBTC15M-26JUL201200-00,entry,yes,97,5,4.85,0.02,65405.99,35.46
2026-07-20 16:08,KXBTC15M-26JUL201215-15,entry,no,90,5,4.50,0.04,65394.00,21.54
2026-07-20 16:23,KXBTC15M-26JUL201230-30,entry,no,88,5,4.40,0.04,65407.99,15.36
2026-07-20 16:38,KXBTC15M-26JUL201245-45,entry,yes,62,8,4.96,0.14,65399.87,1.43
2026-07-20 16:53,KXBTC15M-26JUL201300-00,entry,yes,80,6,4.80,0.07,65425.01,10.64
2026-07-20 17:23,KXBTC15M-26JUL201330-30,entry,no,63,7,4.41,0.12,65431.42,5.40
2026-07-20 17:38,KXBTC15M-26JUL201345-45,entry,no,78,6,4.68,0.08,65373.66,11.61
2026-07-20 17:53,KXBTC15M-26JUL201400-00,entry,yes,96,5,4.80,0.02,65467.49,22.99
2026-07-20 18:08,KXBTC15M-26JUL201415-15,entry,yes,64,7,4.48,0.12,65541.02,0.34
2026-07-20 18:23,KXBTC15M-26JUL201430-30,entry,no,97,5,4.85,0.02,65543.43,27.24
2026-07-20 18:38,KXBTC15M-26JUL201445-45,entry,no,87,5,4.35,0.04,65437.93,18.37
2026-07-20 18:53,KXBTC15M-26JUL201500-00,entry,no,81,6,4.86,0.07,65202.19,18.78
2026-07-20 19:38,KXBTC15M-26JUL201545-45,entry,no,85,5,4.25,0.05,65060.20,3.70
2026-07-20 19:53,KXBTC15M-26JUL201600-00,entry,yes,63,7,4.41,0.12,65108.98,5.21
2026-07-20 20:23,KXBTC15M-26JUL201630-30,entry,yes,90,5,4.50,0.04,65248.01,10.09
2026-07-20 20:38,KXBTC15M-26JUL201645-45,entry,yes,96,5,4.80,0.02,65347.79,15.29
2026-07-20 20:53,KXBTC15M-26JUL201700-00,entry,yes,73,6,4.38,0.09,65287.99,3.35
2026-07-20 21:08,KXBTC15M-26JUL201715-15,entry,no,84,5,4.20,0.05,65264.32,9.57
2026-07-20 21:38,KXBTC15M-26JUL201745-45,entry,yes,96,5,4.80,0.02,65355.21,12.43
2026-07-20 21:53,KXBTC15M-26JUL201800-00,entry,no,88,5,4.40,0.04,65262.60,9.37
2026-07-20 22:08,KXBTC15M-26JUL201815-15,entry,no,95,5,4.75,0.02,65139.04,18.52
2026-07-20 22:23,KXBTC15M-26JUL201830-30,entry,yes,64,7,4.48,0.12,65172.95,1.17
2026-07-20 22:38,KXBTC15M-26JUL201845-45,entry,no,94,5,4.70,0.02,65093.34,13.53
2026-07-20 23:08,KXBTC15M-26JUL201915-15,entry,yes,91,5,4.55,0.03,65171.79,9.27
2026-07-20 23:23,KXBTC15M-26JUL201930-30,entry,yes,93,5,4.65,0.03,65190.01,10.51
2026-07-20 23:38,KXBTC15M-26JUL201945-45,entry,no,62,8,4.96,0.14,65189.73,3.16
2026-07-20 23:53,KXBTC15M-26JUL202000-00,entry,no,89,5,4.45,0.04,65124.36,10.59
2026-07-21 00:08,KXBTC15M-26JUL202015-15,entry,no,91,5,4.55,0.03,65141.56,11.57
2026-07-21 00:23,KXBTC15M-26JUL202030-30,entry,yes,95,5,4.75,0.02,65314.79,21.15
2026-07-21 00:38,KXBTC15M-26JUL202045-45,entry,yes,85,5,4.25,0.05,65358.51,4.88
2026-07-21 01:23,KXBTC15M-26JUL202130-30,entry,no,90,5,4.50,0.04,65420.72,15.31
2026-07-21 01:53,KXBTC15M-26JUL202200-00,entry,no,91,5,4.55,0.03,65236.57,10.61
2026-07-21 02:08,KXBTC15M-26JUL202215-15,entry,yes,96,5,4.80,0.02,65311.53,16.28
2026-07-21 02:23,KXBTC15M-26JUL202230-30,entry,no,73,6,4.38,0.09,65227.51,1.22
2026-07-21 02:38,KXBTC15M-26JUL202245-45,entry,yes,93,5,4.65,0.03,65290.49,9.12
2026-07-21 03:08,KXBTC15M-26JUL202315-15,entry,yes,94,5,4.70,0.02,65417.20,5.22
2026-07-21 03:23,KXBTC15M-26JUL202330-30,entry,no,66,7,4.62,0.11,65396.24,8.06
2026-07-21 03:38,KXBTC15M-26JUL202345-45,entry,yes,67,7,4.69,0.11,65458.19,2.84
2026-07-21 03:53,KXBTC15M-26JUL210000-00,entry,yes,65,7,4.55,0.12,65484.63,4.17
2026-07-21 04:08,KXBTC15M-26JUL210015-15,entry,yes,95,5,4.75,0.02,65679.82,21.36
2026-07-21 04:23,KXBTC15M-26JUL210030-30,entry,no,67,7,4.69,0.11,65538.87,3.18
2026-07-21 04:38,KXBTC15M-26JUL210045-45,entry,yes,75,6,4.50,0.08,65529.72,5.63
2026-07-21 04:53,KXBTC15M-26JUL210100-00,entry,no,65,7,4.55,0.12,65445.10,8.40
2026-07-21 05:08,KXBTC15M-26JUL210115-15,entry,yes,63,7,4.41,0.12,65500.79,2.70
2026-07-21 05:23,KXBTC15M-26JUL210130-30,entry,yes,73,6,4.38,0.09,65517.72,4.85
2026-07-21 05:38,KXBTC15M-26JUL210145-45,entry,no,73,6,4.38,0.09,65518.60,8.58
2026-07-21 05:53,KXBTC15M-26JUL210200-00,entry,yes,91,5,4.55,0.03,65721.27,18.80
2026-07-21 06:08,KXBTC15M-26JUL210215-15,entry,no,78,6,4.68,0.08,65658.72,7.94
2026-07-21 06:38,KXBTC15M-26JUL210245-45,entry,yes,94,5,4.70,0.02,65899.99,16.92
2026-07-21 06:53,KXBTC15M-26JUL210300-00,entry,no,85,5,4.25,0.05,65860.81,6.16
2026-07-21 07:08,KXBTC15M-26JUL210315-15,entry,no,83,6,4.98,0.06,65829.70,8.78
2026-07-21 07:23,KXBTC15M-26JUL210330-30,entry,yes,74,6,4.44,0.09,65885.88,1.89
2026-07-21 07:38,KXBTC15M-26JUL210345-45,entry,yes,85,5,4.25,0.05,65990.00,10.59
2026-07-21 07:53,KXBTC15M-26JUL210400-00,entry,yes,97,5,4.85,0.02,66142.40,22.57
2026-07-21 08:23,KXBTC15M-26JUL210430-30,entry,yes,62,8,4.96,0.14,66297.20,10.69
2026-07-21 08:38,KXBTC15M-26JUL210445-45,entry,yes,92,5,4.60,0.03,66257.75,11.90
2026-07-21 08:53,KXBTC15M-26JUL210500-00,entry,no,74,6,4.44,0.09,66211.70,7.85
2026-07-21 09:08,KXBTC15M-26JUL210515-15,entry,no,77,6,4.62,0.08,66167.84,3.55
2026-07-21 09:23,KXBTC15M-26JUL210530-30,entry,no,62,8,4.96,0.14,66163.24,1.58
2026-07-21 09:38,KXBTC15M-26JUL210545-45,entry,yes,95,5,4.75,0.02,66280.50,11.43
2026-07-21 09:53,KXBTC15M-26JUL210600-00,entry,yes,66,7,4.62,0.11,66291.99,3.91
2026-07-21 10:08,KXBTC15M-26JUL210615-15,entry,no,65,7,4.55,0.12,66237.48,1.96
2026-07-21 10:53,KXBTC15M-26JUL210700-00,entry,no,96,5,4.80,0.02,66156.44,28.42
2026-07-21 11:08,KXBTC15M-26JUL210715-15,entry,no,72,6,4.32,0.09,66131.10,5.36
2026-07-21 11:23,KXBTC15M-26JUL210730-30,entry,no,75,6,4.50,0.08,66185.60,4.05
2026-07-21 11:38,KXBTC15M-26JUL210745-45,entry,yes,87,5,4.35,0.04,66261.16,9.14
2026-07-21 11:53,KXBTC15M-26JUL210800-00,entry,yes,65,7,4.55,0.12,66316.18,3.16
2026-07-21 12:08,KXBTC15M-26JUL210815-15,entry,yes,76,6,4.56,0.08,66317.60,3.67
2026-07-21 12:23,KXBTC15M-26JUL210830-30,entry,yes,77,6,4.62,0.08,66406.03,4.47
2026-07-21 12:38,KXBTC15M-26JUL210845-45,entry,yes,96,5,4.80,0.02,66543.75,20.46
2026-07-21 12:53,KXBTC15M-26JUL210900-00,entry,no,61,8,4.88,0.14,66455.53,3.39
2026-07-21 13:08,KXBTC15M-26JUL210915-15,entry,yes,68,7,4.76,0.11,66530.10,1.12
2026-07-21 13:23,KXBTC15M-26JUL210930-30,entry,no,91,5,4.55,0.03,66475.49,15.69
2026-07-21 13:38,KXBTC15M-26JUL210945-45,entry,yes,72,6,4.32,0.09,66460.24,8.85
2026-07-21 13:53,KXBTC15M-26JUL211000-00,entry,yes,98,5,4.90,0.01,66650.06,50.63
2026-07-21 14:08,KXBTC15M-26JUL211015-15,entry,yes,64,7,4.48,0.12,66778.00,6.66
2026-07-21 14:23,KXBTC15M-26JUL211030-30,entry,no,98,5,4.90,0.01,66688.35,30.74
2026-07-21 14:38,KXBTC15M-26JUL211045-45,entry,yes,94,5,4.70,0.02,66786.93,15.22
2026-07-21 14:53,KXBTC15M-26JUL211100-00,entry,yes,61,8,4.88,0.14,66810.49,0.76
2026-07-21 15:08,KXBTC15M-26JUL211115-15,entry,no,92,5,4.60,0.03,66708.28,18.24
2026-07-21 15:38,KXBTC15M-26JUL211145-45,entry,no,69,7,4.83,0.11,66613.31,1.50
2026-07-21 15:53,KXBTC15M-26JUL211200-00,entry,yes,77,6,4.62,0.08,66647.05,6.16
2026-07-21 16:08,KXBTC15M-26JUL211215-15,entry,no,72,6,4.32,0.09,66609.91,9.48
2026-07-21 16:23,KXBTC15M-26JUL211230-30,entry,no,69,7,4.83,0.11,66556.63,6.34
2026-07-21 16:38,KXBTC15M-26JUL211245-45,entry,yes,89,5,4.45,0.04,66619.97,15.02
2026-07-21 16:53,KXBTC15M-26JUL211300-00,entry,no,76,6,4.56,0.08,66489.56,8.22
2026-07-21 17:08,KXBTC15M-26JUL211315-15,entry,no,80,6,4.80,0.07,66476.79,8.22
2026-07-21 17:53,KXBTC15M-26JUL211400-00,entry,no,98,5,4.90,0.01,66187.11,41.48
2026-07-21 18:08,KXBTC15M-26JUL211415-15,entry,yes,90,5,4.50,0.04,66247.35,12.71
2026-07-21 18:38,KXBTC15M-26JUL211445-45,entry,yes,73,6,4.38,0.09,66254.24,7.84
2026-07-21 18:53,KXBTC15M-26JUL211500-00,entry,yes,70,7,4.90,0.11,66260.64,1.52
2026-07-21 19:08,KXBTC15M-26JUL211515-15,entry,yes,81,6,4.86,0.07,66313.57,6.04
2026-07-21 19:23,KXBTC15M-26JUL211530-30,entry,yes,87,5,4.35,0.04,66346.90,14.61
2026-07-21 19:38,KXBTC15M-26JUL211545-45,entry,yes,86,5,4.30,0.05,66440.36,10.62
2026-07-21 20:23,KXBTC15M-26JUL211630-30,entry,no,88,5,4.40,0.04,66328.08,9.66
2026-07-21 20:38,KXBTC15M-26JUL211645-45,entry,yes,92,5,4.60,0.03,66441.93,12.81
2026-07-21 20:53,KXBTC15M-26JUL211700-00,entry,no,71,7,4.97,0.11,66388.73,3.26
2026-07-21 21:08,KXBTC15M-26JUL211715-15,entry,no,84,5,4.20,0.05,66345.66,4.59
2026-07-21 21:23,KXBTC15M-26JUL211730-30,entry,no,82,6,4.92,0.07,66310.32,8.40
2026-07-21 21:38,KXBTC15M-26JUL211745-45,entry,yes,69,7,4.83,0.11,66315.22,3.32
2026-07-21 21:53,KXBTC15M-26JUL211800-00,entry,yes,80,6,4.80,0.07,66324.24,1.95
2026-07-21 22:08,KXBTC15M-26JUL211815-15,entry,no,86,5,4.30,0.05,66298.06,6.15
2026-07-21 22:23,KXBTC15M-26JUL211830-30,entry,no,93,5,4.65,0.03,66210.51,11.93
2026-07-21 22:38,KXBTC15M-26JUL211845-45,entry,yes,84,5,4.20,0.05,66295.51,7.41
2026-07-21 22:53,KXBTC15M-26JUL211900-00,entry,no,81,6,4.86,0.07,66248.46,5.06
2026-07-21 23:08,KXBTC15M-26JUL211915-15,entry,no,85,5,4.25,0.05,66244.67,4.05
2026-07-21 23:23,KXBTC15M-26JUL211930-30,entry,yes,86,5,4.30,0.05,66283.94,6.10
2026-07-21 23:38,KXBTC15M-26JUL211945-45,entry,yes,95,5,4.75,0.02,66395.54,6.29
2026-07-21 23:53,KXBTC15M-26JUL212000-00,entry,yes,95,5,4.75,0.02,66490.69,14.96
2026-07-22 00:08,KXBTC15M-26JUL212015-15,entry,yes,91,5,4.55,0.03,66613.32,14.45
2026-07-22 00:38,KXBTC15M-26JUL212045-45,entry,yes,61,8,4.88,0.14,66656.60,8.13
2026-07-22 00:53,KXBTC15M-26JUL212100-00,entry,no,89,5,4.45,0.04,66620.81,9.51
2026-07-22 01:08,KXBTC15M-26JUL212115-15,entry,no,85,5,4.25,0.05,66566.94,8.26
2026-07-22 01:23,KXBTC15M-26JUL212130-30,entry,no,93,5,4.65,0.03,66311.95,21.80
2026-07-22 01:53,KXBTC15M-26JUL212200-00,entry,yes,97,5,4.85,0.02,66403.54,11.06
2026-07-22 02:38,KXBTC15M-26JUL212245-45,entry,no,97,5,4.85,0.02,66260.93,17.99
2026-07-22 02:53,KXBTC15M-26JUL212300-00,entry,no,75,6,4.50,0.08,66282.97,7.62
2026-07-22 03:08,KXBTC15M-26JUL212315-15,entry,no,73,6,4.38,0.09,66233.04,6.46
2026-07-22 03:23,KXBTC15M-26JUL212330-30,entry,yes,90,5,4.50,0.04,66238.65,10.13
2026-07-22 03:38,KXBTC15M-26JUL212345-45,entry,no,88,5,4.40,0.04,66212.11,7.85
2026-07-22 03:53,KXBTC15M-26JUL220000-00,entry,yes,86,5,4.30,0.05,66252.32,2.61
2026-07-22 04:08,KXBTC15M-26JUL220015-15,entry,yes,96,5,4.80,0.02,66300.31,20.03
2026-07-22 04:23,KXBTC15M-26JUL220030-30,entry,yes,88,5,4.40,0.04,66326.94,4.78
2026-07-22 04:53,KXBTC15M-26JUL220100-00,entry,no,85,5,4.25,0.05,66323.61,7.91
2026-07-22 05:08,KXBTC15M-26JUL220115-15,entry,no,94,5,4.70,0.02,66253.52,12.95
2026-07-22 05:23,KXBTC15M-26JUL220130-30,entry,no,99,5,4.95,0.01,66037.22,29.33
2026-07-22 05:38,KXBTC15M-26JUL220145-45,entry,no,78,6,4.68,0.08,65969.15,9.55
2026-07-22 05:53,KXBTC15M-26JUL220200-00,entry,yes,61,8,4.88,0.14,65946.20,0.18
2026-07-22 06:08,KXBTC15M-26JUL220215-15,entry,no,76,6,4.56,0.08,65871.38,9.62
2026-07-22 06:23,KXBTC15M-26JUL220230-30,entry,no,90,5,4.50,0.04,65845.73,13.31
2026-07-22 06:38,KXBTC15M-26JUL220245-45,entry,yes,97,5,4.85,0.02,65905.51,13.85
2026-07-22 07:08,KXBTC15M-26JUL220315-15,entry,no,65,7,4.55,0.12,65848.99,6.38
2026-07-22 07:38,KXBTC15M-26JUL220345-45,entry,no,98,5,4.90,0.01,65719.02,21.66
2026-07-22 07:53,KXBTC15M-26JUL220400-00,entry,yes,72,6,4.32,0.09,65763.84,3.53
2026-07-22 08:08,KXBTC15M-26JUL220415-15,entry,yes,99,5,4.95,0.01,65998.25,29.34
2026-07-22 08:23,KXBTC15M-26JUL220430-30,entry,yes,95,5,4.75,0.02,66079.80,14.25
2026-07-22 08:38,KXBTC15M-26JUL220445-45,entry,no,84,5,4.20,0.05,65933.97,6.06
2026-07-22 08:53,KXBTC15M-26JUL220500-00,entry,yes,76,6,4.56,0.08,65936.63,5.83
2026-07-22 09:08,KXBTC15M-26JUL220515-15,entry,yes,63,7,4.41,0.12,66017.28,10.86
2026-07-22 09:23,KXBTC15M-26JUL220530-30,entry,yes,95,5,4.75,0.02,65990.40,4.92
2026-07-22 09:38,KXBTC15M-26JUL220545-45,entry,no,98,5,4.90,0.01,65808.35,26.80
2026-07-22 09:53,KXBTC15M-26JUL220600-00,entry,no,79,6,4.74,0.07,65813.67,4.32
2026-07-22 10:08,KXBTC15M-26JUL220615-15,entry,no,75,6,4.50,0.08,65850.00,6.42
2026-07-22 10:23,KXBTC15M-26JUL220630-30,entry,yes,88,5,4.40,0.04,65909.79,4.21
2026-07-22 10:53,KXBTC15M-26JUL220700-00,entry,yes,95,5,4.75,0.02,66032.64,10.54
2026-07-22 11:23,KXBTC15M-26JUL220730-30,entry,yes,85,5,4.25,0.05,66026.93,6.72
2026-07-22 11:38,KXBTC15M-26JUL220745-45,entry,no,85,5,4.25,0.05,65979.88,5.02
2026-07-22 11:53,KXBTC15M-26JUL220800-00,entry,yes,98,5,4.90,0.01,65986.56,15.67
2026-07-22 12:08,KXBTC15M-26JUL220815-15,entry,no,98,5,4.90,0.01,65840.63,20.65
2026-07-22 12:23,KXBTC15M-26JUL220830-30,entry,no,74,6,4.44,0.09,65813.77,6.35
2026-07-22 12:38,KXBTC15M-26JUL220845-45,entry,no,87,5,4.35,0.04,65773.93,10.49
2026-07-22 12:53,KXBTC15M-26JUL220900-00,entry,no,89,5,4.45,0.04,65693.41,8.31
2026-07-22 13:08,KXBTC15M-26JUL220915-15,entry,no,72,6,4.32,0.09,65588.29,2.68
2026-07-22 13:23,KXBTC15M-26JUL220930-30,entry,no,82,6,4.92,0.07,65544.97,9.26
2026-07-22 13:38,KXBTC15M-26JUL220945-45,entry,yes,97,5,4.85,0.02,65725.99,23.04
2026-07-22 13:53,KXBTC15M-26JUL221000-00,entry,no,71,7,4.97,0.11,65847.90,0.05
2026-07-22 14:23,KXBTC15M-26JUL221030-30,entry,no,98,5,4.90,0.01,65647.61,36.71
2026-07-22 14:38,KXBTC15M-26JUL221045-45,entry,yes,96,5,4.80,0.02,65678.28,14.59
2026-07-22 14:53,KXBTC15M-26JUL221100-00,entry,yes,66,7,4.62,0.11,65715.03,3.94
2026-07-22 15:08,KXBTC15M-26JUL221115-15,entry,yes,85,5,4.25,0.05,65875.19,18.89
2026-07-22 15:23,KXBTC15M-26JUL221130-30,entry,yes,80,6,4.80,0.07,66004.92,15.22
2026-07-22 15:38,KXBTC15M-26JUL221145-45,entry,no,90,5,4.50,0.04,65967.35,13.36
2026-07-22 16:08,KXBTC15M-26JUL221215-15,entry,yes,90,5,4.50,0.04,66120.78,18.38
2026-07-22 16:23,KXBTC15M-26JUL221230-30,entry,no,96,5,4.80,0.02,65950.68,23.20
2026-07-22 16:38,KXBTC15M-26JUL221245-45,entry,yes,99,5,4.95,0.01,66289.47,42.45
2026-07-22 16:53,KXBTC15M-26JUL221300-00,entry,no,82,6,4.92,0.07,66148.10,17.83
2026-07-22 17:08,KXBTC15M-26JUL221315-15,entry,yes,61,8,4.88,0.14,66225.15,2.64
2026-07-22 17:23,KXBTC15M-26JUL221330-30,entry,no,97,5,4.85,0.02,65994.97,23.87
2026-07-22 17:38,KXBTC15M-26JUL221345-45,entry,yes,98,5,4.90,0.01,66083.94,16.01
2026-07-22 17:53,KXBTC15M-26JUL221400-00,entry,no,89,5,4.45,0.04,66058.41,13.81
2026-07-22 18:08,KXBTC15M-26JUL221415-15,entry,yes,71,7,4.97,0.11,66010.29,1.15
2026-07-22 18:53,KXBTC15M-26JUL221500-00,entry,yes,92,5,4.60,0.03,65834.08,13.06
2026-07-22 19:08,KXBTC15M-26JUL221515-15,entry,no,94,5,4.70,0.02,65769.61,15.06
2026-07-22 19:23,KXBTC15M-26JUL221530-30,entry,yes,98,5,4.90,0.01,65858.25,21.25
2026-07-22 19:38,KXBTC15M-26JUL221545-45,entry,yes,65,7,4.55,0.12,65889.80,1.27
2026-07-22 19:53,KXBTC15M-26JUL221600-00,entry,yes,70,7,4.90,0.11,65857.62,2.42
2026-07-22 20:08,KXBTC15M-26JUL221615-15,entry,no,97,5,4.85,0.02,65805.86,16.07
2026-07-22 20:23,KXBTC15M-26JUL221630-30,entry,yes,61,8,4.88,0.14,65882.44,0.74
2026-07-22 20:38,KXBTC15M-26JUL221645-45,entry,no,69,7,4.83,0.11,65894.84,1.11
2026-07-22 20:53,KXBTC15M-26JUL221700-00,entry,no,66,7,4.62,0.11,65906.79,1.40
2026-07-22 21:08,KXBTC15M-26JUL221715-15,entry,yes,65,7,4.55,0.12,65901.81,2.05
2026-07-22 21:38,KXBTC15M-26JUL221745-45,entry,yes,98,5,4.90,0.01,66019.47,20.67
2026-07-22 21:53,KXBTC15M-26JUL221800-00,entry,no,76,6,4.56,0.08,66067.02,3.23
2026-07-22 22:08,KXBTC15M-26JUL221815-15,entry,no,92,5,4.60,0.03,65950.95,12.25
2026-07-22 22:23,KXBTC15M-26JUL221830-30,entry,no,90,5,4.50,0.04,65941.47,6.42
2026-07-22 22:38,KXBTC15M-26JUL221845-45,entry,no,92,5,4.60,0.03,65927.32,10.52
2026-07-22 22:53,KXBTC15M-26JUL221900-00,entry,yes,98,5,4.90,0.01,65986.78,8.44
2026-07-22 23:08,KXBTC15M-26JUL221915-15,entry,yes,76,6,4.56,0.08,66025.28,2.71
2026-07-22 23:23,KXBTC15M-26JUL221930-30,entry,yes,94,5,4.70,0.02,65938.29,9.27
2026-07-22 23:53,KXBTC15M-26JUL222000-00,entry,yes,89,5,4.45,0.04,65999.11,6.59
2026-07-23 00:08,KXBTC15M-26JUL222015-15,entry,yes,91,5,4.55,0.03,66189.69,15.66
2026-07-23 00:23,KXBTC15M-26JUL222030-30,entry,yes,93,5,4.65,0.03,66218.96,9.39
2026-07-23 00:38,KXBTC15M-26JUL222045-45,entry,no,89,5,4.45,0.04,66172.60,8.30
2026-07-23 00:53,KXBTC15M-26JUL222100-00,entry,no,78,6,4.68,0.08,66089.29,7.23
2026-07-23 01:23,KXBTC15M-26JUL222130-30,entry,no,91,5,4.55,0.03,65907.63,15.64
2026-07-23 01:38,KXBTC15M-26JUL222145-45,entry,no,98,5,4.90,0.01,65726.03,27.34
2026-07-23 01:53,KXBTC15M-26JUL222200-00,entry,yes,74,6,4.44,0.09,65790.26,2.98
2026-07-23 02:23,KXBTC15M-26JUL222230-30,entry,no,67,7,4.69,0.11,65686.57,7.89
2026-07-23 02:53,KXBTC15M-26JUL222300-00,entry,yes,74,6,4.44,0.09,65784.31,6.05
2026-07-23 03:08,KXBTC15M-26JUL222315-15,entry,no,94,5,4.70,0.02,65668.85,16.38
2026-07-23 03:23,KXBTC15M-26JUL222330-30,entry,yes,76,6,4.56,0.08,65620.54,2.86
2026-07-23 03:38,KXBTC15M-26JUL222345-45,entry,yes,76,6,4.56,0.08,65655.21,5.71
2026-07-23 04:08,KXBTC15M-26JUL230015-15,entry,no,92,5,4.60,0.03,65614.05,1.56
2026-07-23 04:23,KXBTC15M-26JUL230030-30,entry,yes,78,6,4.68,0.08,65658.03,3.54
2026-07-23 04:38,KXBTC15M-26JUL230045-45,entry,no,88,5,4.40,0.04,65598.11,12.10
2026-07-23 04:53,KXBTC15M-26JUL230100-00,entry,no,83,6,4.98,0.06,65566.44,5.11
2026-07-23 05:08,KXBTC15M-26JUL230115-15,entry,yes,68,7,4.76,0.11,65575.99,0.71
2026-07-23 05:53,KXBTC15M-26JUL230200-00,entry,no,96,5,4.80,0.02,65626.47,12.06
2026-07-23 06:08,KXBTC15M-26JUL230215-15,entry,no,61,8,4.88,0.14,65645.00,2.82
2026-07-23 09:08,KXBTC15M-26JUL230515-15,entry,yes,85,5,4.25,0.05,65658.62,6.08
2026-07-23 09:23,KXBTC15M-26JUL230530-30,entry,yes,79,6,4.74,0.07,65673.92,4.39
2026-07-23 09:38,KXBTC15M-26JUL230545-45,entry,no,73,6,4.38,0.09,65666.15,4.63
2026-07-23 09:53,KXBTC15M-26JUL230600-00,entry,no,92,5,4.60,0.03,65668.47,3.84
2026-07-23 10:08,KXBTC15M-26JUL230615-15,entry,yes,90,5,4.50,0.04,65632.14,4.73
2026-07-23 10:38,KXBTC15M-26JUL230645-45,entry,yes,61,8,4.88,0.14,65743.89,2.17
2026-07-23 10:53,KXBTC15M-26JUL230700-00,entry,no,79,6,4.74,0.07,65722.68,3.29
2026-07-23 11:08,KXBTC15M-26JUL230715-15,entry,no,90,5,4.50,0.04,65653.61,7.09
2026-07-23 11:23,KXBTC15M-26JUL230730-30,entry,no,91,5,4.55,0.03,65600.05,11.16
2026-07-23 11:38,KXBTC15M-26JUL230745-45,entry,no,85,5,4.25,0.05,65554.53,8.86
2026-07-23 11:53,KXBTC15M-26JUL230800-00,entry,yes,78,6,4.68,0.08,65549.81,1.43
2026-07-23 12:08,KXBTC15M-26JUL230815-15,entry,no,78,6,4.68,0.08,65468.46,10.36
2026-07-23 12:38,KXBTC15M-26JUL230845-45,entry,no,99,5,4.95,0.01,65117.95,43.35
2026-07-23 12:53,KXBTC15M-26JUL230900-00,entry,yes,88,5,4.40,0.04,65181.33,13.92
2026-07-23 13:08,KXBTC15M-26JUL230915-15,entry,no,73,6,4.38,0.09,65030.23,13.12
2026-07-23 13:23,KXBTC15M-26JUL230930-30,entry,yes,73,6,4.38,0.09,65020.42,5.21
2026-07-23 13:53,KXBTC15M-26JUL231000-00,entry,no,92,5,4.60,0.03,64951.48,13.26
2026-07-23 14:23,KXBTC15M-26JUL231030-30,entry,yes,89,5,4.45,0.04,65107.26,14.10
2026-07-23 14:38,KXBTC15M-26JUL231045-45,entry,yes,82,6,4.92,0.07,65123.65,6.97
2026-07-23 14:53,KXBTC15M-26JUL231100-00,entry,no,89,5,4.45,0.04,64813.16,26.56
2026-07-23 15:08,KXBTC15M-26JUL231115-15,entry,no,63,7,4.41,0.12,64771.39,13.10
2026-07-23 15:23,KXBTC15M-26JUL231130-30,entry,yes,87,5,4.35,0.04,64829.96,19.96
2026-07-23 15:38,KXBTC15M-26JUL231145-45,entry,yes,75,6,4.50,0.08,64908.97,13.17
2026-07-23 15:53,KXBTC15M-26JUL231200-00,entry,yes,76,6,4.56,0.08,64900.01,4.55
2026-07-23 16:08,KXBTC15M-26JUL231215-15,entry,no,98,5,4.90,0.01,64773.73,21.37
2026-07-23 16:23,KXBTC15M-26JUL231230-30,entry,no,92,5,4.60,0.03,64769.38,7.92
2026-07-23 16:38,KXBTC15M-26JUL231245-45,entry,no,83,6,4.98,0.06,64728.96,5.08
2026-07-23 17:08,KXBTC15M-26JUL231315-15,entry,no,70,7,4.90,0.11,64704.92,5.00
2026-07-23 17:23,KXBTC15M-26JUL231330-30,entry,yes,84,5,4.20,0.05,64790.16,14.92
2026-07-23 17:38,KXBTC15M-26JUL231345-45,entry,no,88,5,4.40,0.04,64753.02,7.31
2026-07-23 18:08,KXBTC15M-26JUL231415-15,entry,yes,89,5,4.45,0.04,64696.85,11.76
2026-07-23 18:23,KXBTC15M-26JUL231430-30,entry,no,63,7,4.41,0.12,64671.99,2.06
2026-07-23 18:38,KXBTC15M-26JUL231445-45,entry,yes,81,6,4.86,0.07,64766.25,2.10
2026-07-23 18:53,KXBTC15M-26JUL231500-00,entry,yes,98,5,4.90,0.01,64880.35,18.81
2026-07-23 19:08,KXBTC15M-26JUL231515-15,entry,yes,76,6,4.56,0.08,64816.63,1.36
2026-07-23 19:53,KXBTC15M-26JUL231600-00,entry,no,74,6,4.44,0.09,64695.79,1.13
2026-07-23 20:08,KXBTC15M-26JUL231615-15,entry,yes,98,5,4.90,0.01,64971.29,27.71
2026-07-23 20:23,KXBTC15M-26JUL231630-30,entry,yes,96,5,4.80,0.02,65099.98,16.22
2026-07-23 20:38,KXBTC15M-26JUL231645-45,entry,no,68,7,4.76,0.11,65076.16,7.43
2026-07-23 21:08,KXBTC15M-26JUL231715-15,entry,no,80,6,4.80,0.07,65042.46,8.81
2026-07-23 21:38,KXBTC15M-26JUL231745-45,entry,no,85,5,4.25,0.05,65026.93,7.29
2026-07-23 21:53,KXBTC15M-26JUL231800-00,entry,yes,94,5,4.70,0.02,65084.44,5.36
2026-07-23 22:08,KXBTC15M-26JUL231815-15,entry,yes,91,5,4.55,0.03,65141.01,5.39
2026-07-23 22:23,KXBTC15M-26JUL231830-30,entry,yes,76,6,4.56,0.08,65091.56,6.39
2026-07-23 22:38,KXBTC15M-26JUL231845-45,entry,yes,84,5,4.20,0.05,65172.63,9.81
2026-07-23 22:53,KXBTC15M-26JUL231900-00,entry,no,94,5,4.70,0.02,65102.24,10.34
2026-07-23 23:08,KXBTC15M-26JUL231915-15,entry,yes,68,7,4.76,0.11,65152.45,0.55
2026-07-23 23:38,KXBTC15M-26JUL231945-45,entry,yes,81,6,4.86,0.07,65160.98,6.11
2026-07-23 23:53,KXBTC15M-26JUL232000-00,entry,no,97,5,4.85,0.02,65039.99,13.43
2026-07-24 00:08,KXBTC15M-26JUL232015-15,entry,no,97,5,4.85,0.02,64921.66,20.40
2026-07-24 00:23,KXBTC15M-26JUL232030-30,entry,yes,68,7,4.76,0.11,64932.56,6.62
2026-07-24 00:38,KXBTC15M-26JUL232045-45,entry,no,64,7,4.48,0.12,64737.56,15.68
2026-07-24 00:53,KXBTC15M-26JUL232100-00,entry,yes,94,5,4.70,0.02,64880.34,11.00
2026-07-24 01:08,KXBTC15M-26JUL232115-15,entry,yes,91,5,4.55,0.03,65018.19,14.48
2026-07-24 01:23,KXBTC15M-26JUL232130-30,entry,no,78,6,4.68,0.08,64978.82,3.85
2026-07-24 01:38,KXBTC15M-26JUL232145-45,entry,yes,82,6,4.92,0.07,65114.98,10.73
2026-07-24 02:23,KXBTC15M-26JUL232230-30,entry,no,92,5,4.60,0.03,65068.28,8.37
2026-07-24 02:38,KXBTC15M-26JUL232245-45,entry,no,97,5,4.85,0.02,64932.37,23.93
2026-07-24 02:53,KXBTC15M-26JUL232300-00,entry,no,78,6,4.68,0.08,64956.02,8.63
2026-07-24 03:08,KXBTC15M-26JUL232315-15,entry,yes,97,5,4.85,0.02,65241.93,28.27
2026-07-24 03:38,KXBTC15M-26JUL232345-45,entry,no,79,6,4.74,0.07,65266.97,3.58
2026-07-24 03:53,KXBTC15M-26JUL240000-00,entry,yes,81,6,4.86,0.07,65369.63,2.77
2026-07-24 04:08,KXBTC15M-26JUL240015-15,entry,no,73,6,4.38,0.09,65367.24,6.23
2026-07-24 04:38,KXBTC15M-26JUL240045-45,entry,no,88,5,4.40,0.04,65299.21,11.07
2026-07-24 04:53,KXBTC15M-26JUL240100-00,entry,no,76,6,4.56,0.08,65265.00,4.00
2026-07-24 05:08,KXBTC15M-26JUL240115-15,entry,yes,94,5,4.70,0.02,65337.77,15.34
2026-07-24 05:23,KXBTC15M-26JUL240130-30,entry,no,71,7,4.97,0.11,65285.84,3.58
2026-07-24 05:38,KXBTC15M-26JUL240145-45,entry,no,87,5,4.35,0.04,65226.33,9.29
2026-07-24 05:53,KXBTC15M-26JUL240200-00,entry,yes,62,8,4.96,0.14,65251.63,0.15
2026-07-24 06:23,KXBTC15M-26JUL240230-30,entry,yes,90,5,4.50,0.04,65387.68,11.52
2026-07-24 06:38,KXBTC15M-26JUL240245-45,entry,yes,91,5,4.55,0.03,65452.88,10.64
2026-07-24 06:53,KXBTC15M-26JUL240300-00,entry,no,64,7,4.48,0.12,65395.08,3.53
2026-07-24 07:08,KXBTC15M-26JUL240315-15,entry,yes,96,5,4.80,0.02,65532.59,16.72
2026-07-24 07:23,KXBTC15M-26JUL240330-30,entry,no,73,6,4.38,0.09,65618.02,14.06
2026-07-24 07:38,KXBTC15M-26JUL240345-45,entry,no,98,5,4.90,0.01,65449.99,21.54
2026-07-24 07:53,KXBTC15M-26JUL240400-00,entry,yes,86,5,4.30,0.05,65417.76,12.20
2026-07-24 08:08,KXBTC15M-26JUL240415-15,entry,no,88,5,4.40,0.04,65418.59,5.95
2026-07-24 08:23,KXBTC15M-26JUL240430-30,entry,no,94,5,4.70,0.02,65318.49,13.68
2026-07-24 08:38,KXBTC15M-26JUL240445-45,entry,yes,83,6,4.98,0.06,65399.56,8.27
2026-07-24 08:53,KXBTC15M-26JUL240500-00,entry,no,97,5,4.85,0.02,65291.34,16.01
2026-07-24 09:08,KXBTC15M-26JUL240515-15,entry,no,97,5,4.85,0.02,65091.93,27.33
2026-07-24 09:23,KXBTC15M-26JUL240530-30,entry,no,94,5,4.70,0.02,64946.68,11.09
2026-07-24 09:38,KXBTC15M-26JUL240545-45,entry,yes,78,6,4.68,0.08,64935.93,0.65
2026-07-24 09:53,KXBTC15M-26JUL240600-00,entry,yes,87,5,4.35,0.04,65071.80,4.38
2026-07-24 10:08,KXBTC15M-26JUL240615-15,entry,no,80,6,4.80,0.07,65022.09,6.99
2026-07-24 10:23,KXBTC15M-26JUL240630-30,entry,no,61,8,4.88,0.14,64962.90,0.48
2026-07-24 10:38,KXBTC15M-26JUL240645-45,entry,yes,75,6,4.50,0.08,64984.35,1.70
2026-07-24 10:53,KXBTC15M-26JUL240700-00,entry,no,94,5,4.70,0.02,64858.00,19.44
2026-07-24 11:08,KXBTC15M-26JUL240715-15,entry,yes,92,5,4.60,0.03,64955.49,7.35
2026-07-24 11:23,KXBTC15M-26JUL240730-30,entry,yes,83,6,4.98,0.06,64985.05,3.60
2026-07-24 11:38,KXBTC15M-26JUL240745-45,entry,no,89,5,4.45,0.04,64942.00,8.26
2026-07-24 11:53,KXBTC15M-26JUL240800-00,entry,yes,69,7,4.83,0.11,64982.51,9.70
2026-07-24 12:08,KXBTC15M-26JUL240815-15,entry,no,80,6,4.80,0.07,64981.16,7.86
2026-07-24 12:53,KXBTC15M-26JUL240900-00,entry,no,92,5,4.60,0.03,64771.29,17.65
2026-07-24 13:08,KXBTC15M-26JUL240915-15,entry,no,99,5,4.95,0.01,64370.25,55.51
2026-07-24 13:23,KXBTC15M-26JUL240930-30,entry,yes,85,5,4.25,0.05,64400.66,13.03
2026-07-24 13:38,KXBTC15M-26JUL240945-45,entry,no,72,6,4.32,0.09,64217.10,17.66
2026-07-24 13:53,KXBTC15M-26JUL241000-00,entry,no,98,5,4.90,0.01,63936.35,60.90
2026-07-24 14:23,KXBTC15M-26JUL241030-30,entry,no,95,5,4.75,0.02,63717.30,36.55
2026-07-24 14:53,KXBTC15M-26JUL241100-00,entry,yes,69,7,4.83,0.11,63867.28,15.82
2026-07-24 15:08,KXBTC15M-26JUL241115-15,entry,no,89,5,4.45,0.04,63873.00,16.05
2026-07-24 15:38,KXBTC15M-26JUL241145-45,entry,yes,90,5,4.50,0.04,64193.62,21.07
2026-07-24 15:53,KXBTC15M-26JUL241200-00,entry,no,92,5,4.60,0.03,64044.63,15.15
2026-07-24 16:08,KXBTC15M-26JUL241215-15,entry,yes,69,7,4.83,0.11,64092.23,4.03
2026-07-24 16:23,KXBTC15M-26JUL241230-30,entry,yes,70,7,4.90,0.11,64097.56,2.35
2026-07-24 16:38,KXBTC15M-26JUL241245-45,entry,no,89,5,4.45,0.04,63932.40,17.69
2026-07-24 16:53,KXBTC15M-26JUL241300-00,entry,no,85,5,4.25,0.05,63838.00,8.10
2026-07-24 17:08,KXBTC15M-26JUL241315-15,entry,no,69,7,4.83,0.11,63878.23,7.31
2026-07-24 17:23,KXBTC15M-26JUL241330-30,entry,yes,92,5,4.60,0.03,63968.94,11.27
2026-07-24 17:53,KXBTC15M-26JUL241400-00,entry,no,72,6,4.32,0.09,64098.80,1.68
2026-07-24 18:23,KXBTC15M-26JUL241430-30,entry,no,85,5,4.25,0.05,64101.49,5.77
2026-07-24 18:53,KXBTC15M-26JUL241500-00,entry,yes,97,5,4.85,0.02,64229.76,18.48
2026-07-24 19:08,KXBTC15M-26JUL241515-15,entry,no,96,5,4.80,0.02,64099.36,17.75
2026-07-24 19:23,KXBTC15M-26JUL241530-30,entry,yes,91,5,4.55,0.03,64144.31,6.53
2026-07-24 19:38,KXBTC15M-26JUL241545-45,entry,yes,82,6,4.92,0.07,64196.24,6.20
2026-07-24 19:53,KXBTC15M-26JUL241600-00,entry,no,91,5,4.55,0.03,64158.19,5.62
2026-07-24 20:08,KXBTC15M-26JUL241615-15,entry,no,66,7,4.62,0.11,64139.03,3.43
2026-07-24 20:23,KXBTC15M-26JUL241630-30,entry,yes,81,6,4.86,0.07,64178.42,4.63
2026-07-24 20:38,KXBTC15M-26JUL241645-45,entry,no,88,5,4.40,0.04,64087.20,14.81
2026-07-24 20:53,KXBTC15M-26JUL241700-00,entry,no,79,6,4.74,0.07,64096.96,4.01
2026-07-24 21:23,KXBTC15M-26JUL241730-30,entry,yes,70,7,4.90,0.11,64098.91,1.38
2026-07-24 21:38,KXBTC15M-26JUL241745-45,entry,yes,77,6,4.62,0.08,64106.55,1.06
2026-07-24 21:53,KXBTC15M-26JUL241800-00,entry,no,67,7,4.69,0.11,64077.79,3.50
2026-07-24 22:08,KXBTC15M-26JUL241815-15,entry,yes,65,7,4.55,0.12,64082.66,0.83
2026-07-24 22:23,KXBTC15M-26JUL241830-30,entry,yes,70,7,4.90,0.11,64097.80,1.53
2026-07-24 22:38,KXBTC15M-26JUL241845-45,entry,yes,87,5,4.35,0.04,64133.94,4.07
2026-07-24 22:53,KXBTC15M-26JUL241900-00,entry,no,86,5,4.30,0.05,64106.60,5.32
2026-07-24 23:38,KXBTC15M-26JUL241945-45,entry,no,87,5,4.35,0.04,64075.60,5.75
2026-07-24 23:53,KXBTC15M-26JUL242000-00,entry,no,81,6,4.86,0.07,64096.22,3.06
2026-07-25 00:23,KXBTC15M-26JUL242030-30,entry,yes,72,6,4.32,0.09,64098.29,1.17
2026-07-25 00:38,KXBTC15M-26JUL242045-45,entry,no,67,7,4.69,0.11,64098.00,1.11
2026-07-25 00:53,KXBTC15M-26JUL242100-00,entry,no,75,6,4.50,0.08,64029.01,3.52
2026-07-25 01:08,KXBTC15M-26JUL242115-15,entry,yes,83,6,4.98,0.06,64023.24,2.27
2026-07-25 01:38,KXBTC15M-26JUL242145-45,entry,yes,89,5,4.45,0.04,64046.43,6.63
2026-07-25 01:53,KXBTC15M-26JUL242200-00,entry,no,83,6,4.98,0.06,64030.48,4.71
2026-07-25 02:08,KXBTC15M-26JUL242215-15,entry,yes,80,6,4.80,0.07,64035.74,4.16
2026-07-25 02:23,KXBTC15M-26JUL242230-30,entry,no,73,6,4.38,0.09,63987.99,3.90
2026-07-25 02:38,KXBTC15M-26JUL242245-45,entry,no,87,5,4.35,0.04,63977.80,2.82
2026-07-25 02:53,KXBTC15M-26JUL242300-00,entry,no,85,5,4.25,0.05,63976.41,2.65
2026-07-25 03:08,KXBTC15M-26JUL242315-15,entry,yes,73,6,4.38,0.09,63983.51,2.40
2026-07-25 03:38,KXBTC15M-26JUL242345-45,entry,yes,77,6,4.62,0.08,64020.86,0.34
2026-07-25 03:53,KXBTC15M-26JUL250000-00,entry,no,89,5,4.45,0.04,63999.99,4.91
2026-07-25 04:08,KXBTC15M-26JUL250015-15,entry,yes,89,5,4.45,0.04,64057.49,4.83
2026-07-25 04:23,KXBTC15M-26JUL250030-30,entry,no,73,6,4.38,0.09,64048.50,2.43
2026-07-25 04:38,KXBTC15M-26JUL250045-45,entry,yes,86,5,4.30,0.05,64065.84,2.77
2026-07-25 04:53,KXBTC15M-26JUL250100-00,entry,no,80,6,4.80,0.07,64097.08,3.93
2026-07-25 05:08,KXBTC15M-26JUL250115-15,entry,yes,66,7,4.62,0.11,64104.78,0.42
2026-07-25 05:38,KXBTC15M-26JUL250145-45,entry,no,98,5,4.90,0.01,63975.99,17.25
2026-07-25 05:53,KXBTC15M-26JUL250200-00,entry,no,76,6,4.56,0.08,63928.53,8.22
2026-07-25 06:08,KXBTC15M-26JUL250215-15,entry,yes,86,5,4.30,0.05,63987.56,4.00
2026-07-25 06:23,KXBTC15M-26JUL250230-30,entry,no,85,5,4.25,0.05,63935.98,8.83
2026-07-25 06:53,KXBTC15M-26JUL250300-00,entry,no,66,7,4.62,0.11,63923.84,1.75
2026-07-25 07:08,KXBTC15M-26JUL250315-15,entry,yes,71,7,4.97,0.11,63958.58,1.68
2026-07-25 07:23,KXBTC15M-26JUL250330-30,entry,yes,77,6,4.62,0.08,63970.48,2.22
2026-07-25 08:08,KXBTC15M-26JUL250415-15,entry,no,96,5,4.80,0.02,63872.91,14.71
2026-07-25 08:23,KXBTC15M-26JUL250430-30,entry,yes,73,6,4.38,0.09,63912.73,2.01
2026-07-25 08:38,KXBTC15M-26JUL250445-45,entry,no,94,5,4.70,0.02,63900.40,5.84
2026-07-25 08:53,KXBTC15M-26JUL250500-00,entry,no,99,5,4.95,0.01,63764.99,21.20
2026-07-25 09:08,KXBTC15M-26JUL250515-15,entry,no,63,7,4.41,0.12,63785.99,3.27
2026-07-25 09:23,KXBTC15M-26JUL250530-30,entry,yes,79,6,4.74,0.07,63836.00,3.79
2026-07-25 09:53,KXBTC15M-26JUL250600-00,entry,yes,96,5,4.80,0.02,63949.48,10.87
2026-07-25 10:08,KXBTC15M-26JUL250615-15,entry,yes,73,6,4.38,0.09,63949.23,2.27
2026-07-25 10:23,KXBTC15M-26JUL250630-30,entry,no,74,6,4.44,0.09,63966.44,1.64
2026-07-25 10:38,KXBTC15M-26JUL250645-45,entry,no,94,5,4.70,0.02,63939.99,4.43
2026-07-25 10:53,KXBTC15M-26JUL250700-00,entry,no,64,7,4.48,0.12,63954.51,0.93
2026-07-25 11:53,KXBTC15M-26JUL250800-00,entry,yes,78,6,4.68,0.08,64015.50,2.81
2026-07-25 12:08,KXBTC15M-26JUL250815-15,entry,yes,72,6,4.32,0.09,64017.31,2.53
2026-07-25 12:23,KXBTC15M-26JUL250830-30,entry,no,69,7,4.83,0.11,63975.99,2.52
2026-07-25 12:38,KXBTC15M-26JUL250845-45,entry,yes,73,6,4.38,0.09,64012.46,3.87
2026-07-25 12:53,KXBTC15M-26JUL250900-00,entry,yes,67,7,4.69,0.11,64036.98,0.40
2026-07-25 13:08,KXBTC15M-26JUL250915-15,entry,yes,74,6,4.44,0.09,64062.26,1.01
2026-07-25 14:08,KXBTC15M-26JUL251015-15,entry,no,70,7,4.90,0.11,64099.99,1.27
2026-07-25 14:23,KXBTC15M-26JUL251030-30,entry,no,80,6,4.80,0.07,64081.46,3.75
2026-07-25 14:38,KXBTC15M-26JUL251045-45,entry,yes,88,5,4.40,0.04,64129.06,4.74
2026-07-25 14:53,KXBTC15M-26JUL251100-00,entry,yes,61,8,4.88,0.14,64142.74,3.43
2026-07-25 15:08,KXBTC15M-26JUL251115-15,entry,yes,62,8,4.96,0.14,64150.43,0.33
2026-07-25 15:23,KXBTC15M-26JUL251130-30,entry,no,62,8,4.96,0.14,64161.21,3.73
2026-07-25 15:53,KXBTC15M-26JUL251200-00,entry,no,79,6,4.74,0.07,64121.71,4.93
2026-07-25 16:08,KXBTC15M-26JUL251215-15,entry,no,62,8,4.96,0.14,64102.69,2.76
2026-07-25 16:23,KXBTC15M-26JUL251230-30,entry,no,88,5,4.40,0.04,64084.18,7.90
2026-07-25 16:38,KXBTC15M-26JUL251245-45,entry,yes,96,5,4.80,0.02,64121.03,7.15
2026-07-25 17:08,KXBTC15M-26JUL251315-15,entry,yes,70,7,4.90,0.11,64158.99,1.61
2026-07-25 17:23,KXBTC15M-26JUL251330-30,entry,yes,85,5,4.25,0.05,64191.68,7.12
2026-07-25 17:53,KXBTC15M-26JUL251400-00,entry,no,80,6,4.80,0.07,64205.83,3.25
2026-07-25 18:08,KXBTC15M-26JUL251415-15,entry,yes,97,5,4.85,0.02,64311.64,18.28
2026-07-25 18:38,KXBTC15M-26JUL251445-45,entry,no,71,7,4.97,0.11,64328.32,3.28
2026-07-25 19:08,KXBTC15M-26JUL251515-15,entry,no,63,7,4.41,0.12,64358.29,1.18
2026-07-25 19:23,KXBTC15M-26JUL251530-30,entry,no,68,7,4.76,0.11,64361.04,2.60
2026-07-25 19:38,KXBTC15M-26JUL251545-45,entry,no,63,7,4.41,0.12,64335.20,4.82
2026-07-25 19:53,KXBTC15M-26JUL251600-00,entry,yes,74,6,4.44,0.09,64361.61,1.82
2026-07-25 20:08,KXBTC15M-26JUL251615-15,entry,no,86,5,4.30,0.05,64276.89,9.09
2026-07-25 20:38,KXBTC15M-26JUL251645-45,entry,no,91,5,4.55,0.03,64259.99,8.47
2026-07-25 20:53,KXBTC15M-26JUL251700-00,entry,yes,90,5,4.50,0.04,64278.42,2.08
2026-07-25 21:08,KXBTC15M-26JUL251715-15,entry,no,81,6,4.86,0.07,64248.43,3.84
2026-07-25 21:23,KXBTC15M-26JUL251730-30,entry,no,65,7,4.55,0.12,64202.29,3.22
2026-07-25 21:38,KXBTC15M-26JUL251745-45,entry,yes,96,5,4.80,0.02,64291.80,8.95
2026-07-25 21:53,KXBTC15M-26JUL251800-00,entry,yes,76,6,4.56,0.08,64298.37,1.84
2026-07-25 22:08,KXBTC15M-26JUL251815-15,entry,yes,85,5,4.25,0.05,64325.99,5.98
2026-07-25 22:23,KXBTC15M-26JUL251830-30,entry,yes,78,6,4.68,0.08,64334.02,2.72
2026-07-25 22:38,KXBTC15M-26JUL251845-45,entry,yes,61,8,4.88,0.14,64343.52,2.69
2026-07-25 22:53,KXBTC15M-26JUL251900-00,entry,yes,74,6,4.44,0.09,64356.60,3.81
2026-07-25 23:23,KXBTC15M-26JUL251930-30,entry,no,85,5,4.25,0.05,64336.00,3.66
2026-07-25 23:38,KXBTC15M-26JUL251945-45,entry,yes,82,6,4.92,0.07,64369.00,3.53
2026-07-26 00:08,KXBTC15M-26JUL252015-15,entry,yes,92,5,4.60,0.03,64369.22,7.57
2026-07-26 00:23,KXBTC15M-26JUL252030-30,entry,yes,77,6,4.62,0.08,64383.08,1.81
2026-07-26 00:38,KXBTC15M-26JUL252045-45,entry,no,79,6,4.74,0.07,64395.89,2.77
2026-07-26 00:53,KXBTC15M-26JUL252100-00,entry,yes,86,5,4.30,0.05,64421.49,8.68
2026-07-26 01:08,KXBTC15M-26JUL252115-15,entry,no,75,6,4.50,0.08,64415.95,4.15
2026-07-26 01:23,KXBTC15M-26JUL252130-30,entry,no,75,6,4.50,0.08,64417.00,3.71
2026-07-26 02:08,KXBTC15M-26JUL252215-15,entry,no,76,6,4.56,0.08,64368.43,5.18
2026-07-26 02:38,KXBTC15M-26JUL252245-45,entry,no,74,6,4.44,0.09,64384.75,5.66
2026-07-26 02:53,KXBTC15M-26JUL252300-00,entry,yes,96,5,4.80,0.02,64447.38,9.93
2026-07-26 03:08,KXBTC15M-26JUL252315-15,entry,no,90,5,4.50,0.04,64436.94,4.01
2026-07-26 03:38,KXBTC15M-26JUL252345-45,entry,yes,82,6,4.92,0.07,64512.01,3.17
2026-07-26 03:53,KXBTC15M-26JUL260000-00,entry,no,68,7,4.76,0.11,64483.70,1.62
2026-07-26 04:08,KXBTC15M-26JUL260015-15,entry,no,72,6,4.32,0.09,64454.00,3.76
2026-07-26 05:08,KXBTC15M-26JUL260115-15,entry,no,74,6,4.44,0.09,64442.14,3.94
2026-07-26 05:23,KXBTC15M-26JUL260130-30,entry,no,78,6,4.68,0.08,64443.66,2.57
2026-07-26 05:38,KXBTC15M-26JUL260145-45,entry,no,84,5,4.20,0.05,64410.10,3.76
2026-07-26 05:53,KXBTC15M-26JUL260200-00,entry,no,86,5,4.30,0.05,64380.81,5.51
2026-07-26 06:08,KXBTC15M-26JUL260215-15,entry,no,92,5,4.60,0.03,64319.40,6.98
2026-07-26 06:23,KXBTC15M-26JUL260230-30,entry,no,94,5,4.70,0.02,64231.22,9.97
2026-07-26 06:38,KXBTC15M-26JUL260245-45,entry,yes,98,5,4.90,0.01,64300.06,8.55
2026-07-26 06:53,KXBTC15M-26JUL260300-00,entry,yes,95,5,4.75,0.02,64359.59,6.74
2026-07-26 07:08,KXBTC15M-26JUL260315-15,entry,no,65,7,4.55,0.12,64374.80,0.70
2026-07-26 07:23,KXBTC15M-26JUL260330-30,entry,no,94,5,4.70,0.02,64307.52,7.90
2026-07-26 07:38,KXBTC15M-26JUL260345-45,entry,no,80,6,4.80,0.07,64290.53,3.84
2026-07-26 08:23,KXBTC15M-26JUL260430-30,entry,yes,74,6,4.44,0.09,64331.02,0.06
2026-07-26 08:53,KXBTC15M-26JUL260500-00,entry,yes,95,5,4.75,0.02,64429.27,7.27
2026-07-26 09:23,KXBTC15M-26JUL260530-30,entry,yes,92,5,4.60,0.03,64486.37,7.35
2026-07-26 10:08,KXBTC15M-26JUL260615-15,entry,no,84,5,4.20,0.05,64450.00,4.14
2026-07-26 10:23,KXBTC15M-26JUL260630-30,entry,yes,67,7,4.69,0.11,64467.40,2.20
2026-07-26 10:38,KXBTC15M-26JUL260645-45,entry,yes,88,5,4.40,0.04,64487.98,3.99
2026-07-26 10:53,KXBTC15M-26JUL260700-00,entry,no,89,5,4.45,0.04,64467.98,3.80
2026-07-26 11:38,KXBTC15M-26JUL260745-45,entry,no,72,6,4.32,0.09,64427.16,3.30
2026-07-26 11:53,KXBTC15M-26JUL260800-00,entry,yes,89,5,4.45,0.04,64450.00,1.78
2026-07-26 12:08,KXBTC15M-26JUL260815-15,entry,yes,98,5,4.90,0.01,64570.15,18.33
2026-07-26 12:23,KXBTC15M-26JUL260830-30,entry,no,87,5,4.35,0.04,64505.20,7.80
2026-07-26 12:38,KXBTC15M-26JUL260845-45,entry,no,83,6,4.98,0.06,64493.56,4.38
2026-07-26 12:53,KXBTC15M-26JUL260900-00,entry,no,88,5,4.40,0.04,64423.71,4.02
2026-07-26 13:08,KXBTC15M-26JUL260915-15,entry,no,87,5,4.35,0.04,64363.68,7.33
2026-07-26 13:23,KXBTC15M-26JUL260930-30,entry,yes,98,5,4.90,0.01,64443.37,11.80
2026-07-26 13:38,KXBTC15M-26JUL260945-45,entry,yes,82,6,4.92,0.07,64429.50,2.58
2026-07-26 13:53,KXBTC15M-26JUL261000-00,entry,no,75,6,4.50,0.08,64474.39,2.15
2026-07-26 14:08,KXBTC15M-26JUL261015-15,entry,yes,99,5,4.95,0.01,64659.99,29.98
2026-07-26 14:23,KXBTC15M-26JUL261030-30,entry,no,78,6,4.68,0.08,64611.56,4.55
2026-07-26 14:38,KXBTC15M-26JUL261045-45,entry,yes,85,5,4.25,0.05,64621.20,5.69
2026-07-26 14:53,KXBTC15M-26JUL261100-00,entry,yes,76,6,4.56,0.08,64648.40,1.94
2026-07-26 15:23,KXBTC15M-26JUL261130-30,entry,yes,98,5,4.90,0.01,64709.21,13.58
2026-07-26 15:38,KXBTC15M-26JUL261145-45,entry,yes,91,5,4.55,0.03,64752.18,7.64
2026-07-26 15:53,KXBTC15M-26JUL261200-00,entry,no,89,5,4.45,0.04,64684.71,9.46
2026-07-26 16:08,KXBTC15M-26JUL261215-15,entry,no,93,5,4.65,0.03,64664.00,7.47
2026-07-26 16:23,KXBTC15M-26JUL261230-30,entry,yes,97,5,4.85,0.02,64700.99,5.86
2026-07-26 16:38,KXBTC15M-26JUL261245-45,entry,yes,88,5,4.40,0.04,64772.18,5.64
2026-07-26 16:53,KXBTC15M-26JUL261300-00,entry,no,92,5,4.60,0.03,64714.58,8.55
2026-07-26 17:08,KXBTC15M-26JUL261315-15,entry,no,91,5,4.55,0.03,64645.51,6.66
2026-07-26 17:23,KXBTC15M-26JUL261330-30,entry,no,80,6,4.80,0.07,64657.40,8.57
2026-07-26 17:38,KXBTC15M-26JUL261345-45,entry,no,75,6,4.50,0.08,64641.95,3.46
2026-07-26 17:53,KXBTC15M-26JUL261400-00,entry,yes,78,6,4.68,0.08,64649.22,2.74
2026-07-26 18:38,KXBTC15M-26JUL261445-45,entry,yes,69,7,4.83,0.11,64655.00,2.92
2026-07-26 18:53,KXBTC15M-26JUL261500-00,entry,yes,93,5,4.65,0.03,64704.31,7.79
2026-07-26 19:08,KXBTC15M-26JUL261515-15,entry,no,72,6,4.32,0.09,64656.75,4.49
2026-07-26 19:23,KXBTC15M-26JUL261530-30,entry,yes,93,5,4.65,0.03,64664.43,5.84
2026-07-26 19:38,KXBTC15M-26JUL261545-45,entry,yes,63,7,4.41,0.12,64666.49,0.28
2026-07-26 19:53,KXBTC15M-26JUL261600-00,entry,no,83,6,4.98,0.06,64648.35,3.77
2026-07-26 20:08,KXBTC15M-26JUL261615-15,entry,yes,67,7,4.69,0.11,64648.34,0.23
2026-07-26 20:23,KXBTC15M-26JUL261630-30,entry,no,95,5,4.75,0.02,64595.08,7.69
2026-07-26 20:53,KXBTC15M-26JUL261700-00,entry,no,77,6,4.62,0.08,64595.31,2.72
2026-07-26 21:23,KXBTC15M-26JUL261730-30,entry,yes,94,5,4.70,0.02,64706.79,10.31
2026-07-26 21:53,KXBTC15M-26JUL261800-00,entry,yes,84,5,4.20,0.05,64810.10,7.21
2026-07-26 22:08,KXBTC15M-26JUL261815-15,entry,yes,99,5,4.95,0.01,65098.48,46.42
2026-07-26 22:38,KXBTC15M-26JUL261845-45,entry,yes,99,5,4.95,0.01,65371.42,29.60
2026-07-26 22:53,KXBTC15M-26JUL261900-00,entry,no,69,7,4.83,0.11,65377.22,5.47
2026-07-26 23:08,KXBTC15M-26JUL261915-15,entry,yes,94,5,4.70,0.02,65437.79,13.17
2026-07-26 23:23,KXBTC15M-26JUL261930-30,entry,no,77,6,4.62,0.08,65306.92,9.22
2026-07-26 23:53,KXBTC15M-26JUL262000-00,entry,yes,79,6,4.74,0.07,65360.44,2.34
2026-07-27 00:08,KXBTC15M-26JUL262015-15,entry,no,98,5,4.90,0.01,65154.21,28.24
2026-07-27 00:23,KXBTC15M-26JUL262030-30,entry,no,80,6,4.80,0.07,65068.24,15.65
2026-07-27 00:38,KXBTC15M-26JUL262045-45,entry,no,94,5,4.70,0.02,65073.12,12.19
2026-07-27 01:08,KXBTC15M-26JUL262115-15,entry,yes,93,5,4.65,0.03,65090.25,4.18
2026-07-27 01:53,KXBTC15M-26JUL262200-00,entry,yes,91,5,4.55,0.03,65097.80,9.84
2026-07-27 02:08,KXBTC15M-26JUL262215-15,entry,no,62,8,4.96,0.14,65111.74,5.32
2026-07-27 02:38,KXBTC15M-26JUL262245-45,entry,yes,76,6,4.56,0.08,65174.05,6.19
2026-07-27 02:53,KXBTC15M-26JUL262300-00,entry,no,96,5,4.80,0.02,65092.11,15.92
2026-07-27 03:08,KXBTC15M-26JUL262315-15,entry,yes,80,6,4.80,0.07,65173.56,8.00
2026-07-27 03:23,KXBTC15M-26JUL262330-30,entry,yes,77,6,4.62,0.08,65273.99,10.33
2026-07-27 03:38,KXBTC15M-26JUL262345-45,entry,no,80,6,4.80,0.07,65253.04,1.97
2026-07-27 03:53,KXBTC15M-26JUL270000-00,entry,no,83,6,4.98,0.06,65254.81,5.63
2026-07-27 04:08,KXBTC15M-26JUL270015-15,entry,yes,98,5,4.90,0.01,65292.54,10.74
2026-07-27 04:23,KXBTC15M-26JUL270030-30,entry,yes,97,5,4.85,0.02,65397.82,22.88
2026-07-27 04:38,KXBTC15M-26JUL270045-45,entry,yes,91,5,4.55,0.03,65307.17,7.13
2026-07-27 04:53,KXBTC15M-26JUL270100-00,entry,no,85,5,4.25,0.05,65265.74,9.48
2026-07-27 05:08,KXBTC15M-26JUL270115-15,entry,yes,66,7,4.62,0.11,65240.47,0.75
2026-07-27 05:23,KXBTC15M-26JUL270130-30,entry,yes,78,6,4.68,0.08,65346.60,2.73
2026-07-27 05:38,KXBTC15M-26JUL270145-45,entry,no,83,6,4.98,0.06,65341.48,1.89
2026-07-27 05:53,KXBTC15M-26JUL270200-00,entry,no,69,7,4.83,0.11,65320.95,3.47
2026-07-27 06:08,KXBTC15M-26JUL270215-15,entry,yes,93,5,4.65,0.03,65464.92,7.31
2026-07-27 06:23,KXBTC15M-26JUL270230-30,entry,no,87,5,4.35,0.04,65480.40,9.37
2026-07-27 06:38,KXBTC15M-26JUL270245-45,entry,yes,93,5,4.65,0.03,65462.72,4.92
2026-07-27 06:53,KXBTC15M-26JUL270300-00,entry,no,90,5,4.50,0.04,65383.83,14.74
2026-07-27 07:08,KXBTC15M-26JUL270315-15,entry,no,68,7,4.76,0.11,65300.67,10.42
2026-07-27 07:38,KXBTC15M-26JUL270345-45,entry,no,97,5,4.85,0.02,65209.15,23.99
2026-07-27 08:38,KXBTC15M-26JUL270445-45,entry,no,86,5,4.30,0.05,65113.79,10.09
2026-07-27 08:53,KXBTC15M-26JUL270500-00,entry,no,68,7,4.76,0.11,65091.83,3.43
2026-07-27 09:08,KXBTC15M-26JUL270515-15,entry,no,79,6,4.74,0.07,65050.77,10.20
2026-07-27 09:23,KXBTC15M-26JUL270530-30,entry,yes,88,5,4.40,0.04,65137.62,9.69
2026-07-27 09:38,KXBTC15M-26JUL270545-45,entry,yes,97,5,4.85,0.02,65243.75,12.10
2026-07-27 10:23,KXBTC15M-26JUL270630-30,entry,yes,98,5,4.90,0.01,65297.65,16.38
2026-07-27 10:38,KXBTC15M-26JUL270645-45,entry,yes,64,7,4.48,0.12,65302.77,1.25
2026-07-27 10:53,KXBTC15M-26JUL270700-00,entry,no,95,5,4.75,0.02,65299.46,8.17
2026-07-27 11:08,KXBTC15M-26JUL270715-15,entry,no,86,5,4.30,0.05,65251.50,4.91
2026-07-27 11:23,KXBTC15M-26JUL270730-30,entry,no,85,5,4.25,0.05,65147.20,8.40
2026-07-27 11:38,KXBTC15M-26JUL270745-45,entry,yes,76,6,4.56,0.08,65139.96,2.29
2026-07-27 11:53,KXBTC15M-26JUL270800-00,entry,no,89,5,4.45,0.04,65042.25,10.55
2026-07-27 12:08,KXBTC15M-26JUL270815-15,entry,yes,98,5,4.90,0.01,65183.84,20.22
2026-07-27 12:23,KXBTC15M-26JUL270830-30,entry,no,75,6,4.50,0.08,64996.50,8.00
2026-07-27 12:38,KXBTC15M-26JUL270845-45,entry,no,90,5,4.50,0.04,64902.50,11.16
2026-07-27 12:53,KXBTC15M-26JUL270900-00,entry,yes,61,8,4.88,0.14,65026.01,5.48
2026-07-27 13:38,KXBTC15M-26JUL270945-45,entry,yes,99,5,4.95,0.01,65311.30,64.49
2026-07-27 13:53,KXBTC15M-26JUL271000-00,entry,no,89,5,4.45,0.04,65334.32,40.61
2026-07-27 14:23,KXBTC15M-26JUL271030-30,entry,no,98,5,4.90,0.01,64897.97,61.26
2026-07-27 14:38,KXBTC15M-26JUL271045-45,entry,no,99,5,4.95,0.01,64549.42,48.06
2026-07-27 14:53,KXBTC15M-26JUL271100-00,entry,yes,87,5,4.35,0.04,64501.21,6.92
2026-07-27 15:38,KXBTC15M-26JUL271145-45,entry,no,93,5,4.65,0.03,64443.00,17.90
2026-07-27 15:53,KXBTC15M-26JUL271200-00,entry,yes,61,8,4.88,0.14,64525.12,1.53
2026-07-27 16:08,KXBTC15M-26JUL271215-15,entry,yes,78,6,4.68,0.08,64561.93,11.86
2026-07-27 16:23,KXBTC15M-26JUL271230-30,entry,no,67,7,4.69,0.11,64461.91,12.88
2026-07-27 16:38,KXBTC15M-26JUL271245-45,entry,yes,96,5,4.80,0.02,64874.28,31.41
2026-07-27 16:53,KXBTC15M-26JUL271300-00,entry,no,79,6,4.74,0.07,64763.99,13.07
2026-07-27 17:08,KXBTC15M-26JUL271315-15,entry,no,77,6,4.62,0.08,64769.49,10.63
2026-07-27 17:23,KXBTC15M-26JUL271330-30,entry,yes,96,5,4.80,0.02,64965.45,21.56
2026-07-27 17:38,KXBTC15M-26JUL271345-45,entry,yes,75,6,4.50,0.08,64990.57,8.08
2026-07-27 17:53,KXBTC15M-26JUL271400-00,entry,no,73,6,4.38,0.09,64891.71,7.80
2026-07-27 18:08,KXBTC15M-26JUL271415-15,entry,no,67,7,4.69,0.11,64909.69,6.49
2026-07-27 18:23,KXBTC15M-26JUL271430-30,entry,no,96,5,4.80,0.02,64792.91,17.75
2026-07-27 18:38,KXBTC15M-26JUL271445-45,entry,no,96,5,4.80,0.02,64731.20,17.07
2026-07-27 18:53,KXBTC15M-26JUL271500-00,entry,no,63,7,4.41,0.12,64759.62,4.42
2026-07-27 19:08,KXBTC15M-26JUL271515-15,entry,yes,79,6,4.74,0.07,64845.75,6.44
2026-07-27 19:38,KXBTC15M-26JUL271545-45,entry,yes,87,5,4.35,0.04,64938.69,4.86
2026-07-27 19:53,KXBTC15M-26JUL271600-00,entry,no,73,6,4.38,0.09,64885.23,4.75
2026-07-27 20:23,KXBTC15M-26JUL271630-30,entry,no,73,6,4.38,0.09,64885.76,0.85
2026-07-27 20:53,KXBTC15M-26JUL271700-00,entry,no,62,8,4.96,0.14,64868.00,3.03
2026-07-27 21:08,KXBTC15M-26JUL271715-15,entry,no,67,7,4.69,0.11,64866.50,4.90
2026-07-27 21:23,KXBTC15M-26JUL271730-30,entry,no,75,6,4.50,0.08,64825.90,3.12
2026-07-27 21:38,KXBTC15M-26JUL271745-45,entry,yes,78,6,4.68,0.08,64789.49,1.68
2026-07-27 21:53,KXBTC15M-26JUL271800-00,entry,yes,80,6,4.80,0.07,64780.32,2.92
2026-07-27 22:08,KXBTC15M-26JUL271815-15,entry,no,95,5,4.75,0.02,64648.56,18.95
2026-07-27 22:38,KXBTC15M-26JUL271845-45,entry,no,90,5,4.50,0.04,64466.25,12.58
2026-07-27 22:53,KXBTC15M-26JUL271900-00,entry,no,95,5,4.75,0.02,63931.17,35.71
2026-07-27 23:08,KXBTC15M-26JUL271915-15,entry,no,63,7,4.41,0.12,63642.91,20.29
2026-07-27 23:23,KXBTC15M-26JUL271930-30,entry,yes,88,5,4.40,0.04,63814.04,8.89
2026-07-27 23:38,KXBTC15M-26JUL271945-45,entry,no,92,5,4.60,0.03,63713.28,19.19
2026-07-27 23:53,KXBTC15M-26JUL272000-00,entry,yes,89,5,4.45,0.04,63716.57,14.02
2026-07-28 00:08,KXBTC15M-26JUL272015-15,entry,no,91,5,4.55,0.03,63573.11,20.43
2026-07-28 00:53,KXBTC15M-26JUL272100-00,entry,no,87,5,4.35,0.04,63463.33,18.05
2026-07-28 01:08,KXBTC15M-26JUL272115-15,entry,no,98,5,4.90,0.01,63073.78,55.35
2026-07-28 01:38,KXBTC15M-26JUL272145-45,entry,no,72,6,4.32,0.09,63221.18,5.43
2026-07-28 01:53,KXBTC15M-26JUL272200-00,entry,yes,74,6,4.44,0.09,63169.75,4.56
2026-07-28 02:23,KXBTC15M-26JUL272230-30,entry,yes,74,6,4.44,0.09,63207.38,1.32
2026-07-28 02:38,KXBTC15M-26JUL272245-45,entry,no,78,6,4.68,0.08,63142.50,5.85
2026-07-28 02:53,KXBTC15M-26JUL272300-00,entry,yes,77,6,4.62,0.08,63130.40,9.08
2026-07-28 03:08,KXBTC15M-26JUL272315-15,entry,yes,71,7,4.97,0.11,63155.20,4.87
2026-07-28 03:23,KXBTC15M-26JUL272330-30,entry,yes,79,6,4.74,0.07,63250.48,6.33
2026-07-28 03:38,KXBTC15M-26JUL272345-45,entry,yes,80,6,4.80,0.07,63267.87,6.91
2026-07-28 03:53,KXBTC15M-26JUL280000-00,entry,no,94,5,4.70,0.02,63260.82,5.75
2026-07-28 04:08,KXBTC15M-26JUL280015-15,entry,yes,65,7,4.55,0.12,63272.01,1.78
2026-07-28 04:23,KXBTC15M-26JUL280030-30,entry,yes,63,7,4.41,0.12,63268.42,1.26
2026-07-28 04:38,KXBTC15M-26JUL280045-45,entry,no,84,5,4.20,0.05,63167.20,10.00
2026-07-28 04:53,KXBTC15M-26JUL280100-00,entry,yes,93,5,4.65,0.03,63267.80,8.93
2026-07-28 05:08,KXBTC15M-26JUL280115-15,entry,yes,98,5,4.90,0.01,63384.62,16.96
2026-07-28 05:23,KXBTC15M-26JUL280130-30,entry,yes,87,5,4.35,0.04,63435.44,7.58
2026-07-28 05:38,KXBTC15M-26JUL280145-45,entry,no,78,6,4.68,0.08,63410.08,9.49
2026-07-28 05:53,KXBTC15M-26JUL280200-00,entry,no,74,6,4.44,0.09,63438.01,6.47
2026-07-28 06:08,KXBTC15M-26JUL280215-15,entry,no,94,5,4.70,0.02,63334.98,10.93
2026-07-28 06:23,KXBTC15M-26JUL280230-30,entry,yes,97,5,4.85,0.02,63429.83,9.98
2026-07-28 06:38,KXBTC15M-26JUL280245-45,entry,yes,63,7,4.41,0.12,63484.61,3.97
2026-07-28 06:53,KXBTC15M-26JUL280300-00,entry,yes,78,6,4.68,0.08,63534.52,2.46
2026-07-28 07:08,KXBTC15M-26JUL280315-15,entry,no,93,5,4.65,0.03,63503.98,10.59
2026-07-28 07:23,KXBTC15M-26JUL280330-30,entry,no,64,7,4.48,0.12,63460.29,5.50
2026-07-28 07:38,KXBTC15M-26JUL280345-45,entry,no,94,5,4.70,0.02,63438.98,9.91
2026-07-28 08:23,KXBTC15M-26JUL280430-30,entry,yes,65,7,4.55,0.12,63382.64,0.48
2026-07-28 08:38,KXBTC15M-26JUL280445-45,entry,no,87,5,4.35,0.04,63390.00,4.07
2026-07-28 08:53,KXBTC15M-26JUL280500-00,entry,no,94,5,4.70,0.02,63341.51,15.63
2026-07-28 09:08,KXBTC15M-26JUL280515-15,entry,yes,67,7,4.69,0.11,63384.63,3.50
2026-07-28 09:23,KXBTC15M-26JUL280530-30,entry,yes,93,5,4.65,0.03,63385.09,2.58
2026-07-28 09:38,KXBTC15M-26JUL280545-45,entry,yes,67,7,4.69,0.11,63451.78,5.34
2026-07-28 09:53,KXBTC15M-26JUL280600-00,entry,no,76,6,4.56,0.08,63383.77,11.63
2026-07-28 10:08,KXBTC15M-26JUL280615-15,entry,no,89,5,4.45,0.04,63263.44,10.77
2026-07-28 10:23,KXBTC15M-26JUL280630-30,entry,yes,78,6,4.68,0.08,63290.26,1.22
2026-07-28 10:38,KXBTC15M-26JUL280645-45,entry,yes,96,5,4.80,0.02,63417.29,18.08
2026-07-28 10:53,KXBTC15M-26JUL280700-00,entry,yes,69,7,4.83,0.11,63446.23,0.53
2026-07-28 11:08,KXBTC15M-26JUL280715-15,entry,no,94,5,4.70,0.02,63359.92,8.28
2026-07-28 11:23,KXBTC15M-26JUL280730-30,entry,yes,98,5,4.90,0.01,63398.29,14.14
2026-07-28 11:38,KXBTC15M-26JUL280745-45,entry,yes,77,6,4.62,0.08,63448.41,7.10
2026-07-28 11:53,KXBTC15M-26JUL280800-00,entry,yes,96,5,4.80,0.02,63400.24,9.87
2026-07-28 12:23,KXBTC15M-26JUL280830-30,entry,no,63,7,4.41,0.12,63376.79,2.50
2026-07-28 12:38,KXBTC15M-26JUL280845-45,entry,no,83,6,4.98,0.06,63339.00,8.94
2026-07-28 12:53,KXBTC15M-26JUL280900-00,entry,yes,83,6,4.98,0.06,63438.47,4.81
2026-07-28 13:08,KXBTC15M-26JUL280915-15,entry,yes,62,8,4.96,0.14,63510.99,3.12
2026-07-28 13:23,KXBTC15M-26JUL280930-30,entry,no,94,5,4.70,0.02,63315.28,19.15
2026-07-28 13:38,KXBTC15M-26JUL280945-45,entry,no,87,5,4.35,0.04,63047.86,32.84
2026-07-28 14:08,KXBTC15M-26JUL281015-15,entry,yes,95,5,4.75,0.02,63141.95,19.85
2026-07-28 14:23,KXBTC15M-26JUL281030-30,entry,no,86,5,4.30,0.05,62976.73,20.52
2026-07-28 14:38,KXBTC15M-26JUL281045-45,entry,yes,88,5,4.40,0.04,63199.33,14.58
2026-07-28 14:53,KXBTC15M-26JUL281100-00,entry,yes,88,5,4.40,0.04,63403.89,18.60
2026-07-28 15:08,KXBTC15M-26JUL281115-15,entry,no,85,5,4.25,0.05,63265.67,12.86
2026-07-28 15:23,KXBTC15M-26JUL281130-30,entry,yes,95,5,4.75,0.02,63717.66,48.44
2026-07-28 15:38,KXBTC15M-26JUL281145-45,entry,yes,74,6,4.44,0.09,63768.54,10.80
2026-07-28 16:08,KXBTC15M-26JUL281215-15,entry,no,89,5,4.45,0.04,63769.99,14.03
2026-07-28 16:38,KXBTC15M-26JUL281245-45,entry,no,68,7,4.76,0.11,63759.00,2.79
2026-07-28 16:53,KXBTC15M-26JUL281300-00,entry,yes,96,5,4.80,0.02,64008.90,23.70
2026-07-28 17:08,KXBTC15M-26JUL281315-15,entry,no,94,5,4.70,0.02,63807.38,25.83
2026-07-28 17:38,KXBTC15M-26JUL281345-45,entry,no,98,5,4.90,0.01,63473.88,31.10
2026-07-28 17:53,KXBTC15M-26JUL281400-00,entry,yes,85,5,4.25,0.05,63558.52,9.53
2026-07-28 18:08,KXBTC15M-26JUL281415-15,entry,yes,86,5,4.30,0.05,63648.76,6.42
2026-07-28 18:23,KXBTC15M-26JUL281430-30,entry,yes,68,7,4.76,0.11,63657.55,4.10
2026-07-28 18:38,KXBTC15M-26JUL281445-45,entry,yes,87,5,4.35,0.04,63671.00,6.74
2026-07-28 18:53,KXBTC15M-26JUL281500-00,entry,no,80,6,4.80,0.07,63634.98,8.05
2026-07-28 19:08,KXBTC15M-26JUL281515-15,entry,yes,88,5,4.40,0.04,63668.87,0.84
2026-07-28 19:38,KXBTC15M-26JUL281545-45,entry,yes,85,5,4.25,0.05,63725.66,7.30
2026-07-28 19:53,KXBTC15M-26JUL281600-00,entry,yes,94,5,4.70,0.02,63730.88,17.61
2026-07-28 20:08,KXBTC15M-26JUL281615-15,entry,yes,70,7,4.90,0.11,63833.40,5.04
2026-07-28 20:23,KXBTC15M-26JUL281630-30,entry,no,79,6,4.74,0.07,63857.58,7.91
2026-07-28 21:08,KXBTC15M-26JUL281715-15,entry,yes,65,7,4.55,0.12,63849.69,1.71
2026-07-28 21:23,KXBTC15M-26JUL281730-30,entry,no,83,6,4.98,0.06,63822.60,4.47
2026-07-28 21:38,KXBTC15M-26JUL281745-45,entry,yes,89,5,4.45,0.04,63908.44,10.82
2026-07-28 21:53,KXBTC15M-26JUL281800-00,entry,no,73,6,4.38,0.09,63940.94,2.75
2026-07-28 22:08,KXBTC15M-26JUL281815-15,entry,yes,62,8,4.96,0.14,63935.03,3.53
2026-07-28 22:38,KXBTC15M-26JUL281845-45,entry,no,82,6,4.92,0.07,63789.26,8.82
2026-07-28 22:53,KXBTC15M-26JUL281900-00,entry,no,94,5,4.70,0.02,63712.27,13.78
2026-07-28 23:08,KXBTC15M-26JUL281915-15,entry,no,98,5,4.90,0.01,63571.11,23.12
2026-07-28 23:38,KXBTC15M-26JUL281945-45,entry,yes,96,5,4.80,0.02,63703.63,23.18
2026-07-28 23:53,KXBTC15M-26JUL282000-00,entry,yes,90,5,4.50,0.04,63816.02,12.18
2026-07-29 00:08,KXBTC15M-26JUL282015-15,entry,yes,92,5,4.60,0.03,63992.04,20.03
2026-07-29 00:38,KXBTC15M-26JUL282045-45,entry,yes,84,5,4.20,0.05,64005.50,18.55
2026-07-29 01:23,KXBTC15M-26JUL282130-30,entry,yes,90,5,4.50,0.04,63840.99,13.83
2026-07-29 01:38,KXBTC15M-26JUL282145-45,entry,no,79,6,4.74,0.07,63760.82,13.71
2026-07-29 01:53,KXBTC15M-26JUL282200-00,entry,no,85,5,4.25,0.05,63660.49,12.48
2026-07-29 02:08,KXBTC15M-26JUL282215-15,entry,yes,92,5,4.60,0.03,63702.11,12.02
2026-07-29 02:38,KXBTC15M-26JUL282245-45,entry,yes,61,8,4.88,0.14,63957.52,6.24
2026-07-29 02:53,KXBTC15M-26JUL282300-00,entry,no,90,5,4.50,0.04,63874.10,12.77
2026-07-29 03:38,KXBTC15M-26JUL282345-45,entry,yes,69,7,4.83,0.11,63746.29,3.46
2026-07-29 03:53,KXBTC15M-26JUL290000-00,entry,no,69,7,4.83,0.11,63636.66,7.18
2026-07-29 04:08,KXBTC15M-26JUL290015-15,entry,no,86,5,4.30,0.05,63611.19,6.10
2026-07-29 04:23,KXBTC15M-26JUL290030-30,entry,no,77,6,4.62,0.08,63606.70,7.31
2026-07-29 04:38,KXBTC15M-26JUL290045-45,entry,yes,93,5,4.65,0.03,63836.09,19.63
2026-07-29 04:53,KXBTC15M-26JUL290100-00,entry,yes,74,6,4.44,0.09,63822.47,5.73
2026-07-29 05:08,KXBTC15M-26JUL290115-15,entry,yes,71,7,4.97,0.11,63905.52,5.55
2026-07-29 05:38,KXBTC15M-26JUL290145-45,entry,yes,79,6,4.74,0.07,63943.47,10.71
2026-07-29 05:53,KXBTC15M-26JUL290200-00,entry,yes,85,5,4.25,0.05,63994.26,8.40
2026-07-29 06:08,KXBTC15M-26JUL290215-15,entry,yes,67,7,4.69,0.11,63995.56,1.97
2026-07-29 06:23,KXBTC15M-26JUL290230-30,entry,yes,75,6,4.50,0.08,64084.36,7.66
2026-07-29 06:38,KXBTC15M-26JUL290245-45,entry,yes,85,5,4.25,0.05,64324.64,3.41
2026-07-29 06:53,KXBTC15M-26JUL290300-00,entry,no,63,7,4.41,0.12,64343.24,3.13
2026-07-29 07:08,KXBTC15M-26JUL290315-15,entry,yes,71,7,4.97,0.11,64372.75,2.95
2026-07-29 07:38,KXBTC15M-26JUL290345-45,entry,no,91,5,4.55,0.03,64364.73,10.33
2026-07-29 08:08,KXBTC15M-26JUL290415-15,entry,no,96,5,4.80,0.02,64384.71,15.93
2026-07-29 08:23,KXBTC15M-26JUL290430-30,entry,no,64,7,4.48,0.12,64253.60,9.14
2026-07-29 08:38,KXBTC15M-26JUL290445-45,entry,yes,73,6,4.38,0.09,64244.70,2.78
2026-07-29 09:08,KXBTC15M-26JUL290515-15,entry,no,63,7,4.41,0.12,64319.18,3.81
2026-07-29 09:38,KXBTC15M-26JUL290545-45,entry,yes,90,5,4.50,0.04,64488.60,16.56
2026-07-29 09:53,KXBTC15M-26JUL290600-00,entry,yes,67,7,4.69,0.11,64585.47,8.62
2026-07-29 10:08,KXBTC15M-26JUL290615-15,entry,no,88,5,4.40,0.04,64579.42,8.85
2026-07-29 10:38,KXBTC15M-26JUL290645-45,entry,no,81,6,4.86,0.07,64501.46,7.39
2026-07-29 10:53,KXBTC15M-26JUL290700-00,entry,no,99,5,4.95,0.01,64371.12,36.11
2026-07-29 11:08,KXBTC15M-26JUL290715-15,entry,yes,70,7,4.90,0.11,64414.57,2.49
2026-07-29 11:38,KXBTC15M-26JUL290745-45,entry,no,97,5,4.85,0.02,64357.57,13.83
2026-07-29 11:53,KXBTC15M-26JUL290800-00,entry,yes,90,5,4.50,0.04,64392.65,5.53
2026-07-29 12:08,KXBTC15M-26JUL290815-15,entry,no,86,5,4.30,0.05,64357.85,11.23
2026-07-29 12:23,KXBTC15M-26JUL290830-30,entry,no,96,5,4.80,0.02,64296.98,16.99
2026-07-29 12:38,KXBTC15M-26JUL290845-45,entry,no,75,6,4.50,0.08,64254.97,4.65
2026-07-29 12:53,KXBTC15M-26JUL290900-00,entry,no,82,6,4.92,0.07,64212.06,7.36
2026-07-29 13:23,KXBTC15M-26JUL290930-30,entry,no,94,5,4.70,0.02,64100.27,23.09
2026-07-29 14:08,KXBTC15M-26JUL291015-15,entry,no,82,6,4.92,0.07,64423.08,18.03
2026-07-29 14:23,KXBTC15M-26JUL291030-30,entry,yes,82,6,4.92,0.07,64286.77,14.02
2026-07-29 14:38,KXBTC15M-26JUL291045-45,entry,no,73,6,4.38,0.09,64092.63,7.84
2026-07-29 14:53,KXBTC15M-26JUL291100-00,entry,yes,90,5,4.50,0.04,64129.16,20.02
2026-07-29 15:08,KXBTC15M-26JUL291115-15,entry,yes,61,8,4.88,0.14,64055.18,2.03
2026-07-29 15:23,KXBTC15M-26JUL291130-30,entry,no,72,6,4.32,0.09,64003.57,7.85
2026-07-29 16:23,KXBTC15M-26JUL291230-30,entry,yes,93,5,4.65,0.03,63987.63,16.63
2026-07-29 16:38,KXBTC15M-26JUL291245-45,entry,no,98,5,4.90,0.01,63788.14,26.17
2026-07-29 16:53,KXBTC15M-26JUL291300-00,entry,yes,89,5,4.45,0.04,63657.57,12.44
2026-07-29 17:08,KXBTC15M-26JUL291315-15,entry,no,86,5,4.30,0.05,63692.99,5.32
2026-07-29 17:23,KXBTC15M-26JUL291330-30,entry,no,76,6,4.56,0.08,63750.00,2.08
2026-07-29 17:38,KXBTC15M-26JUL291345-45,entry,yes,94,5,4.70,0.02,63744.63,10.68
2026-07-29 17:53,KXBTC15M-26JUL291400-00,entry,yes,93,5,4.65,0.03,64064.00,27.84
2026-07-29 18:08,KXBTC15M-26JUL291415-15,entry,yes,92,5,4.60,0.03,64395.29,39.37
2026-07-29 18:23,KXBTC15M-26JUL291430-30,entry,no,98,5,4.90,0.01,64050.60,37.09
2026-07-29 18:53,KXBTC15M-26JUL291500-00,entry,yes,89,5,4.45,0.04,64554.04,33.93
2026-07-29 19:08,KXBTC15M-26JUL291515-15,entry,no,93,5,4.65,0.03,64193.04,34.45
2026-07-29 19:23,KXBTC15M-26JUL291530-30,entry,no,89,5,4.45,0.04,64065.82,25.34
2026-07-29 19:53,KXBTC15M-26JUL291600-00,entry,no,94,5,4.70,0.02,63568.41,38.94
2026-07-29 20:23,KXBTC15M-26JUL291630-30,entry,yes,74,6,4.44,0.09,63593.64,8.29
2026-07-29 20:38,KXBTC15M-26JUL291645-45,entry,yes,92,5,4.60,0.03,63613.19,25.44
2026-07-29 20:53,KXBTC15M-26JUL291700-00,entry,no,77,6,4.62,0.08,63468.93,13.20
2026-07-29 21:08,KXBTC15M-26JUL291715-15,entry,no,89,5,4.45,0.04,63237.64,31.88
2026-07-29 21:38,KXBTC15M-26JUL291745-45,entry,yes,64,7,4.48,0.12,63552.73,10.55
2026-07-29 21:53,KXBTC15M-26JUL291800-00,entry,yes,96,5,4.80,0.02,63675.65,27.55
2026-07-29 22:08,KXBTC15M-26JUL291815-15,entry,yes,88,5,4.40,0.04,63920.58,22.23
2026-07-29 22:38,KXBTC15M-26JUL291845-45,entry,no,85,5,4.25,0.05,63871.98,12.95
2026-07-29 22:53,KXBTC15M-26JUL291900-00,entry,no,94,5,4.70,0.02,63847.97,15.95
2026-07-29 23:23,KXBTC15M-26JUL291930-30,entry,yes,92,5,4.60,0.03,63936.25,15.75
2026-07-29 23:38,KXBTC15M-26JUL291945-45,entry,no,87,5,4.35,0.04,63869.78,9.08
2026-07-29 23:53,KXBTC15M-26JUL292000-00,entry,no,72,6,4.32,0.09,63892.79,3.98
2026-07-30 00:08,KXBTC15M-26JUL292015-15,entry,yes,75,6,4.50,0.08,63955.72,8.00
2026-07-30 00:23,KXBTC15M-26JUL292030-30,entry,no,66,7,4.62,0.11,63937.07,6.73
2026-07-30 00:38,KXBTC15M-26JUL292045-45,entry,no,98,5,4.90,0.01,63734.63,29.36
2026-07-30 01:08,KXBTC15M-26JUL292115-15,entry,yes,98,5,4.90,0.01,63753.68,26.59
2026-07-30 01:23,KXBTC15M-26JUL292130-30,entry,yes,84,5,4.20,0.05,63712.32,9.21
2026-07-30 01:38,KXBTC15M-26JUL292145-45,entry,yes,96,5,4.80,0.02,63912.62,24.53
2026-07-30 01:53,KXBTC15M-26JUL292200-00,entry,yes,94,5,4.70,0.02,64166.27,28.57
2026-07-30 02:08,KXBTC15M-26JUL292215-15,entry,yes,79,6,4.74,0.07,64277.46,14.03
2026-07-30 02:23,KXBTC15M-26JUL292230-30,entry,yes,69,7,4.83,0.11,64270.62,1.63
2026-07-30 02:38,KXBTC15M-26JUL292245-45,entry,no,95,5,4.75,0.02,64163.20,15.84
2026-07-30 02:53,KXBTC15M-26JUL292300-00,entry,no,86,5,4.30,0.05,64191.91,7.24
2026-07-30 03:08,KXBTC15M-26JUL292315-15,entry,yes,93,5,4.65,0.03,64111.33,0.95
2026-07-30 03:23,KXBTC15M-26JUL292330-30,entry,yes,76,6,4.56,0.08,64139.99,7.73
2026-07-30 03:38,KXBTC15M-26JUL292345-45,entry,no,96,5,4.80,0.02,64069.79,17.89
2026-07-30 03:53,KXBTC15M-26JUL300000-00,entry,yes,89,5,4.45,0.04,64114.15,4.92
2026-07-30 04:08,KXBTC15M-26JUL300015-15,entry,no,76,6,4.56,0.08,64043.99,6.13
2026-07-30 04:53,KXBTC15M-26JUL300100-00,entry,yes,83,6,4.98,0.06,64021.58,4.66
2026-07-30 05:08,KXBTC15M-26JUL300115-15,entry,no,71,7,4.97,0.11,63912.36,4.69
2026-07-30 05:23,KXBTC15M-26JUL300130-30,entry,no,92,5,4.60,0.03,63826.66,14.67
2026-07-30 05:38,KXBTC15M-26JUL300145-45,entry,yes,91,5,4.55,0.03,64007.27,13.46
2026-07-30 05:53,KXBTC15M-26JUL300200-00,entry,no,91,5,4.55,0.03,63935.21,15.55
2026-07-30 06:23,KXBTC15M-26JUL300230-30,entry,no,64,7,4.48,0.12,63925.49,1.48
2026-07-30 06:38,KXBTC15M-26JUL300245-45,entry,no,87,5,4.35,0.04,63911.25,11.24
2026-07-30 09:08,KXBTC15M-26JUL300515-15,entry,yes,67,7,4.69,0.11,64234.50,2.23
2026-07-30 10:53,KXBTC15M-26JUL300700-00,entry,no,85,5,4.25,0.05,64497.98,5.67
2026-07-30 11:23,KXBTC15M-26JUL300730-30,entry,no,73,6,4.38,0.09,64497.23,4.07
2026-07-30 11:38,KXBTC15M-26JUL300745-45,entry,yes,96,5,4.80,0.02,64616.36,18.40
2026-07-30 11:53,KXBTC15M-26JUL300800-00,entry,yes,96,5,4.80,0.02,64738.48,24.02
2026-07-30 12:08,KXBTC15M-26JUL300815-15,entry,yes,95,5,4.75,0.02,64816.27,17.26
2026-07-30 12:23,KXBTC15M-26JUL300830-30,entry,no,91,5,4.55,0.03,64870.22,4.80
2026-07-30 12:38,KXBTC15M-26JUL300845-45,entry,yes,62,8,4.96,0.14,64829.61,3.06
2026-07-30 12:53,KXBTC15M-26JUL300900-00,entry,yes,83,6,4.98,0.06,64817.84,7.47
2026-07-30 13:08,KXBTC15M-26JUL300915-15,entry,no,79,6,4.74,0.07,64793.72,8.47
2026-07-30 13:23,KXBTC15M-26JUL300930-30,entry,no,66,7,4.62,0.11,64765.86,1.35
2026-07-30 13:38,KXBTC15M-26JUL300945-45,entry,no,83,6,4.98,0.06,64651.00,15.72
2026-07-30 13:53,KXBTC15M-26JUL301000-00,entry,yes,73,6,4.38,0.09,64970.00,7.66
2026-07-30 14:08,KXBTC15M-26JUL301015-15,entry,no,98,5,4.90,0.01,64680.00,45.65
2026-07-30 14:23,KXBTC15M-26JUL301030-30,entry,no,61,8,4.88,0.14,64657.54,2.90
2026-07-30 15:08,KXBTC15M-26JUL301115-15,entry,yes,66,7,4.62,0.11,64702.90,11.58
2026-07-30 15:23,KXBTC15M-26JUL301130-30,entry,yes,96,5,4.80,0.02,64742.92,13.04
2026-07-30 15:38,KXBTC15M-26JUL301145-45,entry,no,61,8,4.88,0.14,64623.94,1.65
2026-07-30 15:53,KXBTC15M-26JUL301200-00,entry,no,86,5,4.30,0.05,64637.34,11.29
2026-07-30 16:08,KXBTC15M-26JUL301215-15,entry,yes,95,5,4.75,0.02,64783.32,18.14
2026-07-30 16:23,KXBTC15M-26JUL301230-30,entry,no,86,5,4.30,0.05,64796.55,9.88
2026-07-30 16:53,KXBTC15M-26JUL301300-00,entry,yes,93,5,4.65,0.03,64758.39,6.58
2026-07-30 17:23,KXBTC15M-26JUL301330-30,entry,yes,95,5,4.75,0.02,64897.55,24.93
2026-07-30 17:38,KXBTC15M-26JUL301345-45,entry,no,90,5,4.50,0.04,64803.04,12.99
2026-07-30 17:53,KXBTC15M-26JUL301400-00,entry,no,88,5,4.40,0.04,64810.01,12.91
2026-07-30 18:23,KXBTC15M-26JUL301430-30,entry,no,79,6,4.74,0.07,64723.75,7.07
2026-07-30 18:38,KXBTC15M-26JUL301445-45,entry,no,94,5,4.70,0.02,64660.86,13.03
2026-07-30 18:53,KXBTC15M-26JUL301500-00,entry,no,80,6,4.80,0.07,64633.64,5.99
2026-07-30 19:08,KXBTC15M-26JUL301515-15,entry,yes,96,5,4.80,0.02,64770.07,20.03
2026-07-30 19:23,KXBTC15M-26JUL301530-30,entry,no,64,7,4.48,0.12,64771.38,0.39
2026-07-30 19:38,KXBTC15M-26JUL301545-45,entry,no,90,5,4.50,0.04,64786.29,6.02
2026-07-30 20:08,KXBTC15M-26JUL301615-15,entry,yes,78,6,4.68,0.08,64761.81,1.10
2026-07-30 20:23,KXBTC15M-26JUL301630-30,entry,yes,96,5,4.80,0.02,64801.81,10.46
2026-07-30 20:38,KXBTC15M-26JUL301645-45,entry,no,68,7,4.76,0.11,64745.77,1.18
2026-07-30 20:53,KXBTC15M-26JUL301700-00,entry,no,69,7,4.83,0.11,64767.07,2.91
2026-07-30 21:23,KXBTC15M-26JUL301730-30,entry,yes,80,6,4.80,0.07,64698.89,2.97
2026-07-30 21:38,KXBTC15M-26JUL301745-45,entry,yes,65,7,4.55,0.12,64705.68,3.18
2026-07-30 21:53,KXBTC15M-26JUL301800-00,entry,no,75,6,4.50,0.08,64668.77,3.72
2026-07-30 22:08,KXBTC15M-26JUL301815-15,entry,yes,96,5,4.80,0.02,64876.59,31.88
2026-07-30 22:38,KXBTC15M-26JUL301845-45,entry,no,92,5,4.60,0.03,64856.15,11.98
2026-07-30 22:53,KXBTC15M-26JUL301900-00,entry,no,85,5,4.25,0.05,64812.32,7.41
2026-07-30 23:08,KXBTC15M-26JUL301915-15,entry,yes,98,5,4.90,0.01,64844.66,8.94
2026-07-30 23:23,KXBTC15M-26JUL301930-30,entry,no,73,6,4.38,0.09,64849.55,4.64
2026-07-30 23:38,KXBTC15M-26JUL301945-45,entry,yes,98,5,4.90,0.01,65025.16,26.32
2026-07-31 00:08,KXBTC15M-26JUL302015-15,entry,yes,81,6,4.86,0.07,64763.86,6.00
2026-07-31 00:23,KXBTC15M-26JUL302030-30,entry,no,90,5,4.50,0.04,64743.60,3.19
2026-07-31 00:38,KXBTC15M-26JUL302045-45,entry,yes,81,6,4.86,0.07,64754.11,10.53
2026-07-31 00:53,KXBTC15M-26JUL302100-00,entry,no,96,5,4.80,0.02,64652.71,12.76
2026-07-31 01:08,KXBTC15M-26JUL302115-15,entry,yes,99,5,4.95,0.01,65055.07,60.86
2026-07-31 01:23,KXBTC15M-26JUL302130-30,entry,no,96,5,4.80,0.02,65020.92,19.76
2026-07-31 01:38,KXBTC15M-26JUL302145-45,entry,no,97,5,4.85,0.02,64882.48,36.21
2026-07-31 01:53,KXBTC15M-26JUL302200-00,entry,no,95,5,4.75,0.02,64549.85,35.08
2026-07-31 02:08,KXBTC15M-26JUL302215-15,entry,yes,61,8,4.88,0.14,64526.16,4.35
2026-07-31 02:23,KXBTC15M-26JUL302230-30,entry,no,89,5,4.45,0.04,64339.58,17.76
2026-07-31 02:38,KXBTC15M-26JUL302245-45,entry,no,89,5,4.45,0.04,64243.79,14.10
2026-07-31 02:53,KXBTC15M-26JUL302300-00,entry,yes,91,5,4.55,0.03,64267.06,14.84
2026-07-31 03:08,KXBTC15M-26JUL302315-15,entry,no,80,6,4.80,0.07,64167.65,9.23
2026-07-31 03:23,KXBTC15M-26JUL302330-30,entry,yes,97,5,4.85,0.02,64330.76,22.90
2026-07-31 03:38,KXBTC15M-26JUL302345-45,entry,no,86,5,4.30,0.05,64231.33,13.30
2026-07-31 04:23,KXBTC15M-26JUL310030-30,entry,no,95,5,4.75,0.02,64175.36,17.90
2026-07-31 05:08,KXBTC15M-26JUL310115-15,entry,yes,90,5,4.50,0.04,64313.09,10.18
2026-07-31 05:23,KXBTC15M-26JUL310130-30,entry,no,80,6,4.80,0.07,64326.54,3.54
2026-07-31 05:38,KXBTC15M-26JUL310145-45,entry,no,74,6,4.44,0.09,64250.42,2.82
2026-07-31 05:53,KXBTC15M-26JUL310200-00,entry,yes,65,7,4.55,0.12,64265.06,3.52
2026-07-31 06:08,KXBTC15M-26JUL310215-15,entry,yes,73,6,4.38,0.09,64306.19,1.96
2026-07-31 06:53,KXBTC15M-26JUL310300-00,entry,no,76,6,4.56,0.08,64203.94,3.10
2026-07-31 07:08,KXBTC15M-26JUL310315-15,entry,no,88,5,4.40,0.04,64084.17,17.65
2026-07-31 07:23,KXBTC15M-26JUL310330-30,entry,no,82,6,4.92,0.07,63922.46,12.64
2026-07-31 07:38,KXBTC15M-26JUL310345-45,entry,no,81,6,4.86,0.07,63909.48,5.32
2026-07-31 07:53,KXBTC15M-26JUL310400-00,entry,yes,93,5,4.65,0.03,63942.58,13.97
2026-07-31 08:08,KXBTC15M-26JUL310415-15,entry,no,84,5,4.20,0.05,63800.64,14.51
2026-07-31 08:23,KXBTC15M-26JUL310430-30,entry,no,90,5,4.50,0.04,63787.02,17.18
2026-07-31 08:38,KXBTC15M-26JUL310445-45,entry,no,90,5,4.50,0.04,63810.19,14.79
2026-07-31 09:08,KXBTC15M-26JUL310515-15,entry,no,71,7,4.97,0.11,63719.53,8.18
2026-07-31 09:23,KXBTC15M-26JUL310530-30,entry,no,97,5,4.85,0.02,63631.55,16.78
2026-07-31 09:53,KXBTC15M-26JUL310600-00,entry,yes,77,6,4.62,0.08,63653.53,3.04
2026-07-31 10:08,KXBTC15M-26JUL310615-15,entry,no,76,6,4.56,0.08,63613.51,5.31
2026-07-31 10:23,KXBTC15M-26JUL310630-30,entry,yes,85,5,4.25,0.05,63716.98,7.20
2026-07-31 10:38,KXBTC15M-26JUL310645-45,entry,yes,90,5,4.50,0.04,63795.84,7.45
2026-07-31 10:53,KXBTC15M-26JUL310700-00,entry,yes,76,6,4.56,0.08,63864.99,5.08
2026-07-31 11:08,KXBTC15M-26JUL310715-15,entry,yes,82,6,4.92,0.07,63872.60,2.36
2026-07-31 11:23,KXBTC15M-26JUL310730-30,entry,yes,80,6,4.80,0.07,63885.10,6.45
2026-07-31 11:38,KXBTC15M-26JUL310745-45,entry,no,95,5,4.75,0.02,63790.47,9.31
2026-07-31 11:53,KXBTC15M-26JUL310800-00,entry,no,85,5,4.25,0.05,63769.68,2.41
2026-07-31 12:08,KXBTC15M-26JUL310815-15,entry,no,91,5,4.55,0.03,63683.10,9.11
2026-07-31 12:23,KXBTC15M-26JUL310830-30,entry,no,67,7,4.69,0.11,63660.86,1.30
2026-07-31 12:38,KXBTC15M-26JUL310845-45,entry,no,89,5,4.45,0.04,63597.70,15.86
2026-07-31 12:53,KXBTC15M-26JUL310900-00,entry,yes,85,5,4.25,0.05,63667.23,9.69
2026-07-31 13:23,KXBTC15M-26JUL310930-30,entry,yes,88,5,4.40,0.04,63753.97,13.24
2026-07-31 13:38,KXBTC15M-26JUL310945-45,entry,no,90,5,4.50,0.04,63556.91,28.29
2026-07-31 13:53,KXBTC15M-26JUL311000-00,entry,no,96,5,4.80,0.02,63202.37,35.23
2026-07-31 14:08,KXBTC15M-26JUL311015-15,entry,no,99,5,4.95,0.01,62560.98,100.47
2026-07-31 14:23,KXBTC15M-26JUL311030-30,entry,no,80,6,4.80,0.07,62504.81,14.65
2026-07-31 14:38,KXBTC15M-26JUL311045-45,entry,yes,92,5,4.60,0.03,62595.18,13.03
2026-07-31 14:53,KXBTC15M-26JUL311100-00,entry,yes,72,6,4.32,0.09,62590.07,0.57
2026-07-31 15:08,KXBTC15M-26JUL311115-15,entry,no,66,7,4.62,0.11,62566.22,10.03
2026-07-31 15:23,KXBTC15M-26JUL311130-30,entry,no,72,6,4.32,0.09,62442.89,13.91
2026-07-31 15:38,KXBTC15M-26JUL311145-45,entry,yes,92,5,4.60,0.03,62642.41,24.64
2026-07-31 16:08,KXBTC15M-26JUL311215-15,entry,yes,89,5,4.45,0.04,62794.99,25.75
2026-07-31 16:23,KXBTC15M-26JUL311230-30,entry,yes,64,7,4.48,0.12,62833.11,5.38
2026-07-31 16:38,KXBTC15M-26JUL311245-45,entry,no,92,5,4.60,0.03,62731.62,19.24
2026-07-31 17:08,KXBTC15M-26JUL311315-15,entry,no,90,5,4.50,0.04,62759.92,9.21
2026-07-31 17:38,KXBTC15M-26JUL311345-45,entry,yes,98,5,4.90,0.01,63034.46,20.36
2026-07-31 17:53,KXBTC15M-26JUL311400-00,entry,yes,98,5,4.90,0.01,63158.19,25.06
2026-07-31 18:08,KXBTC15M-26JUL311415-15,entry,no,75,6,4.50,0.08,63145.50,6.11
2026-07-31 18:23,KXBTC15M-26JUL311430-30,entry,yes,83,6,4.98,0.06,63093.05,1.48
2026-07-31 18:38,KXBTC15M-26JUL311445-45,entry,no,63,7,4.41,0.12,62945.71,9.06
2026-07-31 18:53,KXBTC15M-26JUL311500-00,entry,yes,97,5,4.85,0.02,63107.85,23.19
2026-07-31 19:08,KXBTC15M-26JUL311515-15,entry,no,84,5,4.20,0.05,62999.47,6.78
2026-07-31 19:38,KXBTC15M-26JUL311545-45,entry,no,90,5,4.50,0.04,62903.22,10.57
2026-07-31 20:38,KXBTC15M-26JUL311645-45,entry,no,73,6,4.38,0.09,62923.10,3.99
2026-07-31 21:08,KXBTC15M-26JUL311715-15,entry,yes,68,7,4.76,0.11,62900.64,1.18
2026-07-31 21:23,KXBTC15M-26JUL311730-30,entry,yes,79,6,4.74,0.07,62975.80,3.94
2026-07-31 22:08,KXBTC15M-26JUL311815-15,entry,yes,73,6,4.38,0.09,62935.81,6.00
2026-07-31 22:23,KXBTC15M-26JUL311830-30,entry,yes,68,7,4.76,0.11,62956.49,1.46
2026-07-31 22:38,KXBTC15M-26JUL311845-45,entry,no,86,5,4.30,0.05,62884.51,10.62
2026-07-31 22:53,KXBTC15M-26JUL311900-00,entry,no,74,6,4.44,0.09,62858.25,6.19
2026-07-31 23:08,KXBTC15M-26JUL311915-15,entry,yes,92,5,4.60,0.03,62930.33,7.92
2026-07-31 23:23,KXBTC15M-26JUL311930-30,entry,yes,86,5,4.30,0.05,62939.99,3.56
2026-07-31 23:53,KXBTC15M-26JUL312000-00,entry,no,90,5,4.50,0.04,62841.94,9.86
2026-08-01 00:08,KXBTC15M-26JUL312015-15,entry,yes,93,5,4.65,0.03,62904.95,13.41
2026-08-01 00:38,KXBTC15M-26JUL312045-45,entry,no,67,7,4.69,0.11,62907.27,3.20
2026-08-01 00:53,KXBTC15M-26JUL312100-00,entry,no,63,7,4.41,0.12,62914.83,2.97
2026-08-01 01:08,KXBTC15M-26JUL312115-15,entry,yes,74,6,4.44,0.09,62886.77,0.53
2026-08-01 01:23,KXBTC15M-26JUL312130-30,entry,yes,66,7,4.62,0.11,62929.81,3.25
2026-08-01 01:38,KXBTC15M-26JUL312145-45,entry,yes,81,6,4.86,0.07,62888.98,2.51
2026-08-01 02:08,KXBTC15M-26JUL312215-15,entry,yes,81,6,4.86,0.07,62915.35,1.37
2026-08-01 02:23,KXBTC15M-26JUL312230-30,entry,yes,95,5,4.75,0.02,62997.06,6.44
2026-08-01 02:38,KXBTC15M-26JUL312245-45,entry,yes,75,6,4.50,0.08,63014.74,1.69
2026-08-01 02:53,KXBTC15M-26JUL312300-00,entry,no,79,6,4.74,0.07,62991.76,3.24
2026-08-01 03:08,KXBTC15M-26JUL312315-15,entry,no,66,7,4.62,0.11,62987.41,3.30
2026-08-01 03:23,KXBTC15M-26JUL312330-30,entry,yes,92,5,4.60,0.03,62986.44,8.63
2026-08-01 03:53,KXBTC15M-26AUG010000-00,entry,yes,68,7,4.76,0.11,62952.00,1.87
2026-08-01 04:23,KXBTC15M-26AUG010030-30,entry,yes,90,5,4.50,0.04,62983.81,4.50
2026-08-01 04:53,KXBTC15M-26AUG010100-00,entry,yes,95,5,4.75,0.02,63034.99,5.52
2026-08-01 05:08,KXBTC15M-26AUG010115-15,entry,yes,63,7,4.41,0.12,63043.09,1.50
2026-08-01 05:23,KXBTC15M-26AUG010130-30,entry,no,93,5,4.65,0.03,63011.02,8.05
2026-08-01 05:53,KXBTC15M-26AUG010200-00,entry,yes,76,6,4.56,0.08,62968.02,1.43
2026-08-01 06:08,KXBTC15M-26AUG010215-15,entry,no,80,6,4.80,0.07,62955.00,3.27
2026-08-01 06:23,KXBTC15M-26AUG010230-30,entry,yes,93,5,4.65,0.03,63010.00,6.62
2026-08-01 06:53,KXBTC15M-26AUG010300-00,entry,yes,68,7,4.76,0.11,63021.13,1.11
2026-08-01 07:08,KXBTC15M-26AUG010315-15,entry,yes,65,7,4.55,0.12,63024.67,0.98
2026-08-01 07:23,KXBTC15M-26AUG010330-30,entry,no,90,5,4.50,0.04,63017.19,4.79
2026-08-01 07:38,KXBTC15M-26AUG010345-45,entry,no,97,5,4.85,0.02,62975.45,6.36
2026-08-01 07:53,KXBTC15M-26AUG010400-00,entry,yes,69,7,4.83,0.11,62991.95,0.84
2026-08-01 08:08,KXBTC15M-26AUG010415-15,entry,yes,95,5,4.75,0.02,63024.23,5.10
2026-08-01 08:38,KXBTC15M-26AUG010445-45,entry,yes,70,7,4.90,0.11,63038.19,0.59
2026-08-01 08:53,KXBTC15M-26AUG010500-00,entry,yes,97,5,4.85,0.02,63075.00,5.48
2026-08-01 09:08,KXBTC15M-26AUG010515-15,entry,no,96,5,4.80,0.02,63052.65,4.90
2026-08-01 09:23,KXBTC15M-26AUG010530-30,entry,yes,76,6,4.56,0.08,63068.95,1.57
2026-08-01 09:53,KXBTC15M-26AUG010600-00,entry,no,98,5,4.90,0.01,63000.16,8.17
2026-08-01 10:08,KXBTC15M-26AUG010615-15,entry,no,96,5,4.80,0.02,62945.12,9.11
2026-08-01 10:23,KXBTC15M-26AUG010630-30,entry,yes,99,5,4.95,0.01,63005.43,8.26
2026-08-01 10:38,KXBTC15M-26AUG010645-45,entry,no,85,5,4.25,0.05,62962.26,3.76
2026-08-01 10:53,KXBTC15M-26AUG010700-00,entry,no,83,6,4.98,0.06,62987.47,4.29
2026-08-01 11:08,KXBTC15M-26AUG010715-15,entry,no,67,7,4.69,0.11,62983.61,2.43
2026-08-01 11:23,KXBTC15M-26AUG010730-30,entry,yes,92,5,4.60,0.03,63023.76,4.59
2026-08-01 11:38,KXBTC15M-26AUG010745-45,entry,no,69,7,4.83,0.11,63017.58,1.07
2026-08-01 11:53,KXBTC15M-26AUG010800-00,entry,yes,75,6,4.50,0.08,63016.97,0.86
2026-08-01 12:08,KXBTC15M-26AUG010815-15,entry,yes,96,5,4.80,0.02,63047.82,4.45
2026-08-01 12:23,KXBTC15M-26AUG010830-30,entry,no,80,6,4.80,0.07,63038.99,2.82
2026-08-01 12:38,KXBTC15M-26AUG010845-45,entry,no,82,6,4.92,0.07,63020.77,4.22
2026-08-01 12:53,KXBTC15M-26AUG010900-00,entry,yes,83,6,4.98,0.06,63040.57,0.87
2026-08-01 13:23,KXBTC15M-26AUG010930-30,entry,no,84,5,4.20,0.05,63028.81,2.20
2026-08-01 13:53,KXBTC15M-26AUG011000-00,entry,no,72,6,4.32,0.09,63005.96,2.73
2026-08-01 14:08,KXBTC15M-26AUG011015-15,entry,yes,96,5,4.80,0.02,63053.22,6.86
2026-08-01 14:23,KXBTC15M-26AUG011030-30,entry,yes,95,5,4.75,0.02,63053.22,4.36
2026-08-01 14:38,KXBTC15M-26AUG011045-45,entry,no,70,7,4.90,0.11,63038.00,2.66
2026-08-01 15:23,KXBTC15M-26AUG011130-30,entry,no,95,5,4.75,0.02,63009.34,6.93
2026-08-01 15:53,KXBTC15M-26AUG011200-00,entry,no,87,5,4.35,0.04,62964.81,4.65
2026-08-01 16:08,KXBTC15M-26AUG011215-15,entry,no,96,5,4.80,0.02,62900.01,9.71
2026-08-01 16:23,KXBTC15M-26AUG011230-30,entry,no,92,5,4.60,0.03,62874.71,3.99
2026-08-01 16:38,KXBTC15M-26AUG011245-45,entry,yes,97,5,4.85,0.02,62931.37,7.75
2026-08-01 16:53,KXBTC15M-26AUG011300-00,entry,no,84,5,4.20,0.05,62876.32,4.68
2026-08-01 17:08,KXBTC15M-26AUG011315-15,entry,yes,97,5,4.85,0.02,62929.12,10.98
2026-08-01 17:23,KXBTC15M-26AUG011330-30,entry,no,74,6,4.44,0.09,62828.47,2.17
2026-08-01 17:38,KXBTC15M-26AUG011345-45,entry,no,96,5,4.80,0.02,62699.99,12.33
2026-08-01 17:53,KXBTC15M-26AUG011400-00,entry,no,97,5,4.85,0.02,62645.84,18.41
2026-08-01 18:23,KXBTC15M-26AUG011430-30,entry,no,96,5,4.80,0.02,62487.62,28.00
2026-08-01 18:38,KXBTC15M-26AUG011445-45,entry,no,93,5,4.65,0.03,62368.59,20.51
2026-08-01 18:53,KXBTC15M-26AUG011500-00,entry,yes,71,7,4.97,0.11,62408.69,10.35
2026-08-01 19:23,KXBTC15M-26AUG011530-30,entry,no,91,5,4.55,0.03,62447.44,12.39
2026-08-01 19:38,KXBTC15M-26AUG011545-45,entry,no,92,5,4.60,0.03,62398.17,15.66
2026-08-01 19:53,KXBTC15M-26AUG011600-00,entry,yes,82,6,4.92,0.07,62456.65,5.25
2026-08-01 20:23,KXBTC15M-26AUG011630-30,entry,yes,93,5,4.65,0.03,62549.53,6.81
2026-08-01 20:38,KXBTC15M-26AUG011645-45,entry,no,70,7,4.90,0.11,62515.82,7.77
2026-08-01 20:53,KXBTC15M-26AUG011700-00,entry,yes,92,5,4.60,0.03,62578.71,5.58
2026-08-01 21:08,KXBTC15M-26AUG011715-15,entry,yes,98,5,4.90,0.01,62694.00,13.61
2026-08-01 21:23,KXBTC15M-26AUG011730-30,entry,yes,78,6,4.68,0.08,62703.57,2.60
2026-08-01 21:53,KXBTC15M-26AUG011800-00,entry,yes,86,5,4.30,0.05,62750.60,2.11
2026-08-01 22:08,KXBTC15M-26AUG011815-15,entry,yes,66,7,4.62,0.11,62776.55,1.96
2026-08-01 22:23,KXBTC15M-26AUG011830-30,entry,no,89,5,4.45,0.04,62774.63,4.62
2026-08-01 23:23,KXBTC15M-26AUG011930-30,entry,no,92,5,4.60,0.03,62720.54,6.00
2026-08-01 23:38,KXBTC15M-26AUG011945-45,entry,yes,97,5,4.85,0.02,62761.23,6.16
2026-08-01 23:53,KXBTC15M-26AUG012000-00,entry,yes,88,5,4.40,0.04,62757.58,2.97
2026-08-02 00:08,KXBTC15M-26AUG012015-15,entry,yes,96,5,4.80,0.02,62843.51,12.20
2026-08-02 00:23,KXBTC15M-26AUG012030-30,entry,no,90,5,4.50,0.04,62856.07,5.29
2026-08-02 00:38,KXBTC15M-26AUG012045-45,entry,no,89,5,4.45,0.04,62793.01,5.59
2026-08-02 00:53,KXBTC15M-26AUG012100-00,entry,no,97,5,4.85,0.02,62759.01,7.81
2026-08-02 01:08,KXBTC15M-26AUG012115-15,entry,yes,98,5,4.90,0.01,62847.02,11.83
2026-08-02 01:38,KXBTC15M-26AUG012145-45,entry,yes,87,5,4.35,0.04,62948.79,4.00
2026-08-02 01:53,KXBTC15M-26AUG012200-00,entry,no,95,5,4.75,0.02,62928.92,4.31
2026-08-02 02:08,KXBTC15M-26AUG012215-15,entry,yes,99,5,4.95,0.01,63320.07,61.28
2026-08-02 02:38,KXBTC15M-26AUG012245-45,entry,no,75,6,4.50,0.08,63288.29,10.60
2026-08-02 02:53,KXBTC15M-26AUG012300-00,entry,yes,84,5,4.20,0.05,63378.57,9.07
2026-08-02 03:23,KXBTC15M-26AUG012330-30,entry,yes,96,5,4.80,0.02,63450.22,16.38
2026-08-02 03:38,KXBTC15M-26AUG012345-45,entry,yes,90,5,4.50,0.04,63419.84,6.88
2026-08-02 03:53,KXBTC15M-26AUG020000-00,entry,no,93,5,4.65,0.03,63369.44,10.09
2026-08-02 04:08,KXBTC15M-26AUG020015-15,entry,yes,96,5,4.80,0.02,63454.99,10.44
2026-08-02 04:23,KXBTC15M-26AUG020030-30,entry,no,70,7,4.90,0.11,63475.00,1.58
2026-08-02 04:38,KXBTC15M-26AUG020045-45,entry,no,79,6,4.74,0.07,63454.24,4.02
2026-08-02 04:53,KXBTC15M-26AUG020100-00,entry,yes,95,5,4.75,0.02,63492.73,4.75
2026-08-02 05:08,KXBTC15M-26AUG020115-15,entry,no,97,5,4.85,0.02,63426.73,16.59
2026-08-02 05:23,KXBTC15M-26AUG020130-30,entry,yes,67,7,4.69,0.11,63420.37,0.35
2026-08-02 05:38,KXBTC15M-26AUG020145-45,entry,no,75,6,4.50,0.08,63374.82,6.19
2026-08-02 05:53,KXBTC15M-26AUG020200-00,entry,yes,94,5,4.70,0.02,63393.02,5.54
2026-08-02 06:08,KXBTC15M-26AUG020215-15,entry,yes,61,8,4.88,0.14,63395.18,0.93
2026-08-02 06:23,KXBTC15M-26AUG020230-30,entry,yes,63,7,4.41,0.12,63390.29,0.88
2026-08-02 06:38,KXBTC15M-26AUG020245-45,entry,no,86,5,4.30,0.05,63413.45,2.80
2026-08-02 07:08,KXBTC15M-26AUG020315-15,entry,no,69,7,4.83,0.11,63417.87,1.14
2026-08-02 07:23,KXBTC15M-26AUG020330-30,entry,yes,63,7,4.41,0.12,63424.86,0.66
2026-08-02 07:38,KXBTC15M-26AUG020345-45,entry,yes,86,5,4.30,0.05,63445.50,3.24
2026-08-02 07:53,KXBTC15M-26AUG020400-00,entry,no,92,5,4.60,0.03,63436.20,5.48
2026-08-02 08:08,KXBTC15M-26AUG020415-15,entry,yes,65,7,4.55,0.12,63435.94,1.19
2026-08-02 08:23,KXBTC15M-26AUG020430-30,entry,no,79,6,4.74,0.07,63402.64,4.96
2026-08-02 08:38,KXBTC15M-26AUG020445-45,entry,no,95,5,4.75,0.02,63220.71,17.84
2026-08-02 08:53,KXBTC15M-26AUG020500-00,entry,no,81,6,4.86,0.07,63154.97,5.42
2026-08-02 09:38,KXBTC15M-26AUG020545-45,entry,yes,95,5,4.75,0.02,63229.52,7.86
2026-08-02 09:53,KXBTC15M-26AUG020600-00,entry,no,78,6,4.68,0.08,63203.12,1.79
2026-08-02 10:08,KXBTC15M-26AUG020615-15,entry,no,87,5,4.35,0.04,63175.59,5.98
2026-08-02 10:23,KXBTC15M-26AUG020630-30,entry,no,69,7,4.83,0.11,63096.49,8.33
2026-08-02 10:38,KXBTC15M-26AUG020645-45,entry,yes,97,5,4.85,0.02,63137.76,9.26
2026-08-02 10:53,KXBTC15M-26AUG020700-00,entry,no,74,6,4.44,0.09,63133.58,2.09
2026-08-02 11:08,KXBTC15M-26AUG020715-15,entry,no,73,6,4.38,0.09,63119.90,3.28
2026-08-02 11:38,KXBTC15M-26AUG020745-45,entry,no,69,7,4.83,0.11,63112.28,0.25
2026-08-02 12:08,KXBTC15M-26AUG020815-15,entry,yes,98,5,4.90,0.01,63048.32,13.46
2026-08-02 12:23,KXBTC15M-26AUG020830-30,entry,yes,92,5,4.60,0.03,63141.47,6.63
2026-08-02 12:38,KXBTC15M-26AUG020845-45,entry,no,82,6,4.92,0.07,63048.32,12.83
2026-08-02 12:53,KXBTC15M-26AUG020900-00,entry,no,79,6,4.74,0.07,63060.06,4.08
2026-08-02 13:08,KXBTC15M-26AUG020915-15,entry,no,77,6,4.62,0.08,63040.24,4.25
2026-08-02 13:23,KXBTC15M-26AUG020930-30,entry,no,91,5,4.55,0.03,63017.30,6.65
2026-08-02 13:38,KXBTC15M-26AUG020945-45,entry,no,90,5,4.50,0.04,62961.33,11.21
2026-08-02 13:53,KXBTC15M-26AUG021000-00,entry,yes,68,7,4.76,0.11,63040.77,2.38
2026-08-02 14:08,KXBTC15M-26AUG021015-15,entry,no,87,5,4.35,0.04,63003.61,8.14
2026-08-02 14:23,KXBTC15M-26AUG021030-30,entry,yes,67,7,4.69,0.11,63032.72,1.68
2026-08-02 14:38,KXBTC15M-26AUG021045-45,entry,yes,78,6,4.68,0.08,63071.11,1.17
2026-08-02 14:53,KXBTC15M-26AUG021100-00,entry,no,96,5,4.80,0.02,63013.84,11.92
2026-08-02 15:08,KXBTC15M-26AUG021115-15,entry,yes,89,5,4.45,0.04,63027.69,2.58
2026-08-02 15:23,KXBTC15M-26AUG021130-30,entry,no,69,7,4.83,0.11,63050.99,1.74
2026-08-02 15:38,KXBTC15M-26AUG021145-45,entry,yes,81,6,4.86,0.07,63074.15,2.00
2026-08-02 15:53,KXBTC15M-26AUG021200-00,entry,no,89,5,4.45,0.04,63059.59,4.30
2026-08-02 16:23,KXBTC15M-26AUG021230-30,entry,yes,74,6,4.44,0.09,63055.22,0.88
2026-08-02 16:38,KXBTC15M-26AUG021245-45,entry,yes,96,5,4.80,0.02,63120.05,11.26
2026-08-02 16:53,KXBTC15M-26AUG021300-00,entry,no,95,5,4.75,0.02,63116.85,9.64
2026-08-02 17:08,KXBTC15M-26AUG021315-15,entry,no,84,5,4.20,0.05,63088.91,5.87
2026-08-02 17:23,KXBTC15M-26AUG021330-30,entry,yes,66,7,4.62,0.11,63161.83,2.95
2026-08-02 17:38,KXBTC15M-26AUG021345-45,entry,yes,79,6,4.74,0.07,63246.60,4.39
2026-08-02 18:08,KXBTC15M-26AUG021415-15,entry,no,79,6,4.74,0.07,63219.29,4.12
2026-08-02 18:38,KXBTC15M-26AUG021445-45,entry,yes,98,5,4.90,0.01,63311.86,13.64
2026-08-02 18:53,KXBTC15M-26AUG021500-00,entry,no,93,5,4.65,0.03,63337.72,12.52
2026-08-02 19:08,KXBTC15M-26AUG021515-15,entry,no,71,7,4.97,0.11,63290.58,3.97
2026-08-02 19:38,KXBTC15M-26AUG021545-45,entry,yes,76,6,4.56,0.08,63291.65,3.63
2026-08-02 19:53,KXBTC15M-26AUG021600-00,entry,yes,96,5,4.80,0.02,63386.76,10.77
2026-08-02 20:08,KXBTC15M-26AUG021615-15,entry,no,89,5,4.45,0.04,63366.44,2.87
2026-08-02 20:38,KXBTC15M-26AUG021645-45,entry,yes,71,7,4.97,0.11,63345.78,0.15
2026-08-02 20:53,KXBTC15M-26AUG021700-00,entry,yes,91,5,4.55,0.03,63393.96,4.89
2026-08-02 21:08,KXBTC15M-26AUG021715-15,entry,yes,80,6,4.80,0.07,63448.33,3.50
2026-08-02 21:38,KXBTC15M-26AUG021745-45,entry,no,66,7,4.62,0.11,63440.50,4.67
2026-08-02 21:53,KXBTC15M-26AUG021800-00,entry,no,82,6,4.92,0.07,63539.01,14.24
2026-08-02 22:08,KXBTC15M-26AUG021815-15,entry,yes,87,5,4.35,0.04,63591.84,12.92
2026-08-02 22:23,KXBTC15M-26AUG021830-30,entry,no,68,7,4.76,0.11,63606.34,5.71
2026-08-02 22:38,KXBTC15M-26AUG021845-45,entry,no,97,5,4.85,0.02,63374.85,23.62
2026-08-02 22:53,KXBTC15M-26AUG021900-00,entry,no,79,6,4.74,0.07,63368.92,8.44
2026-08-02 23:08,KXBTC15M-26AUG021915-15,entry,no,90,5,4.50,0.04,63304.16,9.52
2026-08-02 23:23,KXBTC15M-26AUG021930-30,entry,yes,96,5,4.80,0.02,63409.83,18.30
2026-08-02 23:38,KXBTC15M-26AUG021945-45,entry,yes,75,6,4.50,0.08,63495.01,4.05
2026-08-02 23:53,KXBTC15M-26AUG022000-00,entry,yes,62,8,4.96,0.14,63473.69,2.87
2026-08-03 00:08,KXBTC15M-26AUG022015-15,entry,no,96,5,4.80,0.02,63368.88,20.55
2026-08-03 00:23,KXBTC15M-26AUG022030-30,entry,no,72,6,4.32,0.09,63304.88,5.39
2026-08-03 00:38,KXBTC15M-26AUG022045-45,entry,yes,90,5,4.50,0.04,63300.00,11.29
2026-08-03 01:08,KXBTC15M-26AUG022115-15,entry,no,90,5,4.50,0.04,63170.98,12.02
2026-08-03 01:23,KXBTC15M-26AUG022130-30,entry,no,72,6,4.32,0.09,63109.68,5.12
2026-08-03 01:38,KXBTC15M-26AUG022145-45,entry,yes,73,6,4.38,0.09,63111.38,2.83
2026-08-03 01:53,KXBTC15M-26AUG022200-00,entry,no,78,6,4.68,0.08,63105.38,6.70
2026-08-03 02:08,KXBTC15M-26AUG022215-15,entry,no,82,6,4.92,0.07,63106.79,5.20
2026-08-03 02:23,KXBTC15M-26AUG022230-30,entry,yes,91,5,4.55,0.03,63141.21,4.32
2026-08-03 02:38,KXBTC15M-26AUG022245-45,entry,yes,89,5,4.45,0.04,63113.68,10.52
2026-08-03 02:53,KXBTC15M-26AUG022300-00,entry,no,74,6,4.44,0.09,63072.41,6.89
2026-08-03 03:08,KXBTC15M-26AUG022315-15,entry,no,73,6,4.38,0.09,63048.53,2.40
2026-08-03 03:23,KXBTC15M-26AUG022330-30,entry,no,78,6,4.68,0.08,62987.27,7.51
2026-08-03 03:38,KXBTC15M-26AUG022345-45,entry,no,67,7,4.69,0.11,62968.36,5.29
2026-08-03 03:53,KXBTC15M-26AUG030000-00,entry,no,96,5,4.80,0.02,62849.32,20.39
2026-08-03 04:23,KXBTC15M-26AUG030030-30,entry,yes,95,5,4.75,0.02,62879.77,15.96
2026-08-03 04:38,KXBTC15M-26AUG030045-45,entry,yes,61,8,4.88,0.14,62898.65,0.87
2026-08-03 04:53,KXBTC15M-26AUG030100-00,entry,no,93,5,4.65,0.03,62805.13,13.03
2026-08-03 05:08,KXBTC15M-26AUG030115-15,entry,yes,67,7,4.69,0.11,62738.72,2.78
2026-08-03 05:23,KXBTC15M-26AUG030130-30,entry,no,90,5,4.50,0.04,62721.51,9.87
2026-08-03 05:38,KXBTC15M-26AUG030145-45,entry,no,82,6,4.92,0.07,62713.07,8.18
2026-08-03 05:53,KXBTC15M-26AUG030200-00,entry,yes,72,6,4.32,0.09,62731.51,0.05
2026-08-03 06:08,KXBTC15M-26AUG030215-15,entry,yes,78,6,4.68,0.08,62777.16,5.10
2026-08-03 06:23,KXBTC15M-26AUG030230-30,entry,no,90,5,4.50,0.04,62728.93,6.95
2026-08-03 06:38,KXBTC15M-26AUG030245-45,entry,no,77,6,4.62,0.08,62654.63,9.38
2026-08-03 06:53,KXBTC15M-26AUG030300-00,entry,yes,80,6,4.80,0.07,62598.99,2.90
2026-08-03 07:08,KXBTC15M-26AUG030315-15,entry,yes,80,6,4.80,0.07,62582.72,5.75
2026-08-03 07:38,KXBTC15M-26AUG030345-45,entry,no,75,6,4.50,0.08,62555.70,2.32
2026-08-03 07:53,KXBTC15M-26AUG030400-00,entry,no,72,6,4.32,0.09,62520.90,5.81
2026-08-03 08:08,KXBTC15M-26AUG030415-15,entry,no,69,7,4.83,0.11,62455.01,12.44
2026-08-03 08:23,KXBTC15M-26AUG030430-30,entry,no,97,5,4.85,0.02,62339.07,23.89
2026-08-03 08:38,KXBTC15M-26AUG030445-45,entry,yes,77,6,4.62,0.08,62300.27,4.37
2026-08-03 08:53,KXBTC15M-26AUG030500-00,entry,yes,80,6,4.80,0.07,62401.64,6.41
2026-08-03 09:08,KXBTC15M-26AUG030515-15,entry,yes,79,6,4.74,0.07,62487.00,3.98
2026-08-03 09:23,KXBTC15M-26AUG030530-30,entry,yes,97,5,4.85,0.02,62563.21,10.79
2026-08-03 09:53,KXBTC15M-26AUG030600-00,entry,yes,97,5,4.85,0.02,62665.61,8.55
2026-08-03 10:08,KXBTC15M-26AUG030615-15,entry,no,81,6,4.86,0.07,62704.01,8.87
2026-08-03 10:23,KXBTC15M-26AUG030630-30,entry,yes,79,6,4.74,0.07,62745.61,5.01
2026-08-03 10:38,KXBTC15M-26AUG030645-45,entry,no,90,5,4.50,0.04,62611.29,8.98
2026-08-03 10:53,KXBTC15M-26AUG030700-00,entry,no,75,6,4.50,0.08,62605.28,3.94
2026-08-03 11:08,KXBTC15M-26AUG030715-15,entry,no,97,5,4.85,0.02,62505.61,26.27
2026-08-03 11:23,KXBTC15M-26AUG030730-30,entry,yes,98,5,4.90,0.01,62675.21,16.82
2026-08-03 11:38,KXBTC15M-26AUG030745-45,entry,yes,90,5,4.50,0.04,62659.16,2.73
2026-08-03 11:53,KXBTC15M-26AUG030800-00,entry,no,86,5,4.30,0.05,62563.21,9.39
2026-08-03 12:08,KXBTC15M-26AUG030815-15,entry,no,86,5,4.30,0.05,62392.01,15.07
2026-08-03 12:23,KXBTC15M-26AUG030830-30,entry,yes,89,5,4.45,0.04,62535.07,9.15
2026-08-03 12:53,KXBTC15M-26AUG030900-00,entry,no,67,7,4.69,0.11,62623.93,3.00
2026-08-03 13:08,KXBTC15M-26AUG030915-15,entry,yes,66,7,4.62,0.11,62629.00,1.18
2026-08-03 13:23,KXBTC15M-26AUG030930-30,entry,yes,97,5,4.85,0.02,62809.61,18.26
2026-08-03 13:38,KXBTC15M-26AUG030945-45,entry,yes,70,7,4.90,0.11,62751.49,11.72
2026-08-03 13:53,KXBTC15M-26AUG031000-00,entry,yes,95,5,4.75,0.02,63073.84,39.95
2026-08-03 14:08,KXBTC15M-26AUG031015-15,entry,no,85,5,4.25,0.05,63173.64,18.69
2026-08-03 14:23,KXBTC15M-26AUG031030-30,entry,no,80,6,4.80,0.07,63180.76,9.01
2026-08-03 15:08,KXBTC15M-26AUG031115-15,entry,no,82,6,4.92,0.07,63773.24,15.26
2026-08-03 15:23,KXBTC15M-26AUG031130-30,entry,no,79,6,4.74,0.07,63725.81,5.41
2026-08-03 15:38,KXBTC15M-26AUG031145-45,entry,yes,76,6,4.56,0.08,63751.42,16.11
2026-08-03 15:53,KXBTC15M-26AUG031200-00,entry,no,69,7,4.83,0.11,63684.28,6.84
2026-08-03 16:08,KXBTC15M-26AUG031215-15,entry,yes,92,5,4.60,0.03,63626.54,2.51
2026-08-03 16:23,KXBTC15M-26AUG031230-30,entry,yes,86,5,4.30,0.05,63843.19,15.05
2026-08-03 16:38,KXBTC15M-26AUG031245-45,entry,no,92,5,4.60,0.03,63731.26,16.46
2026-08-03 16:53,KXBTC15M-26AUG031300-00,entry,yes,62,8,4.96,0.14,63717.09,1.88
2026-08-03 17:08,KXBTC15M-26AUG031315-15,entry,yes,73,6,4.38,0.09,63742.77,4.39
2026-08-03 17:23,KXBTC15M-26AUG031330-30,entry,yes,68,7,4.76,0.11,63882.59,13.43
2026-08-03 17:38,KXBTC15M-26AUG031345-45,entry,yes,90,5,4.50,0.04,63776.40,1.28
2026-08-03 18:08,KXBTC15M-26AUG031415-15,entry,no,61,8,4.88,0.14,63840.00,0.96
2026-08-03 18:23,KXBTC15M-26AUG031430-30,entry,no,90,5,4.50,0.04,63835.32,14.46
2026-08-03 18:38,KXBTC15M-26AUG031445-45,entry,yes,83,6,4.98,0.06,63824.99,8.17
2026-08-03 18:53,KXBTC15M-26AUG031500-00,entry,yes,67,7,4.69,0.11,63823.83,6.78
2026-08-03 19:23,KXBTC15M-26AUG031530-30,entry,yes,79,6,4.74,0.07,63884.30,3.55
2026-08-03 20:08,KXBTC15M-26AUG031615-15,entry,no,78,6,4.68,0.08,63828.81,1.59
2026-08-03 20:23,KXBTC15M-26AUG031630-30,entry,yes,90,5,4.50,0.04,63890.76,5.97
2026-08-03 20:38,KXBTC15M-26AUG031645-45,entry,no,61,8,4.88,0.14,63874.27,2.69
2026-08-03 20:53,KXBTC15M-26AUG031700-00,entry,no,97,5,4.85,0.02,63714.43,22.75
2026-08-03 21:08,KXBTC15M-26AUG031715-15,entry,no,92,5,4.60,0.03,63676.35,10.17
2026-08-03 21:38,KXBTC15M-26AUG031745-45,entry,no,80,6,4.80,0.07,63660.11,0.43
2026-08-03 21:53,KXBTC15M-26AUG031800-00,entry,no,84,5,4.20,0.05,63573.74,7.94
2026-08-03 22:08,KXBTC15M-26AUG031815-15,entry,no,94,5,4.70,0.02,63413.95,20.97
2026-08-03 22:23,KXBTC15M-26AUG031830-30,entry,yes,72,6,4.32,0.09,63498.56,8.58
2026-08-03 22:38,KXBTC15M-26AUG031845-45,entry,no,77,6,4.62,0.08,63445.66,5.11
2026-08-03 22:53,KXBTC15M-26AUG031900-00,entry,yes,96,5,4.80,0.02,63557.64,16.66
2026-08-03 23:08,KXBTC15M-26AUG031915-15,entry,no,95,5,4.75,0.02,63513.45,4.60
2026-08-03 23:23,KXBTC15M-26AUG031930-30,entry,yes,78,6,4.68,0.08,63506.14,3.65
2026-08-03 23:38,KXBTC15M-26AUG031945-45,entry,no,98,5,4.90,0.01,63428.19,14.67
2026-08-03 23:53,KXBTC15M-26AUG032000-00,entry,no,67,7,4.69,0.11,63438.00,1.15
2026-08-04 00:08,KXBTC15M-26AUG032015-15,entry,yes,79,6,4.74,0.07,63474.96,1.94
2026-08-04 00:23,KXBTC15M-26AUG032030-30,entry,no,74,6,4.44,0.09,63385.01,6.55
2026-08-04 00:38,KXBTC15M-26AUG032045-45,entry,no,77,6,4.62,0.08,63302.63,9.91
2026-08-04 00:53,KXBTC15M-26AUG032100-00,entry,yes,75,6,4.50,0.08,63344.84,1.40
2026-08-04 01:08,KXBTC15M-26AUG032115-15,entry,yes,96,5,4.80,0.02,63380.73,13.31
2026-08-04 01:23,KXBTC15M-26AUG032130-30,entry,yes,91,5,4.55,0.03,63507.15,16.17
2026-08-04 01:38,KXBTC15M-26AUG032145-45,entry,yes,98,5,4.90,0.01,63634.94,30.86
2026-08-04 01:53,KXBTC15M-26AUG032200-00,entry,yes,79,6,4.74,0.07,63802.20,10.80
2026-08-04 02:08,KXBTC15M-26AUG032215-15,entry,no,92,5,4.60,0.03,63709.24,12.42
2026-08-04 02:23,KXBTC15M-26AUG032230-30,entry,no,85,5,4.25,0.05,63648.21,10.30
2026-08-04 02:38,KXBTC15M-26AUG032245-45,entry,yes,96,5,4.80,0.02,63815.63,24.98
2026-08-04 02:53,KXBTC15M-26AUG032300-00,entry,no,92,5,4.60,0.03,63755.01,13.90
2026-08-04 03:08,KXBTC15M-26AUG032315-15,entry,no,85,5,4.25,0.05,63707.89,8.67
2026-08-04 03:38,KXBTC15M-26AUG032345-45,entry,yes,87,5,4.35,0.04,63766.02,8.25
2026-08-04 04:08,KXBTC15M-26AUG040015-15,entry,no,81,6,4.86,0.07,63701.02,7.59
2026-08-04 04:23,KXBTC15M-26AUG040030-30,entry,yes,96,5,4.80,0.02,63799.85,8.01
2026-08-04 04:38,KXBTC15M-26AUG040045-45,entry,yes,91,5,4.55,0.03,63899.99,18.80
2026-08-04 04:53,KXBTC15M-26AUG040100-00,entry,yes,88,5,4.40,0.04,64080.53,13.03
2026-08-04 05:08,KXBTC15M-26AUG040115-15,entry,no,95,5,4.75,0.02,63879.35,17.04
2026-08-04 05:23,KXBTC15M-26AUG040130-30,entry,yes,80,6,4.80,0.07,63809.90,0.66
2026-08-04 05:53,KXBTC15M-26AUG040200-00,entry,no,94,5,4.70,0.02,63764.07,6.48
2026-08-04 06:08,KXBTC15M-26AUG040215-15,entry,yes,68,7,4.76,0.11,63772.46,1.34
2026-08-04 06:23,KXBTC15M-26AUG040230-30,entry,yes,88,5,4.40,0.04,63779.11,5.72
2026-08-04 06:38,KXBTC15M-26AUG040245-45,entry,no,75,6,4.50,0.08,63670.00,6.81
2026-08-04 06:53,KXBTC15M-26AUG040300-00,entry,no,91,5,4.55,0.03,63600.26,8.73
2026-08-04 07:08,KXBTC15M-26AUG040315-15,entry,no,76,6,4.56,0.08,63580.21,6.02
2026-08-04 07:23,KXBTC15M-26AUG040330-30,entry,no,95,5,4.75,0.02,63442.80,14.45
2026-08-04 07:38,KXBTC15M-26AUG040345-45,entry,yes,86,5,4.30,0.05,63607.51,5.52
2026-08-04 07:53,KXBTC15M-26AUG040400-00,entry,yes,80,6,4.80,0.07,63635.00,2.96
2026-08-04 08:23,KXBTC15M-26AUG040430-30,entry,no,92,5,4.60,0.03,63526.32,7.97
2026-08-04 08:38,KXBTC15M-26AUG040445-45,entry,no,87,5,4.35,0.04,63514.91,7.35
2026-08-04 09:08,KXBTC15M-26AUG040515-15,entry,no,82,6,4.92,0.07,63497.64,4.43
2026-08-04 09:23,KXBTC15M-26AUG040530-30,entry,yes,65,7,4.55,0.12,63529.35,1.77
2026-08-04 09:38,KXBTC15M-26AUG040545-45,entry,no,93,5,4.65,0.03,63477.84,5.84
2026-08-04 10:08,KXBTC15M-26AUG040615-15,entry,no,90,5,4.50,0.04,63470.38,9.27
2026-08-04 10:38,KXBTC15M-26AUG040645-45,entry,yes,70,7,4.90,0.11,63412.51,1.22
2026-08-04 10:53,KXBTC15M-26AUG040700-00,entry,yes,99,5,4.95,0.01,63685.30,22.10
2026-08-04 11:08,KXBTC15M-26AUG040715-15,entry,no,81,6,4.86,0.07,63678.95,2.57
2026-08-04 11:23,KXBTC15M-26AUG040730-30,entry,yes,94,5,4.70,0.02,63719.20,6.29
2026-08-04 11:38,KXBTC15M-26AUG040745-45,entry,no,72,6,4.32,0.09,63675.80,6.57
2026-08-04 11:53,KXBTC15M-26AUG040800-00,entry,yes,93,5,4.65,0.03,63876.44,15.51
2026-08-04 12:08,KXBTC15M-26AUG040815-15,entry,no,90,5,4.50,0.04,63789.01,10.98
2026-08-04 12:38,KXBTC15M-26AUG040845-45,entry,yes,96,5,4.80,0.02,63919.90,23.67
2026-08-04 13:08,KXBTC15M-26AUG040915-15,entry,yes,94,5,4.70,0.02,63923.06,10.59
2026-08-04 13:38,KXBTC15M-26AUG040945-45,entry,yes,74,6,4.44,0.09,63881.01,4.26
2026-08-04 13:53,KXBTC15M-26AUG041000-00,entry,no,98,5,4.90,0.01,63727.72,38.45
2026-08-04 14:08,KXBTC15M-26AUG041015-15,entry,yes,63,7,4.41,0.12,63680.50,6.10
2026-08-04 14:23,KXBTC15M-26AUG041030-30,entry,no,79,6,4.74,0.07,63679.02,8.23
2026-08-04 14:38,KXBTC15M-26AUG041045-45,entry,yes,76,6,4.56,0.08,63890.14,10.49
2026-08-04 14:53,KXBTC15M-26AUG041100-00,entry,no,65,7,4.55,0.12,64014.82,5.60
2026-08-04 15:23,KXBTC15M-26AUG041130-30,entry,no,74,6,4.44,0.09,63959.67,8.87
2026-08-04 15:38,KXBTC15M-26AUG041145-45,entry,no,93,5,4.65,0.03,63872.12,3.18
2026-08-04 15:53,KXBTC15M-26AUG041200-00,entry,yes,92,5,4.60,0.03,64106.31,15.35
2026-08-04 16:08,KXBTC15M-26AUG041215-15,entry,no,94,5,4.70,0.02,63955.35,20.19
2026-08-04 16:23,KXBTC15M-26AUG041230-30,entry,yes,69,7,4.83,0.11,64043.56,10.44
2026-08-04 16:38,KXBTC15M-26AUG041245-45,entry,no,74,6,4.44,0.09,63886.31,17.50
2026-08-04 16:53,KXBTC15M-26AUG041300-00,entry,no,61,8,4.88,0.14,63882.04,2.46
2026-08-04 17:08,KXBTC15M-26AUG041315-15,entry,yes,98,5,4.90,0.01,64115.69,32.11
2026-08-04 17:53,KXBTC15M-26AUG041400-00,entry,no,97,5,4.85,0.02,63924.86,23.68
2026-08-04 18:08,KXBTC15M-26AUG041415-15,entry,yes,95,5,4.75,0.02,64060.79,19.49
2026-08-04 18:23,KXBTC15M-26AUG041430-30,entry,yes,96,5,4.80,0.02,64308.21,26.86
2026-08-04 18:38,KXBTC15M-26AUG041445-45,entry,no,92,5,4.60,0.03,64230.25,15.70
2026-08-04 18:53,KXBTC15M-26AUG041500-00,entry,yes,80,6,4.80,0.07,64256.64,3.98
2026-08-04 19:08,KXBTC15M-26AUG041515-15,entry,yes,75,6,4.50,0.08,64288.75,4.79
2026-08-04 19:23,KXBTC15M-26AUG041530-30,entry,no,92,5,4.60,0.03,64218.93,12.60
2026-08-04 19:53,KXBTC15M-26AUG041600-00,entry,no,96,5,4.80,0.02,64257.25,13.28
2026-08-04 20:08,KXBTC15M-26AUG041615-15,entry,no,96,5,4.80,0.02,64133.11,18.24
2026-08-04 20:23,KXBTC15M-26AUG041630-30,entry,no,96,5,4.80,0.02,64061.13,12.16
2026-08-04 20:38,KXBTC15M-26AUG041645-45,entry,yes,95,5,4.75,0.02,64191.29,15.60
2026-08-04 20:53,KXBTC15M-26AUG041700-00,entry,no,93,5,4.65,0.03,64281.46,11.37
2026-08-04 21:08,KXBTC15M-26AUG041715-15,entry,no,77,6,4.62,0.08,64259.21,6.45
2026-08-04 21:23,KXBTC15M-26AUG041730-30,entry,yes,67,7,4.69,0.11,64232.46,8.65
2026-08-04 21:38,KXBTC15M-26AUG041745-45,entry,no,81,6,4.86,0.07,64177.09,6.57
2026-08-04 21:53,KXBTC15M-26AUG041800-00,entry,no,80,6,4.80,0.07,64136.60,11.24
2026-08-04 22:08,KXBTC15M-26AUG041815-15,entry,yes,69,7,4.83,0.11,64160.00,0.07
2026-08-04 22:23,KXBTC15M-26AUG041830-30,entry,no,90,5,4.50,0.04,64144.00,7.11
2026-08-04 22:53,KXBTC15M-26AUG041900-00,entry,no,72,6,4.32,0.09,64150.06,4.27
2026-08-04 23:08,KXBTC15M-26AUG041915-15,entry,yes,87,5,4.35,0.04,64424.18,31.07
2026-08-04 23:38,KXBTC15M-26AUG041945-45,entry,no,66,7,4.62,0.11,64100.52,8.69
2026-08-04 23:53,KXBTC15M-26AUG042000-00,entry,no,92,5,4.60,0.03,64073.40,17.23
2026-08-05 00:08,KXBTC15M-26AUG042015-15,entry,no,88,5,4.40,0.04,63976.57,12.79
2026-08-05 00:23,KXBTC15M-26AUG042030-30,entry,no,64,7,4.48,0.12,63963.70,3.57
2026-08-05 00:38,KXBTC15M-26AUG042045-45,entry,yes,94,5,4.70,0.02,64076.81,14.97
2026-08-05 00:53,KXBTC15M-26AUG042100-00,entry,no,86,5,4.30,0.05,63936.45,12.94
2026-08-05 01:08,KXBTC15M-26AUG042115-15,entry,yes,62,8,4.96,0.14,63956.20,1.18
2026-08-05 01:23,KXBTC15M-26AUG042130-30,entry,yes,96,5,4.80,0.02,64048.84,13.04
2026-08-05 01:38,KXBTC15M-26AUG042145-45,entry,yes,92,5,4.60,0.03,64129.43,11.73
2026-08-05 01:53,KXBTC15M-26AUG042200-00,entry,yes,97,5,4.85,0.02,64256.81,16.50
2026-08-05 02:08,KXBTC15M-26AUG042215-15,entry,yes,95,5,4.75,0.02,64396.94,16.76
2026-08-05 02:23,KXBTC15M-26AUG042230-30,entry,no,90,5,4.50,0.04,64282.55,20.27
2026-08-05 03:08,KXBTC15M-26AUG042315-15,entry,yes,91,5,4.55,0.03,64363.43,5.99
2026-08-05 03:23,KXBTC15M-26AUG042330-30,entry,no,98,5,4.90,0.01,64060.79,42.05
2026-08-05 03:38,KXBTC15M-26AUG042345-45,entry,yes,90,5,4.50,0.04,64105.60,12.29
2026-08-05 03:53,KXBTC15M-26AUG050000-00,entry,yes,67,7,4.69,0.11,64124.81,5.08
2026-08-05 04:08,KXBTC15M-26AUG050015-15,entry,no,85,5,4.25,0.05,64092.79,5.67
2026-08-05 04:38,KXBTC15M-26AUG050045-45,entry,yes,86,5,4.30,0.05,64138.29,5.77
2026-08-05 04:53,KXBTC15M-26AUG050100-00,entry,no,91,5,4.55,0.03,64106.25,3.41
2026-08-05 05:08,KXBTC15M-26AUG050115-15,entry,yes,96,5,4.80,0.02,64227.21,16.75
2026-08-05 05:23,KXBTC15M-26AUG050130-30,entry,yes,93,5,4.65,0.03,64330.39,10.58
2026-08-05 05:38,KXBTC15M-26AUG050145-45,entry,no,93,5,4.65,0.03,64308.83,11.85
2026-08-05 06:08,KXBTC15M-26AUG050215-15,entry,no,86,5,4.30,0.05,64264.05,6.82
2026-08-05 06:23,KXBTC15M-26AUG050230-30,entry,no,76,6,4.56,0.08,64243.18,5.70
2026-08-05 06:53,KXBTC15M-26AUG050300-00,entry,no,92,5,4.60,0.03,64199.99,7.60
2026-08-05 07:08,KXBTC15M-26AUG050315-15,entry,no,69,7,4.83,0.11,64170.44,5.38
2026-08-05 07:23,KXBTC15M-26AUG050330-30,entry,no,95,5,4.75,0.02,64013.81,18.44
2026-08-05 07:53,KXBTC15M-26AUG050400-00,entry,yes,90,5,4.50,0.04,64000.00,5.69
2026-08-05 08:08,KXBTC15M-26AUG050415-15,entry,no,61,8,4.88,0.14,64098.00,1.20
2026-08-05 08:23,KXBTC15M-26AUG050430-30,entry,no,71,7,4.97,0.11,64143.67,2.47
2026-08-05 08:38,KXBTC15M-26AUG050445-45,entry,no,88,5,4.40,0.04,64187.64,4.25
2026-08-05 09:08,KXBTC15M-26AUG050515-15,entry,yes,83,6,4.98,0.06,64085.16,3.40
2026-08-05 09:23,KXBTC15M-26AUG050530-30,entry,yes,94,5,4.70,0.02,64128.18,6.93
2026-08-05 09:38,KXBTC15M-26AUG050545-45,entry,yes,87,5,4.35,0.04,64152.41,7.63
2026-08-05 10:08,KXBTC15M-26AUG050615-15,entry,yes,81,6,4.86,0.07,64129.31,4.43
2026-08-05 10:38,KXBTC15M-26AUG050645-45,entry,no,62,8,4.96,0.14,64144.82,2.26
2026-08-05 10:53,KXBTC15M-26AUG050700-00,entry,no,98,5,4.90,0.01,64011.67,20.38
2026-08-05 11:08,KXBTC15M-26AUG050715-15,entry,yes,64,7,4.48,0.12,64037.34,4.12
2026-08-05 11:23,KXBTC15M-26AUG050730-30,entry,no,84,5,4.20,0.05,64012.68,4.47
2026-08-05 11:38,KXBTC15M-26AUG050745-45,entry,yes,77,6,4.62,0.08,64051.49,3.30
2026-08-05 11:53,KXBTC15M-26AUG050800-00,entry,no,61,8,4.88,0.14,64025.99,3.86
2026-08-05 12:08,KXBTC15M-26AUG050815-15,entry,yes,86,5,4.30,0.05,64076.21,8.23
2026-08-05 12:23,KXBTC15M-26AUG050830-30,entry,yes,97,5,4.85,0.02,64415.65,41.80
2026-08-05 12:38,KXBTC15M-26AUG050845-45,entry,no,71,7,4.97,0.11,64408.45,12.66
2026-08-05 12:53,KXBTC15M-26AUG050900-00,entry,no,98,5,4.90,0.01,64290.23,21.25
2026-08-05 13:08,KXBTC15M-26AUG050915-15,entry,no,98,5,4.90,0.01,64208.98,14.02
2026-08-05 13:23,KXBTC15M-26AUG050930-30,entry,yes,90,5,4.50,0.04,64142.19,8.87
2026-08-05 13:38,KXBTC15M-26AUG050945-45,entry,no,91,5,4.55,0.03,64051.44,6.26
2026-08-05 13:53,KXBTC15M-26AUG051000-00,entry,yes,78,6,4.68,0.08,64283.00,23.64
2026-08-05 14:08,KXBTC15M-26AUG051015-15,entry,yes,73,6,4.38,0.09,64404.30,10.91
2026-08-05 14:23,KXBTC15M-26AUG051030-30,entry,no,71,7,4.97,0.11,64328.41,17.27
2026-08-05 14:38,KXBTC15M-26AUG051045-45,entry,no,76,6,4.56,0.08,64296.01,7.11
2026-08-05 15:08,KXBTC15M-26AUG051115-15,entry,yes,75,6,4.50,0.08,64496.94,7.42
2026-08-05 15:23,KXBTC15M-26AUG051130-30,entry,no,97,5,4.85,0.02,64448.24,25.04
2026-08-05 15:38,KXBTC15M-26AUG051145-45,entry,yes,86,5,4.30,0.05,64561.20,13.42
2026-08-05 15:53,KXBTC15M-26AUG051200-00,entry,no,96,5,4.80,0.02,64392.59,19.73
2026-08-05 16:08,KXBTC15M-26AUG051215-15,entry,yes,94,5,4.70,0.02,64426.84,11.54
2026-08-05 16:23,KXBTC15M-26AUG051230-30,entry,yes,95,5,4.75,0.02,64613.11,16.78
2026-08-05 16:38,KXBTC15M-26AUG051245-45,entry,no,89,5,4.45,0.04,64660.48,6.43
2026-08-05 16:53,KXBTC15M-26AUG051300-00,entry,no,90,5,4.50,0.04,64580.32,9.78
2026-08-05 17:08,KXBTC15M-26AUG051315-15,entry,no,79,6,4.74,0.07,64559.32,8.75
2026-08-05 17:23,KXBTC15M-26AUG051330-30,entry,no,77,6,4.62,0.08,64504.00,6.26
2026-08-05 17:38,KXBTC15M-26AUG051345-45,entry,yes,91,5,4.55,0.03,64675.95,20.25
2026-08-05 17:53,KXBTC15M-26AUG051400-00,entry,yes,81,6,4.86,0.07,64656.91,1.43
2026-08-05 18:08,KXBTC15M-26AUG051415-15,entry,no,93,5,4.65,0.03,64621.31,14.58
2026-08-05 18:23,KXBTC15M-26AUG051430-30,entry,no,92,5,4.60,0.03,64640.39,14.96
2026-08-05 18:38,KXBTC15M-26AUG051445-45,entry,yes,71,7,4.97,0.11,64714.15,6.67
2026-08-05 18:53,KXBTC15M-26AUG051500-00,entry,no,77,6,4.62,0.08,64705.26,6.59
2026-08-05 19:08,KXBTC15M-26AUG051515-15,entry,yes,94,5,4.70,0.02,64856.00,16.79
2026-08-05 19:23,KXBTC15M-26AUG051530-30,entry,yes,64,7,4.48,0.12,64849.71,0.55
2026-08-05 19:53,KXBTC15M-26AUG051600-00,entry,yes,73,6,4.38,0.09,64864.24,0.33
2026-08-05 20:08,KXBTC15M-26AUG051615-15,entry,no,88,5,4.40,0.04,64760.04,11.36
2026-08-05 20:23,KXBTC15M-26AUG051630-30,entry,yes,80,6,4.80,0.07,64914.30,9.25
2026-08-05 20:53,KXBTC15M-26AUG051700-00,entry,no,93,5,4.65,0.03,64851.27,12.19
2026-08-05 21:08,KXBTC15M-26AUG051715-15,entry,no,86,5,4.30,0.05,64717.53,11.23
2026-08-05 21:23,KXBTC15M-26AUG051730-30,entry,no,92,5,4.60,0.03,64627.47,16.19
2026-08-05 21:53,KXBTC15M-26AUG051800-00,entry,yes,82,6,4.92,0.07,64673.60,1.78
2026-08-05 22:08,KXBTC15M-26AUG051815-15,entry,no,65,7,4.55,0.12,64646.36,4.75
2026-08-05 22:38,KXBTC15M-26AUG051845-45,entry,no,69,7,4.83,0.11,64648.34,3.34
2026-08-05 22:53,KXBTC15M-26AUG051900-00,entry,no,72,6,4.32,0.09,64615.51,4.45
2026-08-05 23:23,KXBTC15M-26AUG051930-30,entry,yes,86,5,4.30,0.05,64666.72,6.71
2026-08-05 23:38,KXBTC15M-26AUG051945-45,entry,no,75,6,4.50,0.08,64622.92,4.34
2026-08-05 23:53,KXBTC15M-26AUG052000-00,entry,no,88,5,4.40,0.04,64613.99,4.01
2026-08-06 00:23,KXBTC15M-26AUG052030-30,entry,yes,86,5,4.30,0.05,64641.99,10.90
2026-08-06 01:08,KXBTC15M-26AUG052115-15,entry,no,90,5,4.50,0.04,64549.97,9.37
2026-08-06 01:23,KXBTC15M-26AUG052130-30,entry,no,92,5,4.60,0.03,64495.14,7.79
2026-08-06 01:38,KXBTC15M-26AUG052145-45,entry,yes,98,5,4.90,0.01,64537.23,11.45
2026-08-06 01:53,KXBTC15M-26AUG052200-00,entry,yes,90,5,4.50,0.04,64557.39,7.07
2026-08-06 02:08,KXBTC15M-26AUG052215-15,entry,no,71,7,4.97,0.11,64486.43,6.96
2026-08-06 02:23,KXBTC15M-26AUG052230-30,entry,no,90,5,4.50,0.04,64490.77,7.75
2026-08-06 02:38,KXBTC15M-26AUG052245-45,entry,no,82,6,4.92,0.07,64455.53,1.29
2026-08-06 03:08,KXBTC15M-26AUG052315-15,entry,no,89,5,4.45,0.04,64482.71,5.77
2026-08-06 03:23,KXBTC15M-26AUG052330-30,entry,no,86,5,4.30,0.05,64470.25,6.38
2026-08-06 03:53,KXBTC15M-26AUG060000-00,entry,yes,70,7,4.90,0.11,64456.52,1.17
2026-08-06 04:23,KXBTC15M-26AUG060030-30,entry,yes,98,5,4.90,0.01,64609.36,13.51
2026-08-06 04:38,KXBTC15M-26AUG060045-45,entry,yes,68,7,4.76,0.11,64650.00,2.52
2026-08-06 04:53,KXBTC15M-26AUG060100-00,entry,yes,75,6,4.50,0.08,64626.97,4.19
2026-08-06 05:08,KXBTC15M-26AUG060115-15,entry,yes,98,5,4.90,0.01,64914.30,39.84
2026-08-06 05:23,KXBTC15M-26AUG060130-30,entry,yes,83,6,4.98,0.06,64883.39,3.74
2026-08-06 05:38,KXBTC15M-26AUG060145-45,entry,no,80,6,4.80,0.07,64802.25,5.28
2026-08-06 05:53,KXBTC15M-26AUG060200-00,entry,no,74,6,4.44,0.09,64803.57,5.33
2026-08-06 06:08,KXBTC15M-26AUG060215-15,entry,no,85,5,4.25,0.05,64781.96,8.38
2026-08-06 09:08,KXBTC15M-26AUG060515-15,entry,no,98,5,4.90,0.01,64741.47,21.15
2026-08-06 09:23,KXBTC15M-26AUG060530-30,entry,yes,69,7,4.83,0.11,64725.39,3.33
2026-08-06 09:38,KXBTC15M-26AUG060545-45,entry,no,86,5,4.30,0.05,64622.85,7.19
2026-08-06 09:53,KXBTC15M-26AUG060600-00,entry,yes,61,8,4.88,0.14,64623.67,2.23
2026-08-06 10:08,KXBTC15M-26AUG060615-15,entry,no,83,6,4.98,0.06,64568.91,8.17
2026-08-06 10:23,KXBTC15M-26AUG060630-30,entry,yes,93,5,4.65,0.03,64603.80,10.09
2026-08-06 11:08,KXBTC15M-26AUG060715-15,entry,no,95,5,4.75,0.02,64473.75,12.65
2026-08-06 11:23,KXBTC15M-26AUG060730-30,entry,yes,93,5,4.65,0.03,64535.41,4.13
2026-08-06 11:38,KXBTC15M-26AUG060745-45,entry,yes,95,5,4.75,0.02,64571.45,7.27
2026-08-06 11:53,KXBTC15M-26AUG060800-00,entry,no,80,6,4.80,0.07,64510.90,10.09
2026-08-06 12:08,KXBTC15M-26AUG060815-15,entry,no,97,5,4.85,0.02,64416.07,21.88
2026-08-06 12:23,KXBTC15M-26AUG060830-30,entry,yes,92,5,4.60,0.03,64469.01,7.32
2026-08-06 12:38,KXBTC15M-26AUG060845-45,entry,yes,71,7,4.97,0.11,64506.56,4.45
2026-08-06 12:53,KXBTC15M-26AUG060900-00,entry,no,80,6,4.80,0.07,64428.80,4.09
2026-08-06 13:08,KXBTC15M-26AUG060915-15,entry,no,98,5,4.90,0.01,64140.20,34.69
2026-08-06 13:38,KXBTC15M-26AUG060945-45,entry,yes,80,6,4.80,0.07,64235.34,10.22
2026-08-06 14:23,KXBTC15M-26AUG061030-30,entry,yes,87,5,4.35,0.04,64437.54,3.50
2026-08-06 14:38,KXBTC15M-26AUG061045-45,entry,yes,95,5,4.75,0.02,64495.32,19.36
2026-08-06 14:53,KXBTC15M-26AUG061100-00,entry,no,83,6,4.98,0.06,64622.43,19.41
2026-08-06 15:08,KXBTC15M-26AUG061115-15,entry,yes,92,5,4.60,0.03,64869.35,21.42
2026-08-06 15:23,KXBTC15M-26AUG061130-30,entry,no,94,5,4.70,0.02,64698.70,17.23
2026-08-06 15:38,KXBTC15M-26AUG061145-45,entry,no,75,6,4.50,0.08,64725.17,7.13
2026-08-06 16:08,KXBTC15M-26AUG061215-15,entry,yes,68,7,4.76,0.11,64616.32,0.75
2026-08-06 16:38,KXBTC15M-26AUG061245-45,entry,yes,65,7,4.55,0.12,64609.73,1.37
2026-08-06 16:53,KXBTC15M-26AUG061300-00,entry,yes,84,5,4.20,0.05,64677.62,2.12
2026-08-06 17:23,KXBTC15M-26AUG061330-30,entry,no,69,7,4.83,0.11,64622.95,8.44
2026-08-06 17:38,KXBTC15M-26AUG061345-45,entry,no,94,5,4.70,0.02,64548.33,13.44
2026-08-06 17:53,KXBTC15M-26AUG061400-00,entry,yes,90,5,4.50,0.04,64583.00,6.74
2026-08-06 18:08,KXBTC15M-26AUG061415-15,entry,no,97,5,4.85,0.02,64433.27,20.83
2026-08-06 18:23,KXBTC15M-26AUG061430-30,entry,yes,78,6,4.68,0.08,64490.18,1.20
2026-08-06 18:38,KXBTC15M-26AUG061445-45,entry,no,81,6,4.86,0.07,64395.66,10.59
2026-08-06 18:53,KXBTC15M-26AUG061500-00,entry,no,66,7,4.62,0.11,64327.37,6.08
2026-08-06 19:08,KXBTC15M-26AUG061515-15,entry,yes,63,7,4.41,0.12,64393.63,5.39
2026-08-06 19:23,KXBTC15M-26AUG061530-30,entry,yes,63,7,4.41,0.12,64399.96,1.45
2026-08-06 19:38,KXBTC15M-26AUG061545-45,entry,yes,83,6,4.98,0.06,64370.67,2.78
2026-08-06 19:53,KXBTC15M-26AUG061600-00,entry,yes,68,7,4.76,0.11,64401.95,5.43
2026-08-06 20:08,KXBTC15M-26AUG061615-15,entry,yes,96,5,4.80,0.02,64473.53,11.87
2026-08-06 20:23,KXBTC15M-26AUG061630-30,entry,no,80,6,4.80,0.07,64437.18,5.96
2026-08-06 21:08,KXBTC15M-26AUG061715-15,entry,yes,90,5,4.50,0.04,64445.24,7.50
2026-08-06 21:23,KXBTC15M-26AUG061730-30,entry,no,72,6,4.32,0.09,64415.29,2.84
2026-08-06 21:38,KXBTC15M-26AUG061745-45,entry,no,88,5,4.40,0.04,64364.72,6.25
2026-08-06 22:08,KXBTC15M-26AUG061815-15,entry,no,80,6,4.80,0.07,64348.12,6.47
2026-08-06 22:23,KXBTC15M-26AUG061830-30,entry,no,97,5,4.85,0.02,64291.50,14.39
2026-08-06 22:38,KXBTC15M-26AUG061845-45,entry,yes,72,6,4.32,0.09,64309.23,0.37
2026-08-06 22:53,KXBTC15M-26AUG061900-00,entry,yes,69,7,4.83,0.11,64302.64,2.23
2026-08-06 23:23,KXBTC15M-26AUG061930-30,entry,no,98,5,4.90,0.01,64177.25,17.05
2026-08-06 23:38,KXBTC15M-26AUG061945-45,entry,no,73,6,4.38,0.09,64159.39,5.79
2026-08-06 23:53,KXBTC15M-26AUG062000-00,entry,yes,94,5,4.70,0.02,64253.89,12.87
2026-08-07 00:08,KXBTC15M-26AUG062015-15,entry,yes,97,5,4.85,0.02,64341.63,12.69
2026-08-07 00:23,KXBTC15M-26AUG062030-30,entry,no,72,6,4.32,0.09,64205.73,4.68
2026-08-07 01:08,KXBTC15M-26AUG062115-15,entry,yes,91,5,4.55,0.03,64325.46,11.35
2026-08-07 01:23,KXBTC15M-26AUG062130-30,entry,no,68,7,4.76,0.11,64283.46,3.40
2026-08-07 01:53,KXBTC15M-26AUG062200-00,entry,yes,75,6,4.50,0.08,64340.33,3.92
2026-08-07 02:08,KXBTC15M-26AUG062215-15,entry,no,71,7,4.97,0.11,64306.08,9.47
2026-08-07 02:23,KXBTC15M-26AUG062230-30,entry,no,83,6,4.98,0.06,64306.33,5.46
2026-08-07 02:38,KXBTC15M-26AUG062245-45,entry,yes,64,7,4.48,0.12,64264.08,0.22
2026-08-07 02:53,KXBTC15M-26AUG062300-00,entry,yes,70,7,4.90,0.11,64376.07,3.30
2026-08-07 03:08,KXBTC15M-26AUG062315-15,entry,no,68,7,4.76,0.11,64329.50,2.19
2026-08-07 03:23,KXBTC15M-26AUG062330-30,entry,no,87,5,4.35,0.04,64231.33,7.46
2026-08-07 03:38,KXBTC15M-26AUG062345-45,entry,yes,65,7,4.55,0.12,64270.54,1.10
2026-08-07 04:08,KXBTC15M-26AUG070015-15,entry,yes,80,6,4.80,0.07,64260.31,4.13
2026-08-07 04:23,KXBTC15M-26AUG070030-30,entry,yes,64,7,4.48,0.12,64254.38,0.60
2026-08-07 04:53,KXBTC15M-26AUG070100-00,entry,no,96,5,4.80,0.02,64130.01,11.39
2026-08-07 05:08,KXBTC15M-26AUG070115-15,entry,no,92,5,4.60,0.03,64173.63,3.78
2026-08-07 05:23,KXBTC15M-26AUG070130-30,entry,no,90,5,4.50,0.04,64119.83,12.16
2026-08-07 05:38,KXBTC15M-26AUG070145-45,entry,yes,91,5,4.55,0.03,64166.81,6.32
2026-08-07 05:53,KXBTC15M-26AUG070200-00,entry,yes,94,5,4.70,0.02,64312.54,13.93
2026-08-07 06:23,KXBTC15M-26AUG070230-30,entry,yes,70,7,4.90,0.11,64366.00,4.38
2026-08-07 06:38,KXBTC15M-26AUG070245-45,entry,no,85,5,4.25,0.05,64293.50,10.55
2026-08-07 06:53,KXBTC15M-26AUG070300-00,entry,no,92,5,4.60,0.03,64236.91,10.71
2026-08-07 07:23,KXBTC15M-26AUG070330-30,entry,yes,78,6,4.68,0.08,64312.19,3.43
2026-08-07 07:38,KXBTC15M-26AUG070345-45,entry,no,64,7,4.48,0.12,64340.91,2.71
2026-08-07 08:08,KXBTC15M-26AUG070415-15,entry,yes,71,7,4.97,0.11,64277.99,1.65
2026-08-07 08:23,KXBTC15M-26AUG070430-30,entry,yes,87,5,4.35,0.04,64351.30,4.07
2026-08-07 08:53,KXBTC15M-26AUG070500-00,entry,no,86,5,4.30,0.05,64540.07,6.30
2026-08-07 09:08,KXBTC15M-26AUG070515-15,entry,yes,94,5,4.70,0.02,64645.49,14.69
2026-08-07 09:23,KXBTC15M-26AUG070530-30,entry,yes,88,5,4.40,0.04,64743.15,8.62
2026-08-07 09:38,KXBTC15M-26AUG070545-45,entry,yes,98,5,4.90,0.01,64875.37,13.13
2026-08-07 09:53,KXBTC15M-26AUG070600-00,entry,no,74,6,4.44,0.09,64801.48,8.54
2026-08-07 10:38,KXBTC15M-26AUG070645-45,entry,no,84,5,4.20,0.05,64822.10,4.16
2026-08-07 10:53,KXBTC15M-26AUG070700-00,entry,yes,73,6,4.38,0.09,64843.07,3.03
2026-08-07 11:08,KXBTC15M-26AUG070715-15,entry,yes,97,5,4.85,0.02,64934.05,13.09
2026-08-07 11:23,KXBTC15M-26AUG070730-30,entry,yes,98,5,4.90,0.01,65118.91,30.50
2026-08-07 11:38,KXBTC15M-26AUG070745-45,entry,no,87,5,4.35,0.04,65016.01,4.69
2026-08-07 11:53,KXBTC15M-26AUG070800-00,entry,no,85,5,4.25,0.05,64957.57,5.67
2026-08-07 12:08,KXBTC15M-26AUG070815-15,entry,yes,88,5,4.40,0.04,65036.65,9.14
2026-08-07 12:23,KXBTC15M-26AUG070830-30,entry,no,96,5,4.80,0.02,65058.90,17.17
2026-08-07 12:38,KXBTC15M-26AUG070845-45,entry,no,80,6,4.80,0.07,65073.12,1.55
2026-08-07 12:53,KXBTC15M-26AUG070900-00,entry,yes,94,5,4.70,0.02,65288.84,25.64
2026-08-07 13:53,KXBTC15M-26AUG071000-00,entry,no,90,5,4.50,0.04,65080.13,27.15
2026-08-07 14:08,KXBTC15M-26AUG071015-15,entry,no,92,5,4.60,0.03,64773.78,30.94
2026-08-07 14:23,KXBTC15M-26AUG071030-30,entry,yes,95,5,4.75,0.02,64991.15,28.83
2026-08-07 14:38,KXBTC15M-26AUG071045-45,entry,yes,72,6,4.32,0.09,65211.48,12.12
2026-08-07 14:53,KXBTC15M-26AUG071100-00,entry,no,78,6,4.68,0.08,64982.63,12.21
2026-08-07 15:23,KXBTC15M-26AUG071130-30,entry,yes,76,6,4.56,0.08,64965.96,8.98
2026-08-07 15:53,KXBTC15M-26AUG071200-00,entry,no,82,6,4.92,0.07,64889.70,13.87
2026-08-07 16:08,KXBTC15M-26AUG071215-15,entry,yes,94,5,4.70,0.02,64948.75,13.29
2026-08-07 16:23,KXBTC15M-26AUG071230-30,entry,no,91,5,4.55,0.03,64879.01,20.17
2026-08-07 16:53,KXBTC15M-26AUG071300-00,entry,no,89,5,4.45,0.04,64841.05,9.75
2026-08-07 17:08,KXBTC15M-26AUG071315-15,entry,no,73,6,4.38,0.09,64757.03,4.15
2026-08-07 17:23,KXBTC15M-26AUG071330-30,entry,no,85,5,4.25,0.05,64596.39,8.67
2026-08-07 17:38,KXBTC15M-26AUG071345-45,entry,yes,69,7,4.83,0.11,64599.88,8.14
2026-08-07 18:08,KXBTC15M-26AUG071415-15,entry,yes,94,5,4.70,0.02,64826.33,17.53
2026-08-07 18:23,KXBTC15M-26AUG071430-30,entry,no,81,6,4.86,0.07,64775.02,6.51
2026-08-07 18:38,KXBTC15M-26AUG071445-45,entry,no,89,5,4.45,0.04,64714.74,8.99
2026-08-07 18:53,KXBTC15M-26AUG071500-00,entry,no,94,5,4.70,0.02,64629.35,10.63
2026-08-07 19:08,KXBTC15M-26AUG071515-15,entry,yes,96,5,4.80,0.02,64756.55,12.90
2026-08-07 19:23,KXBTC15M-26AUG071530-30,entry,yes,97,5,4.85,0.02,64911.73,18.45
2026-08-07 19:38,KXBTC15M-26AUG071545-45,entry,yes,73,6,4.38,0.09,64929.72,4.26
2026-08-07 19:53,KXBTC15M-26AUG071600-00,entry,no,83,6,4.98,0.06,64911.64,4.63
2026-08-07 20:23,KXBTC15M-26AUG071630-30,entry,no,82,6,4.92,0.07,64935.55,1.92
2026-08-07 20:38,KXBTC15M-26AUG071645-45,entry,no,82,6,4.92,0.07,64924.16,3.30
2026-08-07 20:53,KXBTC15M-26AUG071700-00,entry,yes,82,6,4.92,0.07,64939.17,2.10
2026-08-07 21:23,KXBTC15M-26AUG071730-30,entry,no,93,5,4.65,0.03,64912.89,8.10
2026-08-07 21:38,KXBTC15M-26AUG071745-45,entry,yes,62,8,4.96,0.14,64978.99,1.88
2026-08-07 21:53,KXBTC15M-26AUG071800-00,entry,no,94,5,4.70,0.02,64917.20,12.66
2026-08-07 22:23,KXBTC15M-26AUG071830-30,entry,no,73,6,4.38,0.09,64878.93,2.85
2026-08-07 22:38,KXBTC15M-26AUG071845-45,entry,no,96,5,4.80,0.02,64840.14,8.41
2026-08-07 22:53,KXBTC15M-26AUG071900-00,entry,yes,96,5,4.80,0.02,64887.88,7.64
2026-08-07 23:23,KXBTC15M-26AUG071930-30,entry,no,70,7,4.90,0.11,64850.76,1.70
2026-08-07 23:53,KXBTC15M-26AUG072000-00,entry,yes,89,5,4.45,0.04,64883.62,2.40
2026-08-08 00:08,KXBTC15M-26AUG072015-15,entry,yes,93,5,4.65,0.03,64919.22,4.64
2026-08-08 00:23,KXBTC15M-26AUG072030-30,entry,no,89,5,4.45,0.04,64830.58,6.97
2026-08-08 00:53,KXBTC15M-26AUG072100-00,entry,yes,72,6,4.32,0.09,64874.01,0.89
2026-08-08 01:08,KXBTC15M-26AUG072115-15,entry,no,68,7,4.76,0.11,64880.57,0.64
2026-08-08 01:23,KXBTC15M-26AUG072130-30,entry,no,90,5,4.50,0.04,64884.76,5.93
2026-08-08 01:38,KXBTC15M-26AUG072145-45,entry,yes,80,6,4.80,0.07,64886.63,0.22
2026-08-08 01:53,KXBTC15M-26AUG072200-00,entry,no,74,6,4.44,0.09,64878.12,3.38
2026-08-08 02:08,KXBTC15M-26AUG072215-15,entry,no,68,7,4.76,0.11,64875.00,1.39
2026-08-08 02:23,KXBTC15M-26AUG072230-30,entry,yes,76,6,4.56,0.08,64885.91,3.25
2026-08-08 03:08,KXBTC15M-26AUG072315-15,entry,yes,75,6,4.50,0.08,64899.36,1.36
2026-08-08 03:23,KXBTC15M-26AUG072330-30,entry,yes,96,5,4.80,0.02,64982.03,12.31
2026-08-08 03:38,KXBTC15M-26AUG072345-45,entry,no,71,7,4.97,0.11,64975.39,1.98
2026-08-08 04:08,KXBTC15M-26AUG080015-15,entry,no,89,5,4.45,0.04,64940.59,8.14
2026-08-08 04:38,KXBTC15M-26AUG080045-45,entry,yes,87,5,4.35,0.04,64986.70,3.51
2026-08-08 04:53,KXBTC15M-26AUG080100-00,entry,no,84,5,4.20,0.05,64975.39,3.78
2026-08-08 05:23,KXBTC15M-26AUG080130-30,entry,yes,89,5,4.45,0.04,64984.17,3.67
2026-08-08 05:53,KXBTC15M-26AUG080200-00,entry,no,96,5,4.80,0.02,64948.74,4.79
2026-08-08 06:53,KXBTC15M-26AUG080300-00,entry,yes,91,5,4.55,0.03,64968.73,4.24
2026-08-08 07:38,KXBTC15M-26AUG080345-45,entry,no,90,5,4.50,0.04,64918.99,7.44
2026-08-08 07:53,KXBTC15M-26AUG080400-00,entry,yes,86,5,4.30,0.05,64930.78,1.77
2026-08-08 08:08,KXBTC15M-26AUG080415-15,entry,no,64,7,4.48,0.12,64925.36,1.34
2026-08-08 08:38,KXBTC15M-26AUG080445-45,entry,yes,90,5,4.50,0.04,64963.84,2.81
2026-08-08 08:53,KXBTC15M-26AUG080500-00,entry,no,84,5,4.20,0.05,64957.07,2.91
2026-08-08 09:08,KXBTC15M-26AUG080515-15,entry,yes,63,7,4.41,0.12,64961.20,0.67
2026-08-08 09:23,KXBTC15M-26AUG080530-30,entry,yes,85,5,4.25,0.05,64975.38,1.17
2026-08-08 09:38,KXBTC15M-26AUG080545-45,entry,no,71,7,4.97,0.11,64973.95,0.92
2026-08-08 09:53,KXBTC15M-26AUG080600-00,entry,no,94,5,4.70,0.02,64953.67,3.31
2026-08-08 10:38,KXBTC15M-26AUG080645-45,entry,no,81,6,4.86,0.07,64974.47,1.11
2026-08-08 11:08,KXBTC15M-26AUG080715-15,entry,no,68,7,4.76,0.11,64966.99,0.80
2026-08-08 11:23,KXBTC15M-26AUG080730-30,entry,no,94,5,4.70,0.02,64939.18,5.68
2026-08-08 11:53,KXBTC15M-26AUG080800-00,entry,no,67,7,4.69,0.11,64928.32,0.92
2026-08-08 12:08,KXBTC15M-26AUG080815-15,entry,no,96,5,4.80,0.02,64891.46,5.85
2026-08-08 12:38,KXBTC15M-26AUG080845-45,entry,yes,91,5,4.55,0.03,64964.99,4.47
2026-08-08 12:53,KXBTC15M-26AUG080900-00,entry,yes,86,5,4.30,0.05,64983.62,2.90
2026-08-08 13:08,KXBTC15M-26AUG080915-15,entry,yes,82,6,4.92,0.07,64966.82,0.67
2026-08-08 13:23,KXBTC15M-26AUG080930-30,entry,yes,71,7,4.97,0.11,64970.61,0.93
2026-08-08 13:38,KXBTC15M-26AUG080945-45,entry,no,84,5,4.20,0.05,64967.49,1.65
2026-08-08 14:08,KXBTC15M-26AUG081015-15,entry,yes,86,5,4.30,0.05,64989.91,2.60
2026-08-08 14:23,KXBTC15M-26AUG081030-30,entry,yes,67,7,4.69,0.11,65076.73,9.46
2026-08-08 14:38,KXBTC15M-26AUG081045-45,entry,yes,94,5,4.70,0.02,65114.00,4.30
2026-08-08 14:53,KXBTC15M-26AUG081100-00,entry,yes,93,5,4.65,0.03,65107.36,5.55
2026-08-08 15:08,KXBTC15M-26AUG081115-15,entry,no,87,5,4.35,0.04,65057.35,4.33
2026-08-08 15:23,KXBTC15M-26AUG081130-30,entry,no,85,5,4.25,0.05,65038.09,3.92
2026-08-08 15:38,KXBTC15M-26AUG081145-45,entry,no,82,6,4.92,0.07,65026.06,3.32
2026-08-08 15:53,KXBTC15M-26AUG081200-00,entry,yes,82,6,4.92,0.07,65040.54,2.44
2026-08-08 16:08,KXBTC15M-26AUG081215-15,entry,yes,77,6,4.62,0.08,65067.00,4.18
2026-08-08 16:38,KXBTC15M-26AUG081245-45,entry,no,91,5,4.55,0.03,65004.84,4.82
2026-08-08 16:53,KXBTC15M-26AUG081300-00,entry,yes,79,6,4.74,0.07,65023.21,0.60
2026-08-08 17:23,KXBTC15M-26AUG081330-30,entry,no,86,5,4.30,0.05,65064.93,2.70
2026-08-08 17:38,KXBTC15M-26AUG081345-45,entry,yes,89,5,4.45,0.04,65093.87,2.89
2026-08-08 18:08,KXBTC15M-26AUG081415-15,entry,no,66,7,4.62,0.11,65071.25,1.41
2026-08-08 18:23,KXBTC15M-26AUG081430-30,entry,no,94,5,4.70,0.02,65007.97,8.16
2026-08-08 18:38,KXBTC15M-26AUG081445-45,entry,yes,93,5,4.65,0.03,65018.54,2.99
2026-08-08 18:53,KXBTC15M-26AUG081500-00,entry,no,67,7,4.69,0.11,64999.00,1.75
2026-08-08 19:23,KXBTC15M-26AUG081530-30,entry,no,62,8,4.96,0.14,64970.01,2.09
2026-08-08 19:38,KXBTC15M-26AUG081545-45,entry,yes,81,6,4.86,0.07,64985.26,0.40
2026-08-08 19:53,KXBTC15M-26AUG081600-00,entry,yes,86,5,4.30,0.05,65019.24,2.84
2026-08-08 20:23,KXBTC15M-26AUG081630-30,entry,no,83,6,4.98,0.06,65011.69,3.29
2026-08-08 20:53,KXBTC15M-26AUG081700-00,entry,yes,66,7,4.62,0.11,65032.96,0.78
2026-08-08 21:23,KXBTC15M-26AUG081730-30,entry,no,68,7,4.76,0.11,64993.46,1.51
2026-08-08 21:38,KXBTC15M-26AUG081745-45,entry,yes,74,6,4.44,0.09,65001.59,1.34
2026-08-08 21:53,KXBTC15M-26AUG081800-00,entry,no,82,6,4.92,0.07,64983.25,3.65
2026-08-08 22:08,KXBTC15M-26AUG081815-15,entry,no,61,8,4.88,0.14,64964.02,0.29
2026-08-08 22:38,KXBTC15M-26AUG081845-45,entry,no,81,6,4.86,0.07,64927.32,3.17
2026-08-08 22:53,KXBTC15M-26AUG081900-00,entry,no,81,6,4.86,0.07,64907.25,2.79
2026-08-08 23:08,KXBTC15M-26AUG081915-15,entry,no,66,7,4.62,0.11,64890.94,1.28
2026-08-08 23:23,KXBTC15M-26AUG081930-30,entry,yes,94,5,4.70,0.02,64917.45,4.12
2026-08-08 23:38,KXBTC15M-26AUG081945-45,entry,yes,90,5,4.50,0.04,64916.71,4.20
2026-08-08 23:53,KXBTC15M-26AUG082000-00,entry,no,78,6,4.68,0.08,64905.28,1.66
2026-08-09 00:38,KXBTC15M-26AUG082045-45,entry,yes,94,5,4.70,0.02,64939.08,3.59
2026-08-09 00:53,KXBTC15M-26AUG082100-00,entry,no,79,6,4.74,0.07,64908.70,1.63
2026-08-09 01:08,KXBTC15M-26AUG082115-15,entry,yes,67,7,4.69,0.11,64929.64,0.92
2026-08-09 01:23,KXBTC15M-26AUG082130-30,entry,no,92,5,4.60,0.03,64889.97,6.29
2026-08-09 01:38,KXBTC15M-26AUG082145-45,entry,yes,82,6,4.92,0.07,64830.59,2.15
2026-08-09 01:53,KXBTC15M-26AUG082200-00,entry,no,91,5,4.55,0.03,64806.00,4.28
2026-08-09 02:08,KXBTC15M-26AUG082215-15,entry,no,86,5,4.30,0.05,64780.53,5.08
2026-08-09 02:23,KXBTC15M-26AUG082230-30,entry,no,83,6,4.98,0.06,64781.00,3.25
2026-08-09 02:38,KXBTC15M-26AUG082245-45,entry,no,61,8,4.88,0.14,64780.50,1.74
2026-08-09 03:08,KXBTC15M-26AUG082315-15,entry,no,73,6,4.38,0.09,64758.19,2.08
2026-08-09 03:23,KXBTC15M-26AUG082330-30,entry,yes,90,5,4.50,0.04,64730.00,2.91
2026-08-09 03:38,KXBTC15M-26AUG082345-45,entry,no,62,8,4.96,0.14,64722.72,1.24
2026-08-09 03:53,KXBTC15M-26AUG090000-00,entry,no,62,8,4.96,0.14,64736.47,1.67
2026-08-09 04:08,KXBTC15M-26AUG090015-15,entry,yes,87,5,4.35,0.04,64748.90,1.88
2026-08-09 04:23,KXBTC15M-26AUG090030-30,entry,no,72,6,4.32,0.09,64758.88,1.21
2026-08-09 04:38,KXBTC15M-26AUG090045-45,entry,no,77,6,4.62,0.08,64758.54,1.91
2026-08-09 04:53,KXBTC15M-26AUG090100-00,entry,no,86,5,4.30,0.05,64728.48,4.40
2026-08-09 06:23,KXBTC15M-26AUG090230-30,entry,yes,94,5,4.70,0.02,64784.90,4.31
2026-08-09 06:38,KXBTC15M-26AUG090245-45,entry,yes,87,5,4.35,0.04,64801.51,2.64
2026-08-09 06:53,KXBTC15M-26AUG090300-00,entry,yes,67,7,4.69,0.11,64803.65,0.19
2026-08-09 07:08,KXBTC15M-26AUG090315-15,entry,no,64,7,4.48,0.12,64798.35,0.79
2026-08-09 07:23,KXBTC15M-26AUG090330-30,entry,no,82,6,4.92,0.07,64783.53,3.15
2026-08-09 07:38,KXBTC15M-26AUG090345-45,entry,no,76,6,4.56,0.08,64772.41,3.03
2026-08-09 07:53,KXBTC15M-26AUG090400-00,entry,no,76,6,4.56,0.08,64767.14,3.06
2026-08-09 08:08,KXBTC15M-26AUG090415-15,entry,yes,98,5,4.90,0.01,64856.50,11.83
2026-08-09 08:23,KXBTC15M-26AUG090430-30,entry,no,83,6,4.98,0.06,64850.67,2.73
2026-08-09 08:38,KXBTC15M-26AUG090445-45,entry,yes,83,6,4.98,0.06,64837.01,0.31
2026-08-09 09:08,KXBTC15M-26AUG090515-15,entry,yes,65,7,4.55,0.12,64775.96,0.62
2026-08-09 09:23,KXBTC15M-26AUG090530-30,entry,yes,65,7,4.55,0.12,64780.99,0.54
2026-08-09 09:38,KXBTC15M-26AUG090545-45,entry,yes,72,6,4.32,0.09,64768.23,0.64
2026-08-09 09:53,KXBTC15M-26AUG090600-00,entry,yes,82,6,4.92,0.07,64787.15,2.92
2026-08-09 10:08,KXBTC15M-26AUG090615-15,entry,yes,95,5,4.75,0.02,64847.13,4.97
2026-08-09 10:23,KXBTC15M-26AUG090630-30,entry,yes,83,6,4.98,0.06,64911.01,1.75
2026-08-09 10:38,KXBTC15M-26AUG090645-45,entry,no,92,5,4.60,0.03,64892.12,2.94
2026-08-09 10:53,KXBTC15M-26AUG090700-00,entry,yes,94,5,4.70,0.02,64919.92,4.42
2026-08-09 11:08,KXBTC15M-26AUG090715-15,entry,yes,81,6,4.86,0.07,64925.85,2.51
2026-08-09 11:38,KXBTC15M-26AUG090745-45,entry,yes,95,5,4.75,0.02,64945.01,3.47
2026-08-09 11:53,KXBTC15M-26AUG090800-00,entry,no,65,7,4.55,0.12,64924.54,2.09
2026-08-09 12:08,KXBTC15M-26AUG090815-15,entry,no,94,5,4.70,0.02,64872.54,5.00
2026-08-09 12:38,KXBTC15M-26AUG090845-45,entry,no,63,7,4.41,0.12,64892.00,0.28
2026-08-09 13:08,KXBTC15M-26AUG090915-15,entry,yes,97,5,4.85,0.02,64968.57,9.47
2026-08-09 13:23,KXBTC15M-26AUG090930-30,entry,yes,86,5,4.30,0.05,64992.18,3.11
2026-08-09 13:38,KXBTC15M-26AUG090945-45,entry,yes,96,5,4.80,0.02,65079.00,7.87
2026-08-09 13:53,KXBTC15M-26AUG091000-00,entry,no,62,8,4.96,0.14,65169.57,0.50
2026-08-09 14:08,KXBTC15M-26AUG091015-15,entry,yes,79,6,4.74,0.07,65185.81,2.20
2026-08-09 14:23,KXBTC15M-26AUG091030-30,entry,no,96,5,4.80,0.02,65127.42,9.53
2026-08-09 14:38,KXBTC15M-26AUG091045-45,entry,no,61,8,4.88,0.14,65133.31,1.10
2026-08-09 14:53,KXBTC15M-26AUG091100-00,entry,yes,85,5,4.25,0.05,65142.85,3.54
2026-08-09 15:08,KXBTC15M-26AUG091115-15,entry,no,85,5,4.25,0.05,65196.45,3.77
2026-08-09 15:23,KXBTC15M-26AUG091130-30,entry,no,82,6,4.92,0.07,65181.30,2.00
2026-08-09 15:38,KXBTC15M-26AUG091145-45,entry,yes,75,6,4.50,0.08,65187.55,0.56
2026-08-09 16:08,KXBTC15M-26AUG091215-15,entry,yes,93,5,4.65,0.03,65209.99,4.20
2026-08-09 16:23,KXBTC15M-26AUG091230-30,entry,no,84,5,4.20,0.05,65166.22,3.53
2026-08-09 16:38,KXBTC15M-26AUG091245-45,entry,yes,98,5,4.90,0.01,65206.50,10.56
2026-08-09 17:08,KXBTC15M-26AUG091315-15,entry,no,77,6,4.62,0.08,65175.04,1.49
2026-08-09 17:38,KXBTC15M-26AUG091345-45,entry,no,73,6,4.38,0.09,65176.91,1.21
2026-08-09 17:53,KXBTC15M-26AUG091400-00,entry,no,97,5,4.85,0.02,65146.37,5.61
2026-08-09 18:08,KXBTC15M-26AUG091415-15,entry,yes,76,6,4.56,0.08,65152.77,0.55
2026-08-09 18:23,KXBTC15M-26AUG091430-30,entry,no,74,6,4.44,0.09,65153.01,0.06
2026-08-09 18:53,KXBTC15M-26AUG091500-00,entry,no,80,6,4.80,0.07,65159.94,0.79
2026-08-09 19:23,KXBTC15M-26AUG091530-30,entry,yes,93,5,4.65,0.03,65165.77,3.65
2026-08-09 19:38,KXBTC15M-26AUG091545-45,entry,no,77,6,4.62,0.08,65150.99,1.40
2026-08-09 19:53,KXBTC15M-26AUG091600-00,entry,no,78,6,4.68,0.08,65145.62,0.89
2026-08-09 20:08,KXBTC15M-26AUG091615-15,entry,no,95,5,4.75,0.02,65104.52,4.65
2026-08-09 20:23,KXBTC15M-26AUG091630-30,entry,yes,93,5,4.65,0.03,65073.26,5.40
2026-08-09 20:38,KXBTC15M-26AUG091645-45,entry,yes,88,5,4.40,0.04,65100.00,2.98
2026-08-09 20:53,KXBTC15M-26AUG091700-00,entry,no,86,5,4.30,0.05,65087.37,1.33
2026-08-09 21:08,KXBTC15M-26AUG091715-15,entry,no,69,7,4.83,0.11,65086.61,0.89
2026-08-09 21:23,KXBTC15M-26AUG091730-30,entry,no,88,5,4.40,0.04,65077.63,1.47
2026-08-09 21:38,KXBTC15M-26AUG091745-45,entry,yes,93,5,4.65,0.03,65140.15,7.56
2026-08-09 21:53,KXBTC15M-26AUG091800-00,entry,no,92,5,4.60,0.03,65142.20,5.39
2026-08-09 22:08,KXBTC15M-26AUG091815-15,entry,yes,96,5,4.80,0.02,65228.79,10.92
2026-08-09 22:23,KXBTC15M-26AUG091830-30,entry,no,98,5,4.90,0.01,65189.46,20.19
2026-08-09 22:38,KXBTC15M-26AUG091845-45,entry,no,98,5,4.90,0.01,64974.72,32.27
2026-08-09 23:23,KXBTC15M-26AUG091930-30,entry,no,97,5,4.85,0.02,64921.07,11.00
2026-08-10 00:08,KXBTC15M-26AUG092015-15,entry,yes,90,5,4.50,0.04,64974.26,18.41
2026-08-10 00:23,KXBTC15M-26AUG092030-30,entry,no,94,5,4.70,0.02,64990.00,17.62
2026-08-10 00:38,KXBTC15M-26AUG092045-45,entry,no,89,5,4.45,0.04,64896.10,10.61
2026-08-10 00:53,KXBTC15M-26AUG092100-00,entry,yes,97,5,4.85,0.02,64943.99,23.49
2026-08-10 01:23,KXBTC15M-26AUG092130-30,entry,yes,70,7,4.90,0.11,64976.92,4.28
2026-08-10 01:38,KXBTC15M-26AUG092145-45,entry,no,97,5,4.85,0.02,64874.01,15.41
2026-08-10 01:53,KXBTC15M-26AUG092200-00,entry,yes,99,5,4.95,0.01,65160.00,37.46
2026-08-10 02:08,KXBTC15M-26AUG092215-15,entry,no,94,5,4.70,0.02,65033.31,17.80
2026-08-10 02:23,KXBTC15M-26AUG092230-30,entry,no,98,5,4.90,0.01,64921.06,21.65
2026-08-10 02:38,KXBTC15M-26AUG092245-45,entry,yes,85,5,4.25,0.05,64943.83,4.69
2026-08-10 02:53,KXBTC15M-26AUG092300-00,entry,no,97,5,4.85,0.02,65039.37,17.35
2026-08-10 03:08,KXBTC15M-26AUG092315-15,entry,no,92,5,4.60,0.03,64999.70,7.61
2026-08-10 03:23,KXBTC15M-26AUG092330-30,entry,yes,97,5,4.85,0.02,65022.44,14.81
2026-08-10 03:53,KXBTC15M-26AUG100000-00,entry,no,66,7,4.62,0.11,64941.51,3.87
2026-08-10 04:08,KXBTC15M-26AUG100015-15,entry,yes,93,5,4.65,0.03,64997.14,12.50
2026-08-10 04:38,KXBTC15M-26AUG100045-45,entry,no,76,6,4.56,0.08,64980.59,1.78
2026-08-10 04:53,KXBTC15M-26AUG100100-00,entry,yes,74,6,4.44,0.09,64969.12,1.99
2026-08-10 05:08,KXBTC15M-26AUG100115-15,entry,yes,85,5,4.25,0.05,64992.11,6.32
2026-08-10 05:23,KXBTC15M-26AUG100130-30,entry,yes,89,5,4.45,0.04,64990.13,7.85
2026-08-10 05:38,KXBTC15M-26AUG100145-45,entry,yes,73,6,4.38,0.09,65000.78,1.50
2026-08-10 06:08,KXBTC15M-26AUG100215-15,entry,yes,83,6,4.98,0.06,65145.42,9.00
2026-08-10 06:23,KXBTC15M-26AUG100230-30,entry,no,64,7,4.48,0.12,65147.14,1.48
2026-08-10 06:38,KXBTC15M-26AUG100245-45,entry,yes,87,5,4.35,0.04,65145.20,4.14
2026-08-10 06:53,KXBTC15M-26AUG100300-00,entry,yes,78,6,4.68,0.08,65223.41,6.05
2026-08-10 07:08,KXBTC15M-26AUG100315-15,entry,no,84,5,4.20,0.05,65207.30,6.04
2026-08-10 07:23,KXBTC15M-26AUG100330-30,entry,yes,67,7,4.69,0.11,65239.63,3.60
2026-08-10 07:38,KXBTC15M-26AUG100345-45,entry,yes,92,5,4.60,0.03,65305.01,4.95
2026-08-10 07:53,KXBTC15M-26AUG100400-00,entry,no,98,5,4.90,0.01,65150.01,20.36
2026-08-10 08:08,KXBTC15M-26AUG100415-15,entry,yes,93,5,4.65,0.03,65204.71,6.79
2026-08-10 08:23,KXBTC15M-26AUG100430-30,entry,yes,72,6,4.32,0.09,65236.16,2.61
2026-08-10 08:38,KXBTC15M-26AUG100445-45,entry,no,89,5,4.45,0.04,65197.56,6.89
2026-08-10 09:08,KXBTC15M-26AUG100515-15,entry,no,91,5,4.55,0.03,65146.28,8.31
2026-08-10 09:23,KXBTC15M-26AUG100530-30,entry,no,74,6,4.44,0.09,65135.29,6.09
2026-08-10 09:38,KXBTC15M-26AUG100545-45,entry,no,98,5,4.90,0.01,65017.97,15.70
2026-08-10 09:53,KXBTC15M-26AUG100600-00,entry,no,95,5,4.75,0.02,64900.03,16.47
2026-08-10 10:08,KXBTC15M-26AUG100615-15,entry,yes,96,5,4.80,0.02,64970.77,7.30
2026-08-10 10:53,KXBTC15M-26AUG100700-00,entry,yes,78,6,4.68,0.08,64976.06,2.32
2026-08-10 11:23,KXBTC15M-26AUG100730-30,entry,yes,96,5,4.80,0.02,64986.49,4.33
2026-08-10 11:38,KXBTC15M-26AUG100745-45,entry,no,77,6,4.62,0.08,65025.01,0.87
2026-08-10 11:53,KXBTC15M-26AUG100800-00,entry,yes,64,7,4.48,0.12,65021.40,0.95
2026-08-10 12:08,KXBTC15M-26AUG100815-15,entry,yes,89,5,4.45,0.04,65105.58,4.01
2026-08-10 12:23,KXBTC15M-26AUG100830-30,entry,no,85,5,4.25,0.05,65029.71,8.22
2026-08-10 12:38,KXBTC15M-26AUG100845-45,entry,no,96,5,4.80,0.02,64883.41,18.42
2026-08-10 12:53,KXBTC15M-26AUG100900-00,entry,no,97,5,4.85,0.02,64863.23,16.02
2026-08-10 13:23,KXBTC15M-26AUG100930-30,entry,yes,95,5,4.75,0.02,64880.38,7.18
2026-08-10 13:38,KXBTC15M-26AUG100945-45,entry,no,94,5,4.70,0.02,64661.22,33.59
2026-08-10 13:53,KXBTC15M-26AUG101000-00,entry,no,89,5,4.45,0.04,64474.54,18.36
2026-08-10 14:08,KXBTC15M-26AUG101015-15,entry,yes,94,5,4.70,0.02,64553.34,6.75
2026-08-10 14:53,KXBTC15M-26AUG101100-00,entry,no,94,5,4.70,0.02,64623.80,25.60
2026-08-10 15:08,KXBTC15M-26AUG101115-15,entry,yes,80,6,4.80,0.07,64589.55,1.09
2026-08-10 15:23,KXBTC15M-26AUG101130-30,entry,no,92,5,4.60,0.03,64409.78,17.86
2026-08-10 15:53,KXBTC15M-26AUG101200-00,entry,no,75,6,4.50,0.08,64155.72,21.30
2026-08-10 16:23,KXBTC15M-26AUG101230-30,entry,no,97,5,4.85,0.02,64011.84,24.49
2026-08-10 16:53,KXBTC15M-26AUG101300-00,entry,no,83,6,4.98,0.06,63812.51,19.36
2026-08-10 17:08,KXBTC15M-26AUG101315-15,entry,yes,67,7,4.69,0.11,63877.67,7.15
2026-08-10 17:23,KXBTC15M-26AUG101330-30,entry,no,94,5,4.70,0.02,63890.75,7.96
2026-08-10 17:38,KXBTC15M-26AUG101345-45,entry,yes,65,7,4.55,0.12,63889.18,1.91
2026-08-10 17:53,KXBTC15M-26AUG101400-00,entry,no,86,5,4.30,0.05,63848.02,7.56
2026-08-10 18:38,KXBTC15M-26AUG101445-45,entry,no,89,5,4.45,0.04,63760.07,13.49
2026-08-10 18:53,KXBTC15M-26AUG101500-00,entry,yes,78,6,4.68,0.08,63822.96,2.67
2026-08-10 19:08,KXBTC15M-26AUG101515-15,entry,yes,73,6,4.38,0.09,63860.01,5.26
2026-08-10 19:23,KXBTC15M-26AUG101530-30,entry,yes,89,5,4.45,0.04,63922.54,9.35
2026-08-10 19:38,KXBTC15M-26AUG101545-45,entry,no,88,5,4.40,0.04,63897.76,9.04
2026-08-10 20:08,KXBTC15M-26AUG101615-15,entry,yes,85,5,4.25,0.05,64004.14,5.30
2026-08-10 20:23,KXBTC15M-26AUG101630-30,entry,yes,90,5,4.50,0.04,64020.40,5.77
2026-08-10 20:38,KXBTC15M-26AUG101645-45,entry,yes,75,6,4.50,0.08,64067.15,1.60
2026-08-10 20:53,KXBTC15M-26AUG101700-00,entry,no,69,7,4.83,0.11,64097.71,3.67
2026-08-10 21:08,KXBTC15M-26AUG101715-15,entry,no,79,6,4.74,0.07,64081.62,3.03
2026-08-10 21:23,KXBTC15M-26AUG101730-30,entry,yes,63,7,4.41,0.12,64057.05,0.32
