close_utc,ticker,strike,traded,skip_reason,side,entry_price_c,entry_spot,entry_distance_bps,adds,contracts,cost,fees,payout,gross_pnl,net_pnl,won
2026-07-11 21:45,KXBTC15M-26JUL111745-45,64331.78,1,,no,67,64315.23,2.57,0,7,4.69,0.11,7.00,2.31,2.20,1
2026-07-11 22:00,KXBTC15M-26JUL111800-00,64310.58,1,,yes,69,64317.82,1.13,0,7,4.83,0.11,7.00,2.17,2.06,1
2026-07-11 22:15,KXBTC15M-26JUL111815-15,64317.48,0,odds 56c not above 60c,no,,64308.42,1.41,0,0,0.00,0.00,0.00,0.00,0.00,
2026-07-11 22:30,KXBTC15M-26JUL111830-30,64348.30,1,,no,94,64223.72,19.36,0,5,4.70,0.02,5.00,0.30,0.28,1
2026-07-11 22:45,KXBTC15M-26JUL111845-45,64230.75,0,odds 33c not above 60c,no,,64227.89,0.45,0,0,0.00,0.00,0.00,0.00,0.00,
2026-07-11 23:00,KXBTC15M-26JUL111900-00,64186.31,1,,no,92,64126.77,9.28,0,5,4.60,0.03,5.00,0.40,0.37,1
2026-07-11 23:15,KXBTC15M-26JUL111915-15,64164.02,0,odds 34c not above 60c,no,,64120.27,6.82,0,0,0.00,0.00,0.00,0.00,0.00,
2026-07-11 23:30,KXBTC15M-26JUL111930-30,64101.48,1,,no,96,63932.52,26.36,0,5,4.80,0.02,5.00,0.20,0.18,1
2026-07-11 23:45,KXBTC15M-26JUL111945-45,63891.66,1,,no,72,63860.11,4.94,0,6,4.32,0.09,0.00,-4.32,-4.41,0
2026-07-12 00:00,KXBTC15M-26JUL112000-00,63914.08,0,odds 39c not above 60c,no,,63896.68,2.72,0,0,0.00,0.00,0.00,0.00,0.00,
2026-07-12 00:15,KXBTC15M-26JUL112015-15,63788.63,0,odds 55c not above 60c,no,,63746.67,6.58,0,0,0.00,0.00,0.00,0.00,0.00,
2026-07-12 00:30,KXBTC15M-26JUL112030-30,63807.25,1,,yes,74,63845.94,6.06,0,6,4.44,0.09,6.00,1.56,1.47,1
2026-07-12 00:45,KXBTC15M-26JUL112045-45,63828.91,1,,no,86,63772.85,8.78,0,5,4.30,0.05,5.00,0.70,0.65,1
2026-07-12 01:00,KXBTC15M-26JUL112100-00,63761.03,0,odds 56c not above 60c,yes,,63780.87,3.11,0,0,0.00,0.00,0.00,0.00,0.00,
2026-07-12 01:15,KXBTC15M-26JUL112115-15,63795.03,1,,yes,88,63888.19,14.60,0,5,4.40,0.04,5.00,0.60,0.56,1
2026-07-12 01:30,KXBTC15M-26JUL112130-30,63895.43,1,,yes,85,63954.79,9.29,0,5,4.25,0.05,5.00,0.75,0.70,1
2026-07-12 01:45,KXBTC15M-26JUL112145-45,63911.98,1,,yes,94,64015.08,16.13,0,5,4.70,0.02,5.00,0.30,0.28,1
2026-07-12 02:00,KXBTC15M-26JUL112200-00,64123.18,1,,no,74,64082.20,6.39,0,6,4.44,0.09,6.00,1.56,1.47,1
2026-07-12 02:15,KXBTC15M-26JUL112215-15,64093.25,1,,no,76,64049.00,6.90,0,6,4.56,0.08,6.00,1.44,1.36,1
2026-07-12 02:30,KXBTC15M-26JUL112230-30,64014.44,1,,yes,90,64079.99,10.24,0,5,4.50,0.04,5.00,0.50,0.46,1
2026-07-12 02:45,KXBTC15M-26JUL112245-45,64074.23,0,odds 55c not above 60c,no,,64071.51,0.42,0,0,0.00,0.00,0.00,0.00,0.00,
2026-07-12 03:00,KXBTC15M-26JUL112300-00,64044.46,1,,yes,63,64056.71,1.91,0,7,4.41,0.12,7.00,2.59,2.47,1
2026-07-12 03:15,KXBTC15M-26JUL112315-15,64051.96,1,,no,61,64027.60,3.80,0,8,4.88,0.14,0.00,-4.88,-5.02,0
2026-07-12 03:30,KXBTC15M-26JUL112330-30,64080.02,1,,yes,67,64091.81,1.84,0,7,4.69,0.11,7.00,2.31,2.20,1
2026-07-12 03:45,KXBTC15M-26JUL112345-45,64091.28,1,,yes,68,64112.16,3.26,0,7,4.76,0.11,7.00,2.24,2.13,1
2026-07-12 04:00,KXBTC15M-26JUL120000-00,64135.43,0,odds 48c not above 60c,no,,64116.26,2.99,0,0,0.00,0.00,0.00,0.00,0.00,
2026-07-12 04:15,KXBTC15M-26JUL120015-15,64151.71,0,odds 45c not above 60c,no,,64142.01,1.51,0,0,0.00,0.00,0.00,0.00,0.00,
2026-07-12 04:30,KXBTC15M-26JUL120030-30,64145.83,1,,no,92,64087.74,9.06,0,5,4.60,0.03,5.00,0.40,0.37,1
2026-07-12 04:45,KXBTC15M-26JUL120045-45,64046.97,1,,no,94,63926.34,18.83,0,5,4.70,0.02,5.00,0.30,0.28,1
2026-07-12 05:00,KXBTC15M-26JUL120100-00,63993.29,1,,no,84,63949.23,6.89,0,5,4.20,0.05,5.00,0.80,0.75,1
2026-07-12 05:15,KXBTC15M-26JUL120115-15,63950.90,1,,yes,69,63965.61,2.30,0,7,4.83,0.11,7.00,2.17,2.06,1
2026-07-12 05:30,KXBTC15M-26JUL120130-30,63957.80,1,,no,92,63891.54,10.36,0,5,4.60,0.03,5.00,0.40,0.37,1
2026-07-12 05:45,KXBTC15M-26JUL120145-45,63881.76,1,,yes,85,63924.63,6.71,0,5,4.25,0.05,5.00,0.75,0.70,1
2026-07-12 06:00,KXBTC15M-26JUL120200-00,63938.80,1,,no,61,63932.01,1.06,0,8,4.88,0.14,0.00,-4.88,-5.02,0
2026-07-12 06:15,KXBTC15M-26JUL120215-15,63945.83,1,,no,98,63777.60,26.31,0,5,4.90,0.01,5.00,0.10,0.09,1
2026-07-12 06:30,KXBTC15M-26JUL120230-30,63721.46,1,,no,80,63706.89,2.29,0,6,4.80,0.07,6.00,1.20,1.13,1
2026-07-12 06:45,KXBTC15M-26JUL120245-45,63624.18,1,,yes,97,63692.71,10.77,0,5,4.85,0.02,5.00,0.15,0.13,1
2026-07-12 07:00,KXBTC15M-26JUL120300-00,63736.75,1,,no,84,63719.25,2.75,0,5,4.20,0.05,5.00,0.80,0.75,1
2026-07-12 07:15,KXBTC15M-26JUL120315-15,63723.48,1,,yes,86,63760.72,5.84,0,5,4.30,0.05,5.00,0.70,0.65,1
2026-07-12 07:30,KXBTC15M-26JUL120330-30,63766.74,1,,yes,95,63832.64,10.33,0,5,4.75,0.02,5.00,0.25,0.23,1
2026-07-12 07:45,KXBTC15M-26JUL120345-45,63819.71,0,odds 35c not above 60c,no,,63810.02,1.52,0,0,0.00,0.00,0.00,0.00,0.00,
2026-07-12 08:00,KXBTC15M-26JUL120400-00,63822.84,0,odds 53c not above 60c,no,,63815.37,1.17,0,0,0.00,0.00,0.00,0.00,0.00,
2026-07-12 08:15,KXBTC15M-26JUL120415-15,63846.77,1,,yes,98,64015.81,26.48,0,5,4.90,0.01,5.00,0.10,0.09,1
2026-07-12 08:30,KXBTC15M-26JUL120430-30,64008.31,1,,no,81,63964.35,6.87,0,6,4.86,0.07,6.00,1.14,1.07,1
2026-07-12 08:45,KXBTC15M-26JUL120445-45,63959.20,0,odds 34c not above 60c,no,,63951.16,1.26,0,0,0.00,0.00,0.00,0.00,0.00,
2026-07-12 09:00,KXBTC15M-26JUL120500-00,63970.33,1,,no,69,63938.76,4.94,0,7,4.83,0.11,7.00,2.17,2.06,1
2026-07-12 09:15,KXBTC15M-26JUL120515-15,63945.15,1,,no,69,63940.03,0.80,0,7,4.83,0.11,7.00,2.17,2.06,1
2026-07-12 09:30,KXBTC15M-26JUL120530-30,63859.88,1,,no,99,63743.67,18.20,0,5,4.95,0.01,5.00,0.05,0.04,1
2026-07-12 09:45,KXBTC15M-26JUL120545-45,63791.97,1,,yes,99,63877.45,13.40,0,5,4.95,0.01,5.00,0.05,0.04,1
2026-07-12 10:00,KXBTC15M-26JUL120600-00,63971.14,1,,no,86,63934.66,5.70,0,5,4.30,0.05,5.00,0.70,0.65,1
2026-07-12 10:15,KXBTC15M-26JUL120615-15,63925.41,1,,no,91,63855.99,10.86,0,5,4.55,0.03,5.00,0.45,0.42,1
2026-07-12 10:30,KXBTC15M-26JUL120630-30,63885.37,1,,no,69,63859.01,4.13,0,7,4.83,0.11,7.00,2.17,2.06,1
2026-07-12 10:45,KXBTC15M-26JUL120645-45,63850.63,0,odds 43c not above 60c,no,,63841.96,1.36,0,0,0.00,0.00,0.00,0.00,0.00,
2026-07-12 11:00,KXBTC15M-26JUL120700-00,63820.01,0,odds 60c not above 60c,no,,63795.48,3.84,0,0,0.00,0.00,0.00,0.00,0.00,
2026-07-12 11:15,KXBTC15M-26JUL120715-15,63838.93,1,,yes,81,63860.15,3.32,0,6,4.86,0.07,0.00,-4.86,-4.93,0
2026-07-12 11:30,KXBTC15M-26JUL120730-30,63814.19,1,,yes,71,63826.94,2.00,0,7,4.97,0.11,7.00,2.03,1.92,1
2026-07-12 11:45,KXBTC15M-26JUL120745-45,63868.36,1,,yes,97,63971.18,16.10,0,5,4.85,0.02,5.00,0.15,0.13,1
2026-07-12 12:00,KXBTC15M-26JUL120800-00,63958.50,0,odds 30c not above 60c,no,,63953.97,0.71,0,0,0.00,0.00,0.00,0.00,0.00,
2026-07-12 12:15,KXBTC15M-26JUL120815-15,63980.42,1,,no,89,63929.32,7.99,0,5,4.45,0.04,0.00,-4.45,-4.49,0
2026-07-12 12:30,KXBTC15M-26JUL120830-30,64060.77,1,,no,94,63999.80,9.52,0,5,4.70,0.02,5.00,0.30,0.28,1
2026-07-12 12:45,KXBTC15M-26JUL120845-45,64018.94,1,,no,83,63965.73,8.31,0,6,4.98,0.06,6.00,1.02,0.96,1
2026-07-12 13:00,KXBTC15M-26JUL120900-00,63990.99,1,,no,85,63965.27,4.02,0,5,4.25,0.05,0.00,-4.25,-4.30,0
2026-07-12 13:15,KXBTC15M-26JUL120915-15,63994.24,1,,yes,70,64005.21,1.71,0,7,4.90,0.11,7.00,2.10,1.99,1
2026-07-12 13:30,KXBTC15M-26JUL120930-30,64004.20,0,odds 53c not above 60c,no,,63998.49,0.89,0,0,0.00,0.00,0.00,0.00,0.00,
2026-07-12 13:45,KXBTC15M-26JUL120945-45,64011.38,1,,yes,81,64039.23,4.35,0,6,4.86,0.07,0.00,-4.86,-4.93,0
2026-07-12 14:00,KXBTC15M-26JUL121000-00,64008.06,1,,no,78,63987.55,3.20,0,6,4.68,0.08,6.00,1.32,1.24,1
2026-07-12 14:15,KXBTC15M-26JUL121015-15,63989.00,1,,no,81,63955.03,5.31,0,6,4.86,0.07,6.00,1.14,1.07,1
2026-07-12 14:30,KXBTC15M-26JUL121030-30,63954.06,0,odds 53c not above 60c,no,,63945.79,1.29,0,0,0.00,0.00,0.00,0.00,0.00,
2026-07-12 14:45,KXBTC15M-26JUL121045-45,63960.63,1,,yes,93,64017.12,8.83,0,5,4.65,0.03,5.00,0.35,0.32,1
2026-07-12 15:00,KXBTC15M-26JUL121100-00,64037.08,1,,yes,98,64159.06,19.05,0,5,4.90,0.01,5.00,0.10,0.09,1
2026-07-12 15:15,KXBTC15M-26JUL121115-15,64175.42,0,odds 57c not above 60c,no,,64148.70,4.16,0,0,0.00,0.00,0.00,0.00,0.00,
2026-07-12 15:30,KXBTC15M-26JUL121130-30,64155.74,1,,no,86,64129.50,4.09,0,5,4.30,0.05,0.00,-4.30,-4.35,0
2026-07-12 15:45,KXBTC15M-26JUL121145-45,64178.54,1,,no,90,64109.61,10.74,0,5,4.50,0.04,5.00,0.50,0.46,1
2026-07-12 16:00,KXBTC15M-26JUL121200-00,64120.24,1,,yes,85,64150.46,4.71,0,5,4.25,0.05,5.00,0.75,0.70,1
2026-07-12 16:15,KXBTC15M-26JUL121215-15,64139.29,0,odds 34c not above 60c,yes,,64155.86,2.58,0,0,0.00,0.00,0.00,0.00,0.00,
2026-07-12 16:30,KXBTC15M-26JUL121230-30,64028.85,1,,yes,92,64068.20,6.15,0,5,4.60,0.03,5.00,0.40,0.37,1
2026-07-12 16:45,KXBTC15M-26JUL121245-45,64140.94,1,,no,95,64065.77,11.72,0,5,4.75,0.02,5.00,0.25,0.23,1
2026-07-12 17:00,KXBTC15M-26JUL121300-00,64083.73,0,odds 53c not above 60c,no,,64064.01,3.08,0,0,0.00,0.00,0.00,0.00,0.00,
2026-07-12 17:15,KXBTC15M-26JUL121315-15,64134.64,1,,no,88,64108.98,4.00,0,5,4.40,0.04,5.00,0.60,0.56,1
2026-07-12 17:30,KXBTC15M-26JUL121330-30,64106.49,1,,no,69,64091.95,2.27,0,7,4.83,0.11,7.00,2.17,2.06,1
2026-07-12 17:45,KXBTC15M-26JUL121345-45,64094.85,1,,yes,78,64117.74,3.57,0,6,4.68,0.08,6.00,1.32,1.24,1
2026-07-12 18:00,KXBTC15M-26JUL121400-00,64121.90,1,,no,88,63991.20,20.38,0,5,4.40,0.04,5.00,0.60,0.56,1
2026-07-12 18:15,KXBTC15M-26JUL121415-15,64042.60,0,odds 53c not above 60c,no,,64008.54,5.32,0,0,0.00,0.00,0.00,0.00,0.00,
2026-07-12 18:30,KXBTC15M-26JUL121430-30,64006.28,0,odds 47c not above 60c,no,,63997.57,1.36,0,0,0.00,0.00,0.00,0.00,0.00,
2026-07-12 18:45,KXBTC15M-26JUL121445-45,64041.54,1,,yes,90,64095.39,8.41,0,5,4.50,0.04,5.00,0.50,0.46,1
2026-07-12 19:00,KXBTC15M-26JUL121500-00,64083.54,1,,yes,72,64092.87,1.46,0,6,4.32,0.09,6.00,1.68,1.59,1
2026-07-12 19:15,KXBTC15M-26JUL121515-15,64112.35,1,,yes,83,64155.00,6.65,0,6,4.98,0.06,6.00,1.02,0.96,1
2026-07-12 19:30,KXBTC15M-26JUL121530-30,64149.93,1,,yes,76,64164.01,2.19,0,6,4.56,0.08,6.00,1.44,1.36,1
2026-07-12 19:45,KXBTC15M-26JUL121545-45,64169.83,1,,no,92,64118.98,7.92,0,5,4.60,0.03,5.00,0.40,0.37,1
2026-07-12 20:00,KXBTC15M-26JUL121600-00,64124.87,1,,yes,97,64212.01,13.59,0,5,4.85,0.02,5.00,0.15,0.13,1
2026-07-12 20:15,KXBTC15M-26JUL121615-15,64195.60,1,,no,79,64170.75,3.87,0,6,4.74,0.07,6.00,1.26,1.19,1
2026-07-12 20:30,KXBTC15M-26JUL121630-30,64161.68,0,odds 54c not above 60c,no,,64153.33,1.30,0,0,0.00,0.00,0.00,0.00,0.00,
2026-07-12 20:45,KXBTC15M-26JUL121645-45,64167.19,1,,no,80,64156.96,1.59,0,6,4.80,0.07,0.00,-4.80,-4.87,0
2026-07-12 21:00,KXBTC15M-26JUL121700-00,64183.27,0,odds 43c not above 60c,no,,64169.56,2.14,0,0,0.00,0.00,0.00,0.00,0.00,
2026-07-12 21:15,KXBTC15M-26JUL121715-15,64167.78,0,odds 29c not above 60c,no,,64165.91,0.29,0,0,0.00,0.00,0.00,0.00,0.00,
2026-07-12 21:30,KXBTC15M-26JUL121730-30,64173.52,1,,no,96,64077.55,14.95,0,5,4.80,0.02,5.00,0.20,0.18,1
2026-07-12 21:45,KXBTC15M-26JUL121745-45,64076.90,1,,no,88,64027.60,7.69,0,5,4.40,0.04,5.00,0.60,0.56,1
2026-07-12 22:00,KXBTC15M-26JUL121800-00,64010.75,1,,no,95,63888.00,19.18,0,5,4.75,0.02,5.00,0.25,0.23,1
2026-07-12 22:15,KXBTC15M-26JUL121815-15,63905.71,1,,no,93,63758.75,23.00,0,5,4.65,0.03,5.00,0.35,0.32,1
2026-07-12 22:30,KXBTC15M-26JUL121830-30,63773.92,0,odds 42c not above 60c,yes,,63797.38,3.68,0,0,0.00,0.00,0.00,0.00,0.00,
2026-07-12 22:45,KXBTC15M-26JUL121845-45,63786.95,1,,no,73,63745.89,6.44,0,6,4.38,0.09,6.00,1.62,1.53,1
2026-07-12 23:00,KXBTC15M-26JUL121900-00,63759.01,0,odds 59c not above 60c,no,,63758.70,0.05,0,0,0.00,0.00,0.00,0.00,0.00,
2026-07-12 23:15,KXBTC15M-26JUL121915-15,63857.69,1,,no,67,63754.61,16.14,0,7,4.69,0.11,7.00,2.31,2.20,1
2026-07-12 23:30,KXBTC15M-26JUL121930-30,63791.02,0,odds 56c not above 60c,yes,,63819.17,4.41,0,0,0.00,0.00,0.00,0.00,0.00,
2026-07-12 23:45,KXBTC15M-26JUL121945-45,63801.40,1,,no,89,63737.12,10.08,0,5,4.45,0.04,5.00,0.55,0.51,1
2026-07-13 00:00,KXBTC15M-26JUL122000-00,63774.20,1,,no,67,63747.98,4.11,0,7,4.69,0.11,7.00,2.31,2.20,1
2026-07-13 00:15,KXBTC15M-26JUL122015-15,63750.65,1,,yes,96,63913.75,25.58,0,5,4.80,0.02,5.00,0.20,0.18,1
2026-07-13 00:30,KXBTC15M-26JUL122030-30,64242.32,0,odds 56c not above 60c,yes,,64256.07,2.14,0,0,0.00,0.00,0.00,0.00,0.00,
2026-07-13 00:45,KXBTC15M-26JUL122045-45,64145.57,1,,no,98,63881.78,41.12,0,5,4.90,0.01,5.00,0.10,0.09,1
2026-07-13 01:00,KXBTC15M-26JUL122100-00,63748.56,1,,yes,97,63933.61,29.03,0,5,4.85,0.02,5.00,0.15,0.13,1
2026-07-13 01:15,KXBTC15M-26JUL122115-15,64029.33,1,,no,92,63849.23,28.13,0,5,4.60,0.03,5.00,0.40,0.37,1
2026-07-13 01:30,KXBTC15M-26JUL122130-30,63832.30,1,,no,79,63734.80,15.27,0,6,4.74,0.07,6.00,1.26,1.19,1
2026-07-13 01:45,KXBTC15M-26JUL122145-45,63687.67,1,,no,79,63658.00,4.66,0,6,4.74,0.07,6.00,1.26,1.19,1
2026-07-13 02:00,KXBTC15M-26JUL122200-00,63664.03,1,,no,90,63539.84,19.51,0,5,4.50,0.04,5.00,0.50,0.46,1
2026-07-13 02:15,KXBTC15M-26JUL122215-15,63391.66,1,,no,87,63219.75,27.12,0,5,4.35,0.04,5.00,0.65,0.61,1
2026-07-13 02:30,KXBTC15M-26JUL122230-30,63389.84,0,odds 16c not above 60c,no,,63376.09,2.17,0,0,0.00,0.00,0.00,0.00,0.00,
2026-07-13 02:45,KXBTC15M-26JUL122245-45,63449.11,0,odds 58c not above 60c,no,,63420.11,4.57,0,0,0.00,0.00,0.00,0.00,0.00,
2026-07-13 03:00,KXBTC15M-26JUL122300-00,63429.78,1,,no,79,63348.02,12.89,0,6,4.74,0.07,6.00,1.26,1.19,1
2026-07-13 03:15,KXBTC15M-26JUL122315-15,63332.95,1,,no,98,63067.99,41.84,0,5,4.90,0.01,5.00,0.10,0.09,1
2026-07-13 03:30,KXBTC15M-26JUL122330-30,62974.44,1,,no,76,62860.78,18.05,0,6,4.56,0.08,0.00,-4.56,-4.64,0
2026-07-13 03:45,KXBTC15M-26JUL122345-45,63030.46,1,,no,98,62801.97,36.25,0,5,4.90,0.01,5.00,0.10,0.09,1
2026-07-13 04:00,KXBTC15M-26JUL130000-00,62784.78,1,,no,70,62755.42,4.68,0,7,4.90,0.11,7.00,2.10,1.99,1
2026-07-13 04:15,KXBTC15M-26JUL130015-15,62773.51,0,odds 57c not above 60c,no,,62750.71,3.63,0,0,0.00,0.00,0.00,0.00,0.00,
2026-07-13 04:30,KXBTC15M-26JUL130030-30,62771.37,1,,yes,90,62818.47,7.50,0,5,4.50,0.04,5.00,0.50,0.46,1
2026-07-13 04:45,KXBTC15M-26JUL130045-45,62830.31,1,,no,97,62698.99,20.90,0,5,4.85,0.02,5.00,0.15,0.13,1
2026-07-13 05:00,KXBTC15M-26JUL130100-00,62681.02,1,,yes,81,62700.92,3.17,0,6,4.86,0.07,0.00,-4.86,-4.93,0
2026-07-13 05:15,KXBTC15M-26JUL130115-15,62654.78,1,,yes,90,62736.69,13.07,0,5,4.50,0.04,5.00,0.50,0.46,1
2026-07-13 05:30,KXBTC15M-26JUL130130-30,62782.18,1,,no,61,62631.51,24.00,0,8,4.88,0.14,8.00,3.12,2.98,1
2026-07-13 05:45,KXBTC15M-26JUL130145-45,62593.55,1,,yes,97,62746.33,24.41,0,5,4.85,0.02,5.00,0.15,0.13,1
2026-07-13 06:00,KXBTC15M-26JUL130200-00,62758.18,0,odds 49c not above 60c,no,,62739.05,3.05,0,0,0.00,0.00,0.00,0.00,0.00,
2026-07-13 06:15,KXBTC15M-26JUL130215-15,62736.25,1,,yes,86,62776.72,6.45,0,5,4.30,0.05,0.00,-4.30,-4.35,0
2026-07-13 06:30,KXBTC15M-26JUL130230-30,62700.22,0,odds 53c not above 60c,no,,62675.42,3.96,0,0,0.00,0.00,0.00,0.00,0.00,
2026-07-13 06:45,KXBTC15M-26JUL130245-45,62784.65,1,,no,82,62749.67,5.57,0,6,4.92,0.07,0.00,-4.92,-4.99,0
2026-07-13 07:00,KXBTC15M-26JUL130300-00,62794.02,0,odds 59c not above 60c,no,,62750.13,6.99,0,0,0.00,0.00,0.00,0.00,0.00,
2026-07-13 07:15,KXBTC15M-26JUL130315-15,62753.33,0,odds 57c not above 60c,yes,,62776.87,3.75,0,0,0.00,0.00,0.00,0.00,0.00,
2026-07-13 07:30,KXBTC15M-26JUL130330-30,62816.00,0,odds 49c not above 60c,yes,,62853.76,6.01,0,0,0.00,0.00,0.00,0.00,0.00,
2026-07-13 07:45,KXBTC15M-26JUL130345-45,62926.76,1,,yes,75,62964.75,6.04,0,6,4.50,0.08,6.00,1.50,1.42,1
2026-07-13 08:00,KXBTC15M-26JUL130400-00,62937.94,0,odds 58c not above 60c,no,,62933.50,0.71,0,0,0.00,0.00,0.00,0.00,0.00,
2026-07-13 08:15,KXBTC15M-26JUL130415-15,62959.91,0,odds 36c not above 60c,no,,62929.38,4.85,0,0,0.00,0.00,0.00,0.00,0.00,
2026-07-13 08:30,KXBTC15M-26JUL130430-30,62982.09,1,,no,79,62933.15,7.77,0,6,4.74,0.07,0.00,-4.74,-4.81,0
2026-07-13 08:45,KXBTC15M-26JUL130445-45,63026.05,1,,no,72,62935.39,14.38,0,6,4.32,0.09,0.00,-4.32,-4.41,0
2026-07-13 09:00,KXBTC15M-26JUL130500-00,63053.80,1,,yes,86,63136.51,13.12,0,5,4.30,0.05,5.00,0.70,0.65,1
2026-07-13 09:15,KXBTC15M-26JUL130515-15,63145.25,1,,no,77,63071.89,11.62,0,6,4.62,0.08,6.00,1.38,1.30,1
2026-07-13 09:30,KXBTC15M-26JUL130530-30,63099.89,1,,no,79,63059.49,6.40,0,6,4.74,0.07,6.00,1.26,1.19,1
2026-07-13 09:45,KXBTC15M-26JUL130545-45,63049.34,0,odds 60c not above 60c,yes,,63056.84,1.19,0,0,0.00,0.00,0.00,0.00,0.00,
2026-07-13 10:00,KXBTC15M-26JUL130600-00,63050.41,0,odds 55c not above 60c,no,,63033.00,2.76,0,0,0.00,0.00,0.00,0.00,0.00,
2026-07-13 10:15,KXBTC15M-26JUL130615-15,63048.80,1,,no,69,63016.73,5.09,0,7,4.83,0.11,7.00,2.17,2.06,1
2026-07-13 10:30,KXBTC15M-26JUL130630-30,63027.81,1,,yes,62,63029.07,0.20,0,8,4.96,0.14,0.00,-4.96,-5.10,0
2026-07-13 10:45,KXBTC15M-26JUL130645-45,63025.94,0,odds 25c not above 60c,no,,63025.16,0.12,0,0,0.00,0.00,0.00,0.00,0.00,
2026-07-13 11:00,KXBTC15M-26JUL130700-00,62880.87,0,odds 43c not above 60c,no,,62879.89,0.16,0,0,0.00,0.00,0.00,0.00,0.00,
2026-07-13 11:15,KXBTC15M-26JUL130715-15,62811.81,1,,yes,97,63021.86,33.44,0,5,4.85,0.02,5.00,0.15,0.13,1
2026-07-13 11:30,KXBTC15M-26JUL130730-30,63032.83,1,,no,73,62965.00,10.76,0,6,4.38,0.09,6.00,1.62,1.53,1
2026-07-13 11:45,KXBTC15M-26JUL130745-45,62971.63,1,,no,85,62943.97,4.39,0,5,4.25,0.05,5.00,0.75,0.70,1
2026-07-13 12:00,KXBTC15M-26JUL130800-00,62915.31,1,,no,82,62851.81,10.09,0,6,4.92,0.07,6.00,1.08,1.01,1
2026-07-13 12:15,KXBTC15M-26JUL130815-15,62851.93,0,odds 60c not above 60c,no,,62784.01,10.81,0,0,0.00,0.00,0.00,0.00,0.00,
2026-07-13 12:30,KXBTC15M-26JUL130830-30,62809.02,1,,no,82,62703.15,16.86,0,6,4.92,0.07,6.00,1.08,1.01,1
2026-07-13 12:45,KXBTC15M-26JUL130845-45,62700.73,1,,no,97,62548.41,24.29,0,5,4.85,0.02,5.00,0.15,0.13,1
2026-07-13 13:00,KXBTC15M-26JUL130900-00,62558.19,0,odds 42c not above 60c,no,,62532.83,4.05,0,0,0.00,0.00,0.00,0.00,0.00,
2026-07-13 13:15,KXBTC15M-26JUL130915-15,62571.68,0,odds 42c not above 60c,no,,62559.55,1.94,0,0,0.00,0.00,0.00,0.00,0.00,
2026-07-13 13:30,KXBTC15M-26JUL130930-30,62466.33,1,,no,76,62461.11,0.84,0,6,4.56,0.08,0.00,-4.56,-4.64,0
2026-07-13 13:45,KXBTC15M-26JUL130945-45,62487.52,1,,yes,86,62555.43,10.87,0,5,4.30,0.05,0.00,-4.30,-4.35,0
2026-07-13 14:00,KXBTC15M-26JUL131000-00,62254.05,1,,no,76,62158.42,15.36,0,6,4.56,0.08,0.00,-4.56,-4.64,0
2026-07-13 14:15,KXBTC15M-26JUL131015-15,62265.63,0,odds 59c not above 60c,no,,62227.31,6.15,0,0,0.00,0.00,0.00,0.00,0.00,
2026-07-13 14:30,KXBTC15M-26JUL131030-30,62351.21,0,odds 33c not above 60c,yes,,62375.25,3.86,0,0,0.00,0.00,0.00,0.00,0.00,
2026-07-13 14:45,KXBTC15M-26JUL131045-45,62501.47,1,,no,77,62487.44,2.24,0,6,4.62,0.08,0.00,-4.62,-4.70,0
2026-07-13 15:00,KXBTC15M-26JUL131100-00,62531.33,1,,yes,71,62605.78,11.91,0,7,4.97,0.11,7.00,2.03,1.92,1
2026-07-13 15:15,KXBTC15M-26JUL131115-15,62719.81,1,,no,62,62656.65,10.07,0,8,4.96,0.14,0.00,-4.96,-5.10,0
2026-07-13 15:30,KXBTC15M-26JUL131130-30,62737.69,1,,yes,76,62808.09,11.22,0,6,4.56,0.08,6.00,1.44,1.36,1
2026-07-13 15:45,KXBTC15M-26JUL131145-45,62754.67,1,,no,92,62588.00,26.56,0,5,4.60,0.03,5.00,0.40,0.37,1
2026-07-13 16:00,KXBTC15M-26JUL131200-00,62571.14,1,,no,64,62555.14,2.56,0,7,4.48,0.12,7.00,2.52,2.40,1
2026-07-13 16:15,KXBTC15M-26JUL131215-15,62547.44,1,,no,81,62483.78,10.18,0,6,4.86,0.07,6.00,1.14,1.07,1
2026-07-13 16:30,KXBTC15M-26JUL131230-30,62470.57,1,,no,96,62243.94,36.28,0,5,4.80,0.02,5.00,0.20,0.18,1
2026-07-13 16:45,KXBTC15M-26JUL131245-45,62272.01,1,,no,95,62166.98,16.87,0,5,4.75,0.02,0.00,-4.75,-4.77,0
2026-07-13 17:00,KXBTC15M-26JUL131300-00,62308.15,1,,no,78,62252.10,9.00,0,6,4.68,0.08,6.00,1.32,1.24,1
2026-07-13 17:15,KXBTC15M-26JUL131315-15,62200.96,1,,yes,83,62224.33,3.76,0,6,4.98,0.06,6.00,1.02,0.96,1
2026-07-13 17:30,KXBTC15M-26JUL131330-30,62244.75,1,,no,86,62159.94,13.63,0,5,4.30,0.05,5.00,0.70,0.65,1
2026-07-13 17:45,KXBTC15M-26JUL131345-45,62117.58,1,,no,92,61961.20,25.17,0,5,4.60,0.03,5.00,0.40,0.37,1
2026-07-13 18:00,KXBTC15M-26JUL131400-00,62031.85,1,,no,82,61937.69,15.18,0,6,4.92,0.07,6.00,1.08,1.01,1
2026-07-13 18:15,KXBTC15M-26JUL131415-15,61865.90,1,,yes,90,61946.21,12.98,0,5,4.50,0.04,5.00,0.50,0.46,1
2026-07-13 18:30,KXBTC15M-26JUL131430-30,61868.18,0,odds 14c not above 60c,yes,,61889.59,3.46,0,0,0.00,0.00,0.00,0.00,0.00,
2026-07-13 18:45,KXBTC15M-26JUL131445-45,61863.66,1,,yes,65,61896.46,5.30,0,7,4.55,0.12,7.00,2.45,2.33,1
2026-07-13 19:00,KXBTC15M-26JUL131500-00,61925.91,1,,yes,85,62009.42,13.49,0,5,4.25,0.05,5.00,0.75,0.70,1
2026-07-13 19:15,KXBTC15M-26JUL131515-15,61953.71,0,odds 46c not above 60c,yes,,61963.60,1.60,0,0,0.00,0.00,0.00,0.00,0.00,
2026-07-13 19:30,KXBTC15M-26JUL131530-30,62016.57,1,,no,90,61950.60,10.64,0,5,4.50,0.04,5.00,0.50,0.46,1
2026-07-13 19:45,KXBTC15M-26JUL131545-45,61955.57,1,,yes,94,62044.40,14.34,0,5,4.70,0.02,5.00,0.30,0.28,1
2026-07-13 20:00,KXBTC15M-26JUL131600-00,62098.32,1,,yes,91,62170.06,11.55,0,5,4.55,0.03,5.00,0.45,0.42,1
2026-07-13 20:15,KXBTC15M-26JUL131615-15,62215.07,1,,no,68,62179.98,5.64,0,7,4.76,0.11,7.00,2.24,2.13,1
2026-07-13 20:30,KXBTC15M-26JUL131630-30,62160.36,1,,no,84,62105.10,8.89,0,5,4.20,0.05,5.00,0.80,0.75,1
2026-07-13 20:45,KXBTC15M-26JUL131645-45,62154.01,1,,yes,74,62168.46,2.32,0,6,4.44,0.09,0.00,-4.44,-4.53,0
2026-07-13 21:00,KXBTC15M-26JUL131700-00,62144.79,1,,no,92,62083.99,9.78,0,5,4.60,0.03,0.00,-4.60,-4.63,0
2026-07-13 21:15,KXBTC15M-26JUL131715-15,62148.48,1,,no,71,62121.89,4.28,0,7,4.97,0.11,7.00,2.03,1.92,1
2026-07-13 21:30,KXBTC15M-26JUL131730-30,62031.83,1,,yes,84,62078.99,7.60,0,5,4.20,0.05,0.00,-4.20,-4.25,0
2026-07-13 21:45,KXBTC15M-26JUL131745-45,61971.31,1,,no,76,61895.00,12.31,0,6,4.56,0.08,6.00,1.44,1.36,1
2026-07-13 22:00,KXBTC15M-26JUL131800-00,61900.99,1,,yes,85,61998.66,15.78,0,5,4.25,0.05,5.00,0.75,0.70,1
2026-07-13 22:15,KXBTC15M-26JUL131815-15,62033.26,1,,yes,80,62116.00,13.34,0,6,4.80,0.07,6.00,1.20,1.13,1
2026-07-13 22:30,KXBTC15M-26JUL131830-30,62120.62,0,odds 43c not above 60c,no,,62091.88,4.63,0,0,0.00,0.00,0.00,0.00,0.00,
2026-07-13 22:45,KXBTC15M-26JUL131845-45,62103.30,1,,no,86,62041.67,9.92,0,5,4.30,0.05,5.00,0.70,0.65,1
2026-07-13 23:00,KXBTC15M-26JUL131900-00,62002.14,1,,no,81,61915.99,13.89,0,6,4.86,0.07,6.00,1.14,1.07,1
2026-07-13 23:15,KXBTC15M-26JUL131915-15,61862.33,1,,yes,84,61934.57,11.68,0,5,4.20,0.05,5.00,0.80,0.75,1
2026-07-13 23:30,KXBTC15M-26JUL131930-30,61986.29,1,,yes,94,62104.10,19.01,0,5,4.70,0.02,5.00,0.30,0.28,1
2026-07-13 23:45,KXBTC15M-26JUL131945-45,62103.22,1,,no,70,62062.46,6.56,0,7,4.90,0.11,7.00,2.10,1.99,1
2026-07-14 00:00,KXBTC15M-26JUL132000-00,62041.03,1,,yes,97,62180.57,22.49,0,5,4.85,0.02,5.00,0.15,0.13,1
2026-07-14 00:15,KXBTC15M-26JUL132015-15,62260.58,1,,no,69,62222.46,6.12,0,7,4.83,0.11,0.00,-4.83,-4.94,0
2026-07-14 00:30,KXBTC15M-26JUL132030-30,62389.80,1,,no,86,62284.84,16.82,0,5,4.30,0.05,5.00,0.70,0.65,1
2026-07-14 00:45,KXBTC15M-26JUL132045-45,62301.36,0,odds 51c not above 60c,yes,,62305.05,0.59,0,0,0.00,0.00,0.00,0.00,0.00,
2026-07-14 01:00,KXBTC15M-26JUL132100-00,62237.44,1,,yes,87,62321.99,13.59,0,5,4.35,0.04,5.00,0.65,0.61,1
2026-07-14 01:15,KXBTC15M-26JUL132115-15,62486.51,1,,no,83,62413.52,11.68,0,6,4.98,0.06,6.00,1.02,0.96,1
2026-07-14 01:30,KXBTC15M-26JUL132130-30,62431.15,1,,yes,87,62508.00,12.31,0,5,4.35,0.04,5.00,0.65,0.61,1
2026-07-14 01:45,KXBTC15M-26JUL132145-45,62455.71,0,odds 51c not above 60c,no,,62421.93,5.41,0,0,0.00,0.00,0.00,0.00,0.00,
2026-07-14 02:00,KXBTC15M-26JUL132200-00,62433.03,1,,yes,79,62452.60,3.13,0,6,4.74,0.07,6.00,1.26,1.19,1
2026-07-14 02:15,KXBTC15M-26JUL132215-15,62469.24,1,,yes,80,62544.58,12.06,0,6,4.80,0.07,0.00,-4.80,-4.87,0
2026-07-14 02:30,KXBTC15M-26JUL132230-30,62437.33,1,,no,88,62340.79,15.46,0,5,4.40,0.04,5.00,0.60,0.56,1
2026-07-14 02:45,KXBTC15M-26JUL132245-45,62296.73,1,,yes,95,62407.77,17.82,0,5,4.75,0.02,5.00,0.25,0.23,1
2026-07-14 03:00,KXBTC15M-26JUL132300-00,62519.49,1,,no,68,62469.21,8.04,0,7,4.76,0.11,7.00,2.24,2.13,1
2026-07-14 03:15,KXBTC15M-26JUL132315-15,62479.70,1,,no,86,62427.38,8.37,0,5,4.30,0.05,5.00,0.70,0.65,1
2026-07-14 03:30,KXBTC15M-26JUL132330-30,62317.22,1,,no,81,62315.38,0.30,0,6,4.86,0.07,0.00,-4.86,-4.93,0
2026-07-14 03:45,KXBTC15M-26JUL132345-45,62386.42,1,,yes,88,62426.36,6.40,0,5,4.40,0.04,5.00,0.60,0.56,1
2026-07-14 04:00,KXBTC15M-26JUL140000-00,62411.32,1,,yes,93,62483.68,11.59,0,5,4.65,0.03,5.00,0.35,0.32,1
2026-07-14 04:15,KXBTC15M-26JUL140015-15,62506.71,1,,yes,61,62507.97,0.20,0,8,4.88,0.14,8.00,3.12,2.98,1
2026-07-14 04:30,KXBTC15M-26JUL140030-30,62509.40,1,,yes,84,62570.14,9.72,0,5,4.20,0.05,5.00,0.80,0.75,1
2026-07-14 04:45,KXBTC15M-26JUL140045-45,62580.32,1,,yes,95,62682.96,16.40,0,5,4.75,0.02,5.00,0.25,0.23,1
2026-07-14 05:00,KXBTC15M-26JUL140100-00,62651.39,0,odds 53c not above 60c,no,,62626.62,3.95,0,0,0.00,0.00,0.00,0.00,0.00,
2026-07-14 05:15,KXBTC15M-26JUL140115-15,62681.04,1,,yes,77,62752.85,11.46,0,6,4.62,0.08,6.00,1.38,1.30,1
2026-07-14 05:30,KXBTC15M-26JUL140130-30,62766.81,0,odds 36c not above 60c,yes,,62796.04,4.66,0,0,0.00,0.00,0.00,0.00,0.00,
2026-07-14 05:45,KXBTC15M-26JUL140145-45,62779.12,1,,no,89,62690.48,14.12,0,5,4.45,0.04,5.00,0.55,0.51,1
2026-07-14 06:00,KXBTC15M-26JUL140200-00,62682.67,1,,no,80,62652.87,4.75,0,6,4.80,0.07,6.00,1.20,1.13,1
2026-07-14 06:15,KXBTC15M-26JUL140215-15,62641.09,1,,no,82,62589.02,8.31,0,6,4.92,0.07,6.00,1.08,1.01,1
2026-07-14 06:30,KXBTC15M-26JUL140230-30,62625.52,1,,no,71,62608.85,2.66,0,7,4.97,0.11,7.00,2.03,1.92,1
2026-07-14 06:45,KXBTC15M-26JUL140245-45,62616.46,1,,yes,68,62620.03,0.57,0,7,4.76,0.11,7.00,2.24,2.13,1
2026-07-14 07:00,KXBTC15M-26JUL140300-00,62616.74,1,,no,72,62573.92,6.84,0,6,4.32,0.09,6.00,1.68,1.59,1
2026-07-14 07:15,KXBTC15M-26JUL140315-15,62544.23,1,,no,62,62536.32,1.26,0,8,4.96,0.14,8.00,3.04,2.90,1
2026-07-14 07:30,KXBTC15M-26JUL140330-30,62500.54,0,odds 60c not above 60c,yes,,62513.12,2.01,0,0,0.00,0.00,0.00,0.00,0.00,
2026-07-14 07:45,KXBTC15M-26JUL140345-45,62558.93,1,,no,80,62514.42,7.11,0,6,4.80,0.07,6.00,1.20,1.13,1
2026-07-14 08:00,KXBTC15M-26JUL140400-00,62494.26,0,odds 54c not above 60c,no,,62492.14,0.34,0,0,0.00,0.00,0.00,0.00,0.00,
2026-07-14 08:15,KXBTC15M-26JUL140415-15,62476.86,1,,no,66,62430.56,7.41,0,7,4.62,0.11,7.00,2.38,2.27,1
2026-07-14 08:30,KXBTC15M-26JUL140430-30,62460.74,1,,yes,78,62497.44,5.88,0,6,4.68,0.08,6.00,1.32,1.24,1
2026-07-14 08:45,KXBTC15M-26JUL140445-45,62583.01,1,,yes,78,62669.68,13.85,0,6,4.68,0.08,6.00,1.32,1.24,1
2026-07-14 09:00,KXBTC15M-26JUL140500-00,62700.92,1,,no,94,62625.18,12.08,0,5,4.70,0.02,5.00,0.30,0.28,1
2026-07-14 09:15,KXBTC15M-26JUL140515-15,62627.92,1,,no,72,62600.35,4.40,0,6,4.32,0.09,6.00,1.68,1.59,1
2026-07-14 09:30,KXBTC15M-26JUL140530-30,62618.20,0,odds 57c not above 60c,no,,62582.80,5.65,0,0,0.00,0.00,0.00,0.00,0.00,
2026-07-14 09:45,KXBTC15M-26JUL140545-45,62611.51,1,,no,98,62479.02,21.16,0,5,4.90,0.01,5.00,0.10,0.09,1
2026-07-14 10:00,KXBTC15M-26JUL140600-00,62508.17,0,odds 58c not above 60c,no,,62507.92,0.04,0,0,0.00,0.00,0.00,0.00,0.00,
2026-07-14 10:15,KXBTC15M-26JUL140615-15,62560.26,1,,yes,95,62621.35,9.76,0,5,4.75,0.02,5.00,0.25,0.23,1
2026-07-14 10:30,KXBTC15M-26JUL140630-30,62648.47,1,,no,84,62611.52,5.90,0,5,4.20,0.05,5.00,0.80,0.75,1
2026-07-14 10:45,KXBTC15M-26JUL140645-45,62600.16,1,,yes,81,62641.97,6.68,0,6,4.86,0.07,6.00,1.14,1.07,1
2026-07-14 11:00,KXBTC15M-26JUL140700-00,62711.87,1,,yes,75,62737.99,4.17,0,6,4.50,0.08,6.00,1.50,1.42,1
2026-07-14 11:15,KXBTC15M-26JUL140715-15,62748.92,1,,no,92,62642.86,16.90,0,5,4.60,0.03,5.00,0.40,0.37,1
2026-07-14 11:30,KXBTC15M-26JUL140730-30,62704.75,0,odds 56c not above 60c,no,,62700.97,0.60,0,0,0.00,0.00,0.00,0.00,0.00,
2026-07-14 11:45,KXBTC15M-26JUL140745-45,62796.38,0,odds 57c not above 60c,no,,62751.35,7.17,0,0,0.00,0.00,0.00,0.00,0.00,
2026-07-14 12:00,KXBTC15M-26JUL140800-00,62795.32,1,,yes,68,62809.99,2.34,0,7,4.76,0.11,0.00,-4.76,-4.87,0
2026-07-14 12:15,KXBTC15M-26JUL140815-15,62777.51,1,,no,84,62722.46,8.77,0,5,4.20,0.05,5.00,0.80,0.75,1
2026-07-14 12:30,KXBTC15M-26JUL140830-30,62775.24,1,,yes,97,62901.99,20.19,0,5,4.85,0.02,5.00,0.15,0.13,1
2026-07-14 12:45,KXBTC15M-26JUL140845-45,62869.03,1,,yes,99,63467.10,95.13,0,5,4.95,0.01,5.00,0.05,0.04,1
2026-07-14 13:00,KXBTC15M-26JUL140900-00,63507.36,1,,yes,97,63801.01,46.24,0,5,4.85,0.02,5.00,0.15,0.13,1
2026-07-14 13:15,KXBTC15M-26JUL140915-15,63876.45,1,,no,77,63752.49,19.41,0,6,4.62,0.08,6.00,1.38,1.30,1
2026-07-14 13:30,KXBTC15M-26JUL140930-30,63725.07,1,,yes,98,64048.58,50.77,0,5,4.90,0.01,5.00,0.10,0.09,1
2026-07-14 13:45,KXBTC15M-26JUL140945-45,63891.38,1,,no,76,63868.81,3.53,0,6,4.56,0.08,6.00,1.44,1.36,1
2026-07-14 14:00,KXBTC15M-26JUL141000-00,63684.27,1,,yes,62,63825.48,22.17,0,8,4.96,0.14,8.00,3.04,2.90,1
2026-07-14 14:15,KXBTC15M-26JUL141015-15,63778.71,1,,no,86,63663.96,17.99,0,5,4.30,0.05,5.00,0.70,0.65,1
2026-07-14 14:30,KXBTC15M-26JUL141030-30,63772.44,0,odds 46c not above 60c,no,,63767.02,0.85,0,0,0.00,0.00,0.00,0.00,0.00,
2026-07-14 14:45,KXBTC15M-26JUL141045-45,63817.61,1,,yes,85,63970.24,23.92,0,5,4.25,0.05,5.00,0.75,0.70,1
2026-07-14 15:00,KXBTC15M-26JUL141100-00,63949.67,1,,yes,63,63987.98,5.99,0,7,4.41,0.12,7.00,2.59,2.47,1
2026-07-14 15:15,KXBTC15M-26JUL141115-15,64131.59,0,odds 58c not above 60c,yes,,64278.55,22.92,0,0,0.00,0.00,0.00,0.00,0.00,
2026-07-14 15:30,KXBTC15M-26JUL141130-30,64158.99,1,,yes,91,64243.78,13.22,0,5,4.55,0.03,5.00,0.45,0.42,1
2026-07-14 15:45,KXBTC15M-26JUL141145-45,64458.85,1,,yes,98,64727.51,41.68,0,5,4.90,0.01,5.00,0.10,0.09,1
2026-07-14 16:00,KXBTC15M-26JUL141200-00,64740.48,1,,no,86,64592.11,22.92,0,5,4.30,0.05,5.00,0.70,0.65,1
2026-07-14 16:15,KXBTC15M-26JUL141215-15,64703.55,1,,yes,65,64784.91,12.57,0,7,4.55,0.12,7.00,2.45,2.33,1
2026-07-14 16:30,KXBTC15M-26JUL141230-30,64705.21,0,odds 50c not above 60c,yes,,64709.11,0.60,0,0,0.00,0.00,0.00,0.00,0.00,
2026-07-14 16:45,KXBTC15M-26JUL141245-45,64802.35,0,odds 52c not above 60c,yes,,64832.33,4.63,0,0,0.00,0.00,0.00,0.00,0.00,
2026-07-14 17:00,KXBTC15M-26JUL141300-00,64781.32,0,odds 30c not above 60c,no,,64749.60,4.90,0,0,0.00,0.00,0.00,0.00,0.00,
2026-07-14 17:15,KXBTC15M-26JUL141315-15,64697.51,1,,no,92,64540.85,24.21,0,5,4.60,0.03,5.00,0.40,0.37,1
2026-07-14 17:30,KXBTC15M-26JUL141330-30,64564.77,1,,no,96,64453.10,17.30,0,5,4.80,0.02,5.00,0.20,0.18,1
2026-07-14 17:45,KXBTC15M-26JUL141345-45,64512.60,1,,no,88,64432.03,12.49,0,5,4.40,0.04,5.00,0.60,0.56,1
2026-07-14 18:00,KXBTC15M-26JUL141400-00,64473.19,1,,yes,91,64584.02,17.19,0,5,4.55,0.03,5.00,0.45,0.42,1
2026-07-14 18:15,KXBTC15M-26JUL141415-15,64598.44,1,,no,89,64498.36,15.49,0,5,4.45,0.04,5.00,0.55,0.51,1
2026-07-14 18:30,KXBTC15M-26JUL141430-30,64467.40,0,odds 36c not above 60c,no,,64466.23,0.18,0,0,0.00,0.00,0.00,0.00,0.00,
2026-07-14 18:45,KXBTC15M-26JUL141445-45,64496.90,1,,yes,71,64586.97,13.97,0,7,4.97,0.11,7.00,2.03,1.92,1
2026-07-14 19:00,KXBTC15M-26JUL141500-00,64538.38,0,odds 56c not above 60c,no,,64534.14,0.66,0,0,0.00,0.00,0.00,0.00,0.00,
2026-07-14 19:15,KXBTC15M-26JUL141515-15,64535.22,0,odds 55c not above 60c,yes,,64536.82,0.25,0,0,0.00,0.00,0.00,0.00,0.00,
2026-07-14 19:30,KXBTC15M-26JUL141530-30,64600.09,1,,yes,73,64605.68,0.87,0,6,4.38,0.09,0.00,-4.38,-4.47,0
2026-07-14 19:45,KXBTC15M-26JUL141545-45,64559.31,1,,no,94,64451.52,16.70,0,5,4.70,0.02,5.00,0.30,0.28,1
2026-07-14 20:00,KXBTC15M-26JUL141600-00,64505.36,1,,yes,96,64596.54,14.14,0,5,4.80,0.02,5.00,0.20,0.18,1
2026-07-14 20:15,KXBTC15M-26JUL141615-15,64553.72,1,,no,96,64445.13,16.82,0,5,4.80,0.02,5.00,0.20,0.18,1
2026-07-14 20:30,KXBTC15M-26JUL141630-30,64439.99,0,odds 47c not above 60c,no,,64414.89,3.90,0,0,0.00,0.00,0.00,0.00,0.00,
2026-07-14 20:45,KXBTC15M-26JUL141645-45,64409.05,1,,no,64,64386.27,3.54,0,7,4.48,0.12,0.00,-4.48,-4.60,0
2026-07-14 21:00,KXBTC15M-26JUL141700-00,64418.33,0,odds 45c not above 60c,no,,64413.79,0.70,0,0,0.00,0.00,0.00,0.00,0.00,
2026-07-14 21:15,KXBTC15M-26JUL141715-15,64531.37,0,odds 55c not above 60c,yes,,64551.59,3.13,0,0,0.00,0.00,0.00,0.00,0.00,
2026-07-14 21:30,KXBTC15M-26JUL141730-30,64567.48,1,,yes,76,64588.92,3.32,0,6,4.56,0.08,6.00,1.44,1.36,1
2026-07-14 21:45,KXBTC15M-26JUL141745-45,64619.62,1,,yes,76,64635.72,2.49,0,6,4.56,0.08,6.00,1.44,1.36,1
2026-07-14 22:00,KXBTC15M-26JUL141800-00,64701.54,1,,no,94,64609.73,14.19,0,5,4.70,0.02,5.00,0.30,0.28,1
2026-07-14 22:15,KXBTC15M-26JUL141815-15,64635.97,1,,no,86,64552.90,12.85,0,5,4.30,0.05,5.00,0.70,0.65,1
2026-07-14 22:30,KXBTC15M-26JUL141830-30,64493.72,1,,yes,98,64852.09,55.57,0,5,4.90,0.01,5.00,0.10,0.09,1
2026-07-14 22:45,KXBTC15M-26JUL141845-45,64916.78,1,,yes,76,64947.90,4.79,0,6,4.56,0.08,0.00,-4.56,-4.64,0
2026-07-14 23:00,KXBTC15M-26JUL141900-00,64885.01,0,odds 33c not above 60c,yes,,64895.17,1.57,0,0,0.00,0.00,0.00,0.00,0.00,
2026-07-14 23:15,KXBTC15M-26JUL141915-15,64830.96,0,odds 41c not above 60c,yes,,64882.07,7.88,0,0,0.00,0.00,0.00,0.00,0.00,
2026-07-14 23:30,KXBTC15M-26JUL141930-30,64978.45,1,,no,96,64854.03,19.15,0,5,4.80,0.02,5.00,0.20,0.18,1
2026-07-14 23:45,KXBTC15M-26JUL141945-45,64863.10,1,,yes,94,64929.91,10.30,0,5,4.70,0.02,5.00,0.30,0.28,1
2026-07-15 00:00,KXBTC15M-26JUL142000-00,64957.88,1,,yes,62,64967.14,1.43,0,8,4.96,0.14,8.00,3.04,2.90,1
2026-07-15 00:15,KXBTC15M-26JUL142015-15,64970.52,0,odds 50c not above 60c,no,,64935.33,5.42,0,0,0.00,0.00,0.00,0.00,0.00,
2026-07-15 00:30,KXBTC15M-26JUL142030-30,64881.96,1,,no,90,64826.88,8.49,0,5,4.50,0.04,5.00,0.50,0.46,1
2026-07-15 00:45,KXBTC15M-26JUL142045-45,64833.99,1,,no,90,64760.19,11.38,0,5,4.50,0.04,5.00,0.50,0.46,1
2026-07-15 01:00,KXBTC15M-26JUL142100-00,64738.39,1,,yes,80,64766.71,4.37,0,6,4.80,0.07,6.00,1.20,1.13,1
2026-07-15 01:15,KXBTC15M-26JUL142115-15,64788.43,1,,no,93,64704.67,12.93,0,5,4.65,0.03,5.00,0.35,0.32,1
2026-07-15 01:30,KXBTC15M-26JUL142130-30,64701.74,0,odds 57c not above 60c,yes,,64747.99,7.15,0,0,0.00,0.00,0.00,0.00,0.00,
2026-07-15 01:45,KXBTC15M-26JUL142145-45,64791.69,1,,no,96,64669.21,18.90,0,5,4.80,0.02,5.00,0.20,0.18,1
2026-07-15 02:00,KXBTC15M-26JUL142200-00,64640.32,1,,no,78,64601.29,6.04,0,6,4.68,0.08,6.00,1.32,1.24,1
2026-07-15 02:15,KXBTC15M-26JUL142215-15,64629.87,0,odds 46c not above 60c,yes,,64643.93,2.18,0,0,0.00,0.00,0.00,0.00,0.00,
2026-07-15 02:30,KXBTC15M-26JUL142230-30,64662.82,1,,no,96,64514.55,22.93,0,5,4.80,0.02,5.00,0.20,0.18,1
2026-07-15 02:45,KXBTC15M-26JUL142245-45,64487.39,0,odds 32c not above 60c,no,,64481.98,0.84,0,0,0.00,0.00,0.00,0.00,0.00,
2026-07-15 03:00,KXBTC15M-26JUL142300-00,64510.33,1,,no,94,64457.81,8.14,0,5,4.70,0.02,5.00,0.30,0.28,1
2026-07-15 03:15,KXBTC15M-26JUL142315-15,64453.05,1,,yes,98,64572.05,18.46,0,5,4.90,0.01,5.00,0.10,0.09,1
2026-07-15 03:30,KXBTC15M-26JUL142330-30,64581.88,1,,no,71,64540.00,6.48,0,7,4.97,0.11,7.00,2.03,1.92,1
2026-07-15 03:45,KXBTC15M-26JUL142345-45,64555.70,1,,yes,92,64624.03,10.58,0,5,4.60,0.03,5.00,0.40,0.37,1
2026-07-15 04:00,KXBTC15M-26JUL150000-00,64653.01,1,,yes,98,64718.11,10.07,0,5,4.90,0.01,5.00,0.10,0.09,1
2026-07-15 04:15,KXBTC15M-26JUL150015-15,64750.01,1,,no,69,64727.48,3.48,0,7,4.83,0.11,0.00,-4.83,-4.94,0
2026-07-15 04:30,KXBTC15M-26JUL150030-30,64785.61,1,,no,84,64749.02,5.65,0,5,4.20,0.05,5.00,0.80,0.75,1
2026-07-15 04:45,KXBTC15M-26JUL150045-45,64731.35,1,,yes,75,64757.10,3.98,0,6,4.50,0.08,6.00,1.50,1.42,1
2026-07-15 05:00,KXBTC15M-26JUL150100-00,64754.96,1,,yes,82,64772.83,2.76,0,6,4.92,0.07,0.00,-4.92,-4.99,0
2026-07-15 05:15,KXBTC15M-26JUL150115-15,64695.48,1,,no,90,64622.00,11.36,0,5,4.50,0.04,5.00,0.50,0.46,1
2026-07-15 05:30,KXBTC15M-26JUL150130-30,64575.71,1,,yes,93,64642.59,10.36,0,5,4.65,0.03,5.00,0.35,0.32,1
2026-07-15 05:45,KXBTC15M-26JUL150145-45,64626.73,1,,yes,93,64687.04,9.33,0,5,4.65,0.03,5.00,0.35,0.32,1
2026-07-15 06:00,KXBTC15M-26JUL150200-00,64658.09,1,,yes,98,64737.90,12.34,0,5,4.90,0.01,5.00,0.10,0.09,1
2026-07-15 06:15,KXBTC15M-26JUL150215-15,64897.53,1,,yes,73,64900.48,0.45,0,6,4.38,0.09,6.00,1.62,1.53,1
2026-07-15 06:30,KXBTC15M-26JUL150230-30,64971.87,0,odds 43c not above 60c,no,,64963.04,1.36,0,0,0.00,0.00,0.00,0.00,0.00,
2026-07-15 06:45,KXBTC15M-26JUL150245-45,64924.22,1,,yes,68,64970.40,7.11,0,7,4.76,0.11,7.00,2.24,2.13,1
2026-07-15 07:00,KXBTC15M-26JUL150300-00,64987.82,1,,no,95,64878.39,16.84,0,5,4.75,0.02,5.00,0.25,0.23,1
2026-07-15 07:15,KXBTC15M-26JUL150315-15,64780.99,1,,no,78,64720.01,9.41,0,6,4.68,0.08,0.00,-4.68,-4.76,0
2026-07-15 07:30,KXBTC15M-26JUL150330-30,64825.03,1,,no,98,64606.74,33.67,0,5,4.90,0.01,5.00,0.10,0.09,1
2026-07-15 07:45,KXBTC15M-26JUL150345-45,64478.11,1,,yes,86,64531.54,8.29,0,5,4.30,0.05,5.00,0.70,0.65,1
2026-07-15 08:00,KXBTC15M-26JUL150400-00,64541.57,0,odds 59c not above 60c,no,,64527.18,2.23,0,0,0.00,0.00,0.00,0.00,0.00,
2026-07-15 08:15,KXBTC15M-26JUL150415-15,64512.33,1,,yes,68,64546.56,5.31,0,7,4.76,0.11,7.00,2.24,2.13,1
2026-07-15 08:30,KXBTC15M-26JUL150430-30,64538.74,0,odds 32c not above 60c,no,,64534.14,0.71,0,0,0.00,0.00,0.00,0.00,0.00,
2026-07-15 08:45,KXBTC15M-26JUL150445-45,64595.96,1,,yes,83,64635.78,6.16,0,6,4.98,0.06,6.00,1.02,0.96,1
2026-07-15 09:00,KXBTC15M-26JUL150500-00,64680.95,1,,yes,76,64712.01,4.80,0,6,4.56,0.08,6.00,1.44,1.36,1
2026-07-15 09:15,KXBTC15M-26JUL150515-15,64720.75,1,,yes,68,64733.79,2.01,0,7,4.76,0.11,7.00,2.24,2.13,1
2026-07-15 09:30,KXBTC15M-26JUL150530-30,64788.12,1,,yes,91,64810.02,3.38,0,5,4.55,0.03,5.00,0.45,0.42,1
2026-07-15 09:45,KXBTC15M-26JUL150545-45,64794.58,1,,no,94,64733.79,9.38,0,5,4.70,0.02,5.00,0.30,0.28,1
2026-07-15 10:00,KXBTC15M-26JUL150600-00,64669.99,1,,no,81,64624.89,6.97,0,6,4.86,0.07,6.00,1.14,1.07,1
2026-07-15 10:15,KXBTC15M-26JUL150615-15,64619.21,1,,yes,98,64770.08,23.35,0,5,4.90,0.01,5.00,0.10,0.09,1
2026-07-15 10:30,KXBTC15M-26JUL150630-30,64762.54,1,,no,96,64617.61,22.38,0,5,4.80,0.02,5.00,0.20,0.18,1
2026-07-15 10:45,KXBTC15M-26JUL150645-45,64590.26,1,,yes,72,64630.96,6.30,0,6,4.32,0.09,6.00,1.68,1.59,1
2026-07-15 11:00,KXBTC15M-26JUL150700-00,64624.40,0,odds 58c not above 60c,no,,64612.17,1.89,0,0,0.00,0.00,0.00,0.00,0.00,
2026-07-15 11:15,KXBTC15M-26JUL150715-15,64608.55,1,,yes,94,64681.99,11.37,0,5,4.70,0.02,5.00,0.30,0.28,1
2026-07-15 11:30,KXBTC15M-26JUL150730-30,64678.74,1,,no,94,64614.00,10.01,0,5,4.70,0.02,5.00,0.30,0.28,1
2026-07-15 11:45,KXBTC15M-26JUL150745-45,64582.09,1,,yes,93,64633.72,7.99,0,5,4.65,0.03,5.00,0.35,0.32,1
2026-07-15 12:00,KXBTC15M-26JUL150800-00,64636.98,1,,yes,87,64663.00,4.03,0,5,4.35,0.04,5.00,0.65,0.61,1
2026-07-15 12:15,KXBTC15M-26JUL150815-15,64689.40,1,,no,90,64617.02,11.19,0,5,4.50,0.04,5.00,0.50,0.46,1
2026-07-15 12:30,KXBTC15M-26JUL150830-30,64639.42,1,,no,87,64587.40,8.05,0,5,4.35,0.04,5.00,0.65,0.61,1
2026-07-15 12:45,KXBTC15M-26JUL150845-45,64626.58,1,,yes,96,64755.57,19.96,0,5,4.80,0.02,5.00,0.20,0.18,1
2026-07-15 13:00,KXBTC15M-26JUL150900-00,64758.38,1,,yes,99,65160.25,62.06,0,5,4.95,0.01,5.00,0.05,0.04,1
2026-07-15 13:15,KXBTC15M-26JUL150915-15,65118.84,1,,yes,99,65292.41,26.65,0,5,4.95,0.01,5.00,0.05,0.04,1
2026-07-15 13:30,KXBTC15M-26JUL150930-30,65318.28,1,,yes,94,65404.01,13.12,0,5,4.70,0.02,0.00,-4.70,-4.72,0
2026-07-15 13:45,KXBTC15M-26JUL150945-45,65265.86,1,,yes,82,65337.77,11.02,0,6,4.92,0.07,6.00,1.08,1.01,1
2026-07-15 14:00,KXBTC15M-26JUL151000-00,65268.05,1,,no,98,64900.29,56.35,0,5,4.90,0.01,5.00,0.10,0.09,1
2026-07-15 14:15,KXBTC15M-26JUL151015-15,65051.15,1,,yes,96,65251.59,30.81,0,5,4.80,0.02,5.00,0.20,0.18,1
2026-07-15 14:30,KXBTC15M-26JUL151030-30,65255.24,0,odds 43c not above 60c,no,,65223.83,4.81,0,0,0.00,0.00,0.00,0.00,0.00,
2026-07-15 14:45,KXBTC15M-26JUL151045-45,65299.63,1,,yes,64,65369.04,10.63,0,7,4.48,0.12,7.00,2.52,2.40,1
2026-07-15 15:00,KXBTC15M-26JUL151100-00,65327.26,1,,yes,75,65390.15,9.63,0,6,4.50,0.08,6.00,1.50,1.42,1
2026-07-15 15:15,KXBTC15M-26JUL151115-15,65346.52,1,,yes,71,65408.16,9.43,0,7,4.97,0.11,7.00,2.03,1.92,1
2026-07-15 15:30,KXBTC15M-26JUL151130-30,65353.64,1,,no,83,65266.28,13.37,0,6,4.98,0.06,0.00,-4.98,-5.04,0
2026-07-15 15:45,KXBTC15M-26JUL151145-45,65362.21,1,,yes,86,65453.00,13.89,0,5,4.30,0.05,5.00,0.70,0.65,1
2026-07-15 16:00,KXBTC15M-26JUL151200-00,65426.33,0,odds 36c not above 60c,no,,65343.32,12.69,0,0,0.00,0.00,0.00,0.00,0.00,
2026-07-15 16:15,KXBTC15M-26JUL151215-15,65376.43,1,,no,97,65128.63,37.90,0,5,4.85,0.02,5.00,0.15,0.13,1
2026-07-15 16:30,KXBTC15M-26JUL151230-30,65067.95,1,,yes,62,65104.64,5.64,0,8,4.96,0.14,8.00,3.04,2.90,1
2026-07-15 16:45,KXBTC15M-26JUL151245-45,65109.88,1,,no,99,64733.79,57.76,0,5,4.95,0.01,5.00,0.05,0.04,1
2026-07-15 17:00,KXBTC15M-26JUL151300-00,64857.43,1,,yes,97,65026.36,26.05,0,5,4.85,0.02,5.00,0.15,0.13,1
2026-07-15 17:15,KXBTC15M-26JUL151315-15,65063.89,1,,no,66,65056.00,1.21,0,7,4.62,0.11,7.00,2.38,2.27,1
2026-07-15 17:30,KXBTC15M-26JUL151330-30,64984.34,1,,yes,69,64991.52,1.10,0,7,4.83,0.11,7.00,2.17,2.06,1
2026-07-15 17:45,KXBTC15M-26JUL151345-45,64989.14,1,,no,70,64964.80,3.75,0,7,4.90,0.11,7.00,2.10,1.99,1
2026-07-15 18:00,KXBTC15M-26JUL151400-00,64986.91,0,odds 45c not above 60c,no,,64981.65,0.81,0,0,0.00,0.00,0.00,0.00,0.00,
2026-07-15 18:15,KXBTC15M-26JUL151415-15,65017.98,1,,no,75,64968.75,7.57,0,6,4.50,0.08,0.00,-4.50,-4.58,0
2026-07-15 18:30,KXBTC15M-26JUL151430-30,65075.89,0,odds 52c not above 60c,no,,65044.33,4.85,0,0,0.00,0.00,0.00,0.00,0.00,
2026-07-15 18:45,KXBTC15M-26JUL151445-45,65007.72,1,,yes,63,65022.17,2.22,0,7,4.41,0.12,0.00,-4.41,-4.53,0
2026-07-15 19:00,KXBTC15M-26JUL151500-00,64953.86,1,,no,74,64861.18,14.27,0,6,4.44,0.09,6.00,1.56,1.47,1
2026-07-15 19:15,KXBTC15M-26JUL151515-15,64814.50,1,,yes,86,64862.20,7.36,0,5,4.30,0.05,5.00,0.70,0.65,1
2026-07-15 19:30,KXBTC15M-26JUL151530-30,64892.94,1,,no,94,64751.93,21.73,0,5,4.70,0.02,5.00,0.30,0.28,1
2026-07-15 19:45,KXBTC15M-26JUL151545-45,64815.86,1,,yes,88,64878.36,9.64,0,5,4.40,0.04,5.00,0.60,0.56,1
2026-07-15 20:00,KXBTC15M-26JUL151600-00,64944.01,1,,no,79,64938.21,0.89,0,6,4.74,0.07,6.00,1.26,1.19,1
2026-07-15 20:15,KXBTC15M-26JUL151615-15,64932.31,0,odds 50c not above 60c,yes,,64937.29,0.77,0,0,0.00,0.00,0.00,0.00,0.00,
2026-07-15 20:30,KXBTC15M-26JUL151630-30,64908.66,1,,yes,92,64951.70,6.63,0,5,4.60,0.03,5.00,0.40,0.37,1
2026-07-15 20:45,KXBTC15M-26JUL151645-45,64967.00,1,,no,62,64950.01,2.62,0,8,4.96,0.14,8.00,3.04,2.90,1
2026-07-15 21:00,KXBTC15M-26JUL151700-00,64966.18,1,,no,80,64940.40,3.97,0,6,4.80,0.07,6.00,1.20,1.13,1
2026-07-15 21:15,KXBTC15M-26JUL151715-15,64936.59,1,,no,70,64916.51,3.09,0,7,4.90,0.11,7.00,2.10,1.99,1
2026-07-15 21:30,KXBTC15M-26JUL151730-30,64868.47,1,,yes,78,64893.05,3.79,0,6,4.68,0.08,0.00,-4.68,-4.76,0
2026-07-15 21:45,KXBTC15M-26JUL151745-45,64839.56,1,,no,80,64757.45,12.66,0,6,4.80,0.07,6.00,1.20,1.13,1
2026-07-15 22:00,KXBTC15M-26JUL151800-00,64779.32,0,odds 49c not above 60c,yes,,64779.48,0.02,0,0,0.00,0.00,0.00,0.00,0.00,
2026-07-15 22:15,KXBTC15M-26JUL151815-15,64784.38,0,odds 43c not above 60c,no,,64775.20,1.42,0,0,0.00,0.00,0.00,0.00,0.00,
2026-07-15 22:30,KXBTC15M-26JUL151830-30,64785.66,0,odds 60c not above 60c,yes,,64794.65,1.39,0,0,0.00,0.00,0.00,0.00,0.00,
2026-07-15 22:45,KXBTC15M-26JUL151845-45,64862.08,0,odds 26c not above 60c,no,,64861.01,0.16,0,0,0.00,0.00,0.00,0.00,0.00,
2026-07-15 23:00,KXBTC15M-26JUL151900-00,64847.97,1,,yes,78,64866.05,2.79,0,6,4.68,0.08,0.00,-4.68,-4.76,0
2026-07-15 23:15,KXBTC15M-26JUL151915-15,64834.98,1,,yes,87,64860.39,3.92,0,5,4.35,0.04,5.00,0.65,0.61,1
2026-07-15 23:30,KXBTC15M-26JUL151930-30,64879.00,0,odds 53c not above 60c,no,,64828.18,7.83,0,0,0.00,0.00,0.00,0.00,0.00,
2026-07-15 23:45,KXBTC15M-26JUL151945-45,64812.68,1,,no,62,64793.50,2.96,0,8,4.96,0.14,8.00,3.04,2.90,1
2026-07-16 00:00,KXBTC15M-26JUL152000-00,64697.83,1,,yes,95,64758.02,9.30,0,5,4.75,0.02,5.00,0.25,0.23,1
2026-07-16 00:15,KXBTC15M-26JUL152015-15,64720.02,1,,yes,71,64724.58,0.70,0,7,4.97,0.11,7.00,2.03,1.92,1
2026-07-16 00:30,KXBTC15M-26JUL152030-30,64788.42,1,,no,94,64641.55,22.67,0,5,4.70,0.02,5.00,0.30,0.28,1
2026-07-16 00:45,KXBTC15M-26JUL152045-45,64549.69,1,,no,85,64480.02,10.79,0,5,4.25,0.05,5.00,0.75,0.70,1
2026-07-16 01:00,KXBTC15M-26JUL152100-00,64485.78,1,,yes,97,64595.64,17.04,0,5,4.85,0.02,5.00,0.15,0.13,1
2026-07-16 01:15,KXBTC15M-26JUL152115-15,64550.91,1,,yes,86,64596.16,7.01,0,5,4.30,0.05,5.00,0.70,0.65,1
2026-07-16 01:30,KXBTC15M-26JUL152130-30,64578.89,1,,no,96,64419.99,24.61,0,5,4.80,0.02,5.00,0.20,0.18,1
2026-07-16 01:45,KXBTC15M-26JUL152145-45,64528.75,1,,yes,94,64613.02,13.06,0,5,4.70,0.02,5.00,0.30,0.28,1
2026-07-16 02:00,KXBTC15M-26JUL152200-00,64576.59,1,,yes,98,64708.39,20.41,0,5,4.90,0.01,5.00,0.10,0.09,1
2026-07-16 02:15,KXBTC15M-26JUL152215-15,64693.22,1,,no,90,64662.89,4.69,0,5,4.50,0.04,5.00,0.50,0.46,1
2026-07-16 02:30,KXBTC15M-26JUL152230-30,64614.64,0,odds 19c not above 60c,yes,,64616.01,0.21,0,0,0.00,0.00,0.00,0.00,0.00,
2026-07-16 02:45,KXBTC15M-26JUL152245-45,64628.05,1,,no,74,64581.62,7.18,0,6,4.44,0.09,6.00,1.56,1.47,1
2026-07-16 03:00,KXBTC15M-26JUL152300-00,64556.77,0,odds 50c not above 60c,yes,,64558.25,0.23,0,0,0.00,0.00,0.00,0.00,0.00,
2026-07-16 03:15,KXBTC15M-26JUL152315-15,64612.23,1,,no,90,64578.92,5.16,0,5,4.50,0.04,0.00,-4.50,-4.54,0
2026-07-16 03:30,KXBTC15M-26JUL152330-30,64659.93,1,,no,92,64579.42,12.45,0,5,4.60,0.03,5.00,0.40,0.37,1
2026-07-16 03:45,KXBTC15M-26JUL152345-45,64644.32,0,odds 46c not above 60c,no,,64632.15,1.88,0,0,0.00,0.00,0.00,0.00,0.00,
2026-07-16 04:00,KXBTC15M-26JUL160000-00,64616.08,1,,no,95,64529.07,13.47,0,5,4.75,0.02,5.00,0.25,0.23,1
2026-07-16 04:15,KXBTC15M-26JUL160015-15,64564.91,0,odds 31c not above 60c,no,,64559.55,0.83,0,0,0.00,0.00,0.00,0.00,0.00,
2026-07-16 04:30,KXBTC15M-26JUL160030-30,64602.01,1,,no,97,64495.20,16.53,0,5,4.85,0.02,5.00,0.15,0.13,1
2026-07-16 04:45,KXBTC15M-26JUL160045-45,64598.40,1,,no,74,64541.88,8.75,0,6,4.44,0.09,6.00,1.56,1.47,1
2026-07-16 05:00,KXBTC15M-26JUL160100-00,64566.67,1,,yes,61,64574.00,1.14,0,8,4.88,0.14,0.00,-4.88,-5.02,0
2026-07-16 05:15,KXBTC15M-26JUL160115-15,64563.59,1,,yes,92,64614.01,7.81,0,5,4.60,0.03,5.00,0.40,0.37,1
2026-07-16 05:30,KXBTC15M-26JUL160130-30,64705.88,1,,yes,94,64851.20,22.46,0,5,4.70,0.02,5.00,0.30,0.28,1
2026-07-16 05:45,KXBTC15M-26JUL160145-45,64875.09,0,odds 39c not above 60c,no,,64858.27,2.59,0,0,0.00,0.00,0.00,0.00,0.00,
2026-07-16 06:00,KXBTC15M-26JUL160200-00,64861.43,1,,no,70,64849.94,1.77,0,7,4.90,0.11,0.00,-4.90,-5.01,0
2026-07-16 06:15,KXBTC15M-26JUL160215-15,64870.69,0,odds 24c not above 60c,yes,,64889.88,2.96,0,0,0.00,0.00,0.00,0.00,0.00,
2026-07-16 06:30,KXBTC15M-26JUL160230-30,64812.99,1,,no,68,64797.76,2.35,0,7,4.76,0.11,7.00,2.24,2.13,1
2026-07-16 06:45,KXBTC15M-26JUL160245-45,64774.09,1,,no,96,64595.99,27.50,0,5,4.80,0.02,5.00,0.20,0.18,1
2026-07-16 09:15,KXBTC15M-26JUL160515-15,64067.71,0,odds 56c not above 60c,no,,64054.27,2.10,0,0,0.00,0.00,0.00,0.00,0.00,
2026-07-16 09:30,KXBTC15M-26JUL160530-30,64089.12,1,,no,79,64030.90,9.08,0,6,4.74,0.07,6.00,1.26,1.19,1
2026-07-16 09:45,KXBTC15M-26JUL160545-45,64002.18,1,,yes,82,64035.81,5.25,0,6,4.92,0.07,6.00,1.08,1.01,1
2026-07-16 10:00,KXBTC15M-26JUL160600-00,64060.97,0,odds 40c not above 60c,no,,63964.39,15.08,0,0,0.00,0.00,0.00,0.00,0.00,
2026-07-16 10:15,KXBTC15M-26JUL160615-15,64033.46,1,,yes,93,64123.99,14.14,0,5,4.65,0.03,5.00,0.35,0.32,1
2026-07-16 10:30,KXBTC15M-26JUL160630-30,64098.96,1,,yes,83,64150.00,7.96,0,6,4.98,0.06,6.00,1.02,0.96,1
2026-07-16 10:45,KXBTC15M-26JUL160645-45,64172.39,1,,no,68,64138.14,5.34,0,7,4.76,0.11,7.00,2.24,2.13,1
2026-07-16 11:00,KXBTC15M-26JUL160700-00,64148.67,0,odds 50c not above 60c,no,,64138.99,1.51,0,0,0.00,0.00,0.00,0.00,0.00,
2026-07-16 11:15,KXBTC15M-26JUL160715-15,64171.26,1,,no,96,64086.31,13.24,0,5,4.80,0.02,5.00,0.20,0.18,1
2026-07-16 11:30,KXBTC15M-26JUL160730-30,64124.80,1,,yes,77,64192.16,10.50,0,6,4.62,0.08,6.00,1.38,1.30,1
2026-07-16 11:45,KXBTC15M-26JUL160745-45,64134.28,0,odds 32c not above 60c,no,,64117.92,2.55,0,0,0.00,0.00,0.00,0.00,0.00,
2026-07-16 12:00,KXBTC15M-26JUL160800-00,64210.94,1,,no,83,64145.24,10.23,0,6,4.98,0.06,6.00,1.02,0.96,1
2026-07-16 12:15,KXBTC15M-26JUL160815-15,64207.87,1,,no,92,64098.32,17.06,0,5,4.60,0.03,5.00,0.40,0.37,1
2026-07-16 12:30,KXBTC15M-26JUL160830-30,64114.27,0,odds 54c not above 60c,yes,,64120.89,1.03,0,0,0.00,0.00,0.00,0.00,0.00,
2026-07-16 12:45,KXBTC15M-26JUL160845-45,64126.58,1,,no,95,63947.98,27.85,0,5,4.75,0.02,5.00,0.25,0.23,1
2026-07-16 13:00,KXBTC15M-26JUL160900-00,63855.68,1,,yes,90,63960.00,16.34,0,5,4.50,0.04,5.00,0.50,0.46,1
2026-07-16 13:15,KXBTC15M-26JUL160915-15,63924.93,1,,yes,77,63964.81,6.24,0,6,4.62,0.08,6.00,1.38,1.30,1
2026-07-16 13:30,KXBTC15M-26JUL160930-30,64049.48,1,,yes,92,64183.21,20.88,0,5,4.60,0.03,5.00,0.40,0.37,1
2026-07-16 13:45,KXBTC15M-26JUL160945-45,64176.08,1,,yes,91,64271.99,14.94,0,5,4.55,0.03,0.00,-4.55,-4.58,0
2026-07-16 14:00,KXBTC15M-26JUL161000-00,64135.22,1,,yes,91,64291.64,24.39,0,5,4.55,0.03,5.00,0.45,0.42,1
2026-07-16 14:15,KXBTC15M-26JUL161015-15,64330.87,1,,yes,92,64560.00,35.62,0,5,4.60,0.03,5.00,0.40,0.37,1
2026-07-16 14:30,KXBTC15M-26JUL161030-30,64571.32,0,odds 44c not above 60c,yes,,64598.19,4.16,0,0,0.00,0.00,0.00,0.00,0.00,
2026-07-16 14:45,KXBTC15M-26JUL161045-45,64734.86,0,odds 57c not above 60c,no,,64660.94,11.42,0,0,0.00,0.00,0.00,0.00,0.00,
2026-07-16 15:00,KXBTC15M-26JUL161100-00,64655.18,1,,no,80,64540.21,17.78,0,6,4.80,0.07,6.00,1.20,1.13,1
2026-07-16 15:15,KXBTC15M-26JUL161115-15,64491.06,1,,no,88,64337.09,23.87,0,5,4.40,0.04,5.00,0.60,0.56,1
2026-07-16 15:30,KXBTC15M-26JUL161130-30,64289.68,1,,yes,98,64518.66,35.62,0,5,4.90,0.01,5.00,0.10,0.09,1
2026-07-16 15:45,KXBTC15M-26JUL161145-45,64764.04,1,,no,75,64738.87,3.89,0,6,4.50,0.08,6.00,1.50,1.42,1
2026-07-16 16:00,KXBTC15M-26JUL161200-00,64665.91,0,odds 52c not above 60c,yes,,64691.72,3.99,0,0,0.00,0.00,0.00,0.00,0.00,
2026-07-16 16:15,KXBTC15M-26JUL161215-15,64669.86,1,,no,96,64526.58,22.16,0,5,4.80,0.02,5.00,0.20,0.18,1
2026-07-16 16:30,KXBTC15M-26JUL161230-30,64475.26,1,,no,82,64384.89,14.02,0,6,4.92,0.07,0.00,-4.92,-4.99,0
2026-07-16 16:45,KXBTC15M-26JUL161245-45,64496.91,0,odds 59c not above 60c,no,,64452.49,6.89,0,0,0.00,0.00,0.00,0.00,0.00,
2026-07-16 17:00,KXBTC15M-26JUL161300-00,64349.26,1,,yes,91,64434.09,13.18,0,5,4.55,0.03,5.00,0.45,0.42,1
2026-07-16 17:15,KXBTC15M-26JUL161315-15,64454.52,1,,no,96,64334.76,18.58,0,5,4.80,0.02,5.00,0.20,0.18,1
2026-07-16 17:30,KXBTC15M-26JUL161330-30,64170.82,0,odds 58c not above 60c,yes,,64182.08,1.75,0,0,0.00,0.00,0.00,0.00,0.00,
2026-07-16 17:45,KXBTC15M-26JUL161345-45,64179.49,0,odds 47c not above 60c,no,,64178.54,0.15,0,0,0.00,0.00,0.00,0.00,0.00,
2026-07-16 18:00,KXBTC15M-26JUL161400-00,64108.59,1,,no,72,64091.28,2.70,0,6,4.32,0.09,6.00,1.68,1.59,1
2026-07-16 18:15,KXBTC15M-26JUL161415-15,64019.59,1,,yes,88,64107.44,13.72,0,5,4.40,0.04,5.00,0.60,0.56,1
2026-07-16 18:30,KXBTC15M-26JUL161430-30,64165.07,1,,yes,90,64243.60,12.24,0,5,4.50,0.04,5.00,0.50,0.46,1
2026-07-16 18:45,KXBTC15M-26JUL161445-45,64197.82,1,,no,97,64105.01,14.46,0,5,4.85,0.02,5.00,0.15,0.13,1
2026-07-16 19:00,KXBTC15M-26JUL161500-00,64102.98,1,,yes,96,64220.38,18.31,0,5,4.80,0.02,5.00,0.20,0.18,1
2026-07-16 19:15,KXBTC15M-26JUL161515-15,64222.23,1,,no,78,64194.28,4.35,0,6,4.68,0.08,6.00,1.32,1.24,1
2026-07-16 19:30,KXBTC15M-26JUL161530-30,64194.06,1,,no,64,64135.41,9.14,0,7,4.48,0.12,0.00,-4.48,-4.60,0
2026-07-16 19:45,KXBTC15M-26JUL161545-45,64226.16,1,,no,75,64213.14,2.03,0,6,4.50,0.08,6.00,1.50,1.42,1
2026-07-16 20:00,KXBTC15M-26JUL161600-00,64157.35,1,,yes,74,64202.42,7.02,0,6,4.44,0.09,6.00,1.56,1.47,1
2026-07-16 20:15,KXBTC15M-26JUL161615-15,64218.76,1,,no,85,64153.12,10.22,0,5,4.25,0.05,5.00,0.75,0.70,1
2026-07-16 20:30,KXBTC15M-26JUL161630-30,64145.91,1,,yes,80,64162.42,2.57,0,6,4.80,0.07,0.00,-4.80,-4.87,0
2026-07-16 20:45,KXBTC15M-26JUL161645-45,64138.44,1,,no,74,64089.97,7.56,0,6,4.44,0.09,6.00,1.56,1.47,1
2026-07-16 21:00,KXBTC15M-26JUL161700-00,64107.73,1,,no,73,64083.43,3.79,0,6,4.38,0.09,6.00,1.62,1.53,1
2026-07-16 21:15,KXBTC15M-26JUL161715-15,64095.49,1,,yes,77,64109.31,2.16,0,6,4.62,0.08,6.00,1.38,1.30,1
2026-07-16 21:30,KXBTC15M-26JUL161730-30,64140.35,0,odds 36c not above 60c,no,,64111.52,4.49,0,0,0.00,0.00,0.00,0.00,0.00,
2026-07-16 21:45,KXBTC15M-26JUL161745-45,64137.10,1,,yes,70,64177.29,6.27,0,7,4.90,0.11,7.00,2.10,1.99,1
2026-07-16 22:00,KXBTC15M-26JUL161800-00,64150.39,0,odds 33c not above 60c,no,,64138.09,1.92,0,0,0.00,0.00,0.00,0.00,0.00,
2026-07-16 22:15,KXBTC15M-26JUL161815-15,64109.92,1,,yes,69,64167.96,9.05,0,7,4.83,0.11,7.00,2.17,2.06,1
2026-07-16 22:30,KXBTC15M-26JUL161830-30,64127.78,1,,no,96,64021.88,16.51,0,5,4.80,0.02,5.00,0.20,0.18,1
2026-07-16 22:45,KXBTC15M-26JUL161845-45,63976.86,1,,yes,96,64081.66,16.38,0,5,4.80,0.02,5.00,0.20,0.18,1
2026-07-16 23:00,KXBTC15M-26JUL161900-00,64033.82,1,,no,91,63929.39,16.31,0,5,4.55,0.03,5.00,0.45,0.42,1
2026-07-16 23:15,KXBTC15M-26JUL161915-15,63918.52,1,,no,68,63881.67,5.77,0,7,4.76,0.11,7.00,2.24,2.13,1
2026-07-16 23:30,KXBTC15M-26JUL161930-30,63876.93,1,,no,97,63720.94,24.42,0,5,4.85,0.02,5.00,0.15,0.13,1
2026-07-16 23:45,KXBTC15M-26JUL161945-45,63769.14,1,,no,89,63702.61,10.43,0,5,4.45,0.04,0.00,-4.45,-4.49,0
2026-07-17 00:00,KXBTC15M-26JUL162000-00,63791.99,1,,yes,80,63828.67,5.75,0,6,4.80,0.07,6.00,1.20,1.13,1
2026-07-17 00:15,KXBTC15M-26JUL162015-15,63794.30,1,,no,93,63738.00,8.83,0,5,4.65,0.03,5.00,0.35,0.32,1
2026-07-17 00:30,KXBTC15M-26JUL162030-30,63738.53,1,,yes,62,63768.79,4.75,0,8,4.96,0.14,8.00,3.04,2.90,1
2026-07-17 00:45,KXBTC15M-26JUL162045-45,63749.34,1,,no,95,63675.69,11.55,0,5,4.75,0.02,5.00,0.25,0.23,1
2026-07-17 01:00,KXBTC15M-26JUL162100-00,63716.61,1,,yes,80,63799.64,13.03,0,6,4.80,0.07,6.00,1.20,1.13,1
2026-07-17 01:15,KXBTC15M-26JUL162115-15,63829.88,1,,yes,95,64013.39,28.75,0,5,4.75,0.02,5.00,0.25,0.23,1
2026-07-17 01:30,KXBTC15M-26JUL162130-30,63941.56,1,,no,89,63848.48,14.56,0,5,4.45,0.04,5.00,0.55,0.51,1
2026-07-17 01:45,KXBTC15M-26JUL162145-45,63905.30,1,,no,85,63809.35,15.01,0,5,4.25,0.05,5.00,0.75,0.70,1
2026-07-17 02:00,KXBTC15M-26JUL162200-00,63703.04,1,,no,95,63468.78,36.77,0,5,4.75,0.02,5.00,0.25,0.23,1
2026-07-17 02:15,KXBTC15M-26JUL162215-15,63495.00,1,,yes,67,63531.43,5.74,0,7,4.69,0.11,7.00,2.31,2.20,1
2026-07-17 02:30,KXBTC15M-26JUL162230-30,63568.00,1,,no,77,63493.25,11.76,0,6,4.62,0.08,6.00,1.38,1.30,1
2026-07-17 02:45,KXBTC15M-26JUL162245-45,63539.52,1,,no,93,63380.31,25.06,0,5,4.65,0.03,5.00,0.35,0.32,1
2026-07-17 03:00,KXBTC15M-26JUL162300-00,63404.30,1,,no,77,63357.95,7.31,0,6,4.62,0.08,0.00,-4.62,-4.70,0
2026-07-17 03:15,KXBTC15M-26JUL162315-15,63435.63,1,,yes,97,63585.28,23.59,0,5,4.85,0.02,5.00,0.15,0.13,1
2026-07-17 03:30,KXBTC15M-26JUL162330-30,63572.50,1,,yes,90,63625.86,8.39,0,5,4.50,0.04,5.00,0.50,0.46,1
2026-07-17 03:45,KXBTC15M-26JUL162345-45,63633.43,1,,no,69,63602.55,4.85,0,7,4.83,0.11,7.00,2.17,2.06,1
2026-07-17 04:00,KXBTC15M-26JUL170000-00,63574.20,1,,no,92,63501.72,11.40,0,5,4.60,0.03,5.00,0.40,0.37,1
2026-07-17 04:15,KXBTC15M-26JUL170015-15,63518.05,1,,no,92,63453.88,10.10,0,5,4.60,0.03,5.00,0.40,0.37,1
2026-07-17 04:30,KXBTC15M-26JUL170030-30,63447.19,1,,no,98,63315.65,20.73,0,5,4.90,0.01,5.00,0.10,0.09,1
2026-07-17 04:45,KXBTC15M-26JUL170045-45,63325.69,0,odds 58c not above 60c,no,,63310.37,2.42,0,0,0.00,0.00,0.00,0.00,0.00,
2026-07-17 05:00,KXBTC15M-26JUL170100-00,63428.89,1,,yes,86,63446.61,2.79,0,5,4.30,0.05,5.00,0.70,0.65,1
2026-07-17 05:15,KXBTC15M-26JUL170115-15,63433.23,1,,no,87,63347.09,13.58,0,5,4.35,0.04,5.00,0.65,0.61,1
2026-07-17 05:30,KXBTC15M-26JUL170130-30,63376.75,1,,no,92,63311.66,10.27,0,5,4.60,0.03,5.00,0.40,0.37,1
2026-07-17 05:45,KXBTC15M-26JUL170145-45,63205.39,1,,no,93,63139.02,10.50,0,5,4.65,0.03,5.00,0.35,0.32,1
2026-07-17 06:00,KXBTC15M-26JUL170200-00,62940.06,1,,no,98,62772.43,26.63,0,5,4.90,0.01,5.00,0.10,0.09,1
2026-07-17 06:15,KXBTC15M-26JUL170215-15,62782.25,1,,yes,90,62860.00,12.38,0,5,4.50,0.04,0.00,-4.50,-4.54,0
2026-07-17 06:30,KXBTC15M-26JUL170230-30,62760.90,0,odds 47c not above 60c,yes,,62783.51,3.60,0,0,0.00,0.00,0.00,0.00,0.00,
2026-07-17 06:45,KXBTC15M-26JUL170245-45,62883.31,0,odds 57c not above 60c,yes,,62885.51,0.35,0,0,0.00,0.00,0.00,0.00,0.00,
2026-07-17 07:00,KXBTC15M-26JUL170300-00,62832.21,1,,no,61,62820.92,1.80,0,8,4.88,0.14,0.00,-4.88,-5.02,0
2026-07-17 07:15,KXBTC15M-26JUL170315-15,62888.10,1,,no,80,62827.99,9.56,0,6,4.80,0.07,6.00,1.20,1.13,1
2026-07-17 07:30,KXBTC15M-26JUL170330-30,62851.61,1,,no,88,62810.86,6.48,0,5,4.40,0.04,0.00,-4.40,-4.44,0
2026-07-17 07:45,KXBTC15M-26JUL170345-45,62881.43,1,,no,77,62863.41,2.87,0,6,4.62,0.08,0.00,-4.62,-4.70,0
2026-07-17 08:00,KXBTC15M-26JUL170400-00,62911.76,1,,no,63,62888.32,3.73,0,7,4.41,0.12,7.00,2.59,2.47,1
2026-07-17 08:15,KXBTC15M-26JUL170415-15,62779.15,1,,yes,71,62799.20,3.19,0,7,4.97,0.11,7.00,2.03,1.92,1
2026-07-17 08:30,KXBTC15M-26JUL170430-30,62835.86,1,,no,80,62785.51,8.01,0,6,4.80,0.07,6.00,1.20,1.13,1
2026-07-17 08:45,KXBTC15M-26JUL170445-45,62760.65,1,,no,92,62634.74,20.06,0,5,4.60,0.03,5.00,0.40,0.37,1
2026-07-17 09:00,KXBTC15M-26JUL170500-00,62725.95,1,,yes,96,62819.77,14.96,0,5,4.80,0.02,5.00,0.20,0.18,1
2026-07-17 09:15,KXBTC15M-26JUL170515-15,62843.70,1,,yes,74,62850.72,1.12,0,6,4.44,0.09,6.00,1.56,1.47,1
2026-07-17 09:30,KXBTC15M-26JUL170530-30,62895.79,1,,no,90,62880.74,2.39,0,5,4.50,0.04,0.00,-4.50,-4.54,0
2026-07-17 09:45,KXBTC15M-26JUL170545-45,62899.01,0,odds 48c not above 60c,yes,,62926.18,4.32,0,0,0.00,0.00,0.00,0.00,0.00,
2026-07-17 10:00,KXBTC15M-26JUL170600-00,62999.63,1,,no,92,62931.99,10.74,0,5,4.60,0.03,5.00,0.40,0.37,1
2026-07-17 10:15,KXBTC15M-26JUL170615-15,62937.75,1,,yes,97,63027.85,14.32,0,5,4.85,0.02,5.00,0.15,0.13,1
2026-07-17 10:30,KXBTC15M-26JUL170630-30,63037.02,1,,no,71,63024.16,2.04,0,7,4.97,0.11,0.00,-4.97,-5.08,0
2026-07-17 10:45,KXBTC15M-26JUL170645-45,63042.30,1,,yes,83,63086.24,6.97,0,6,4.98,0.06,6.00,1.02,0.96,1
2026-07-17 11:00,KXBTC15M-26JUL170700-00,63129.43,0,odds 54c not above 60c,no,,63123.03,1.01,0,0,0.00,0.00,0.00,0.00,0.00,
2026-07-17 11:15,KXBTC15M-26JUL170715-15,63127.49,1,,no,92,63050.49,12.20,0,5,4.60,0.03,5.00,0.40,0.37,1
2026-07-17 11:30,KXBTC15M-26JUL170730-30,63048.47,0,odds 56c not above 60c,no,,63044.13,0.69,0,0,0.00,0.00,0.00,0.00,0.00,
2026-07-17 11:45,KXBTC15M-26JUL170745-45,63077.27,1,,yes,97,63192.97,18.34,0,5,4.85,0.02,5.00,0.15,0.13,1
2026-07-17 12:00,KXBTC15M-26JUL170800-00,63238.36,1,,yes,76,63257.99,3.10,0,6,4.56,0.08,6.00,1.44,1.36,1
2026-07-17 12:15,KXBTC15M-26JUL170815-15,63257.83,1,,no,75,63224.54,5.26,0,6,4.50,0.08,6.00,1.50,1.42,1
2026-07-17 12:30,KXBTC15M-26JUL170830-30,63184.94,0,odds 49c not above 60c,yes,,63196.63,1.85,0,0,0.00,0.00,0.00,0.00,0.00,
2026-07-17 12:45,KXBTC15M-26JUL170845-45,63139.79,1,,no,83,63099.98,6.31,0,6,4.98,0.06,6.00,1.02,0.96,1
2026-07-17 13:00,KXBTC15M-26JUL170900-00,63064.13,0,odds 54c not above 60c,yes,,63072.02,1.25,0,0,0.00,0.00,0.00,0.00,0.00,
2026-07-17 13:15,KXBTC15M-26JUL170915-15,63049.15,1,,no,99,62793.45,40.56,0,5,4.95,0.01,5.00,0.05,0.04,1
2026-07-17 13:30,KXBTC15M-26JUL170930-30,62765.74,1,,yes,93,62850.00,13.42,0,5,4.65,0.03,5.00,0.35,0.32,1
2026-07-17 13:45,KXBTC15M-26JUL170945-45,62792.14,1,,no,95,62532.81,41.30,0,5,4.75,0.02,5.00,0.25,0.23,1
2026-07-17 14:00,KXBTC15M-26JUL171000-00,62494.59,1,,yes,98,62782.10,46.01,0,5,4.90,0.01,5.00,0.10,0.09,1
2026-07-17 14:15,KXBTC15M-26JUL171015-15,63076.22,1,,yes,89,63311.10,37.24,0,5,4.45,0.04,5.00,0.55,0.51,1
2026-07-17 14:30,KXBTC15M-26JUL171030-30,63328.67,1,,no,82,63203.14,19.82,0,6,4.92,0.07,6.00,1.08,1.01,1
2026-07-17 14:45,KXBTC15M-26JUL171045-45,63179.94,0,odds 56c not above 60c,yes,,63216.24,5.75,0,0,0.00,0.00,0.00,0.00,0.00,
2026-07-17 15:00,KXBTC15M-26JUL171100-00,63229.40,1,,no,75,63132.91,15.26,0,6,4.50,0.08,6.00,1.50,1.42,1
2026-07-17 15:15,KXBTC15M-26JUL171115-15,63147.79,1,,no,90,62964.79,28.98,0,5,4.50,0.04,5.00,0.50,0.46,1
2026-07-17 15:30,KXBTC15M-26JUL171130-30,62846.75,1,,yes,97,63052.36,32.72,0,5,4.85,0.02,5.00,0.15,0.13,1
2026-07-17 15:45,KXBTC15M-26JUL171145-45,63191.70,1,,yes,66,63219.61,4.42,0,7,4.62,0.11,0.00,-4.62,-4.73,0
2026-07-17 16:00,KXBTC15M-26JUL171200-00,63158.72,0,odds 56c not above 60c,yes,,63166.98,1.31,0,0,0.00,0.00,0.00,0.00,0.00,
2026-07-17 16:15,KXBTC15M-26JUL171215-15,63376.07,1,,no,63,63343.70,5.11,0,7,4.41,0.12,0.00,-4.41,-4.53,0
2026-07-17 16:30,KXBTC15M-26JUL171230-30,63446.68,1,,no,91,63303.35,22.59,0,5,4.55,0.03,5.00,0.45,0.42,1
2026-07-17 16:45,KXBTC15M-26JUL171245-45,63430.82,0,odds 58c not above 60c,no,,63404.28,4.18,0,0,0.00,0.00,0.00,0.00,0.00,
2026-07-17 17:00,KXBTC15M-26JUL171300-00,63469.97,1,,yes,95,63588.00,18.60,0,5,4.75,0.02,5.00,0.25,0.23,1
2026-07-17 17:15,KXBTC15M-26JUL171315-15,63559.86,1,,yes,98,63844.79,44.83,0,5,4.90,0.01,5.00,0.10,0.09,1
2026-07-17 17:30,KXBTC15M-26JUL171330-30,63960.97,0,odds 40c not above 60c,no,,63938.03,3.59,0,0,0.00,0.00,0.00,0.00,0.00,
2026-07-17 17:45,KXBTC15M-26JUL171345-45,64012.19,0,odds 58c not above 60c,no,,63995.37,2.63,0,0,0.00,0.00,0.00,0.00,0.00,
2026-07-17 18:00,KXBTC15M-26JUL171400-00,64001.70,1,,yes,86,64006.67,0.78,0,5,4.30,0.05,5.00,0.70,0.65,1
2026-07-17 18:15,KXBTC15M-26JUL171415-15,64028.69,1,,no,83,63985.45,6.75,0,6,4.98,0.06,0.00,-4.98,-5.04,0
2026-07-17 18:30,KXBTC15M-26JUL171430-30,64063.24,1,,no,96,63920.34,22.31,0,5,4.80,0.02,5.00,0.20,0.18,1
2026-07-17 18:45,KXBTC15M-26JUL171445-45,63922.73,1,,yes,82,64029.43,16.69,0,6,4.92,0.07,6.00,1.08,1.01,1
2026-07-17 19:00,KXBTC15M-26JUL171500-00,64086.14,1,,yes,97,64324.39,37.18,0,5,4.85,0.02,5.00,0.15,0.13,1
2026-07-17 19:15,KXBTC15M-26JUL171515-15,64226.76,1,,no,88,64124.56,15.91,0,5,4.40,0.04,5.00,0.60,0.56,1
2026-07-17 19:30,KXBTC15M-26JUL171530-30,64052.86,1,,no,85,63995.43,8.97,0,5,4.25,0.05,5.00,0.75,0.70,1
2026-07-17 19:45,KXBTC15M-26JUL171545-45,64046.00,1,,yes,89,64112.44,10.37,0,5,4.45,0.04,5.00,0.55,0.51,1
2026-07-17 20:00,KXBTC15M-26JUL171600-00,64144.23,0,odds 38c not above 60c,no,,64141.99,0.35,0,0,0.00,0.00,0.00,0.00,0.00,
2026-07-17 20:15,KXBTC15M-26JUL171615-15,64126.82,1,,no,97,63993.66,20.77,0,5,4.85,0.02,5.00,0.15,0.13,1
2026-07-17 20:30,KXBTC15M-26JUL171630-30,63981.07,0,odds 54c not above 60c,yes,,63993.32,1.91,0,0,0.00,0.00,0.00,0.00,0.00,
2026-07-17 20:45,KXBTC15M-26JUL171645-45,64028.67,1,,no,91,63952.12,11.96,0,5,4.55,0.03,0.00,-4.55,-4.58,0
2026-07-17 21:00,KXBTC15M-26JUL171700-00,64035.80,1,,yes,80,64090.87,8.60,0,6,4.80,0.07,6.00,1.20,1.13,1
2026-07-17 21:15,KXBTC15M-26JUL171715-15,64090.83,1,,yes,76,64134.62,6.83,0,6,4.56,0.08,6.00,1.44,1.36,1
2026-07-17 21:30,KXBTC15M-26JUL171730-30,64134.09,0,odds 32c not above 60c,yes,,64134.49,0.06,0,0,0.00,0.00,0.00,0.00,0.00,
2026-07-17 21:45,KXBTC15M-26JUL171745-45,64143.35,1,,no,90,64067.11,11.89,0,5,4.50,0.04,5.00,0.50,0.46,1
2026-07-17 22:00,KXBTC15M-26JUL171800-00,64064.10,1,,no,72,64046.71,2.71,0,6,4.32,0.09,6.00,1.68,1.59,1
2026-07-17 22:15,KXBTC15M-26JUL171815-15,64058.92,0,odds 54c not above 60c,no,,64041.08,2.78,0,0,0.00,0.00,0.00,0.00,0.00,
2026-07-17 22:30,KXBTC15M-26JUL171830-30,64046.88,1,,no,91,63972.00,11.69,0,5,4.55,0.03,5.00,0.45,0.42,1
2026-07-17 22:45,KXBTC15M-26JUL171845-45,63935.43,1,,no,77,63890.71,6.99,0,6,4.62,0.08,6.00,1.38,1.30,1
2026-07-17 23:00,KXBTC15M-26JUL171900-00,63913.42,1,,yes,89,63938.71,3.96,0,5,4.45,0.04,5.00,0.55,0.51,1
2026-07-17 23:15,KXBTC15M-26JUL171915-15,63939.24,1,,no,96,63864.03,11.76,0,5,4.80,0.02,5.00,0.20,0.18,1
2026-07-17 23:30,KXBTC15M-26JUL171930-30,63872.58,1,,yes,92,63895.25,3.55,0,5,4.60,0.03,5.00,0.40,0.37,1
2026-07-17 23:45,KXBTC15M-26JUL171945-45,63927.46,1,,yes,94,63954.22,4.19,0,5,4.70,0.02,5.00,0.30,0.28,1
2026-07-18 00:00,KXBTC15M-26JUL172000-00,63944.37,1,,no,75,63932.53,1.85,0,6,4.50,0.08,6.00,1.50,1.42,1
2026-07-18 00:15,KXBTC15M-26JUL172015-15,63901.98,1,,no,79,63868.80,5.19,0,6,4.74,0.07,0.00,-4.74,-4.81,0
2026-07-18 00:30,KXBTC15M-26JUL172030-30,63920.62,1,,yes,70,63940.73,3.15,0,7,4.90,0.11,7.00,2.10,1.99,1
2026-07-18 00:45,KXBTC15M-26JUL172045-45,63958.95,1,,no,91,63873.76,13.32,0,5,4.55,0.03,5.00,0.45,0.42,1
2026-07-18 01:00,KXBTC15M-26JUL172100-00,63883.66,1,,no,68,63854.90,4.50,0,7,4.76,0.11,7.00,2.24,2.13,1
2026-07-18 01:15,KXBTC15M-26JUL172115-15,63870.55,0,odds 45c not above 60c,yes,,63871.81,0.20,0,0,0.00,0.00,0.00,0.00,0.00,
2026-07-18 01:30,KXBTC15M-26JUL172130-30,63886.78,1,,yes,90,63934.55,7.48,0,5,4.50,0.04,5.00,0.50,0.46,1
2026-07-18 01:45,KXBTC15M-26JUL172145-45,63962.19,1,,no,89,63895.84,10.37,0,5,4.45,0.04,5.00,0.55,0.51,1
2026-07-18 02:00,KXBTC15M-26JUL172200-00,63908.62,1,,yes,85,63936.81,4.41,0,5,4.25,0.05,5.00,0.75,0.70,1
2026-07-18 02:15,KXBTC15M-26JUL172215-15,63925.47,1,,no,85,63891.72,5.28,0,5,4.25,0.05,0.00,-4.25,-4.30,0
2026-07-18 02:30,KXBTC15M-26JUL172230-30,63929.70,1,,yes,89,63937.59,1.23,0,5,4.45,0.04,5.00,0.55,0.51,1
2026-07-18 02:45,KXBTC15M-26JUL172245-45,63958.16,1,,no,75,63943.91,2.23,0,6,4.50,0.08,6.00,1.50,1.42,1
2026-07-18 03:00,KXBTC15M-26JUL172300-00,63931.52,1,,no,76,63911.32,3.16,0,6,4.56,0.08,6.00,1.44,1.36,1
2026-07-18 03:15,KXBTC15M-26JUL172315-15,63922.20,1,,yes,79,63937.89,2.45,0,6,4.74,0.07,6.00,1.26,1.19,1
2026-07-18 03:30,KXBTC15M-26JUL172330-30,63929.90,0,odds 53c not above 60c,no,,63917.92,1.87,0,0,0.00,0.00,0.00,0.00,0.00,
2026-07-18 03:45,KXBTC15M-26JUL172345-45,63917.82,1,,no,70,63899.97,2.79,0,7,4.90,0.11,7.00,2.10,1.99,1
2026-07-18 04:00,KXBTC15M-26JUL180000-00,63905.32,0,odds 38c not above 60c,no,,63902.85,0.39,0,0,0.00,0.00,0.00,0.00,0.00,
2026-07-18 04:15,KXBTC15M-26JUL180015-15,63981.64,1,,no,69,63949.69,4.99,0,7,4.83,0.11,7.00,2.17,2.06,1
2026-07-18 04:30,KXBTC15M-26JUL180030-30,63958.02,1,,no,80,63926.05,5.00,0,6,4.80,0.07,6.00,1.20,1.13,1
2026-07-18 04:45,KXBTC15M-26JUL180045-45,63947.86,1,,no,88,63905.29,6.66,0,5,4.40,0.04,5.00,0.60,0.56,1
2026-07-18 05:00,KXBTC15M-26JUL180100-00,63912.98,1,,yes,66,63913.91,0.15,0,7,4.62,0.11,7.00,2.38,2.27,1
2026-07-18 05:15,KXBTC15M-26JUL180115-15,63927.67,0,odds 31c not above 60c,no,,63921.60,0.95,0,0,0.00,0.00,0.00,0.00,0.00,
2026-07-18 05:30,KXBTC15M-26JUL180130-30,63897.09,1,,yes,89,63900.00,0.46,0,5,4.45,0.04,5.00,0.55,0.51,1
2026-07-18 05:45,KXBTC15M-26JUL180145-45,63931.11,1,,yes,76,63933.08,0.31,0,6,4.56,0.08,0.00,-4.56,-4.64,0
2026-07-18 06:00,KXBTC15M-26JUL180200-00,63927.92,1,,no,63,63924.00,0.61,0,7,4.41,0.12,7.00,2.59,2.47,1
2026-07-18 06:15,KXBTC15M-26JUL180215-15,63918.81,1,,yes,75,63927.98,1.43,0,6,4.50,0.08,6.00,1.50,1.42,1
2026-07-18 06:30,KXBTC15M-26JUL180230-30,63924.17,1,,yes,94,63950.80,4.17,0,5,4.70,0.02,5.00,0.30,0.28,1
2026-07-18 06:45,KXBTC15M-26JUL180245-45,63951.18,1,,no,94,63911.98,6.13,0,5,4.70,0.02,5.00,0.30,0.28,1
2026-07-18 07:00,KXBTC15M-26JUL180300-00,63933.25,1,,yes,72,63940.10,1.07,0,6,4.32,0.09,6.00,1.68,1.59,1
2026-07-18 07:15,KXBTC15M-26JUL180315-15,63941.40,0,odds 39c not above 60c,no,,63928.65,1.99,0,0,0.00,0.00,0.00,0.00,0.00,
2026-07-18 07:30,KXBTC15M-26JUL180330-30,63959.33,1,,yes,83,63973.11,2.15,0,6,4.98,0.06,6.00,1.02,0.96,1
2026-07-18 07:45,KXBTC15M-26JUL180345-45,63974.14,1,,no,62,63962.09,1.88,0,8,4.96,0.14,0.00,-4.96,-5.10,0
2026-07-18 08:00,KXBTC15M-26JUL180400-00,63977.55,1,,no,63,63958.40,2.99,0,7,4.41,0.12,0.00,-4.41,-4.53,0
2026-07-18 08:15,KXBTC15M-26JUL180415-15,63978.53,1,,no,93,63931.29,7.38,0,5,4.65,0.03,5.00,0.35,0.32,1
2026-07-18 08:30,KXBTC15M-26JUL180430-30,63931.46,0,odds 23c not above 60c,no,,63931.10,0.06,0,0,0.00,0.00,0.00,0.00,0.00,
2026-07-18 08:45,KXBTC15M-26JUL180445-45,63969.68,0,odds 56c not above 60c,no,,63952.21,2.73,0,0,0.00,0.00,0.00,0.00,0.00,
2026-07-18 09:00,KXBTC15M-26JUL180500-00,63944.16,1,,yes,77,63951.01,1.07,0,6,4.62,0.08,6.00,1.38,1.30,1
2026-07-18 09:15,KXBTC15M-26JUL180515-15,63951.59,1,,no,64,63932.82,2.94,0,7,4.48,0.12,7.00,2.52,2.40,1
2026-07-18 09:30,KXBTC15M-26JUL180530-30,63934.85,1,,no,90,63920.00,2.32,0,5,4.50,0.04,5.00,0.50,0.46,1
2026-07-18 09:45,KXBTC15M-26JUL180545-45,63920.23,1,,yes,63,63924.04,0.60,0,7,4.41,0.12,7.00,2.59,2.47,1
2026-07-18 10:00,KXBTC15M-26JUL180600-00,63929.02,1,,yes,79,63940.90,1.86,0,6,4.74,0.07,6.00,1.26,1.19,1
2026-07-18 10:15,KXBTC15M-26JUL180615-15,63944.05,1,,yes,75,63947.73,0.58,0,6,4.50,0.08,6.00,1.50,1.42,1
2026-07-18 10:30,KXBTC15M-26JUL180630-30,63949.23,1,,yes,66,63951.03,0.28,0,7,4.62,0.11,7.00,2.38,2.27,1
2026-07-18 10:45,KXBTC15M-26JUL180645-45,63962.64,0,odds 59c not above 60c,no,,63955.22,1.16,0,0,0.00,0.00,0.00,0.00,0.00,
2026-07-18 11:00,KXBTC15M-26JUL180700-00,63961.19,1,,yes,67,63961.25,0.01,0,7,4.69,0.11,7.00,2.31,2.20,1
2026-07-18 11:15,KXBTC15M-26JUL180715-15,63967.65,1,,yes,82,63975.99,1.30,0,6,4.92,0.07,6.00,1.08,1.01,1
2026-07-18 11:30,KXBTC15M-26JUL180730-30,63973.07,0,odds 52c not above 60c,no,,63972.76,0.05,0,0,0.00,0.00,0.00,0.00,0.00,
2026-07-18 11:45,KXBTC15M-26JUL180745-45,63980.20,0,odds 46c not above 60c,no,,63979.08,0.18,0,0,0.00,0.00,0.00,0.00,0.00,
2026-07-18 12:00,KXBTC15M-26JUL180800-00,63976.18,1,,yes,76,63980.00,0.60,0,6,4.56,0.08,6.00,1.44,1.36,1
2026-07-18 12:15,KXBTC15M-26JUL180815-15,64024.02,1,,yes,95,64100.86,12.00,0,5,4.75,0.02,5.00,0.25,0.23,1
2026-07-18 12:30,KXBTC15M-26JUL180830-30,64095.50,1,,no,95,64021.37,11.57,0,5,4.75,0.02,5.00,0.25,0.23,1
2026-07-18 12:45,KXBTC15M-26JUL180845-45,64062.04,1,,yes,95,64123.99,9.67,0,5,4.75,0.02,5.00,0.25,0.23,1
2026-07-18 13:00,KXBTC15M-26JUL180900-00,64145.53,1,,yes,77,64160.02,2.26,0,6,4.62,0.08,6.00,1.38,1.30,1
2026-07-18 13:15,KXBTC15M-26JUL180915-15,64179.26,1,,no,96,64078.06,15.77,0,5,4.80,0.02,5.00,0.20,0.18,1
2026-07-18 13:30,KXBTC15M-26JUL180930-30,63989.26,1,,no,71,63946.47,6.69,0,7,4.97,0.11,0.00,-4.97,-5.08,0
2026-07-18 13:45,KXBTC15M-26JUL180945-45,64015.47,1,,no,64,64013.59,0.29,0,7,4.48,0.12,7.00,2.52,2.40,1
2026-07-18 14:00,KXBTC15M-26JUL181000-00,64011.86,1,,yes,63,64023.66,1.84,0,7,4.41,0.12,7.00,2.59,2.47,1
2026-07-18 14:15,KXBTC15M-26JUL181015-15,64062.43,1,,yes,69,64068.79,0.99,0,7,4.83,0.11,7.00,2.17,2.06,1
2026-07-18 14:30,KXBTC15M-26JUL181030-30,64129.61,0,odds 58c not above 60c,no,,64096.01,5.24,0,0,0.00,0.00,0.00,0.00,0.00,
2026-07-18 14:45,KXBTC15M-26JUL181045-45,64134.75,1,,no,75,64120.00,2.30,0,6,4.50,0.08,6.00,1.50,1.42,1
2026-07-18 15:00,KXBTC15M-26JUL181100-00,64128.17,0,odds 47c not above 60c,no,,64118.97,1.43,0,0,0.00,0.00,0.00,0.00,0.00,
2026-07-18 15:15,KXBTC15M-26JUL181115-15,64090.88,0,odds 43c not above 60c,no,,64090.88,0.00,0,0,0.00,0.00,0.00,0.00,0.00,
2026-07-18 15:30,KXBTC15M-26JUL181130-30,64063.46,0,odds 33c not above 60c,no,,64059.23,0.66,0,0,0.00,0.00,0.00,0.00,0.00,
2026-07-18 15:45,KXBTC15M-26JUL181145-45,64047.33,1,,no,71,64017.28,4.69,0,7,4.97,0.11,7.00,2.03,1.92,1
2026-07-18 16:00,KXBTC15M-26JUL181200-00,64022.91,1,,yes,94,64068.80,7.17,0,5,4.70,0.02,5.00,0.30,0.28,1
2026-07-18 16:15,KXBTC15M-26JUL181215-15,64082.06,1,,no,73,64060.66,3.34,0,6,4.38,0.09,0.00,-4.38,-4.47,0
2026-07-18 16:30,KXBTC15M-26JUL181230-30,64104.97,1,,no,65,64093.60,1.77,0,7,4.55,0.12,7.00,2.45,2.33,1
2026-07-18 16:45,KXBTC15M-26JUL181245-45,64097.36,1,,yes,86,64105.00,1.19,0,5,4.30,0.05,5.00,0.70,0.65,1
2026-07-18 17:00,KXBTC15M-26JUL181300-00,64103.17,1,,yes,95,64228.27,19.52,0,5,4.75,0.02,5.00,0.25,0.23,1
2026-07-18 17:15,KXBTC15M-26JUL181315-15,64248.95,1,,no,61,64236.79,1.89,0,8,4.88,0.14,0.00,-4.88,-5.02,0
2026-07-18 17:30,KXBTC15M-26JUL181330-30,64272.65,0,odds 54c not above 60c,no,,64243.20,4.58,0,0,0.00,0.00,0.00,0.00,0.00,
2026-07-18 17:45,KXBTC15M-26JUL181345-45,64255.30,1,,yes,92,64350.49,14.81,0,5,4.60,0.03,5.00,0.40,0.37,1
2026-07-18 18:00,KXBTC15M-26JUL181400-00,64399.82,1,,yes,75,64414.72,2.31,0,6,4.50,0.08,6.00,1.50,1.42,1
2026-07-18 18:15,KXBTC15M-26JUL181415-15,64448.86,1,,no,67,64436.79,1.87,0,7,4.69,0.11,7.00,2.31,2.20,1
2026-07-18 18:30,KXBTC15M-26JUL181430-30,64435.09,1,,yes,88,64494.68,9.25,0,5,4.40,0.04,5.00,0.60,0.56,1
2026-07-18 18:45,KXBTC15M-26JUL181445-45,64531.24,1,,no,83,64492.22,6.05,0,6,4.98,0.06,6.00,1.02,0.96,1
2026-07-18 19:00,KXBTC15M-26JUL181500-00,64452.77,1,,yes,73,64458.11,0.83,0,6,4.38,0.09,6.00,1.62,1.53,1
2026-07-18 19:15,KXBTC15M-26JUL181515-15,64484.13,1,,yes,83,64493.76,1.49,0,6,4.98,0.06,6.00,1.02,0.96,1
2026-07-18 19:30,KXBTC15M-26JUL181530-30,64498.97,1,,yes,86,64528.74,4.62,0,5,4.30,0.05,0.00,-4.30,-4.35,0
2026-07-18 19:45,KXBTC15M-26JUL181545-45,64452.42,1,,yes,93,64491.99,6.14,0,5,4.65,0.03,5.00,0.35,0.32,1
2026-07-18 20:00,KXBTC15M-26JUL181600-00,64495.37,1,,yes,73,64495.98,0.09,0,6,4.38,0.09,6.00,1.62,1.53,1
2026-07-18 20:15,KXBTC15M-26JUL181615-15,64535.90,1,,no,85,64517.76,2.81,0,5,4.25,0.05,0.00,-4.25,-4.30,0
2026-07-18 20:30,KXBTC15M-26JUL181630-30,64584.83,1,,yes,97,64650.24,10.13,0,5,4.85,0.02,5.00,0.15,0.13,1
2026-07-18 20:45,KXBTC15M-26JUL181645-45,64618.12,1,,no,93,64555.17,9.74,0,5,4.65,0.03,5.00,0.35,0.32,1
2026-07-18 21:00,KXBTC15M-26JUL181700-00,64573.39,0,odds 27c not above 60c,yes,,64609.75,5.63,0,0,0.00,0.00,0.00,0.00,0.00,
2026-07-18 21:15,KXBTC15M-26JUL181715-15,64665.25,1,,no,68,64602.40,9.72,0,7,4.76,0.11,0.00,-4.76,-4.87,0
2026-07-18 21:30,KXBTC15M-26JUL181730-30,64702.16,1,,yes,76,64705.44,0.51,0,6,4.56,0.08,0.00,-4.56,-4.64,0
2026-07-18 21:45,KXBTC15M-26JUL181745-45,64696.01,1,,no,87,64665.06,4.78,0,5,4.35,0.04,5.00,0.65,0.61,1
2026-07-18 22:00,KXBTC15M-26JUL181800-00,64629.99,1,,yes,95,64763.89,20.72,0,5,4.75,0.02,5.00,0.25,0.23,1
2026-07-18 22:15,KXBTC15M-26JUL181815-15,64701.80,1,,yes,70,64712.79,1.70,0,7,4.90,0.11,7.00,2.10,1.99,1
2026-07-18 22:30,KXBTC15M-26JUL181830-30,64767.91,1,,no,62,64738.70,4.51,0,8,4.96,0.14,8.00,3.04,2.90,1
2026-07-18 22:45,KXBTC15M-26JUL181845-45,64704.32,1,,no,66,64686.01,2.83,0,7,4.62,0.11,0.00,-4.62,-4.73,0
2026-07-18 23:00,KXBTC15M-26JUL181900-00,64737.87,1,,yes,92,64763.41,3.95,0,5,4.60,0.03,5.00,0.40,0.37,1
2026-07-18 23:15,KXBTC15M-26JUL181915-15,64777.78,1,,no,88,64704.48,11.32,0,5,4.40,0.04,5.00,0.60,0.56,1
2026-07-18 23:30,KXBTC15M-26JUL181930-30,64701.84,1,,yes,91,64756.96,8.52,0,5,4.55,0.03,5.00,0.45,0.42,1
2026-07-18 23:45,KXBTC15M-26JUL181945-45,64802.60,0,odds 57c not above 60c,no,,64801.49,0.17,0,0,0.00,0.00,0.00,0.00,0.00,
2026-07-19 00:00,KXBTC15M-26JUL182000-00,64789.80,1,,no,65,64771.23,2.87,0,7,4.55,0.12,0.00,-4.55,-4.67,0
2026-07-19 00:15,KXBTC15M-26JUL182015-15,64797.52,0,odds 34c not above 60c,no,,64774.06,3.62,0,0,0.00,0.00,0.00,0.00,0.00,
2026-07-19 00:30,KXBTC15M-26JUL182030-30,64811.03,0,odds 59c not above 60c,no,,64777.11,5.23,0,0,0.00,0.00,0.00,0.00,0.00,
2026-07-19 00:45,KXBTC15M-26JUL182045-45,64762.01,1,,no,63,64738.47,3.63,0,7,4.41,0.12,7.00,2.59,2.47,1
2026-07-19 01:00,KXBTC15M-26JUL182100-00,64740.79,1,,yes,81,64744.86,0.63,0,6,4.86,0.07,0.00,-4.86,-4.93,0
2026-07-19 01:15,KXBTC15M-26JUL182115-15,64739.60,0,odds 46c not above 60c,no,,64737.00,0.40,0,0,0.00,0.00,0.00,0.00,0.00,
2026-07-19 01:30,KXBTC15M-26JUL182130-30,64739.54,0,odds 32c not above 60c,no,,64730.64,1.37,0,0,0.00,0.00,0.00,0.00,0.00,
2026-07-19 01:45,KXBTC15M-26JUL182145-45,64740.23,0,odds 56c not above 60c,no,,64732.91,1.13,0,0,0.00,0.00,0.00,0.00,0.00,
2026-07-19 02:00,KXBTC15M-26JUL182200-00,64733.09,1,,yes,61,64742.70,1.48,0,8,4.88,0.14,8.00,3.12,2.98,1
2026-07-19 02:15,KXBTC15M-26JUL182215-15,64736.18,1,,yes,95,64812.00,11.71,0,5,4.75,0.02,5.00,0.25,0.23,1
2026-07-19 02:30,KXBTC15M-26JUL182230-30,64863.02,1,,no,96,64804.74,8.99,0,5,4.80,0.02,5.00,0.20,0.18,1
2026-07-19 02:45,KXBTC15M-26JUL182245-45,64788.48,1,,yes,94,64863.52,11.58,0,5,4.70,0.02,5.00,0.30,0.28,1
2026-07-19 03:00,KXBTC15M-26JUL182300-00,64804.27,0,odds 32c not above 60c,no,,64800.01,0.66,0,0,0.00,0.00,0.00,0.00,0.00,
2026-07-19 03:15,KXBTC15M-26JUL182315-15,64790.92,1,,no,97,64696.00,14.65,0,5,4.85,0.02,5.00,0.15,0.13,1
2026-07-19 03:30,KXBTC15M-26JUL182330-30,64702.05,1,,no,97,64600.00,15.77,0,5,4.85,0.02,5.00,0.15,0.13,1
2026-07-19 03:45,KXBTC15M-26JUL182345-45,64627.76,0,odds 60c not above 60c,no,,64618.46,1.44,0,0,0.00,0.00,0.00,0.00,0.00,
2026-07-19 04:00,KXBTC15M-26JUL190000-00,64625.28,1,,yes,85,64648.58,3.61,0,5,4.25,0.05,5.00,0.75,0.70,1
2026-07-19 04:15,KXBTC15M-26JUL190015-15,64665.55,1,,no,95,64600.14,10.12,0,5,4.75,0.02,5.00,0.25,0.23,1
2026-07-19 04:30,KXBTC15M-26JUL190030-30,64606.19,1,,yes,77,64625.01,2.91,0,6,4.62,0.08,6.00,1.38,1.30,1
2026-07-19 04:45,KXBTC15M-26JUL190045-45,64673.63,1,,yes,90,64707.30,5.21,0,5,4.50,0.04,5.00,0.50,0.46,1
2026-07-19 05:00,KXBTC15M-26JUL190100-00,64726.41,1,,no,89,64675.55,7.86,0,5,4.45,0.04,5.00,0.55,0.51,1
2026-07-19 05:15,KXBTC15M-26JUL190115-15,64683.68,1,,yes,91,64709.97,4.06,0,5,4.55,0.03,5.00,0.45,0.42,1
2026-07-19 05:30,KXBTC15M-26JUL190130-30,64741.59,1,,no,74,64719.40,3.43,0,6,4.44,0.09,6.00,1.56,1.47,1
2026-07-19 05:45,KXBTC15M-26JUL190145-45,64684.32,1,,no,92,64646.56,5.84,0,5,4.60,0.03,5.00,0.40,0.37,1
2026-07-19 06:00,KXBTC15M-26JUL190200-00,64660.62,1,,yes,94,64705.47,6.94,0,5,4.70,0.02,5.00,0.30,0.28,1
2026-07-19 06:15,KXBTC15M-26JUL190215-15,64686.07,1,,no,79,64650.24,5.54,0,6,4.74,0.07,0.00,-4.74,-4.81,0
2026-07-19 06:30,KXBTC15M-26JUL190230-30,64689.40,1,,yes,85,64710.79,3.31,0,5,4.25,0.05,5.00,0.75,0.70,1
2026-07-19 06:45,KXBTC15M-26JUL190245-45,64693.00,0,odds 44c not above 60c,no,,64688.99,0.62,0,0,0.00,0.00,0.00,0.00,0.00,
2026-07-19 07:00,KXBTC15M-26JUL190300-00,64693.06,1,,no,74,64676.00,2.64,0,6,4.44,0.09,6.00,1.56,1.47,1
2026-07-19 07:15,KXBTC15M-26JUL190315-15,64675.68,1,,no,69,64658.41,2.67,0,7,4.83,0.11,7.00,2.17,2.06,1
2026-07-19 07:30,KXBTC15M-26JUL190330-30,64659.41,1,,yes,70,64664.96,0.86,0,7,4.90,0.11,7.00,2.10,1.99,1
2026-07-19 07:45,KXBTC15M-26JUL190345-45,64684.08,0,odds 33c not above 60c,yes,,64687.98,0.60,0,0,0.00,0.00,0.00,0.00,0.00,
2026-07-19 08:00,KXBTC15M-26JUL190400-00,64728.30,1,,no,97,64686.41,6.47,0,5,4.85,0.02,5.00,0.15,0.13,1
2026-07-19 08:15,KXBTC15M-26JUL190415-15,64642.89,1,,yes,70,64646.38,0.54,0,7,4.90,0.11,7.00,2.10,1.99,1
2026-07-19 08:30,KXBTC15M-26JUL190430-30,64685.21,1,,no,97,64586.81,15.21,0,5,4.85,0.02,5.00,0.15,0.13,1
2026-07-19 08:45,KXBTC15M-26JUL190445-45,64630.89,1,,no,85,64595.15,5.53,0,5,4.25,0.05,5.00,0.75,0.70,1
2026-07-19 09:00,KXBTC15M-26JUL190500-00,64619.21,1,,yes,92,64653.91,5.37,0,5,4.60,0.03,5.00,0.40,0.37,1
2026-07-19 09:15,KXBTC15M-26JUL190515-15,64667.34,1,,no,81,64640.00,4.23,0,6,4.86,0.07,6.00,1.14,1.07,1
2026-07-19 09:30,KXBTC15M-26JUL190530-30,64613.96,1,,no,99,64535.80,12.10,0,5,4.95,0.01,5.00,0.05,0.04,1
2026-07-19 09:45,KXBTC15M-26JUL190545-45,64538.34,1,,no,78,64499.54,6.01,0,6,4.68,0.08,6.00,1.32,1.24,1
2026-07-19 10:00,KXBTC15M-26JUL190600-00,64481.10,0,odds 30c not above 60c,no,,64471.20,1.54,0,0,0.00,0.00,0.00,0.00,0.00,
2026-07-19 10:15,KXBTC15M-26JUL190615-15,64486.14,1,,yes,65,64493.30,1.11,0,7,4.55,0.12,7.00,2.45,2.33,1
2026-07-19 10:30,KXBTC15M-26JUL190630-30,64537.26,1,,yes,83,64562.46,3.90,0,6,4.98,0.06,6.00,1.02,0.96,1
2026-07-19 10:45,KXBTC15M-26JUL190645-45,64580.55,1,,yes,90,64587.67,1.10,0,5,4.50,0.04,5.00,0.50,0.46,1
2026-07-19 11:00,KXBTC15M-26JUL190700-00,64624.38,1,,no,92,64567.50,8.80,0,5,4.60,0.03,5.00,0.40,0.37,1
2026-07-19 11:15,KXBTC15M-26JUL190715-15,64537.61,1,,yes,68,64563.05,3.94,0,7,4.76,0.11,7.00,2.24,2.13,1
2026-07-19 11:30,KXBTC15M-26JUL190730-30,64549.20,1,,yes,81,64554.58,0.83,0,6,4.86,0.07,0.00,-4.86,-4.93,0
2026-07-19 11:45,KXBTC15M-26JUL190745-45,64511.08,1,,no,68,64473.99,5.75,0,7,4.76,0.11,7.00,2.24,2.13,1
2026-07-19 12:00,KXBTC15M-26JUL190800-00,64493.14,1,,no,93,64431.79,9.51,0,5,4.65,0.03,5.00,0.35,0.32,1
2026-07-19 12:15,KXBTC15M-26JUL190815-15,64432.77,1,,no,95,64354.94,12.08,0,5,4.75,0.02,5.00,0.25,0.23,1
2026-07-19 12:30,KXBTC15M-26JUL190830-30,64318.84,1,,yes,73,64359.79,6.37,0,6,4.38,0.09,0.00,-4.38,-4.47,0
2026-07-19 12:45,KXBTC15M-26JUL190845-45,64265.32,1,,yes,97,64363.33,15.25,0,5,4.85,0.02,5.00,0.15,0.13,1
2026-07-19 13:00,KXBTC15M-26JUL190900-00,64364.90,1,,yes,76,64407.35,6.60,0,6,4.56,0.08,6.00,1.44,1.36,1
2026-07-19 13:15,KXBTC15M-26JUL190915-15,64404.27,1,,no,94,64341.11,9.81,0,5,4.70,0.02,5.00,0.30,0.28,1
2026-07-19 13:30,KXBTC15M-26JUL190930-30,64323.50,0,odds 42c not above 60c,no,,64318.92,0.71,0,0,0.00,0.00,0.00,0.00,0.00,
2026-07-19 13:45,KXBTC15M-26JUL190945-45,64372.20,0,odds 41c not above 60c,no,,64365.08,1.11,0,0,0.00,0.00,0.00,0.00,0.00,
2026-07-19 14:00,KXBTC15M-26JUL191000-00,64383.30,1,,yes,94,64459.17,11.78,0,5,4.70,0.02,5.00,0.30,0.28,1
2026-07-19 14:15,KXBTC15M-26JUL191015-15,64444.14,1,,yes,68,64447.84,0.57,0,7,4.76,0.11,7.00,2.24,2.13,1
2026-07-19 14:30,KXBTC15M-26JUL191030-30,64504.21,1,,no,97,64390.40,17.64,0,5,4.85,0.02,5.00,0.15,0.13,1
2026-07-19 14:45,KXBTC15M-26JUL191045-45,64428.74,1,,yes,88,64468.53,6.18,0,5,4.40,0.04,5.00,0.60,0.56,1
2026-07-19 15:00,KXBTC15M-26JUL191100-00,64475.31,1,,yes,91,64530.16,8.51,0,5,4.55,0.03,5.00,0.45,0.42,1
2026-07-19 15:15,KXBTC15M-26JUL191115-15,64555.34,1,,no,72,64517.76,5.82,0,6,4.32,0.09,6.00,1.68,1.59,1
2026-07-19 15:30,KXBTC15M-26JUL191130-30,64538.11,1,,no,84,64481.99,8.70,0,5,4.20,0.05,5.00,0.80,0.75,1
2026-07-19 15:45,KXBTC15M-26JUL191145-45,64473.97,1,,yes,94,64522.48,7.52,0,5,4.70,0.02,5.00,0.30,0.28,1
2026-07-19 16:00,KXBTC15M-26JUL191200-00,64534.90,1,,no,77,64533.37,0.24,0,6,4.62,0.08,6.00,1.38,1.30,1
2026-07-19 16:15,KXBTC15M-26JUL191215-15,64533.61,1,,no,88,64477.27,8.73,0,5,4.40,0.04,5.00,0.60,0.56,1
2026-07-19 16:30,KXBTC15M-26JUL191230-30,64512.67,1,,yes,93,64570.10,8.90,0,5,4.65,0.03,5.00,0.35,0.32,1
2026-07-19 16:45,KXBTC15M-26JUL191245-45,64562.86,1,,no,83,64511.69,7.93,0,6,4.98,0.06,6.00,1.02,0.96,1
2026-07-19 17:00,KXBTC15M-26JUL191300-00,64560.52,1,,no,86,64514.07,7.19,0,5,4.30,0.05,5.00,0.70,0.65,1
2026-07-19 17:15,KXBTC15M-26JUL191315-15,64497.87,1,,yes,91,64551.14,8.26,0,5,4.55,0.03,5.00,0.45,0.42,1
2026-07-19 17:30,KXBTC15M-26JUL191330-30,64637.00,0,odds 55c not above 60c,no,,64630.20,1.05,0,0,0.00,0.00,0.00,0.00,0.00,
2026-07-19 17:45,KXBTC15M-26JUL191345-45,64612.27,1,,yes,69,64629.12,2.61,0,7,4.83,0.11,0.00,-4.83,-4.94,0
2026-07-19 18:00,KXBTC15M-26JUL191400-00,64584.73,1,,no,71,64535.98,7.55,0,7,4.97,0.11,7.00,2.03,1.92,1
2026-07-19 18:15,KXBTC15M-26JUL191415-15,64512.13,1,,no,97,64412.00,15.52,0,5,4.85,0.02,5.00,0.15,0.13,1
2026-07-19 18:30,KXBTC15M-26JUL191430-30,64447.16,1,,no,72,64406.51,6.31,0,6,4.32,0.09,6.00,1.68,1.59,1
2026-07-19 18:45,KXBTC15M-26JUL191445-45,64375.93,0,odds 60c not above 60c,yes,,64385.06,1.42,0,0,0.00,0.00,0.00,0.00,0.00,
2026-07-19 19:00,KXBTC15M-26JUL191500-00,64388.64,1,,no,68,64333.76,8.52,0,7,4.76,0.11,7.00,2.24,2.13,1
2026-07-19 19:15,KXBTC15M-26JUL191515-15,64370.86,0,odds 51c not above 60c,yes,,64398.02,4.22,0,0,0.00,0.00,0.00,0.00,0.00,
2026-07-19 19:30,KXBTC15M-26JUL191530-30,64404.93,1,,no,74,64387.92,2.64,0,6,4.44,0.09,6.00,1.56,1.47,1
2026-07-19 19:45,KXBTC15M-26JUL191545-45,64401.47,0,odds 56c not above 60c,no,,64386.95,2.25,0,0,0.00,0.00,0.00,0.00,0.00,
2026-07-19 20:00,KXBTC15M-26JUL191600-00,64377.87,1,,no,82,64352.38,3.96,0,6,4.92,0.07,0.00,-4.92,-4.99,0
2026-07-19 20:15,KXBTC15M-26JUL191615-15,64416.46,1,,yes,88,64443.19,4.15,0,5,4.40,0.04,5.00,0.60,0.56,1
2026-07-19 20:30,KXBTC15M-26JUL191630-30,64469.32,1,,no,63,64464.56,0.74,0,7,4.41,0.12,7.00,2.59,2.47,1
2026-07-19 20:45,KXBTC15M-26JUL191645-45,64451.46,0,odds 60c not above 60c,no,,64433.54,2.78,0,0,0.00,0.00,0.00,0.00,0.00,
2026-07-19 21:00,KXBTC15M-26JUL191700-00,64458.95,0,odds 59c not above 60c,no,,64448.44,1.63,0,0,0.00,0.00,0.00,0.00,0.00,
2026-07-19 21:15,KXBTC15M-26JUL191715-15,64473.78,0,odds 47c not above 60c,no,,64470.01,0.58,0,0,0.00,0.00,0.00,0.00,0.00,
2026-07-19 21:30,KXBTC15M-26JUL191730-30,64508.67,1,,no,94,64425.60,12.88,0,5,4.70,0.02,5.00,0.30,0.28,1
2026-07-19 21:45,KXBTC15M-26JUL191745-45,64435.79,1,,no,84,64382.00,8.35,0,5,4.20,0.05,5.00,0.80,0.75,1
2026-07-19 22:00,KXBTC15M-26JUL191800-00,64329.14,1,,yes,73,64382.73,8.33,0,6,4.38,0.09,6.00,1.62,1.53,1
2026-07-19 22:15,KXBTC15M-26JUL191815-15,64364.91,1,,yes,70,64440.49,11.74,0,7,4.90,0.11,7.00,2.10,1.99,1
2026-07-19 22:30,KXBTC15M-26JUL191830-30,64610.65,1,,yes,92,64707.32,14.96,0,5,4.60,0.03,5.00,0.40,0.37,1
2026-07-19 22:45,KXBTC15M-26JUL191845-45,64732.22,1,,no,90,64694.39,5.84,0,5,4.50,0.04,0.00,-4.50,-4.54,0
2026-07-19 23:00,KXBTC15M-26JUL191900-00,64770.83,1,,no,94,64646.89,19.14,0,5,4.70,0.02,5.00,0.30,0.28,1
2026-07-19 23:15,KXBTC15M-26JUL191915-15,64635.63,1,,no,85,64598.76,5.70,0,5,4.25,0.05,0.00,-4.25,-4.30,0
2026-07-19 23:30,KXBTC15M-26JUL191930-30,64652.09,1,,no,73,64629.27,3.53,0,6,4.38,0.09,6.00,1.62,1.53,1
2026-07-19 23:45,KXBTC15M-26JUL191945-45,64625.93,1,,yes,68,64651.49,3.96,0,7,4.76,0.11,7.00,2.24,2.13,1
2026-07-20 00:00,KXBTC15M-26JUL192000-00,64686.07,1,,no,71,64663.84,3.44,0,7,4.97,0.11,0.00,-4.97,-5.08,0
2026-07-20 00:15,KXBTC15M-26JUL192015-15,64686.93,1,,yes,74,64794.33,16.60,0,6,4.44,0.09,6.00,1.56,1.47,1
2026-07-20 00:30,KXBTC15M-26JUL192030-30,64992.86,1,,no,97,64825.64,25.73,0,5,4.85,0.02,5.00,0.15,0.13,1
2026-07-20 00:45,KXBTC15M-26JUL192045-45,64842.22,0,odds 31c not above 60c,yes,,64873.50,4.82,0,0,0.00,0.00,0.00,0.00,0.00,
2026-07-20 01:00,KXBTC15M-26JUL192100-00,64791.55,1,,no,98,64486.03,47.15,0,5,4.90,0.01,5.00,0.10,0.09,1
2026-07-20 01:15,KXBTC15M-26JUL192115-15,64516.57,1,,yes,98,64768.00,38.97,0,5,4.90,0.01,5.00,0.10,0.09,1
2026-07-20 01:30,KXBTC15M-26JUL192130-30,64775.50,1,,no,80,64771.98,0.54,0,6,4.80,0.07,0.00,-4.80,-4.87,0
2026-07-20 01:45,KXBTC15M-26JUL192145-45,64825.85,1,,yes,70,64845.28,3.00,0,7,4.90,0.11,0.00,-4.90,-5.01,0
2026-07-20 02:00,KXBTC15M-26JUL192200-00,64710.16,1,,no,95,64518.35,29.64,0,5,4.75,0.02,5.00,0.25,0.23,1
2026-07-20 02:15,KXBTC15M-26JUL192215-15,64586.83,1,,yes,97,64809.26,34.44,0,5,4.85,0.02,5.00,0.15,0.13,1
2026-07-20 02:30,KXBTC15M-26JUL192230-30,64801.28,1,,no,93,64608.86,29.69,0,5,4.65,0.03,5.00,0.35,0.32,1
2026-07-20 02:45,KXBTC15M-26JUL192245-45,64655.49,1,,yes,69,64701.75,7.15,0,7,4.83,0.11,7.00,2.17,2.06,1
2026-07-20 03:00,KXBTC15M-26JUL192300-00,64818.06,1,,yes,66,64834.24,2.50,0,7,4.62,0.11,0.00,-4.62,-4.73,0
2026-07-20 03:15,KXBTC15M-26JUL192315-15,64788.32,1,,no,66,64745.03,6.68,0,7,4.62,0.11,0.00,-4.62,-4.73,0
2026-07-20 03:30,KXBTC15M-26JUL192330-30,64803.94,1,,no,92,64620.67,28.28,0,5,4.60,0.03,5.00,0.40,0.37,1
2026-07-20 03:45,KXBTC15M-26JUL192345-45,64644.92,1,,yes,96,64745.92,15.62,0,5,4.80,0.02,5.00,0.20,0.18,1
2026-07-20 04:00,KXBTC15M-26JUL200000-00,64847.79,0,odds 53c not above 60c,no,,64822.36,3.92,0,0,0.00,0.00,0.00,0.00,0.00,
2026-07-20 04:15,KXBTC15M-26JUL200015-15,64779.22,1,,no,90,64693.99,13.16,0,5,4.50,0.04,5.00,0.50,0.46,1
2026-07-20 04:30,KXBTC15M-26JUL200030-30,64671.81,1,,no,72,64653.87,2.77,0,6,4.32,0.09,0.00,-4.32,-4.41,0
2026-07-20 04:45,KXBTC15M-26JUL200045-45,64712.97,0,odds 55c not above 60c,no,,64708.38,0.71,0,0,0.00,0.00,0.00,0.00,0.00,
2026-07-20 05:00,KXBTC15M-26JUL200100-00,64695.77,1,,no,95,64496.00,30.88,0,5,4.75,0.02,5.00,0.25,0.23,1
2026-07-20 05:15,KXBTC15M-26JUL200115-15,64503.79,1,,no,85,64403.69,15.52,0,5,4.25,0.05,5.00,0.75,0.70,1
2026-07-20 05:30,KXBTC15M-26JUL200130-30,64193.64,1,,no,65,64120.31,11.42,0,7,4.55,0.12,7.00,2.45,2.33,1
2026-07-20 05:45,KXBTC15M-26JUL200145-45,64143.45,0,odds 39c not above 60c,yes,,64153.33,1.54,0,0,0.00,0.00,0.00,0.00,0.00,
2026-07-20 06:00,KXBTC15M-26JUL200200-00,64174.02,1,,no,91,64079.84,14.68,0,5,4.55,0.03,5.00,0.45,0.42,1
2026-07-20 06:15,KXBTC15M-26JUL200215-15,64080.91,1,,yes,66,64113.00,5.01,0,7,4.62,0.11,7.00,2.38,2.27,1
2026-07-20 06:30,KXBTC15M-26JUL200230-30,64141.26,0,odds 50c not above 60c,no,,64129.99,1.76,0,0,0.00,0.00,0.00,0.00,0.00,
2026-07-20 06:45,KXBTC15M-26JUL200245-45,64089.24,1,,no,98,63885.17,31.84,0,5,4.90,0.01,5.00,0.10,0.09,1
2026-07-20 07:00,KXBTC15M-26JUL200300-00,63763.93,1,,yes,82,63835.55,11.23,0,6,4.92,0.07,6.00,1.08,1.01,1
2026-07-20 07:15,KXBTC15M-26JUL200315-15,63847.62,1,,yes,92,63949.15,15.90,0,5,4.60,0.03,5.00,0.40,0.37,1
2026-07-20 07:30,KXBTC15M-26JUL200330-30,63923.54,1,,yes,81,63983.71,9.41,0,6,4.86,0.07,6.00,1.14,1.07,1
2026-07-20 07:45,KXBTC15M-26JUL200345-45,64075.79,0,odds 45c not above 60c,no,,64073.43,0.37,0,0,0.00,0.00,0.00,0.00,0.00,
2026-07-20 08:00,KXBTC15M-26JUL200400-00,64139.51,1,,yes,80,64234.52,14.81,0,6,4.80,0.07,6.00,1.20,1.13,1
2026-07-20 08:15,KXBTC15M-26JUL200415-15,64203.69,1,,no,65,64185.02,2.91,0,7,4.55,0.12,0.00,-4.55,-4.67,0
2026-07-20 08:30,KXBTC15M-26JUL200430-30,64242.54,1,,no,85,64169.56,11.36,0,5,4.25,0.05,5.00,0.75,0.70,1
2026-07-20 08:45,KXBTC15M-26JUL200445-45,64183.76,1,,no,98,63904.34,43.53,0,5,4.90,0.01,5.00,0.10,0.09,1
2026-07-20 09:00,KXBTC15M-26JUL200500-00,63909.62,1,,yes,90,63973.12,9.94,0,5,4.50,0.04,5.00,0.50,0.46,1
2026-07-20 09:15,KXBTC15M-26JUL200515-15,63988.70,0,odds 42c not above 60c,yes,,63997.05,1.30,0,0,0.00,0.00,0.00,0.00,0.00,
2026-07-20 09:30,KXBTC15M-26JUL200530-30,64040.67,1,,yes,88,64115.98,11.76,0,5,4.40,0.04,5.00,0.60,0.56,1
2026-07-20 09:45,KXBTC15M-26JUL200545-45,64139.83,1,,yes,68,64145.60,0.90,0,7,4.76,0.11,7.00,2.24,2.13,1
2026-07-20 10:00,KXBTC15M-26JUL200600-00,64179.17,1,,yes,66,64188.01,1.38,0,7,4.62,0.11,0.00,-4.62,-4.73,0
2026-07-20 10:15,KXBTC15M-26JUL200615-15,64154.69,0,odds 41c not above 60c,yes,,64156.79,0.33,0,0,0.00,0.00,0.00,0.00,0.00,
2026-07-20 10:30,KXBTC15M-26JUL200630-30,64220.08,1,,yes,93,64291.50,11.12,0,5,4.65,0.03,5.00,0.35,0.32,1
2026-07-20 10:45,KXBTC15M-26JUL200645-45,64301.75,1,,no,91,64220.97,12.56,0,5,4.55,0.03,5.00,0.45,0.42,1
2026-07-20 11:00,KXBTC15M-26JUL200700-00,64264.12,0,odds 58c not above 60c,yes,,64285.20,3.28,0,0,0.00,0.00,0.00,0.00,0.00,
2026-07-20 11:15,KXBTC15M-26JUL200715-15,64240.13,1,,yes,91,64379.61,21.71,0,5,4.55,0.03,5.00,0.45,0.42,1
2026-07-20 11:30,KXBTC15M-26JUL200730-30,64326.62,1,,no,89,64273.49,8.26,0,5,4.45,0.04,5.00,0.55,0.51,1
2026-07-20 11:45,KXBTC15M-26JUL200745-45,64297.89,1,,yes,99,64840.70,84.42,0,5,4.95,0.01,5.00,0.05,0.04,1
2026-07-20 12:00,KXBTC15M-26JUL200800-00,64793.18,1,,yes,92,64920.36,19.63,0,5,4.60,0.03,5.00,0.40,0.37,1
2026-07-20 12:15,KXBTC15M-26JUL200815-15,64960.15,1,,no,94,64795.58,25.33,0,5,4.70,0.02,5.00,0.30,0.28,1
2026-07-20 12:30,KXBTC15M-26JUL200830-30,64684.54,1,,no,62,64667.19,2.68,0,8,4.96,0.14,8.00,3.04,2.90,1
2026-07-20 12:45,KXBTC15M-26JUL200845-45,64652.22,0,odds 58c not above 60c,yes,,64661.42,1.42,0,0,0.00,0.00,0.00,0.00,0.00,
2026-07-20 13:00,KXBTC15M-26JUL200900-00,64580.83,1,,yes,81,64605.43,3.81,0,6,4.86,0.07,6.00,1.14,1.07,1
2026-07-20 13:15,KXBTC15M-26JUL200915-15,64585.28,1,,yes,70,64646.09,9.42,0,7,4.90,0.11,7.00,2.10,1.99,1
2026-07-20 13:30,KXBTC15M-26JUL200930-30,64648.20,1,,no,68,64584.11,9.91,0,7,4.76,0.11,7.00,2.24,2.13,1
2026-07-20 13:45,KXBTC15M-26JUL200945-45,64485.81,1,,yes,88,64598.04,17.40,0,5,4.40,0.04,5.00,0.60,0.56,1
2026-07-20 14:00,KXBTC15M-26JUL201000-00,64612.08,1,,no,81,64343.00,41.65,0,6,4.86,0.07,6.00,1.14,1.07,1
2026-07-20 14:15,KXBTC15M-26JUL201015-15,64257.26,1,,yes,86,64325.89,10.68,0,5,4.30,0.05,5.00,0.70,0.65,1
2026-07-20 14:30,KXBTC15M-26JUL201030-30,64272.76,1,,no,87,64201.59,11.07,0,5,4.35,0.04,0.00,-4.35,-4.39,0
2026-07-20 14:45,KXBTC15M-26JUL201045-45,64380.24,1,,no,78,64309.50,10.99,0,6,4.68,0.08,6.00,1.32,1.24,1
2026-07-20 15:00,KXBTC15M-26JUL201100-00,64367.89,1,,no,72,64256.42,17.32,0,6,4.32,0.09,6.00,1.68,1.59,1
2026-07-20 15:15,KXBTC15M-26JUL201115-15,64321.44,1,,yes,98,64687.08,56.85,0,5,4.90,0.01,5.00,0.10,0.09,1
2026-07-20 15:30,KXBTC15M-26JUL201130-30,64885.64,0,odds 51c not above 60c,no,,64847.09,5.94,0,0,0.00,0.00,0.00,0.00,0.00,
2026-07-20 15:45,KXBTC15M-26JUL201145-45,64868.78,1,,no,85,64813.22,8.56,0,5,4.25,0.05,0.00,-4.25,-4.30,0
2026-07-20 16:00,KXBTC15M-26JUL201200-00,65174.88,1,,yes,97,65405.99,35.46,0,5,4.85,0.02,5.00,0.15,0.13,1
2026-07-20 16:15,KXBTC15M-26JUL201215-15,65535.15,1,,no,90,65394.00,21.54,0,5,4.50,0.04,5.00,0.50,0.46,1
2026-07-20 16:30,KXBTC15M-26JUL201230-30,65508.59,1,,no,88,65407.99,15.36,0,5,4.40,0.04,5.00,0.60,0.56,1
2026-07-20 16:45,KXBTC15M-26JUL201245-45,65390.50,1,,yes,62,65399.87,1.43,0,8,4.96,0.14,0.00,-4.96,-5.10,0
2026-07-20 17:00,KXBTC15M-26JUL201300-00,65355.48,1,,yes,80,65425.01,10.64,0,6,4.80,0.07,6.00,1.20,1.13,1
2026-07-20 17:15,KXBTC15M-26JUL201315-15,65443.99,0,odds 37c not above 60c,no,,65414.38,4.52,0,0,0.00,0.00,0.00,0.00,0.00,
2026-07-20 17:30,KXBTC15M-26JUL201330-30,65466.79,1,,no,63,65431.42,5.40,0,7,4.41,0.12,7.00,2.59,2.47,1
2026-07-20 17:45,KXBTC15M-26JUL201345-45,65449.65,1,,no,78,65373.66,11.61,0,6,4.68,0.08,6.00,1.32,1.24,1
2026-07-20 18:00,KXBTC15M-26JUL201400-00,65317.32,1,,yes,96,65467.49,22.99,0,5,4.80,0.02,5.00,0.20,0.18,1
2026-07-20 18:15,KXBTC15M-26JUL201415-15,65538.80,1,,yes,64,65541.02,0.34,0,7,4.48,0.12,7.00,2.52,2.40,1
2026-07-20 18:30,KXBTC15M-26JUL201430-30,65722.44,1,,no,97,65543.43,27.24,0,5,4.85,0.02,5.00,0.15,0.13,1
2026-07-20 18:45,KXBTC15M-26JUL201445-45,65558.35,1,,no,87,65437.93,18.37,0,5,4.35,0.04,5.00,0.65,0.61,1
2026-07-20 19:00,KXBTC15M-26JUL201500-00,65324.84,1,,no,81,65202.19,18.78,0,6,4.86,0.07,6.00,1.14,1.07,1
2026-07-20 19:15,KXBTC15M-26JUL201515-15,65182.93,0,odds 52c not above 60c,no,,65175.21,1.18,0,0,0.00,0.00,0.00,0.00,0.00,
2026-07-20 19:30,KXBTC15M-26JUL201530-30,65106.28,0,odds 56c not above 60c,no,,65098.33,1.22,0,0,0.00,0.00,0.00,0.00,0.00,
2026-07-20 19:45,KXBTC15M-26JUL201545-45,65084.28,1,,no,85,65060.20,3.70,0,5,4.25,0.05,5.00,0.75,0.70,1
2026-07-20 20:00,KXBTC15M-26JUL201600-00,65075.08,1,,yes,63,65108.98,5.21,0,7,4.41,0.12,7.00,2.59,2.47,1
2026-07-20 20:15,KXBTC15M-26JUL201615-15,65095.97,0,odds 46c not above 60c,no,,65081.52,2.22,0,0,0.00,0.00,0.00,0.00,0.00,
2026-07-20 20:30,KXBTC15M-26JUL201630-30,65182.22,1,,yes,90,65248.01,10.09,0,5,4.50,0.04,5.00,0.50,0.46,1
2026-07-20 20:45,KXBTC15M-26JUL201645-45,65248.05,1,,yes,96,65347.79,15.29,0,5,4.80,0.02,5.00,0.20,0.18,1
2026-07-20 21:00,KXBTC15M-26JUL201700-00,65266.13,1,,yes,73,65287.99,3.35,0,6,4.38,0.09,6.00,1.62,1.53,1
2026-07-20 21:15,KXBTC15M-26JUL201715-15,65326.85,1,,no,84,65264.32,9.57,0,5,4.20,0.05,5.00,0.80,0.75,1
2026-07-20 21:30,KXBTC15M-26JUL201730-30,65297.30,0,odds 47c not above 60c,no,,65284.87,1.90,0,0,0.00,0.00,0.00,0.00,0.00,
2026-07-20 21:45,KXBTC15M-26JUL201745-45,65274.06,1,,yes,96,65355.21,12.43,0,5,4.80,0.02,5.00,0.20,0.18,1
2026-07-20 22:00,KXBTC15M-26JUL201800-00,65323.79,1,,no,88,65262.60,9.37,0,5,4.40,0.04,5.00,0.60,0.56,1
2026-07-20 22:15,KXBTC15M-26JUL201815-15,65259.87,1,,no,95,65139.04,18.52,0,5,4.75,0.02,5.00,0.25,0.23,1
2026-07-20 22:30,KXBTC15M-26JUL201830-30,65165.30,1,,yes,64,65172.95,1.17,0,7,4.48,0.12,7.00,2.52,2.40,1
2026-07-20 22:45,KXBTC15M-26JUL201845-45,65181.56,1,,no,94,65093.34,13.53,0,5,4.70,0.02,5.00,0.30,0.28,1
2026-07-20 23:00,KXBTC15M-26JUL201900-00,65090.25,0,odds 36c not above 60c,no,,65088.23,0.31,0,0,0.00,0.00,0.00,0.00,0.00,
2026-07-20 23:15,KXBTC15M-26JUL201915-15,65111.43,1,,yes,91,65171.79,9.27,0,5,4.55,0.03,5.00,0.45,0.42,1
2026-07-20 23:30,KXBTC15M-26JUL201930-30,65121.58,1,,yes,93,65190.01,10.51,0,5,4.65,0.03,5.00,0.35,0.32,1
2026-07-20 23:45,KXBTC15M-26JUL201945-45,65210.31,1,,no,62,65189.73,3.16,0,8,4.96,0.14,8.00,3.04,2.90,1
2026-07-21 00:00,KXBTC15M-26JUL202000-00,65193.42,1,,no,89,65124.36,10.59,0,5,4.45,0.04,0.00,-4.45,-4.49,0
2026-07-21 00:15,KXBTC15M-26JUL202015-15,65216.99,1,,no,91,65141.56,11.57,0,5,4.55,0.03,5.00,0.45,0.42,1
2026-07-21 00:30,KXBTC15M-26JUL202030-30,65176.94,1,,yes,95,65314.79,21.15,0,5,4.75,0.02,5.00,0.25,0.23,1
2026-07-21 00:45,KXBTC15M-26JUL202045-45,65326.64,1,,yes,85,65358.51,4.88,0,5,4.25,0.05,5.00,0.75,0.70,1
2026-07-21 01:00,KXBTC15M-26JUL202100-00,65467.69,0,odds 47c not above 60c,no,,65457.96,1.49,0,0,0.00,0.00,0.00,0.00,0.00,
2026-07-21 01:15,KXBTC15M-26JUL202115-15,65537.21,0,odds 55c not above 60c,yes,,65561.98,3.78,0,0,0.00,0.00,0.00,0.00,0.00,
2026-07-21 01:30,KXBTC15M-26JUL202130-30,65521.05,1,,no,90,65420.72,15.31,0,5,4.50,0.04,5.00,0.50,0.46,1
2026-07-21 01:45,KXBTC15M-26JUL202145-45,65429.74,0,odds 47c not above 60c,no,,65426.00,0.57,0,0,0.00,0.00,0.00,0.00,0.00,
2026-07-21 02:00,KXBTC15M-26JUL202200-00,65305.88,1,,no,91,65236.57,10.61,0,5,4.55,0.03,5.00,0.45,0.42,1
2026-07-21 02:15,KXBTC15M-26JUL202215-15,65205.40,1,,yes,96,65311.53,16.28,0,5,4.80,0.02,5.00,0.20,0.18,1
2026-07-21 02:30,KXBTC15M-26JUL202230-30,65235.44,1,,no,73,65227.51,1.22,0,6,4.38,0.09,6.00,1.62,1.53,1
2026-07-21 02:45,KXBTC15M-26JUL202245-45,65231.00,1,,yes,93,65290.49,9.12,0,5,4.65,0.03,5.00,0.35,0.32,1
2026-07-21 03:00,KXBTC15M-26JUL202300-00,65310.60,0,odds 52c not above 60c,no,,65307.71,0.44,0,0,0.00,0.00,0.00,0.00,0.00,
2026-07-21 03:15,KXBTC15M-26JUL202315-15,65383.07,1,,yes,94,65417.20,5.22,0,5,4.70,0.02,5.00,0.30,0.28,1
2026-07-21 03:30,KXBTC15M-26JUL202330-30,65448.99,1,,no,66,65396.24,8.06,0,7,4.62,0.11,7.00,2.38,2.27,1
2026-07-21 03:45,KXBTC15M-26JUL202345-45,65439.61,1,,yes,67,65458.19,2.84,0,7,4.69,0.11,7.00,2.31,2.20,1
2026-07-21 04:00,KXBTC15M-26JUL210000-00,65457.31,1,,yes,65,65484.63,4.17,0,7,4.55,0.12,7.00,2.45,2.33,1
2026-07-21 04:15,KXBTC15M-26JUL210015-15,65539.82,1,,yes,95,65679.82,21.36,0,5,4.75,0.02,5.00,0.25,0.23,1
2026-07-21 04:30,KXBTC15M-26JUL210030-30,65559.70,1,,no,67,65538.87,3.18,0,7,4.69,0.11,7.00,2.31,2.20,1
2026-07-21 04:45,KXBTC15M-26JUL210045-45,65492.88,1,,yes,75,65529.72,5.63,0,6,4.50,0.08,6.00,1.50,1.42,1
2026-07-21 05:00,KXBTC15M-26JUL210100-00,65500.14,1,,no,65,65445.10,8.40,0,7,4.55,0.12,7.00,2.45,2.33,1
2026-07-21 05:15,KXBTC15M-26JUL210115-15,65483.13,1,,yes,63,65500.79,2.70,0,7,4.41,0.12,7.00,2.59,2.47,1
2026-07-21 05:30,KXBTC15M-26JUL210130-30,65485.97,1,,yes,73,65517.72,4.85,0,6,4.38,0.09,6.00,1.62,1.53,1
2026-07-21 05:45,KXBTC15M-26JUL210145-45,65574.86,1,,no,73,65518.60,8.58,0,6,4.38,0.09,0.00,-4.38,-4.47,0
2026-07-21 06:00,KXBTC15M-26JUL210200-00,65597.93,1,,yes,91,65721.27,18.80,0,5,4.55,0.03,5.00,0.45,0.42,1
2026-07-21 06:15,KXBTC15M-26JUL210215-15,65710.92,1,,no,78,65658.72,7.94,0,6,4.68,0.08,6.00,1.32,1.24,1
2026-07-21 06:30,KXBTC15M-26JUL210230-30,65683.79,0,odds 57c not above 60c,yes,,65751.99,10.38,0,0,0.00,0.00,0.00,0.00,0.00,
2026-07-21 06:45,KXBTC15M-26JUL210245-45,65788.65,1,,yes,94,65899.99,16.92,0,5,4.70,0.02,5.00,0.30,0.28,1
2026-07-21 07:00,KXBTC15M-26JUL210300-00,65901.42,1,,no,85,65860.81,6.16,0,5,4.25,0.05,5.00,0.75,0.70,1
2026-07-21 07:15,KXBTC15M-26JUL210315-15,65887.58,1,,no,83,65829.70,8.78,0,6,4.98,0.06,6.00,1.02,0.96,1
2026-07-21 07:30,KXBTC15M-26JUL210330-30,65873.40,1,,yes,74,65885.88,1.89,0,6,4.44,0.09,6.00,1.56,1.47,1
2026-07-21 07:45,KXBTC15M-26JUL210345-45,65920.18,1,,yes,85,65990.00,10.59,0,5,4.25,0.05,5.00,0.75,0.70,1
2026-07-21 08:00,KXBTC15M-26JUL210400-00,65993.47,1,,yes,97,66142.40,22.57,0,5,4.85,0.02,5.00,0.15,0.13,1
2026-07-21 08:15,KXBTC15M-26JUL210415-15,66160.91,0,odds 52c not above 60c,yes,,66162.50,0.24,0,0,0.00,0.00,0.00,0.00,0.00,
2026-07-21 08:30,KXBTC15M-26JUL210430-30,66226.43,1,,yes,62,66297.20,10.69,0,8,4.96,0.14,0.00,-4.96,-5.10,0
2026-07-21 08:45,KXBTC15M-26JUL210445-45,66178.99,1,,yes,92,66257.75,11.90,0,5,4.60,0.03,5.00,0.40,0.37,1
2026-07-21 09:00,KXBTC15M-26JUL210500-00,66263.71,1,,no,74,66211.70,7.85,0,6,4.44,0.09,6.00,1.56,1.47,1
2026-07-21 09:15,KXBTC15M-26JUL210515-15,66191.32,1,,no,77,66167.84,3.55,0,6,4.62,0.08,6.00,1.38,1.30,1
2026-07-21 09:30,KXBTC15M-26JUL210530-30,66173.68,1,,no,62,66163.24,1.58,0,8,4.96,0.14,0.00,-4.96,-5.10,0
2026-07-21 09:45,KXBTC15M-26JUL210545-45,66204.80,1,,yes,95,66280.50,11.43,0,5,4.75,0.02,5.00,0.25,0.23,1
2026-07-21 10:00,KXBTC15M-26JUL210600-00,66266.10,1,,yes,66,66291.99,3.91,0,7,4.62,0.11,0.00,-4.62,-4.73,0
2026-07-21 10:15,KXBTC15M-26JUL210615-15,66250.46,1,,no,65,66237.48,1.96,0,7,4.55,0.12,0.00,-4.55,-4.67,0
2026-07-21 10:30,KXBTC15M-26JUL210630-30,66328.23,0,odds 54c not above 60c,no,,66298.05,4.55,0,0,0.00,0.00,0.00,0.00,0.00,
2026-07-21 10:45,KXBTC15M-26JUL210645-45,66359.26,0,odds 51c not above 60c,no,,66345.99,2.00,0,0,0.00,0.00,0.00,0.00,0.00,
2026-07-21 11:00,KXBTC15M-26JUL210700-00,66344.97,1,,no,96,66156.44,28.42,0,5,4.80,0.02,5.00,0.20,0.18,1
2026-07-21 11:15,KXBTC15M-26JUL210715-15,66166.55,1,,no,72,66131.10,5.36,0,6,4.32,0.09,0.00,-4.32,-4.41,0
2026-07-21 11:30,KXBTC15M-26JUL210730-30,66212.43,1,,no,75,66185.60,4.05,0,6,4.50,0.08,6.00,1.50,1.42,1
2026-07-21 11:45,KXBTC15M-26JUL210745-45,66200.68,1,,yes,87,66261.16,9.14,0,5,4.35,0.04,5.00,0.65,0.61,1
2026-07-21 12:00,KXBTC15M-26JUL210800-00,66295.25,1,,yes,65,66316.18,3.16,0,7,4.55,0.12,0.00,-4.55,-4.67,0
2026-07-21 12:15,KXBTC15M-26JUL210815-15,66293.30,1,,yes,76,66317.60,3.67,0,6,4.56,0.08,6.00,1.44,1.36,1
2026-07-21 12:30,KXBTC15M-26JUL210830-30,66376.35,1,,yes,77,66406.03,4.47,0,6,4.62,0.08,6.00,1.38,1.30,1
2026-07-21 12:45,KXBTC15M-26JUL210845-45,66407.85,1,,yes,96,66543.75,20.46,0,5,4.80,0.02,5.00,0.20,0.18,1
2026-07-21 13:00,KXBTC15M-26JUL210900-00,66478.06,1,,no,61,66455.53,3.39,0,8,4.88,0.14,0.00,-4.88,-5.02,0
2026-07-21 13:15,KXBTC15M-26JUL210915-15,66522.63,1,,yes,68,66530.10,1.12,0,7,4.76,0.11,7.00,2.24,2.13,1
2026-07-21 13:30,KXBTC15M-26JUL210930-30,66579.93,1,,no,91,66475.49,15.69,0,5,4.55,0.03,5.00,0.45,0.42,1
2026-07-21 13:45,KXBTC15M-26JUL210945-45,66401.46,1,,yes,72,66460.24,8.85,0,6,4.32,0.09,0.00,-4.32,-4.41,0
2026-07-21 14:00,KXBTC15M-26JUL211000-00,66314.34,1,,yes,98,66650.06,50.63,0,5,4.90,0.01,5.00,0.10,0.09,1
2026-07-21 14:15,KXBTC15M-26JUL211015-15,66733.55,1,,yes,64,66778.00,6.66,0,7,4.48,0.12,7.00,2.52,2.40,1
2026-07-21 14:30,KXBTC15M-26JUL211030-30,66894.01,1,,no,98,66688.35,30.74,0,5,4.90,0.01,5.00,0.10,0.09,1
2026-07-21 14:45,KXBTC15M-26JUL211045-45,66685.43,1,,yes,94,66786.93,15.22,0,5,4.70,0.02,5.00,0.30,0.28,1
2026-07-21 15:00,KXBTC15M-26JUL211100-00,66805.41,1,,yes,61,66810.49,0.76,0,8,4.88,0.14,8.00,3.12,2.98,1
2026-07-21 15:15,KXBTC15M-26JUL211115-15,66830.15,1,,no,92,66708.28,18.24,0,5,4.60,0.03,5.00,0.40,0.37,1
2026-07-21 15:30,KXBTC15M-26JUL211130-30,66718.03,0,odds 56c not above 60c,no,,66666.00,7.80,0,0,0.00,0.00,0.00,0.00,0.00,
2026-07-21 15:45,KXBTC15M-26JUL211145-45,66623.29,1,,no,69,66613.31,1.50,0,7,4.83,0.11,7.00,2.17,2.06,1
2026-07-21 16:00,KXBTC15M-26JUL211200-00,66605.99,1,,yes,77,66647.05,6.16,0,6,4.62,0.08,6.00,1.38,1.30,1
2026-07-21 16:15,KXBTC15M-26JUL211215-15,66673.12,1,,no,72,66609.91,9.48,0,6,4.32,0.09,6.00,1.68,1.59,1
2026-07-21 16:30,KXBTC15M-26JUL211230-30,66598.85,1,,no,69,66556.63,6.34,0,7,4.83,0.11,7.00,2.17,2.06,1
2026-07-21 16:45,KXBTC15M-26JUL211245-45,66520.09,1,,yes,89,66619.97,15.02,0,5,4.45,0.04,5.00,0.55,0.51,1
2026-07-21 17:00,KXBTC15M-26JUL211300-00,66544.26,1,,no,76,66489.56,8.22,0,6,4.56,0.08,6.00,1.44,1.36,1
2026-07-21 17:15,KXBTC15M-26JUL211315-15,66531.45,1,,no,80,66476.79,8.22,0,6,4.80,0.07,6.00,1.20,1.13,1
2026-07-21 17:30,KXBTC15M-26JUL211330-30,66432.37,0,odds 42c not above 60c,yes,,66433.50,0.17,0,0,0.00,0.00,0.00,0.00,0.00,
2026-07-21 17:45,KXBTC15M-26JUL211345-45,66427.89,0,odds 43c not above 60c,no,,66412.01,2.39,0,0,0.00,0.00,0.00,0.00,0.00,
2026-07-21 18:00,KXBTC15M-26JUL211400-00,66462.78,1,,no,98,66187.11,41.48,0,5,4.90,0.01,5.00,0.10,0.09,1
2026-07-21 18:15,KXBTC15M-26JUL211415-15,66163.28,1,,yes,90,66247.35,12.71,0,5,4.50,0.04,5.00,0.50,0.46,1
2026-07-21 18:30,KXBTC15M-26JUL211430-30,66265.78,0,odds 37c not above 60c,yes,,66267.15,0.21,0,0,0.00,0.00,0.00,0.00,0.00,
2026-07-21 18:45,KXBTC15M-26JUL211445-45,66202.35,1,,yes,73,66254.24,7.84,0,6,4.38,0.09,6.00,1.62,1.53,1
2026-07-21 19:00,KXBTC15M-26JUL211500-00,66250.59,1,,yes,70,66260.64,1.52,0,7,4.90,0.11,7.00,2.10,1.99,1
2026-07-21 19:15,KXBTC15M-26JUL211515-15,66273.55,1,,yes,81,66313.57,6.04,0,6,4.86,0.07,0.00,-4.86,-4.93,0
2026-07-21 19:30,KXBTC15M-26JUL211530-30,66250.08,1,,yes,87,66346.90,14.61,0,5,4.35,0.04,5.00,0.65,0.61,1
2026-07-21 19:45,KXBTC15M-26JUL211545-45,66369.85,1,,yes,86,66440.36,10.62,0,5,4.30,0.05,5.00,0.70,0.65,1
2026-07-21 20:00,KXBTC15M-26JUL211600-00,66433.71,0,odds 39c not above 60c,no,,66433.49,0.03,0,0,0.00,0.00,0.00,0.00,0.00,
2026-07-21 20:15,KXBTC15M-26JUL211615-15,66411.34,0,odds 51c not above 60c,yes,,66420.02,1.31,0,0,0.00,0.00,0.00,0.00,0.00,
2026-07-21 20:30,KXBTC15M-26JUL211630-30,66392.24,1,,no,88,66328.08,9.66,0,5,4.40,0.04,5.00,0.60,0.56,1
2026-07-21 20:45,KXBTC15M-26JUL211645-45,66356.94,1,,yes,92,66441.93,12.81,0,5,4.60,0.03,5.00,0.40,0.37,1
2026-07-21 21:00,KXBTC15M-26JUL211700-00,66410.38,1,,no,71,66388.73,3.26,0,7,4.97,0.11,7.00,2.03,1.92,1
2026-07-21 21:15,KXBTC15M-26JUL211715-15,66376.13,1,,no,84,66345.66,4.59,0,5,4.20,0.05,5.00,0.80,0.75,1
2026-07-21 21:30,KXBTC15M-26JUL211730-30,66366.09,1,,no,82,66310.32,8.40,0,6,4.92,0.07,6.00,1.08,1.01,1
2026-07-21 21:45,KXBTC15M-26JUL211745-45,66293.22,1,,yes,69,66315.22,3.32,0,7,4.83,0.11,7.00,2.17,2.06,1
2026-07-21 22:00,KXBTC15M-26JUL211800-00,66311.28,1,,yes,80,66324.24,1.95,0,6,4.80,0.07,6.00,1.20,1.13,1
2026-07-21 22:15,KXBTC15M-26JUL211815-15,66338.83,1,,no,86,66298.06,6.15,0,5,4.30,0.05,5.00,0.70,0.65,1
2026-07-21 22:30,KXBTC15M-26JUL211830-30,66289.58,1,,no,93,66210.51,11.93,0,5,4.65,0.03,5.00,0.35,0.32,1
2026-07-21 22:45,KXBTC15M-26JUL211845-45,66246.43,1,,yes,84,66295.51,7.41,0,5,4.20,0.05,5.00,0.80,0.75,1
2026-07-21 23:00,KXBTC15M-26JUL211900-00,66282.01,1,,no,81,66248.46,5.06,0,6,4.86,0.07,6.00,1.14,1.07,1
2026-07-21 23:15,KXBTC15M-26JUL211915-15,66271.53,1,,no,85,66244.67,4.05,0,5,4.25,0.05,5.00,0.75,0.70,1
2026-07-21 23:30,KXBTC15M-26JUL211930-30,66243.56,1,,yes,86,66283.94,6.10,0,5,4.30,0.05,5.00,0.70,0.65,1
2026-07-21 23:45,KXBTC15M-26JUL211945-45,66353.79,1,,yes,95,66395.54,6.29,0,5,4.75,0.02,5.00,0.25,0.23,1
2026-07-22 00:00,KXBTC15M-26JUL212000-00,66391.34,1,,yes,95,66490.69,14.96,0,5,4.75,0.02,5.00,0.25,0.23,1
2026-07-22 00:15,KXBTC15M-26JUL212015-15,66517.23,1,,yes,91,66613.32,14.45,0,5,4.55,0.03,5.00,0.45,0.42,1
2026-07-22 00:30,KXBTC15M-26JUL212030-30,66634.46,0,odds 45c not above 60c,no,,66611.57,3.44,0,0,0.00,0.00,0.00,0.00,0.00,
2026-07-22 00:45,KXBTC15M-26JUL212045-45,66602.43,1,,yes,61,66656.60,8.13,0,8,4.88,0.14,8.00,3.12,2.98,1
2026-07-22 01:00,KXBTC15M-26JUL212100-00,66684.25,1,,no,89,66620.81,9.51,0,5,4.45,0.04,5.00,0.55,0.51,1
2026-07-22 01:15,KXBTC15M-26JUL212115-15,66621.97,1,,no,85,66566.94,8.26,0,5,4.25,0.05,5.00,0.75,0.70,1
2026-07-22 01:30,KXBTC15M-26JUL212130-30,66456.84,1,,no,93,66311.95,21.80,0,5,4.65,0.03,5.00,0.35,0.32,1
2026-07-22 01:45,KXBTC15M-26JUL212145-45,66358.96,0,odds 42c not above 60c,no,,66343.15,2.38,0,0,0.00,0.00,0.00,0.00,0.00,
2026-07-22 02:00,KXBTC15M-26JUL212200-00,66330.16,1,,yes,97,66403.54,11.06,0,5,4.85,0.02,5.00,0.15,0.13,1
2026-07-22 02:15,KXBTC15M-26JUL212215-15,66367.31,0,odds 42c not above 60c,no,,66331.81,5.35,0,0,0.00,0.00,0.00,0.00,0.00,
2026-07-22 02:30,KXBTC15M-26JUL212230-30,66423.74,0,odds 51c not above 60c,no,,66416.29,1.12,0,0,0.00,0.00,0.00,0.00,0.00,
2026-07-22 02:45,KXBTC15M-26JUL212245-45,66380.33,1,,no,97,66260.93,17.99,0,5,4.85,0.02,5.00,0.15,0.13,1
2026-07-22 03:00,KXBTC15M-26JUL212300-00,66333.53,1,,no,75,66282.97,7.62,0,6,4.50,0.08,6.00,1.50,1.42,1
2026-07-22 03:15,KXBTC15M-26JUL212315-15,66275.85,1,,no,73,66233.04,6.46,0,6,4.38,0.09,6.00,1.62,1.53,1
2026-07-22 03:30,KXBTC15M-26JUL212330-30,66171.59,1,,yes,90,66238.65,10.13,0,5,4.50,0.04,5.00,0.50,0.46,1
2026-07-22 03:45,KXBTC15M-26JUL212345-45,66264.15,1,,no,88,66212.11,7.85,0,5,4.40,0.04,5.00,0.60,0.56,1
2026-07-22 04:00,KXBTC15M-26JUL220000-00,66235.06,1,,yes,86,66252.32,2.61,0,5,4.30,0.05,0.00,-4.30,-4.35,0
2026-07-22 04:15,KXBTC15M-26JUL220015-15,66167.76,1,,yes,96,66300.31,20.03,0,5,4.80,0.02,5.00,0.20,0.18,1
2026-07-22 04:30,KXBTC15M-26JUL220030-30,66295.23,1,,yes,88,66326.94,4.78,0,5,4.40,0.04,5.00,0.60,0.56,1
2026-07-22 04:45,KXBTC15M-26JUL220045-45,66349.67,0,odds 43c not above 60c,yes,,66363.24,2.05,0,0,0.00,0.00,0.00,0.00,0.00,
2026-07-22 05:00,KXBTC15M-26JUL220100-00,66376.09,1,,no,85,66323.61,7.91,0,5,4.25,0.05,5.00,0.75,0.70,1
2026-07-22 05:15,KXBTC15M-26JUL220115-15,66339.43,1,,no,94,66253.52,12.95,0,5,4.70,0.02,5.00,0.30,0.28,1
2026-07-22 05:30,KXBTC15M-26JUL220130-30,66231.49,1,,no,99,66037.22,29.33,0,5,4.95,0.01,5.00,0.05,0.04,1
2026-07-22 05:45,KXBTC15M-26JUL220145-45,66032.23,1,,no,78,65969.15,9.55,0,6,4.68,0.08,6.00,1.32,1.24,1
2026-07-22 06:00,KXBTC15M-26JUL220200-00,65945.01,1,,yes,61,65946.20,0.18,0,8,4.88,0.14,0.00,-4.88,-5.02,0
2026-07-22 06:15,KXBTC15M-26JUL220215-15,65934.79,1,,no,76,65871.38,9.62,0,6,4.56,0.08,6.00,1.44,1.36,1
2026-07-22 06:30,KXBTC15M-26JUL220230-30,65933.51,1,,no,90,65845.73,13.31,0,5,4.50,0.04,5.00,0.50,0.46,1
2026-07-22 06:45,KXBTC15M-26JUL220245-45,65814.35,1,,yes,97,65905.51,13.85,0,5,4.85,0.02,5.00,0.15,0.13,1
2026-07-22 07:00,KXBTC15M-26JUL220300-00,65918.73,0,odds 58c not above 60c,no,,65891.29,4.16,0,0,0.00,0.00,0.00,0.00,0.00,
2026-07-22 07:15,KXBTC15M-26JUL220315-15,65891.01,1,,no,65,65848.99,6.38,0,7,4.55,0.12,7.00,2.45,2.33,1
2026-07-22 07:30,KXBTC15M-26JUL220330-30,65868.22,0,odds 30c not above 60c,no,,65850.76,2.65,0,0,0.00,0.00,0.00,0.00,0.00,
2026-07-22 07:45,KXBTC15M-26JUL220345-45,65861.68,1,,no,98,65719.02,21.66,0,5,4.90,0.01,5.00,0.10,0.09,1
2026-07-22 08:00,KXBTC15M-26JUL220400-00,65740.61,1,,yes,72,65763.84,3.53,0,6,4.32,0.09,6.00,1.68,1.59,1
2026-07-22 08:15,KXBTC15M-26JUL220415-15,65805.18,1,,yes,99,65998.25,29.34,0,5,4.95,0.01,5.00,0.05,0.04,1
2026-07-22 08:30,KXBTC15M-26JUL220430-30,65985.75,1,,yes,95,66079.80,14.25,0,5,4.75,0.02,0.00,-4.75,-4.77,0
2026-07-22 08:45,KXBTC15M-26JUL220445-45,65973.97,1,,no,84,65933.97,6.06,0,5,4.20,0.05,5.00,0.80,0.75,1
2026-07-22 09:00,KXBTC15M-26JUL220500-00,65898.24,1,,yes,76,65936.63,5.83,0,6,4.56,0.08,6.00,1.44,1.36,1
2026-07-22 09:15,KXBTC15M-26JUL220515-15,65945.65,1,,yes,63,66017.28,10.86,0,7,4.41,0.12,7.00,2.59,2.47,1
2026-07-22 09:30,KXBTC15M-26JUL220530-30,65957.95,1,,yes,95,65990.40,4.92,0,5,4.75,0.02,5.00,0.25,0.23,1
2026-07-22 09:45,KXBTC15M-26JUL220545-45,65985.19,1,,no,98,65808.35,26.80,0,5,4.90,0.01,5.00,0.10,0.09,1
2026-07-22 10:00,KXBTC15M-26JUL220600-00,65842.13,1,,no,79,65813.67,4.32,0,6,4.74,0.07,0.00,-4.74,-4.81,0
2026-07-22 10:15,KXBTC15M-26JUL220615-15,65892.33,1,,no,75,65850.00,6.42,0,6,4.50,0.08,6.00,1.50,1.42,1
2026-07-22 10:30,KXBTC15M-26JUL220630-30,65882.03,1,,yes,88,65909.79,4.21,0,5,4.40,0.04,5.00,0.60,0.56,1
2026-07-22 10:45,KXBTC15M-26JUL220645-45,65928.84,0,odds 51c not above 60c,no,,65923.54,0.80,0,0,0.00,0.00,0.00,0.00,0.00,
2026-07-22 11:00,KXBTC15M-26JUL220700-00,65963.10,1,,yes,95,66032.64,10.54,0,5,4.75,0.02,5.00,0.25,0.23,1
2026-07-22 11:15,KXBTC15M-26JUL220715-15,65998.57,0,odds 34c not above 60c,no,,65989.41,1.39,0,0,0.00,0.00,0.00,0.00,0.00,
2026-07-22 11:30,KXBTC15M-26JUL220730-30,65982.57,1,,yes,85,66026.93,6.72,0,5,4.25,0.05,5.00,0.75,0.70,1
2026-07-22 11:45,KXBTC15M-26JUL220745-45,66013.00,1,,no,85,65979.88,5.02,0,5,4.25,0.05,5.00,0.75,0.70,1
2026-07-22 12:00,KXBTC15M-26JUL220800-00,65883.34,1,,yes,98,65986.56,15.67,0,5,4.90,0.01,5.00,0.10,0.09,1
2026-07-22 12:15,KXBTC15M-26JUL220815-15,65976.87,1,,no,98,65840.63,20.65,0,5,4.90,0.01,5.00,0.10,0.09,1
2026-07-22 12:30,KXBTC15M-26JUL220830-30,65855.56,1,,no,74,65813.77,6.35,0,6,4.44,0.09,6.00,1.56,1.47,1
2026-07-22 12:45,KXBTC15M-26JUL220845-45,65842.98,1,,no,87,65773.93,10.49,0,5,4.35,0.04,5.00,0.65,0.61,1
2026-07-22 13:00,KXBTC15M-26JUL220900-00,65748.06,1,,no,89,65693.41,8.31,0,5,4.45,0.04,5.00,0.55,0.51,1
2026-07-22 13:15,KXBTC15M-26JUL220915-15,65605.88,1,,no,72,65588.29,2.68,0,6,4.32,0.09,6.00,1.68,1.59,1
2026-07-22 13:30,KXBTC15M-26JUL220930-30,65605.75,1,,no,82,65544.97,9.26,0,6,4.92,0.07,6.00,1.08,1.01,1
2026-07-22 13:45,KXBTC15M-26JUL220945-45,65574.92,1,,yes,97,65725.99,23.04,0,5,4.85,0.02,5.00,0.15,0.13,1
2026-07-22 14:00,KXBTC15M-26JUL221000-00,65848.21,1,,no,71,65847.90,0.05,0,7,4.97,0.11,0.00,-4.97,-5.08,0
2026-07-22 14:15,KXBTC15M-26JUL221015-15,65914.13,0,odds 25c not above 60c,no,,65898.24,2.41,0,0,0.00,0.00,0.00,0.00,0.00,
2026-07-22 14:30,KXBTC15M-26JUL221030-30,65889.46,1,,no,98,65647.61,36.71,0,5,4.90,0.01,5.00,0.10,0.09,1
2026-07-22 14:45,KXBTC15M-26JUL221045-45,65582.58,1,,yes,96,65678.28,14.59,0,5,4.80,0.02,5.00,0.20,0.18,1
2026-07-22 15:00,KXBTC15M-26JUL221100-00,65689.16,1,,yes,66,65715.03,3.94,0,7,4.62,0.11,7.00,2.38,2.27,1
2026-07-22 15:15,KXBTC15M-26JUL221115-15,65751.00,1,,yes,85,65875.19,18.89,0,5,4.25,0.05,5.00,0.75,0.70,1
2026-07-22 15:30,KXBTC15M-26JUL221130-30,65904.60,1,,yes,80,66004.92,15.22,0,6,4.80,0.07,6.00,1.20,1.13,1
2026-07-22 15:45,KXBTC15M-26JUL221145-45,66055.59,1,,no,90,65967.35,13.36,0,5,4.50,0.04,5.00,0.50,0.46,1
2026-07-22 16:00,KXBTC15M-26JUL221200-00,65981.82,0,odds 46c not above 60c,no,,65955.84,3.94,0,0,0.00,0.00,0.00,0.00,0.00,
2026-07-22 16:15,KXBTC15M-26JUL221215-15,65999.46,1,,yes,90,66120.78,18.38,0,5,4.50,0.04,5.00,0.50,0.46,1
2026-07-22 16:30,KXBTC15M-26JUL221230-30,66104.03,1,,no,96,65950.68,23.20,0,5,4.80,0.02,5.00,0.20,0.18,1
2026-07-22 16:45,KXBTC15M-26JUL221245-45,66009.29,1,,yes,99,66289.47,42.45,0,5,4.95,0.01,5.00,0.05,0.04,1
2026-07-22 17:00,KXBTC15M-26JUL221300-00,66266.28,1,,no,82,66148.10,17.83,0,6,4.92,0.07,6.00,1.08,1.01,1
2026-07-22 17:15,KXBTC15M-26JUL221315-15,66207.69,1,,yes,61,66225.15,2.64,0,8,4.88,0.14,0.00,-4.88,-5.02,0
2026-07-22 17:30,KXBTC15M-26JUL221330-30,66152.85,1,,no,97,65994.97,23.87,0,5,4.85,0.02,5.00,0.15,0.13,1
2026-07-22 17:45,KXBTC15M-26JUL221345-45,65978.34,1,,yes,98,66083.94,16.01,0,5,4.90,0.01,5.00,0.10,0.09,1
2026-07-22 18:00,KXBTC15M-26JUL221400-00,66149.77,1,,no,89,66058.41,13.81,0,5,4.45,0.04,5.00,0.55,0.51,1
2026-07-22 18:15,KXBTC15M-26JUL221415-15,66002.67,1,,yes,71,66010.29,1.15,0,7,4.97,0.11,0.00,-4.97,-5.08,0
2026-07-22 19:00,KXBTC15M-26JUL221500-00,65748.21,1,,yes,92,65834.08,13.06,0,5,4.60,0.03,5.00,0.40,0.37,1
2026-07-22 19:15,KXBTC15M-26JUL221515-15,65868.82,1,,no,94,65769.61,15.06,0,5,4.70,0.02,5.00,0.30,0.28,1
2026-07-22 19:30,KXBTC15M-26JUL221530-30,65718.57,1,,yes,98,65858.25,21.25,0,5,4.90,0.01,5.00,0.10,0.09,1
2026-07-22 19:45,KXBTC15M-26JUL221545-45,65881.45,1,,yes,65,65889.80,1.27,0,7,4.55,0.12,0.00,-4.55,-4.67,0
2026-07-22 20:00,KXBTC15M-26JUL221600-00,65841.71,1,,yes,70,65857.62,2.42,0,7,4.90,0.11,7.00,2.10,1.99,1
2026-07-22 20:15,KXBTC15M-26JUL221615-15,65911.80,1,,no,97,65805.86,16.07,0,5,4.85,0.02,5.00,0.15,0.13,1
2026-07-22 20:30,KXBTC15M-26JUL221630-30,65877.55,1,,yes,61,65882.44,0.74,0,8,4.88,0.14,8.00,3.12,2.98,1
2026-07-22 20:45,KXBTC15M-26JUL221645-45,65902.15,1,,no,69,65894.84,1.11,0,7,4.83,0.11,0.00,-4.83,-4.94,0
2026-07-22 21:00,KXBTC15M-26JUL221700-00,65916.00,1,,no,66,65906.79,1.40,0,7,4.62,0.11,7.00,2.38,2.27,1
2026-07-22 21:15,KXBTC15M-26JUL221715-15,65888.27,1,,yes,65,65901.81,2.05,0,7,4.55,0.12,7.00,2.45,2.33,1
2026-07-22 21:30,KXBTC15M-26JUL221730-30,65896.38,0,odds 47c not above 60c,no,,65894.32,0.31,0,0,0.00,0.00,0.00,0.00,0.00,
2026-07-22 21:45,KXBTC15M-26JUL221745-45,65883.31,1,,yes,98,66019.47,20.67,0,5,4.90,0.01,5.00,0.10,0.09,1
2026-07-22 22:00,KXBTC15M-26JUL221800-00,66088.35,1,,no,76,66067.02,3.23,0,6,4.56,0.08,6.00,1.44,1.36,1
2026-07-22 22:15,KXBTC15M-26JUL221815-15,66031.84,1,,no,92,65950.95,12.25,0,5,4.60,0.03,5.00,0.40,0.37,1
2026-07-22 22:30,KXBTC15M-26JUL221830-30,65983.86,1,,no,90,65941.47,6.42,0,5,4.50,0.04,0.00,-4.50,-4.54,0
2026-07-22 22:45,KXBTC15M-26JUL221845-45,65996.77,1,,no,92,65927.32,10.52,0,5,4.60,0.03,5.00,0.40,0.37,1
2026-07-22 23:00,KXBTC15M-26JUL221900-00,65931.12,1,,yes,98,65986.78,8.44,0,5,4.90,0.01,5.00,0.10,0.09,1
2026-07-22 23:15,KXBTC15M-26JUL221915-15,66007.36,1,,yes,76,66025.28,2.71,0,6,4.56,0.08,0.00,-4.56,-4.64,0
2026-07-22 23:30,KXBTC15M-26JUL221930-30,65877.21,1,,yes,94,65938.29,9.27,0,5,4.70,0.02,5.00,0.30,0.28,1
2026-07-22 23:45,KXBTC15M-26JUL221945-45,65958.67,0,odds 59c not above 60c,no,,65943.01,2.37,0,0,0.00,0.00,0.00,0.00,0.00,
2026-07-23 00:00,KXBTC15M-26JUL222000-00,65955.64,1,,yes,89,65999.11,6.59,0,5,4.45,0.04,5.00,0.55,0.51,1
2026-07-23 00:15,KXBTC15M-26JUL222015-15,66086.19,1,,yes,91,66189.69,15.66,0,5,4.55,0.03,5.00,0.45,0.42,1
2026-07-23 00:30,KXBTC15M-26JUL222030-30,66156.82,1,,yes,93,66218.96,9.39,0,5,4.65,0.03,5.00,0.35,0.32,1
2026-07-23 00:45,KXBTC15M-26JUL222045-45,66227.57,1,,no,89,66172.60,8.30,0,5,4.45,0.04,5.00,0.55,0.51,1
2026-07-23 01:00,KXBTC15M-26JUL222100-00,66137.13,1,,no,78,66089.29,7.23,0,6,4.68,0.08,6.00,1.32,1.24,1
2026-07-23 01:15,KXBTC15M-26JUL222115-15,66039.16,0,odds 8c not above 60c,no,,66013.43,3.90,0,0,0.00,0.00,0.00,0.00,0.00,
2026-07-23 01:30,KXBTC15M-26JUL222130-30,66010.86,1,,no,91,65907.63,15.64,0,5,4.55,0.03,5.00,0.45,0.42,1
2026-07-23 01:45,KXBTC15M-26JUL222145-45,65906.24,1,,no,98,65726.03,27.34,0,5,4.90,0.01,5.00,0.10,0.09,1
2026-07-23 02:00,KXBTC15M-26JUL222200-00,65770.64,1,,yes,74,65790.26,2.98,0,6,4.44,0.09,6.00,1.56,1.47,1
2026-07-23 02:15,KXBTC15M-26JUL222215-15,65803.55,0,odds 45c not above 60c,no,,65796.57,1.06,0,0,0.00,0.00,0.00,0.00,0.00,
2026-07-23 02:30,KXBTC15M-26JUL222230-30,65738.41,1,,no,67,65686.57,7.89,0,7,4.69,0.11,7.00,2.31,2.20,1
2026-07-23 02:45,KXBTC15M-26JUL222245-45,65718.69,0,odds 28c not above 60c,no,,65718.29,0.06,0,0,0.00,0.00,0.00,0.00,0.00,
2026-07-23 03:00,KXBTC15M-26JUL222300-00,65744.55,1,,yes,74,65784.31,6.05,0,6,4.44,0.09,6.00,1.56,1.47,1
2026-07-23 03:15,KXBTC15M-26JUL222315-15,65776.62,1,,no,94,65668.85,16.38,0,5,4.70,0.02,5.00,0.30,0.28,1
2026-07-23 03:30,KXBTC15M-26JUL222330-30,65601.78,1,,yes,76,65620.54,2.86,0,6,4.56,0.08,6.00,1.44,1.36,1
2026-07-23 03:45,KXBTC15M-26JUL222345-45,65617.74,1,,yes,76,65655.21,5.71,0,6,4.56,0.08,6.00,1.44,1.36,1
2026-07-23 04:00,KXBTC15M-26JUL230000-00,65656.47,0,odds 55c not above 60c,no,,65642.53,2.12,0,0,0.00,0.00,0.00,0.00,0.00,
2026-07-23 04:15,KXBTC15M-26JUL230015-15,65624.32,1,,no,92,65614.05,1.56,0,5,4.60,0.03,0.00,-4.60,-4.63,0
2026-07-23 04:30,KXBTC15M-26JUL230030-30,65634.81,1,,yes,78,65658.03,3.54,0,6,4.68,0.08,6.00,1.32,1.24,1
2026-07-23 04:45,KXBTC15M-26JUL230045-45,65677.56,1,,no,88,65598.11,12.10,0,5,4.40,0.04,5.00,0.60,0.56,1
2026-07-23 05:00,KXBTC15M-26JUL230100-00,65599.97,1,,no,83,65566.44,5.11,0,6,4.98,0.06,6.00,1.02,0.96,1
2026-07-23 05:15,KXBTC15M-26JUL230115-15,65571.34,1,,yes,68,65575.99,0.71,0,7,4.76,0.11,7.00,2.24,2.13,1
2026-07-23 05:30,KXBTC15M-26JUL230130-30,65605.64,0,odds 32c not above 60c,no,,65579.85,3.93,0,0,0.00,0.00,0.00,0.00,0.00,
2026-07-23 05:45,KXBTC15M-26JUL230145-45,65682.22,0,odds 39c not above 60c,no,,65674.69,1.15,0,0,0.00,0.00,0.00,0.00,0.00,
2026-07-23 06:00,KXBTC15M-26JUL230200-00,65705.70,1,,no,96,65626.47,12.06,0,5,4.80,0.02,5.00,0.20,0.18,1
2026-07-23 06:15,KXBTC15M-26JUL230215-15,65663.50,1,,no,61,65645.00,2.82,0,8,4.88,0.14,8.00,3.12,2.98,1
2026-07-23 06:30,KXBTC15M-26JUL230230-30,65640.07,0,odds 35c not above 60c,no,,65629.91,1.55,0,0,0.00,0.00,0.00,0.00,0.00,
2026-07-23 06:45,KXBTC15M-26JUL230245-45,65711.35,0,odds 48c not above 60c,no,,65709.49,0.28,0,0,0.00,0.00,0.00,0.00,0.00,
2026-07-23 09:15,KXBTC15M-26JUL230515-15,65618.74,1,,yes,85,65658.62,6.08,0,5,4.25,0.05,5.00,0.75,0.70,1
2026-07-23 09:30,KXBTC15M-26JUL230530-30,65645.07,1,,yes,79,65673.92,4.39,0,6,4.74,0.07,6.00,1.26,1.19,1
2026-07-23 09:45,KXBTC15M-26JUL230545-45,65696.60,1,,no,73,65666.15,4.63,0,6,4.38,0.09,6.00,1.62,1.53,1
2026-07-23 10:00,KXBTC15M-26JUL230600-00,65693.68,1,,no,92,65668.47,3.84,0,5,4.60,0.03,5.00,0.40,0.37,1
2026-07-23 10:15,KXBTC15M-26JUL230615-15,65601.09,1,,yes,90,65632.14,4.73,0,5,4.50,0.04,5.00,0.50,0.46,1
2026-07-23 10:30,KXBTC15M-26JUL230630-30,65678.64,0,odds 57c not above 60c,no,,65660.97,2.69,0,0,0.00,0.00,0.00,0.00,0.00,
2026-07-23 10:45,KXBTC15M-26JUL230645-45,65729.63,1,,yes,61,65743.89,2.17,0,8,4.88,0.14,8.00,3.12,2.98,1
2026-07-23 11:00,KXBTC15M-26JUL230700-00,65744.31,1,,no,79,65722.68,3.29,0,6,4.74,0.07,6.00,1.26,1.19,1
2026-07-23 11:15,KXBTC15M-26JUL230715-15,65700.16,1,,no,90,65653.61,7.09,0,5,4.50,0.04,5.00,0.50,0.46,1
2026-07-23 11:30,KXBTC15M-26JUL230730-30,65673.33,1,,no,91,65600.05,11.16,0,5,4.55,0.03,5.00,0.45,0.42,1
2026-07-23 11:45,KXBTC15M-26JUL230745-45,65612.63,1,,no,85,65554.53,8.86,0,5,4.25,0.05,5.00,0.75,0.70,1
2026-07-23 12:00,KXBTC15M-26JUL230800-00,65540.44,1,,yes,78,65549.81,1.43,0,6,4.68,0.08,0.00,-4.68,-4.76,0
2026-07-23 12:15,KXBTC15M-26JUL230815-15,65536.37,1,,no,78,65468.46,10.36,0,6,4.68,0.08,6.00,1.32,1.24,1
2026-07-23 12:30,KXBTC15M-26JUL230830-30,65493.59,0,odds 59c not above 60c,no,,65435.24,8.91,0,0,0.00,0.00,0.00,0.00,0.00,
2026-07-23 12:45,KXBTC15M-26JUL230845-45,65401.49,1,,no,99,65117.95,43.35,0,5,4.95,0.01,5.00,0.05,0.04,1
2026-07-23 13:00,KXBTC15M-26JUL230900-00,65090.73,1,,yes,88,65181.33,13.92,0,5,4.40,0.04,5.00,0.60,0.56,1
2026-07-23 13:15,KXBTC15M-26JUL230915-15,65115.65,1,,no,73,65030.23,13.12,0,6,4.38,0.09,6.00,1.62,1.53,1
2026-07-23 13:30,KXBTC15M-26JUL230930-30,64986.58,1,,yes,73,65020.42,5.21,0,6,4.38,0.09,0.00,-4.38,-4.47,0
2026-07-23 13:45,KXBTC15M-26JUL230945-45,64968.77,0,odds 32c not above 60c,no,,64933.39,5.45,0,0,0.00,0.00,0.00,0.00,0.00,
2026-07-23 14:00,KXBTC15M-26JUL231000-00,65037.69,1,,no,92,64951.48,13.26,0,5,4.60,0.03,5.00,0.40,0.37,1
2026-07-23 14:15,KXBTC15M-26JUL231015-15,64869.16,0,odds 34c not above 60c,no,,64844.85,3.75,0,0,0.00,0.00,0.00,0.00,0.00,
2026-07-23 14:30,KXBTC15M-26JUL231030-30,65015.59,1,,yes,89,65107.26,14.10,0,5,4.45,0.04,5.00,0.55,0.51,1
2026-07-23 14:45,KXBTC15M-26JUL231045-45,65078.27,1,,yes,82,65123.65,6.97,0,6,4.92,0.07,0.00,-4.92,-4.99,0
2026-07-23 15:00,KXBTC15M-26JUL231100-00,64985.75,1,,no,89,64813.16,26.56,0,5,4.45,0.04,5.00,0.55,0.51,1
2026-07-23 15:15,KXBTC15M-26JUL231115-15,64856.32,1,,no,63,64771.39,13.10,0,7,4.41,0.12,7.00,2.59,2.47,1
2026-07-23 15:30,KXBTC15M-26JUL231130-30,64700.83,1,,yes,87,64829.96,19.96,0,5,4.35,0.04,5.00,0.65,0.61,1
2026-07-23 15:45,KXBTC15M-26JUL231145-45,64823.58,1,,yes,75,64908.97,13.17,0,6,4.50,0.08,6.00,1.50,1.42,1
2026-07-23 16:00,KXBTC15M-26JUL231200-00,64870.52,1,,yes,76,64900.01,4.55,0,6,4.56,0.08,6.00,1.44,1.36,1
2026-07-23 16:15,KXBTC15M-26JUL231215-15,64912.46,1,,no,98,64773.73,21.37,0,5,4.90,0.01,5.00,0.10,0.09,1
2026-07-23 16:30,KXBTC15M-26JUL231230-30,64820.74,1,,no,92,64769.38,7.92,0,5,4.60,0.03,5.00,0.40,0.37,1
2026-07-23 16:45,KXBTC15M-26JUL231245-45,64761.87,1,,no,83,64728.96,5.08,0,6,4.98,0.06,6.00,1.02,0.96,1
2026-07-23 17:00,KXBTC15M-26JUL231300-00,64696.61,0,odds 40c not above 60c,no,,64689.31,1.13,0,0,0.00,0.00,0.00,0.00,0.00,
2026-07-23 17:15,KXBTC15M-26JUL231315-15,64737.27,1,,no,70,64704.92,5.00,0,7,4.90,0.11,7.00,2.10,1.99,1
2026-07-23 17:30,KXBTC15M-26JUL231330-30,64693.65,1,,yes,84,64790.16,14.92,0,5,4.20,0.05,5.00,0.80,0.75,1
2026-07-23 17:45,KXBTC15M-26JUL231345-45,64800.42,1,,no,88,64753.02,7.31,0,5,4.40,0.04,5.00,0.60,0.56,1
2026-07-23 18:00,KXBTC15M-26JUL231400-00,64773.49,0,odds 51c not above 60c,no,,64770.23,0.50,0,0,0.00,0.00,0.00,0.00,0.00,
2026-07-23 18:15,KXBTC15M-26JUL231415-15,64620.86,1,,yes,89,64696.85,11.76,0,5,4.45,0.04,5.00,0.55,0.51,1
2026-07-23 18:30,KXBTC15M-26JUL231430-30,64685.31,1,,no,63,64671.99,2.06,0,7,4.41,0.12,0.00,-4.41,-4.53,0
2026-07-23 18:45,KXBTC15M-26JUL231445-45,64752.63,1,,yes,81,64766.25,2.10,0,6,4.86,0.07,6.00,1.14,1.07,1
2026-07-23 19:00,KXBTC15M-26JUL231500-00,64758.53,1,,yes,98,64880.35,18.81,0,5,4.90,0.01,5.00,0.10,0.09,1
2026-07-23 19:15,KXBTC15M-26JUL231515-15,64807.79,1,,yes,76,64816.63,1.36,0,6,4.56,0.08,0.00,-4.56,-4.64,0
2026-07-23 19:30,KXBTC15M-26JUL231530-30,64742.06,0,odds 56c not above 60c,yes,,64762.20,3.11,0,0,0.00,0.00,0.00,0.00,0.00,
2026-07-23 19:45,KXBTC15M-26JUL231545-45,64833.75,0,odds 53c not above 60c,no,,64764.00,10.76,0,0,0.00,0.00,0.00,0.00,0.00,
2026-07-23 20:00,KXBTC15M-26JUL231600-00,64703.10,1,,no,74,64695.79,1.13,0,6,4.44,0.09,0.00,-4.44,-4.53,0
2026-07-23 20:15,KXBTC15M-26JUL231615-15,64791.74,1,,yes,98,64971.29,27.71,0,5,4.90,0.01,5.00,0.10,0.09,1
2026-07-23 20:30,KXBTC15M-26JUL231630-30,64994.56,1,,yes,96,65099.98,16.22,0,5,4.80,0.02,5.00,0.20,0.18,1
2026-07-23 20:45,KXBTC15M-26JUL231645-45,65124.54,1,,no,68,65076.16,7.43,0,7,4.76,0.11,7.00,2.24,2.13,1
2026-07-23 21:00,KXBTC15M-26JUL231700-00,65084.53,0,odds 43c not above 60c,no,,65067.82,2.57,0,0,0.00,0.00,0.00,0.00,0.00,
2026-07-23 21:15,KXBTC15M-26JUL231715-15,65099.79,1,,no,80,65042.46,8.81,0,6,4.80,0.07,6.00,1.20,1.13,1
2026-07-23 21:30,KXBTC15M-26JUL231730-30,65007.10,0,odds 52c not above 60c,yes,,65036.12,4.46,0,0,0.00,0.00,0.00,0.00,0.00,
2026-07-23 21:45,KXBTC15M-26JUL231745-45,65074.35,1,,no,85,65026.93,7.29,0,5,4.25,0.05,5.00,0.75,0.70,1
2026-07-23 22:00,KXBTC15M-26JUL231800-00,65049.56,1,,yes,94,65084.44,5.36,0,5,4.70,0.02,5.00,0.30,0.28,1
2026-07-23 22:15,KXBTC15M-26JUL231815-15,65105.92,1,,yes,91,65141.01,5.39,0,5,4.55,0.03,0.00,-4.55,-4.58,0
2026-07-23 22:30,KXBTC15M-26JUL231830-30,65050.02,1,,yes,76,65091.56,6.39,0,6,4.56,0.08,6.00,1.44,1.36,1
2026-07-23 22:45,KXBTC15M-26JUL231845-45,65108.79,1,,yes,84,65172.63,9.81,0,5,4.20,0.05,5.00,0.80,0.75,1
2026-07-23 23:00,KXBTC15M-26JUL231900-00,65169.64,1,,no,94,65102.24,10.34,0,5,4.70,0.02,5.00,0.30,0.28,1
2026-07-23 23:15,KXBTC15M-26JUL231915-15,65148.85,1,,yes,68,65152.45,0.55,0,7,4.76,0.11,0.00,-4.76,-4.87,0
2026-07-23 23:30,KXBTC15M-26JUL231930-30,65134.31,0,odds 31c not above 60c,no,,65128.49,0.89,0,0,0.00,0.00,0.00,0.00,0.00,
2026-07-23 23:45,KXBTC15M-26JUL231945-45,65121.17,1,,yes,81,65160.98,6.11,0,6,4.86,0.07,6.00,1.14,1.07,1
2026-07-24 00:00,KXBTC15M-26JUL232000-00,65127.43,1,,no,97,65039.99,13.43,0,5,4.85,0.02,5.00,0.15,0.13,1
2026-07-24 00:15,KXBTC15M-26JUL232015-15,65054.34,1,,no,97,64921.66,20.40,0,5,4.85,0.02,5.00,0.15,0.13,1
2026-07-24 00:30,KXBTC15M-26JUL232030-30,64889.62,1,,yes,68,64932.56,6.62,0,7,4.76,0.11,0.00,-4.76,-4.87,0
2026-07-24 00:45,KXBTC15M-26JUL232045-45,64839.26,1,,no,64,64737.56,15.68,0,7,4.48,0.12,7.00,2.52,2.40,1
2026-07-24 01:00,KXBTC15M-26JUL232100-00,64809.04,1,,yes,94,64880.34,11.00,0,5,4.70,0.02,5.00,0.30,0.28,1
2026-07-24 01:15,KXBTC15M-26JUL232115-15,64924.15,1,,yes,91,65018.19,14.48,0,5,4.55,0.03,5.00,0.45,0.42,1
2026-07-24 01:30,KXBTC15M-26JUL232130-30,65003.84,1,,no,78,64978.82,3.85,0,6,4.68,0.08,0.00,-4.68,-4.76,0
2026-07-24 01:45,KXBTC15M-26JUL232145-45,65045.16,1,,yes,82,65114.98,10.73,0,6,4.92,0.07,6.00,1.08,1.01,1
2026-07-24 02:00,KXBTC15M-26JUL232200-00,65068.14,0,odds 40c not above 60c,yes,,65070.07,0.30,0,0,0.00,0.00,0.00,0.00,0.00,
2026-07-24 02:15,KXBTC15M-26JUL232215-15,65039.49,0,odds 54c not above 60c,yes,,65067.18,4.26,0,0,0.00,0.00,0.00,0.00,0.00,
2026-07-24 02:30,KXBTC15M-26JUL232230-30,65122.78,1,,no,92,65068.28,8.37,0,5,4.60,0.03,5.00,0.40,0.37,1
2026-07-24 02:45,KXBTC15M-26JUL232245-45,65088.12,1,,no,97,64932.37,23.93,0,5,4.85,0.02,5.00,0.15,0.13,1
2026-07-24 03:00,KXBTC15M-26JUL232300-00,65012.14,1,,no,78,64956.02,8.63,0,6,4.68,0.08,0.00,-4.68,-4.76,0
2026-07-24 03:15,KXBTC15M-26JUL232315-15,65057.99,1,,yes,97,65241.93,28.27,0,5,4.85,0.02,5.00,0.15,0.13,1
2026-07-24 03:30,KXBTC15M-26JUL232330-30,65266.32,0,odds 18c not above 60c,no,,65263.40,0.45,0,0,0.00,0.00,0.00,0.00,0.00,
2026-07-24 03:45,KXBTC15M-26JUL232345-45,65290.34,1,,no,79,65266.97,3.58,0,6,4.74,0.07,0.00,-4.74,-4.81,0
2026-07-24 04:00,KXBTC15M-26JUL240000-00,65351.51,1,,yes,81,65369.63,2.77,0,6,4.86,0.07,6.00,1.14,1.07,1
2026-07-24 04:15,KXBTC15M-26JUL240015-15,65407.99,1,,no,73,65367.24,6.23,0,6,4.38,0.09,6.00,1.62,1.53,1
2026-07-24 04:30,KXBTC15M-26JUL240030-30,65349.84,0,odds 17c not above 60c,yes,,65390.02,6.15,0,0,0.00,0.00,0.00,0.00,0.00,
2026-07-24 04:45,KXBTC15M-26JUL240045-45,65371.58,1,,no,88,65299.21,11.07,0,5,4.40,0.04,5.00,0.60,0.56,1
2026-07-24 05:00,KXBTC15M-26JUL240100-00,65291.13,1,,no,76,65265.00,4.00,0,6,4.56,0.08,6.00,1.44,1.36,1
2026-07-24 05:15,KXBTC15M-26JUL240115-15,65237.70,1,,yes,94,65337.77,15.34,0,5,4.70,0.02,5.00,0.30,0.28,1
2026-07-24 05:30,KXBTC15M-26JUL240130-30,65309.19,1,,no,71,65285.84,3.58,0,7,4.97,0.11,7.00,2.03,1.92,1
2026-07-24 05:45,KXBTC15M-26JUL240145-45,65286.98,1,,no,87,65226.33,9.29,0,5,4.35,0.04,5.00,0.65,0.61,1
2026-07-24 06:00,KXBTC15M-26JUL240200-00,65250.67,1,,yes,62,65251.63,0.15,0,8,4.96,0.14,8.00,3.04,2.90,1
2026-07-24 06:15,KXBTC15M-26JUL240215-15,65252.20,0,odds 35c not above 60c,yes,,65267.42,2.33,0,0,0.00,0.00,0.00,0.00,0.00,
2026-07-24 06:30,KXBTC15M-26JUL240230-30,65312.41,1,,yes,90,65387.68,11.52,0,5,4.50,0.04,5.00,0.50,0.46,1
2026-07-24 06:45,KXBTC15M-26JUL240245-45,65383.32,1,,yes,91,65452.88,10.64,0,5,4.55,0.03,5.00,0.45,0.42,1
2026-07-24 07:00,KXBTC15M-26JUL240300-00,65418.15,1,,no,64,65395.08,3.53,0,7,4.48,0.12,0.00,-4.48,-4.60,0
2026-07-24 07:15,KXBTC15M-26JUL240315-15,65423.19,1,,yes,96,65532.59,16.72,0,5,4.80,0.02,5.00,0.20,0.18,1
2026-07-24 07:30,KXBTC15M-26JUL240330-30,65710.40,1,,no,73,65618.02,14.06,0,6,4.38,0.09,6.00,1.62,1.53,1
2026-07-24 07:45,KXBTC15M-26JUL240345-45,65591.26,1,,no,98,65449.99,21.54,0,5,4.90,0.01,5.00,0.10,0.09,1
2026-07-24 08:00,KXBTC15M-26JUL240400-00,65338.06,1,,yes,86,65417.76,12.20,0,5,4.30,0.05,5.00,0.70,0.65,1
2026-07-24 08:15,KXBTC15M-26JUL240415-15,65457.51,1,,no,88,65418.59,5.95,0,5,4.40,0.04,5.00,0.60,0.56,1
2026-07-24 08:30,KXBTC15M-26JUL240430-30,65407.96,1,,no,94,65318.49,13.68,0,5,4.70,0.02,5.00,0.30,0.28,1
2026-07-24 08:45,KXBTC15M-26JUL240445-45,65345.54,1,,yes,83,65399.56,8.27,0,6,4.98,0.06,6.00,1.02,0.96,1
2026-07-24 09:00,KXBTC15M-26JUL240500-00,65396.06,1,,no,97,65291.34,16.01,0,5,4.85,0.02,5.00,0.15,0.13,1
2026-07-24 09:15,KXBTC15M-26JUL240515-15,65270.30,1,,no,97,65091.93,27.33,0,5,4.85,0.02,5.00,0.15,0.13,1
2026-07-24 09:30,KXBTC15M-26JUL240530-30,65018.80,1,,no,94,64946.68,11.09,0,5,4.70,0.02,5.00,0.30,0.28,1
2026-07-24 09:45,KXBTC15M-26JUL240545-45,64931.73,1,,yes,78,64935.93,0.65,0,6,4.68,0.08,6.00,1.32,1.24,1
2026-07-24 10:00,KXBTC15M-26JUL240600-00,65043.34,1,,yes,87,65071.80,4.38,0,5,4.35,0.04,5.00,0.65,0.61,1
2026-07-24 10:15,KXBTC15M-26JUL240615-15,65067.58,1,,no,80,65022.09,6.99,0,6,4.80,0.07,6.00,1.20,1.13,1
2026-07-24 10:30,KXBTC15M-26JUL240630-30,64966.05,1,,no,61,64962.90,0.48,0,8,4.88,0.14,0.00,-4.88,-5.02,0
2026-07-24 10:45,KXBTC15M-26JUL240645-45,64973.29,1,,yes,75,64984.35,1.70,0,6,4.50,0.08,6.00,1.50,1.42,1
2026-07-24 11:00,KXBTC15M-26JUL240700-00,64984.30,1,,no,94,64858.00,19.44,0,5,4.70,0.02,5.00,0.30,0.28,1
2026-07-24 11:15,KXBTC15M-26JUL240715-15,64907.76,1,,yes,92,64955.49,7.35,0,5,4.60,0.03,5.00,0.40,0.37,1
2026-07-24 11:30,KXBTC15M-26JUL240730-30,64961.65,1,,yes,83,64985.05,3.60,0,6,4.98,0.06,6.00,1.02,0.96,1
2026-07-24 11:45,KXBTC15M-26JUL240745-45,64995.71,1,,no,89,64942.00,8.26,0,5,4.45,0.04,5.00,0.55,0.51,1
2026-07-24 12:00,KXBTC15M-26JUL240800-00,64919.57,1,,yes,69,64982.51,9.70,0,7,4.83,0.11,7.00,2.17,2.06,1
2026-07-24 12:15,KXBTC15M-26JUL240815-15,65032.26,1,,no,80,64981.16,7.86,0,6,4.80,0.07,6.00,1.20,1.13,1
2026-07-24 12:30,KXBTC15M-26JUL240830-30,65024.49,0,odds 38c not above 60c,yes,,65031.89,1.14,0,0,0.00,0.00,0.00,0.00,0.00,
2026-07-24 12:45,KXBTC15M-26JUL240845-45,64988.01,0,odds 59c not above 60c,no,,64950.48,5.77,0,0,0.00,0.00,0.00,0.00,0.00,
2026-07-24 13:00,KXBTC15M-26JUL240900-00,64885.79,1,,no,92,64771.29,17.65,0,5,4.60,0.03,5.00,0.40,0.37,1
2026-07-24 13:15,KXBTC15M-26JUL240915-15,64729.55,1,,no,99,64370.25,55.51,0,5,4.95,0.01,5.00,0.05,0.04,1
2026-07-24 13:30,KXBTC15M-26JUL240930-30,64316.87,1,,yes,85,64400.66,13.03,0,5,4.25,0.05,5.00,0.75,0.70,1
2026-07-24 13:45,KXBTC15M-26JUL240945-45,64330.69,1,,no,72,64217.10,17.66,0,6,4.32,0.09,6.00,1.68,1.59,1
2026-07-24 14:00,KXBTC15M-26JUL241000-00,64328.10,1,,no,98,63936.35,60.90,0,5,4.90,0.01,5.00,0.10,0.09,1
2026-07-24 14:15,KXBTC15M-26JUL241015-15,64049.14,0,odds 50c not above 60c,yes,,64078.50,4.58,0,0,0.00,0.00,0.00,0.00,0.00,
2026-07-24 14:30,KXBTC15M-26JUL241030-30,63951.02,1,,no,95,63717.30,36.55,0,5,4.75,0.02,5.00,0.25,0.23,1
2026-07-24 14:45,KXBTC15M-26JUL241045-45,63777.92,0,odds 38c not above 60c,yes,,63789.16,1.76,0,0,0.00,0.00,0.00,0.00,0.00,
2026-07-24 15:00,KXBTC15M-26JUL241100-00,63766.40,1,,yes,69,63867.28,15.82,0,7,4.83,0.11,7.00,2.17,2.06,1
2026-07-24 15:15,KXBTC15M-26JUL241115-15,63975.66,1,,no,89,63873.00,16.05,0,5,4.45,0.04,0.00,-4.45,-4.49,0
2026-07-24 15:30,KXBTC15M-26JUL241130-30,64028.26,0,odds 60c not above 60c,no,,64025.29,0.46,0,0,0.00,0.00,0.00,0.00,0.00,
2026-07-24 15:45,KXBTC15M-26JUL241145-45,64058.65,1,,yes,90,64193.62,21.07,0,5,4.50,0.04,5.00,0.50,0.46,1
2026-07-24 16:00,KXBTC15M-26JUL241200-00,64141.80,1,,no,92,64044.63,15.15,0,5,4.60,0.03,5.00,0.40,0.37,1
2026-07-24 16:15,KXBTC15M-26JUL241215-15,64066.39,1,,yes,69,64092.23,4.03,0,7,4.83,0.11,7.00,2.17,2.06,1
2026-07-24 16:30,KXBTC15M-26JUL241230-30,64082.49,1,,yes,70,64097.56,2.35,0,7,4.90,0.11,0.00,-4.90,-5.01,0
2026-07-24 16:45,KXBTC15M-26JUL241245-45,64045.71,1,,no,89,63932.40,17.69,0,5,4.45,0.04,5.00,0.55,0.51,1
2026-07-24 17:00,KXBTC15M-26JUL241300-00,63889.77,1,,no,85,63838.00,8.10,0,5,4.25,0.05,0.00,-4.25,-4.30,0
2026-07-24 17:15,KXBTC15M-26JUL241315-15,63924.96,1,,no,69,63878.23,7.31,0,7,4.83,0.11,7.00,2.17,2.06,1
2026-07-24 17:30,KXBTC15M-26JUL241330-30,63896.93,1,,yes,92,63968.94,11.27,0,5,4.60,0.03,5.00,0.40,0.37,1
2026-07-24 17:45,KXBTC15M-26JUL241345-45,64068.43,0,odds 60c not above 60c,yes,,64076.70,1.29,0,0,0.00,0.00,0.00,0.00,0.00,
2026-07-24 18:00,KXBTC15M-26JUL241400-00,64109.57,1,,no,72,64098.80,1.68,0,6,4.32,0.09,0.00,-4.32,-4.41,0
2026-07-24 18:15,KXBTC15M-26JUL241415-15,64122.25,0,odds 41c not above 60c,no,,64109.05,2.06,0,0,0.00,0.00,0.00,0.00,0.00,
2026-07-24 18:30,KXBTC15M-26JUL241430-30,64138.52,1,,no,85,64101.49,5.77,0,5,4.25,0.05,5.00,0.75,0.70,1
2026-07-24 18:45,KXBTC15M-26JUL241445-45,64084.73,0,odds 53c not above 60c,yes,,64107.03,3.48,0,0,0.00,0.00,0.00,0.00,0.00,
2026-07-24 19:00,KXBTC15M-26JUL241500-00,64111.29,1,,yes,97,64229.76,18.48,0,5,4.85,0.02,5.00,0.15,0.13,1
2026-07-24 19:15,KXBTC15M-26JUL241515-15,64213.36,1,,no,96,64099.36,17.75,0,5,4.80,0.02,5.00,0.20,0.18,1
2026-07-24 19:30,KXBTC15M-26JUL241530-30,64102.43,1,,yes,91,64144.31,6.53,0,5,4.55,0.03,5.00,0.45,0.42,1
2026-07-24 19:45,KXBTC15M-26JUL241545-45,64156.46,1,,yes,82,64196.24,6.20,0,6,4.92,0.07,6.00,1.08,1.01,1
2026-07-24 20:00,KXBTC15M-26JUL241600-00,64194.25,1,,no,91,64158.19,5.62,0,5,4.55,0.03,5.00,0.45,0.42,1
2026-07-24 20:15,KXBTC15M-26JUL241615-15,64161.04,1,,no,66,64139.03,3.43,0,7,4.62,0.11,7.00,2.38,2.27,1
2026-07-24 20:30,KXBTC15M-26JUL241630-30,64148.70,1,,yes,81,64178.42,4.63,0,6,4.86,0.07,6.00,1.14,1.07,1
2026-07-24 20:45,KXBTC15M-26JUL241645-45,64182.23,1,,no,88,64087.20,14.81,0,5,4.40,0.04,5.00,0.60,0.56,1
2026-07-24 21:00,KXBTC15M-26JUL241700-00,64122.69,1,,no,79,64096.96,4.01,0,6,4.74,0.07,6.00,1.26,1.19,1
2026-07-24 21:15,KXBTC15M-26JUL241715-15,64106.33,0,odds 45c not above 60c,yes,,64110.52,0.65,0,0,0.00,0.00,0.00,0.00,0.00,
2026-07-24 21:30,KXBTC15M-26JUL241730-30,64090.06,1,,yes,70,64098.91,1.38,0,7,4.90,0.11,7.00,2.10,1.99,1
2026-07-24 21:45,KXBTC15M-26JUL241745-45,64099.74,1,,yes,77,64106.55,1.06,0,6,4.62,0.08,6.00,1.38,1.30,1
2026-07-24 22:00,KXBTC15M-26JUL241800-00,64100.25,1,,no,67,64077.79,3.50,0,7,4.69,0.11,7.00,2.31,2.20,1
2026-07-24 22:15,KXBTC15M-26JUL241815-15,64077.36,1,,yes,65,64082.66,0.83,0,7,4.55,0.12,7.00,2.45,2.33,1
2026-07-24 22:30,KXBTC15M-26JUL241830-30,64088.00,1,,yes,70,64097.80,1.53,0,7,4.90,0.11,7.00,2.10,1.99,1
2026-07-24 22:45,KXBTC15M-26JUL241845-45,64107.84,1,,yes,87,64133.94,4.07,0,5,4.35,0.04,5.00,0.65,0.61,1
2026-07-24 23:00,KXBTC15M-26JUL241900-00,64140.70,1,,no,86,64106.60,5.32,0,5,4.30,0.05,5.00,0.70,0.65,1
2026-07-24 23:15,KXBTC15M-26JUL241915-15,64106.87,0,odds 46c not above 60c,no,,64094.77,1.89,0,0,0.00,0.00,0.00,0.00,0.00,
2026-07-24 23:30,KXBTC15M-26JUL241930-30,64105.08,0,odds 42c not above 60c,no,,64105.02,0.01,0,0,0.00,0.00,0.00,0.00,0.00,
2026-07-24 23:45,KXBTC15M-26JUL241945-45,64112.47,1,,no,87,64075.60,5.75,0,5,4.35,0.04,0.00,-4.35,-4.39,0
2026-07-25 00:00,KXBTC15M-26JUL242000-00,64115.86,1,,no,81,64096.22,3.06,0,6,4.86,0.07,6.00,1.14,1.07,1
2026-07-25 00:15,KXBTC15M-26JUL242015-15,64095.68,0,odds 39c not above 60c,no,,64083.33,1.93,0,0,0.00,0.00,0.00,0.00,0.00,
2026-07-25 00:30,KXBTC15M-26JUL242030-30,64090.76,1,,yes,72,64098.29,1.17,0,6,4.32,0.09,6.00,1.68,1.59,1
2026-07-25 00:45,KXBTC15M-26JUL242045-45,64105.11,1,,no,67,64098.00,1.11,0,7,4.69,0.11,7.00,2.31,2.20,1
2026-07-25 01:00,KXBTC15M-26JUL242100-00,64051.54,1,,no,75,64029.01,3.52,0,6,4.50,0.08,6.00,1.50,1.42,1
2026-07-25 01:15,KXBTC15M-26JUL242115-15,64008.72,1,,yes,83,64023.24,2.27,0,6,4.98,0.06,0.00,-4.98,-5.04,0
2026-07-25 01:30,KXBTC15M-26JUL242130-30,63964.70,0,odds 49c not above 60c,no,,63953.50,1.75,0,0,0.00,0.00,0.00,0.00,0.00,
2026-07-25 01:45,KXBTC15M-26JUL242145-45,64003.97,1,,yes,89,64046.43,6.63,0,5,4.45,0.04,5.00,0.55,0.51,1
2026-07-25 02:00,KXBTC15M-26JUL242200-00,64060.64,1,,no,83,64030.48,4.71,0,6,4.98,0.06,6.00,1.02,0.96,1
2026-07-25 02:15,KXBTC15M-26JUL242215-15,64009.13,1,,yes,80,64035.74,4.16,0,6,4.80,0.07,6.00,1.20,1.13,1
2026-07-25 02:30,KXBTC15M-26JUL242230-30,64012.96,1,,no,73,63987.99,3.90,0,6,4.38,0.09,6.00,1.62,1.53,1
2026-07-25 02:45,KXBTC15M-26JUL242245-45,63995.82,1,,no,87,63977.80,2.82,0,5,4.35,0.04,5.00,0.65,0.61,1
2026-07-25 03:00,KXBTC15M-26JUL242300-00,63993.35,1,,no,85,63976.41,2.65,0,5,4.25,0.05,5.00,0.75,0.70,1
2026-07-25 03:15,KXBTC15M-26JUL242315-15,63968.14,1,,yes,73,63983.51,2.40,0,6,4.38,0.09,6.00,1.62,1.53,1
2026-07-25 03:30,KXBTC15M-26JUL242330-30,64010.31,0,odds 56c not above 60c,no,,64005.44,0.76,0,0,0.00,0.00,0.00,0.00,0.00,
2026-07-25 03:45,KXBTC15M-26JUL242345-45,64018.68,1,,yes,77,64020.86,0.34,0,6,4.62,0.08,6.00,1.38,1.30,1
2026-07-25 04:00,KXBTC15M-26JUL250000-00,64031.46,1,,no,89,63999.99,4.91,0,5,4.45,0.04,5.00,0.55,0.51,1
2026-07-25 04:15,KXBTC15M-26JUL250015-15,64026.58,1,,yes,89,64057.49,4.83,0,5,4.45,0.04,5.00,0.55,0.51,1
2026-07-25 04:30,KXBTC15M-26JUL250030-30,64064.07,1,,no,73,64048.50,2.43,0,6,4.38,0.09,6.00,1.62,1.53,1
2026-07-25 04:45,KXBTC15M-26JUL250045-45,64048.13,1,,yes,86,64065.84,2.77,0,5,4.30,0.05,5.00,0.70,0.65,1
2026-07-25 05:00,KXBTC15M-26JUL250100-00,64122.27,1,,no,80,64097.08,3.93,0,6,4.80,0.07,6.00,1.20,1.13,1
2026-07-25 05:15,KXBTC15M-26JUL250115-15,64102.10,1,,yes,66,64104.78,0.42,0,7,4.62,0.11,0.00,-4.62,-4.73,0
2026-07-25 05:30,KXBTC15M-26JUL250130-30,64093.60,0,odds 60c not above 60c,yes,,64095.02,0.22,0,0,0.00,0.00,0.00,0.00,0.00,
2026-07-25 05:45,KXBTC15M-26JUL250145-45,64086.52,1,,no,98,63975.99,17.25,0,5,4.90,0.01,5.00,0.10,0.09,1
2026-07-25 06:00,KXBTC15M-26JUL250200-00,63981.10,1,,no,76,63928.53,8.22,0,6,4.56,0.08,6.00,1.44,1.36,1
2026-07-25 06:15,KXBTC15M-26JUL250215-15,63961.97,1,,yes,86,63987.56,4.00,0,5,4.30,0.05,5.00,0.70,0.65,1
2026-07-25 06:30,KXBTC15M-26JUL250230-30,63992.48,1,,no,85,63935.98,8.83,0,5,4.25,0.05,5.00,0.75,0.70,1
2026-07-25 06:45,KXBTC15M-26JUL250245-45,63950.82,0,odds 49c not above 60c,yes,,63961.98,1.75,0,0,0.00,0.00,0.00,0.00,0.00,
2026-07-25 07:00,KXBTC15M-26JUL250300-00,63935.02,1,,no,66,63923.84,1.75,0,7,4.62,0.11,0.00,-4.62,-4.73,0
2026-07-25 07:15,KXBTC15M-26JUL250315-15,63947.84,1,,yes,71,63958.58,1.68,0,7,4.97,0.11,7.00,2.03,1.92,1
2026-07-25 07:30,KXBTC15M-26JUL250330-30,63956.30,1,,yes,77,63970.48,2.22,0,6,4.62,0.08,6.00,1.38,1.30,1
2026-07-25 07:45,KXBTC15M-26JUL250345-45,63965.45,0,odds 45c not above 60c,yes,,63971.09,0.88,0,0,0.00,0.00,0.00,0.00,0.00,
2026-07-25 08:00,KXBTC15M-26JUL250400-00,63966.33,0,odds 57c not above 60c,no,,63959.51,1.07,0,0,0.00,0.00,0.00,0.00,0.00,
2026-07-25 08:15,KXBTC15M-26JUL250415-15,63967.02,1,,no,96,63872.91,14.71,0,5,4.80,0.02,5.00,0.20,0.18,1
2026-07-25 08:30,KXBTC15M-26JUL250430-30,63899.91,1,,yes,73,63912.73,2.01,0,6,4.38,0.09,6.00,1.62,1.53,1
2026-07-25 08:45,KXBTC15M-26JUL250445-45,63937.74,1,,no,94,63900.40,5.84,0,5,4.70,0.02,5.00,0.30,0.28,1
2026-07-25 09:00,KXBTC15M-26JUL250500-00,63900.49,1,,no,99,63764.99,21.20,0,5,4.95,0.01,5.00,0.05,0.04,1
2026-07-25 09:15,KXBTC15M-26JUL250515-15,63806.86,1,,no,63,63785.99,3.27,0,7,4.41,0.12,0.00,-4.41,-4.53,0
2026-07-25 09:30,KXBTC15M-26JUL250530-30,63811.83,1,,yes,79,63836.00,3.79,0,6,4.74,0.07,6.00,1.26,1.19,1
2026-07-25 09:45,KXBTC15M-26JUL250545-45,63880.81,0,odds 52c not above 60c,yes,,63883.15,0.37,0,0,0.00,0.00,0.00,0.00,0.00,
2026-07-25 10:00,KXBTC15M-26JUL250600-00,63880.05,1,,yes,96,63949.48,10.87,0,5,4.80,0.02,5.00,0.20,0.18,1
2026-07-25 10:15,KXBTC15M-26JUL250615-15,63934.74,1,,yes,73,63949.23,2.27,0,6,4.38,0.09,6.00,1.62,1.53,1
2026-07-25 10:30,KXBTC15M-26JUL250630-30,63976.95,1,,no,74,63966.44,1.64,0,6,4.44,0.09,6.00,1.56,1.47,1
2026-07-25 10:45,KXBTC15M-26JUL250645-45,63968.34,1,,no,94,63939.99,4.43,0,5,4.70,0.02,5.00,0.30,0.28,1
2026-07-25 11:00,KXBTC15M-26JUL250700-00,63960.46,1,,no,64,63954.51,0.93,0,7,4.48,0.12,0.00,-4.48,-4.60,0
2026-07-25 11:15,KXBTC15M-26JUL250715-15,64002.37,0,odds 45c not above 60c,no,,64002.06,0.05,0,0,0.00,0.00,0.00,0.00,0.00,
2026-07-25 11:30,KXBTC15M-26JUL250730-30,64008.33,0,odds 56c not above 60c,yes,,64011.10,0.43,0,0,0.00,0.00,0.00,0.00,0.00,
2026-07-25 11:45,KXBTC15M-26JUL250745-45,64012.82,0,odds 59c not above 60c,no,,64007.99,0.75,0,0,0.00,0.00,0.00,0.00,0.00,
2026-07-25 12:00,KXBTC15M-26JUL250800-00,63997.51,1,,yes,78,64015.50,2.81,0,6,4.68,0.08,6.00,1.32,1.24,1
2026-07-25 12:15,KXBTC15M-26JUL250815-15,64001.10,1,,yes,72,64017.31,2.53,0,6,4.32,0.09,0.00,-4.32,-4.41,0
2026-07-25 12:30,KXBTC15M-26JUL250830-30,63992.12,1,,no,69,63975.99,2.52,0,7,4.83,0.11,7.00,2.17,2.06,1
2026-07-25 12:45,KXBTC15M-26JUL250845-45,63987.70,1,,yes,73,64012.46,3.87,0,6,4.38,0.09,6.00,1.62,1.53,1
2026-07-25 13:00,KXBTC15M-26JUL250900-00,64034.45,1,,yes,67,64036.98,0.40,0,7,4.69,0.11,7.00,2.31,2.20,1
2026-07-25 13:15,KXBTC15M-26JUL250915-15,64055.80,1,,yes,74,64062.26,1.01,0,6,4.44,0.09,6.00,1.56,1.47,1
2026-07-25 13:30,KXBTC15M-26JUL250930-30,64066.47,0,odds 50c not above 60c,no,,64065.05,0.22,0,0,0.00,0.00,0.00,0.00,0.00,
2026-07-25 13:45,KXBTC15M-26JUL250945-45,64069.44,0,odds 51c not above 60c,yes,,64075.48,0.94,0,0,0.00,0.00,0.00,0.00,0.00,
2026-07-25 14:00,KXBTC15M-26JUL251000-00,64134.31,0,odds 31c not above 60c,no,,64133.92,0.06,0,0,0.00,0.00,0.00,0.00,0.00,
2026-07-25 14:15,KXBTC15M-26JUL251015-15,64108.12,1,,no,70,64099.99,1.27,0,7,4.90,0.11,7.00,2.10,1.99,1
2026-07-25 14:30,KXBTC15M-26JUL251030-30,64105.53,1,,no,80,64081.46,3.75,0,6,4.80,0.07,6.00,1.20,1.13,1
2026-07-25 14:45,KXBTC15M-26JUL251045-45,64098.70,1,,yes,88,64129.06,4.74,0,5,4.40,0.04,5.00,0.60,0.56,1
2026-07-25 15:00,KXBTC15M-26JUL251100-00,64120.74,1,,yes,61,64142.74,3.43,0,8,4.88,0.14,8.00,3.12,2.98,1
2026-07-25 15:15,KXBTC15M-26JUL251115-15,64148.34,1,,yes,62,64150.43,0.33,0,8,4.96,0.14,8.00,3.04,2.90,1
2026-07-25 15:30,KXBTC15M-26JUL251130-30,64185.17,1,,no,62,64161.21,3.73,0,8,4.96,0.14,8.00,3.04,2.90,1
2026-07-25 15:45,KXBTC15M-26JUL251145-45,64142.83,0,odds 58c not above 60c,yes,,64174.88,5.00,0,0,0.00,0.00,0.00,0.00,0.00,
2026-07-25 16:00,KXBTC15M-26JUL251200-00,64153.32,1,,no,79,64121.71,4.93,0,6,4.74,0.07,6.00,1.26,1.19,1
2026-07-25 16:15,KXBTC15M-26JUL251215-15,64120.37,1,,no,62,64102.69,2.76,0,8,4.96,0.14,0.00,-4.96,-5.10,0
2026-07-25 16:30,KXBTC15M-26JUL251230-30,64134.87,1,,no,88,64084.18,7.90,0,5,4.40,0.04,5.00,0.60,0.56,1
2026-07-25 16:45,KXBTC15M-26JUL251245-45,64075.23,1,,yes,96,64121.03,7.15,0,5,4.80,0.02,5.00,0.20,0.18,1
2026-07-25 17:00,KXBTC15M-26JUL251300-00,64140.38,0,odds 60c not above 60c,yes,,64144.52,0.65,0,0,0.00,0.00,0.00,0.00,0.00,
2026-07-25 17:15,KXBTC15M-26JUL251315-15,64148.63,1,,yes,70,64158.99,1.61,0,7,4.90,0.11,0.00,-4.90,-5.01,0
2026-07-25 17:30,KXBTC15M-26JUL251330-30,64146.03,1,,yes,85,64191.68,7.12,0,5,4.25,0.05,5.00,0.75,0.70,1
2026-07-25 17:45,KXBTC15M-26JUL251345-45,64209.96,0,odds 53c not above 60c,yes,,64211.04,0.17,0,0,0.00,0.00,0.00,0.00,0.00,
2026-07-25 18:00,KXBTC15M-26JUL251400-00,64226.69,1,,no,80,64205.83,3.25,0,6,4.80,0.07,6.00,1.20,1.13,1
2026-07-25 18:15,KXBTC15M-26JUL251415-15,64194.27,1,,yes,97,64311.64,18.28,0,5,4.85,0.02,5.00,0.15,0.13,1
2026-07-25 18:30,KXBTC15M-26JUL251430-30,64299.60,0,odds 56c not above 60c,yes,,64307.68,1.26,0,0,0.00,0.00,0.00,0.00,0.00,
2026-07-25 18:45,KXBTC15M-26JUL251445-45,64349.44,1,,no,71,64328.32,3.28,0,7,4.97,0.11,7.00,2.03,1.92,1
2026-07-25 19:00,KXBTC15M-26JUL251500-00,64342.53,0,odds 11c not above 60c,no,,64335.86,1.04,0,0,0.00,0.00,0.00,0.00,0.00,
2026-07-25 19:15,KXBTC15M-26JUL251515-15,64365.87,1,,no,63,64358.29,1.18,0,7,4.41,0.12,0.00,-4.41,-4.53,0
2026-07-25 19:30,KXBTC15M-26JUL251530-30,64377.81,1,,no,68,64361.04,2.60,0,7,4.76,0.11,7.00,2.24,2.13,1
2026-07-25 19:45,KXBTC15M-26JUL251545-45,64366.22,1,,no,63,64335.20,4.82,0,7,4.41,0.12,7.00,2.59,2.47,1
2026-07-25 20:00,KXBTC15M-26JUL251600-00,64349.90,1,,yes,74,64361.61,1.82,0,6,4.44,0.09,0.00,-4.44,-4.53,0
2026-07-25 20:15,KXBTC15M-26JUL251615-15,64335.34,1,,no,86,64276.89,9.09,0,5,4.30,0.05,5.00,0.70,0.65,1
2026-07-25 20:30,KXBTC15M-26JUL251630-30,64316.47,0,odds 44c not above 60c,yes,,64329.38,2.01,0,0,0.00,0.00,0.00,0.00,0.00,
2026-07-25 20:45,KXBTC15M-26JUL251645-45,64314.45,1,,no,91,64259.99,8.47,0,5,4.55,0.03,5.00,0.45,0.42,1
2026-07-25 21:00,KXBTC15M-26JUL251700-00,64265.08,1,,yes,90,64278.42,2.08,0,5,4.50,0.04,5.00,0.50,0.46,1
2026-07-25 21:15,KXBTC15M-26JUL251715-15,64273.09,1,,no,81,64248.43,3.84,0,6,4.86,0.07,6.00,1.14,1.07,1
2026-07-25 21:30,KXBTC15M-26JUL251730-30,64222.96,1,,no,65,64202.29,3.22,0,7,4.55,0.12,0.00,-4.55,-4.67,0
2026-07-25 21:45,KXBTC15M-26JUL251745-45,64234.34,1,,yes,96,64291.80,8.95,0,5,4.80,0.02,5.00,0.20,0.18,1
2026-07-25 22:00,KXBTC15M-26JUL251800-00,64286.53,1,,yes,76,64298.37,1.84,0,6,4.56,0.08,6.00,1.44,1.36,1
2026-07-25 22:15,KXBTC15M-26JUL251815-15,64287.52,1,,yes,85,64325.99,5.98,0,5,4.25,0.05,5.00,0.75,0.70,1
2026-07-25 22:30,KXBTC15M-26JUL251830-30,64316.51,1,,yes,78,64334.02,2.72,0,6,4.68,0.08,6.00,1.32,1.24,1
2026-07-25 22:45,KXBTC15M-26JUL251845-45,64326.24,1,,yes,61,64343.52,2.69,0,8,4.88,0.14,8.00,3.12,2.98,1
2026-07-25 23:00,KXBTC15M-26JUL251900-00,64332.07,1,,yes,74,64356.60,3.81,0,6,4.44,0.09,6.00,1.56,1.47,1
2026-07-25 23:15,KXBTC15M-26JUL251915-15,64352.77,0,odds 52c not above 60c,no,,64347.49,0.82,0,0,0.00,0.00,0.00,0.00,0.00,
2026-07-25 23:30,KXBTC15M-26JUL251930-30,64359.54,1,,no,85,64336.00,3.66,0,5,4.25,0.05,5.00,0.75,0.70,1
2026-07-25 23:45,KXBTC15M-26JUL251945-45,64346.28,1,,yes,82,64369.00,3.53,0,6,4.92,0.07,0.00,-4.92,-4.99,0
2026-07-26 00:00,KXBTC15M-26JUL252000-00,64333.74,0,odds 58c not above 60c,no,,64307.65,4.06,0,0,0.00,0.00,0.00,0.00,0.00,
2026-07-26 00:15,KXBTC15M-26JUL252015-15,64320.53,1,,yes,92,64369.22,7.57,0,5,4.60,0.03,5.00,0.40,0.37,1
2026-07-26 00:30,KXBTC15M-26JUL252030-30,64371.40,1,,yes,77,64383.08,1.81,0,6,4.62,0.08,6.00,1.38,1.30,1
2026-07-26 00:45,KXBTC15M-26JUL252045-45,64413.75,1,,no,79,64395.89,2.77,0,6,4.74,0.07,6.00,1.26,1.19,1
2026-07-26 01:00,KXBTC15M-26JUL252100-00,64365.60,1,,yes,86,64421.49,8.68,0,5,4.30,0.05,5.00,0.70,0.65,1
2026-07-26 01:15,KXBTC15M-26JUL252115-15,64442.72,1,,no,75,64415.95,4.15,0,6,4.50,0.08,6.00,1.50,1.42,1
2026-07-26 01:30,KXBTC15M-26JUL252130-30,64440.88,1,,no,75,64417.00,3.71,0,6,4.50,0.08,6.00,1.50,1.42,1
2026-07-26 01:45,KXBTC15M-26JUL252145-45,64424.38,0,odds 18c not above 60c,no,,64418.28,0.95,0,0,0.00,0.00,0.00,0.00,0.00,
2026-07-26 02:00,KXBTC15M-26JUL252200-00,64414.25,0,odds 60c not above 60c,yes,,64415.62,0.21,0,0,0.00,0.00,0.00,0.00,0.00,
2026-07-26 02:15,KXBTC15M-26JUL252215-15,64401.79,1,,no,76,64368.43,5.18,0,6,4.56,0.08,0.00,-4.56,-4.64,0
2026-07-26 02:30,KXBTC15M-26JUL252230-30,64418.95,0,odds 40c not above 60c,no,,64392.93,4.04,0,0,0.00,0.00,0.00,0.00,0.00,
2026-07-26 02:45,KXBTC15M-26JUL252245-45,64421.21,1,,no,74,64384.75,5.66,0,6,4.44,0.09,6.00,1.56,1.47,1
2026-07-26 03:00,KXBTC15M-26JUL252300-00,64383.46,1,,yes,96,64447.38,9.93,0,5,4.80,0.02,5.00,0.20,0.18,1
2026-07-26 03:15,KXBTC15M-26JUL252315-15,64462.80,1,,no,90,64436.94,4.01,0,5,4.50,0.04,0.00,-4.50,-4.54,0
2026-07-26 03:30,KXBTC15M-26JUL252330-30,64514.32,0,odds 59c not above 60c,no,,64495.56,2.91,0,0,0.00,0.00,0.00,0.00,0.00,
2026-07-26 03:45,KXBTC15M-26JUL252345-45,64491.56,1,,yes,82,64512.01,3.17,0,6,4.92,0.07,6.00,1.08,1.01,1
2026-07-26 04:00,KXBTC15M-26JUL260000-00,64494.17,1,,no,68,64483.70,1.62,0,7,4.76,0.11,7.00,2.24,2.13,1
2026-07-26 04:15,KXBTC15M-26JUL260015-15,64478.24,1,,no,72,64454.00,3.76,0,6,4.32,0.09,6.00,1.68,1.59,1
2026-07-26 04:30,KXBTC15M-26JUL260030-30,64450.49,0,odds 55c not above 60c,yes,,64466.38,2.47,0,0,0.00,0.00,0.00,0.00,0.00,
2026-07-26 04:45,KXBTC15M-26JUL260045-45,64490.58,0,odds 49c not above 60c,yes,,64495.27,0.73,0,0,0.00,0.00,0.00,0.00,0.00,
2026-07-26 05:00,KXBTC15M-26JUL260100-00,64503.73,0,odds 54c not above 60c,no,,64481.95,3.38,0,0,0.00,0.00,0.00,0.00,0.00,
2026-07-26 05:15,KXBTC15M-26JUL260115-15,64467.51,1,,no,74,64442.14,3.94,0,6,4.44,0.09,6.00,1.56,1.47,1
2026-07-26 05:30,KXBTC15M-26JUL260130-30,64460.25,1,,no,78,64443.66,2.57,0,6,4.68,0.08,6.00,1.32,1.24,1
2026-07-26 05:45,KXBTC15M-26JUL260145-45,64434.35,1,,no,84,64410.10,3.76,0,5,4.20,0.05,5.00,0.80,0.75,1
2026-07-26 06:00,KXBTC15M-26JUL260200-00,64416.31,1,,no,86,64380.81,5.51,0,5,4.30,0.05,5.00,0.70,0.65,1
2026-07-26 06:15,KXBTC15M-26JUL260215-15,64364.31,1,,no,92,64319.40,6.98,0,5,4.60,0.03,5.00,0.40,0.37,1
2026-07-26 06:30,KXBTC15M-26JUL260230-30,64295.33,1,,no,94,64231.22,9.97,0,5,4.70,0.02,5.00,0.30,0.28,1
2026-07-26 06:45,KXBTC15M-26JUL260245-45,64245.14,1,,yes,98,64300.06,8.55,0,5,4.90,0.01,5.00,0.10,0.09,1
2026-07-26 07:00,KXBTC15M-26JUL260300-00,64316.26,1,,yes,95,64359.59,6.74,0,5,4.75,0.02,5.00,0.25,0.23,1
2026-07-26 07:15,KXBTC15M-26JUL260315-15,64379.33,1,,no,65,64374.80,0.70,0,7,4.55,0.12,7.00,2.45,2.33,1
2026-07-26 07:30,KXBTC15M-26JUL260330-30,64358.34,1,,no,94,64307.52,7.90,0,5,4.70,0.02,5.00,0.30,0.28,1
2026-07-26 07:45,KXBTC15M-26JUL260345-45,64315.22,1,,no,80,64290.53,3.84,0,6,4.80,0.07,6.00,1.20,1.13,1
2026-07-26 08:00,KXBTC15M-26JUL260400-00,64306.98,0,odds 57c not above 60c,yes,,64310.71,0.58,0,0,0.00,0.00,0.00,0.00,0.00,
2026-07-26 08:15,KXBTC15M-26JUL260415-15,64312.98,0,odds 52c not above 60c,yes,,64315.48,0.39,0,0,0.00,0.00,0.00,0.00,0.00,
2026-07-26 08:30,KXBTC15M-26JUL260430-30,64330.65,1,,yes,74,64331.02,0.06,0,6,4.44,0.09,6.00,1.56,1.47,1
2026-07-26 08:45,KXBTC15M-26JUL260445-45,64339.36,0,odds 32c not above 60c,no,,64338.83,0.08,0,0,0.00,0.00,0.00,0.00,0.00,
2026-07-26 09:00,KXBTC15M-26JUL260500-00,64382.47,1,,yes,95,64429.27,7.27,0,5,4.75,0.02,5.00,0.25,0.23,1
2026-07-26 09:15,KXBTC15M-26JUL260515-15,64423.20,0,odds 56c not above 60c,yes,,64430.32,1.11,0,0,0.00,0.00,0.00,0.00,0.00,
2026-07-26 09:30,KXBTC15M-26JUL260530-30,64439.02,1,,yes,92,64486.37,7.35,0,5,4.60,0.03,5.00,0.40,0.37,1
2026-07-26 09:45,KXBTC15M-26JUL260545-45,64474.18,0,odds 49c not above 60c,yes,,64477.22,0.47,0,0,0.00,0.00,0.00,0.00,0.00,
2026-07-26 10:00,KXBTC15M-26JUL260600-00,64481.91,0,odds 52c not above 60c,no,,64480.00,0.30,0,0,0.00,0.00,0.00,0.00,0.00,
2026-07-26 10:15,KXBTC15M-26JUL260615-15,64476.72,1,,no,84,64450.00,4.14,0,5,4.20,0.05,5.00,0.80,0.75,1
2026-07-26 10:30,KXBTC15M-26JUL260630-30,64453.23,1,,yes,67,64467.40,2.20,0,7,4.69,0.11,7.00,2.31,2.20,1
2026-07-26 10:45,KXBTC15M-26JUL260645-45,64462.24,1,,yes,88,64487.98,3.99,0,5,4.40,0.04,5.00,0.60,0.56,1
2026-07-26 11:00,KXBTC15M-26JUL260700-00,64492.50,1,,no,89,64467.98,3.80,0,5,4.45,0.04,5.00,0.55,0.51,1
2026-07-26 11:15,KXBTC15M-26JUL260715-15,64462.07,0,odds 40c not above 60c,no,,64450.08,1.86,0,0,0.00,0.00,0.00,0.00,0.00,
2026-07-26 11:30,KXBTC15M-26JUL260730-30,64453.24,0,odds 51c not above 60c,no,,64448.40,0.75,0,0,0.00,0.00,0.00,0.00,0.00,
2026-07-26 11:45,KXBTC15M-26JUL260745-45,64448.45,1,,no,72,64427.16,3.30,0,6,4.32,0.09,6.00,1.68,1.59,1
2026-07-26 12:00,KXBTC15M-26JUL260800-00,64438.52,1,,yes,89,64450.00,1.78,0,5,4.45,0.04,5.00,0.55,0.51,1
2026-07-26 12:15,KXBTC15M-26JUL260815-15,64451.98,1,,yes,98,64570.15,18.33,0,5,4.90,0.01,5.00,0.10,0.09,1
2026-07-26 12:30,KXBTC15M-26JUL260830-30,64555.54,1,,no,87,64505.20,7.80,0,5,4.35,0.04,5.00,0.65,0.61,1
2026-07-26 12:45,KXBTC15M-26JUL260845-45,64521.84,1,,no,83,64493.56,4.38,0,6,4.98,0.06,6.00,1.02,0.96,1
2026-07-26 13:00,KXBTC15M-26JUL260900-00,64449.64,1,,no,88,64423.71,4.02,0,5,4.40,0.04,5.00,0.60,0.56,1
2026-07-26 13:15,KXBTC15M-26JUL260915-15,64410.90,1,,no,87,64363.68,7.33,0,5,4.35,0.04,5.00,0.65,0.61,1
2026-07-26 13:30,KXBTC15M-26JUL260930-30,64367.42,1,,yes,98,64443.37,11.80,0,5,4.90,0.01,5.00,0.10,0.09,1
2026-07-26 13:45,KXBTC15M-26JUL260945-45,64412.86,1,,yes,82,64429.50,2.58,0,6,4.92,0.07,6.00,1.08,1.01,1
2026-07-26 14:00,KXBTC15M-26JUL261000-00,64488.23,1,,no,75,64474.39,2.15,0,6,4.50,0.08,6.00,1.50,1.42,1
2026-07-26 14:15,KXBTC15M-26JUL261015-15,64466.74,1,,yes,99,64659.99,29.98,0,5,4.95,0.01,5.00,0.05,0.04,1
2026-07-26 14:30,KXBTC15M-26JUL261030-30,64640.94,1,,no,78,64611.56,4.55,0,6,4.68,0.08,6.00,1.32,1.24,1
2026-07-26 14:45,KXBTC15M-26JUL261045-45,64584.42,1,,yes,85,64621.20,5.69,0,5,4.25,0.05,5.00,0.75,0.70,1
2026-07-26 15:00,KXBTC15M-26JUL261100-00,64635.89,1,,yes,76,64648.40,1.94,0,6,4.56,0.08,6.00,1.44,1.36,1
2026-07-26 15:15,KXBTC15M-26JUL261115-15,64660.26,0,odds 50c not above 60c,no,,64632.88,4.23,0,0,0.00,0.00,0.00,0.00,0.00,
2026-07-26 15:30,KXBTC15M-26JUL261130-30,64621.44,1,,yes,98,64709.21,13.58,0,5,4.90,0.01,5.00,0.10,0.09,1
2026-07-26 15:45,KXBTC15M-26JUL261145-45,64702.75,1,,yes,91,64752.18,7.64,0,5,4.55,0.03,5.00,0.45,0.42,1
2026-07-26 16:00,KXBTC15M-26JUL261200-00,64745.96,1,,no,89,64684.71,9.46,0,5,4.45,0.04,5.00,0.55,0.51,1
2026-07-26 16:15,KXBTC15M-26JUL261215-15,64712.31,1,,no,93,64664.00,7.47,0,5,4.65,0.03,5.00,0.35,0.32,1
2026-07-26 16:30,KXBTC15M-26JUL261230-30,64663.10,1,,yes,97,64700.99,5.86,0,5,4.85,0.02,5.00,0.15,0.13,1
2026-07-26 16:45,KXBTC15M-26JUL261245-45,64735.64,1,,yes,88,64772.18,5.64,0,5,4.40,0.04,5.00,0.60,0.56,1
2026-07-26 17:00,KXBTC15M-26JUL261300-00,64769.95,1,,no,92,64714.58,8.55,0,5,4.60,0.03,5.00,0.40,0.37,1
2026-07-26 17:15,KXBTC15M-26JUL261315-15,64688.58,1,,no,91,64645.51,6.66,0,5,4.55,0.03,0.00,-4.55,-4.58,0
2026-07-26 17:30,KXBTC15M-26JUL261330-30,64712.86,1,,no,80,64657.40,8.57,0,6,4.80,0.07,6.00,1.20,1.13,1
2026-07-26 17:45,KXBTC15M-26JUL261345-45,64664.30,1,,no,75,64641.95,3.46,0,6,4.50,0.08,6.00,1.50,1.42,1
2026-07-26 18:00,KXBTC15M-26JUL261400-00,64631.51,1,,yes,78,64649.22,2.74,0,6,4.68,0.08,6.00,1.32,1.24,1
2026-07-26 18:15,KXBTC15M-26JUL261415-15,64633.15,0,odds 45c not above 60c,yes,,64639.35,0.96,0,0,0.00,0.00,0.00,0.00,0.00,
2026-07-26 18:30,KXBTC15M-26JUL261430-30,64643.77,0,odds 36c not above 60c,no,,64642.81,0.15,0,0,0.00,0.00,0.00,0.00,0.00,
2026-07-26 18:45,KXBTC15M-26JUL261445-45,64636.12,1,,yes,69,64655.00,2.92,0,7,4.83,0.11,7.00,2.17,2.06,1
2026-07-26 19:00,KXBTC15M-26JUL261500-00,64653.93,1,,yes,93,64704.31,7.79,0,5,4.65,0.03,5.00,0.35,0.32,1
2026-07-26 19:15,KXBTC15M-26JUL261515-15,64685.80,1,,no,72,64656.75,4.49,0,6,4.32,0.09,6.00,1.68,1.59,1
2026-07-26 19:30,KXBTC15M-26JUL261530-30,64626.70,1,,yes,93,64664.43,5.84,0,5,4.65,0.03,5.00,0.35,0.32,1
2026-07-26 19:45,KXBTC15M-26JUL261545-45,64664.65,1,,yes,63,64666.49,0.28,0,7,4.41,0.12,7.00,2.59,2.47,1
2026-07-26 20:00,KXBTC15M-26JUL261600-00,64672.74,1,,no,83,64648.35,3.77,0,6,4.98,0.06,6.00,1.02,0.96,1
2026-07-26 20:15,KXBTC15M-26JUL261615-15,64646.88,1,,yes,67,64648.34,0.23,0,7,4.69,0.11,0.00,-4.69,-4.80,0
2026-07-26 20:30,KXBTC15M-26JUL261630-30,64644.80,1,,no,95,64595.08,7.69,0,5,4.75,0.02,5.00,0.25,0.23,1
2026-07-26 20:45,KXBTC15M-26JUL261645-45,64597.53,0,odds 57c not above 60c,yes,,64604.00,1.00,0,0,0.00,0.00,0.00,0.00,0.00,
2026-07-26 21:00,KXBTC15M-26JUL261700-00,64612.90,1,,no,77,64595.31,2.72,0,6,4.62,0.08,6.00,1.38,1.30,1
2026-07-26 21:15,KXBTC15M-26JUL261715-15,64598.29,0,odds 33c not above 60c,no,,64597.12,0.18,0,0,0.00,0.00,0.00,0.00,0.00,
2026-07-26 21:30,KXBTC15M-26JUL261730-30,64640.12,1,,yes,94,64706.79,10.31,0,5,4.70,0.02,5.00,0.30,0.28,1
2026-07-26 21:45,KXBTC15M-26JUL261745-45,64760.67,0,odds 34c not above 60c,yes,,64768.33,1.18,0,0,0.00,0.00,0.00,0.00,0.00,
2026-07-26 22:00,KXBTC15M-26JUL261800-00,64763.41,1,,yes,84,64810.10,7.21,0,5,4.20,0.05,5.00,0.80,0.75,1
2026-07-26 22:15,KXBTC15M-26JUL261815-15,64797.72,1,,yes,99,65098.48,46.42,0,5,4.95,0.01,5.00,0.05,0.04,1
2026-07-26 22:30,KXBTC15M-26JUL261830-30,65151.65,0,odds 57c not above 60c,yes,,65182.41,4.72,0,0,0.00,0.00,0.00,0.00,0.00,
2026-07-26 22:45,KXBTC15M-26JUL261845-45,65178.49,1,,yes,99,65371.42,29.60,0,5,4.95,0.01,5.00,0.05,0.04,1
2026-07-26 23:00,KXBTC15M-26JUL261900-00,65413.03,1,,no,69,65377.22,5.47,0,7,4.83,0.11,7.00,2.17,2.06,1
2026-07-26 23:15,KXBTC15M-26JUL261915-15,65351.73,1,,yes,94,65437.79,13.17,0,5,4.70,0.02,5.00,0.30,0.28,1
2026-07-26 23:30,KXBTC15M-26JUL261930-30,65367.21,1,,no,77,65306.92,9.22,0,6,4.62,0.08,6.00,1.38,1.30,1
2026-07-26 23:45,KXBTC15M-26JUL261945-45,65277.53,0,odds 32c not above 60c,no,,65271.42,0.94,0,0,0.00,0.00,0.00,0.00,0.00,
2026-07-27 00:00,KXBTC15M-26JUL262000-00,65345.17,1,,yes,79,65360.44,2.34,0,6,4.74,0.07,0.00,-4.74,-4.81,0
2026-07-27 00:15,KXBTC15M-26JUL262015-15,65338.70,1,,no,98,65154.21,28.24,0,5,4.90,0.01,5.00,0.10,0.09,1
2026-07-27 00:30,KXBTC15M-26JUL262030-30,65170.24,1,,no,80,65068.24,15.65,0,6,4.80,0.07,6.00,1.20,1.13,1
2026-07-27 00:45,KXBTC15M-26JUL262045-45,65152.54,1,,no,94,65073.12,12.19,0,5,4.70,0.02,5.00,0.30,0.28,1
2026-07-27 01:00,KXBTC15M-26JUL262100-00,65093.70,0,odds 35c not above 60c,no,,65062.45,4.80,0,0,0.00,0.00,0.00,0.00,0.00,
2026-07-27 01:15,KXBTC15M-26JUL262115-15,65063.08,1,,yes,93,65090.25,4.18,0,5,4.65,0.03,0.00,-4.65,-4.68,0
2026-07-27 01:30,KXBTC15M-26JUL262130-30,64996.16,0,odds 40c not above 60c,no,,64995.77,0.06,0,0,0.00,0.00,0.00,0.00,0.00,
2026-07-27 01:45,KXBTC15M-26JUL262145-45,64963.76,0,odds 35c not above 60c,yes,,65008.38,6.87,0,0,0.00,0.00,0.00,0.00,0.00,
2026-07-27 02:00,KXBTC15M-26JUL262200-00,65033.80,1,,yes,91,65097.80,9.84,0,5,4.55,0.03,5.00,0.45,0.42,1
2026-07-27 02:15,KXBTC15M-26JUL262215-15,65146.37,1,,no,62,65111.74,5.32,0,8,4.96,0.14,0.00,-4.96,-5.10,0
2026-07-27 02:30,KXBTC15M-26JUL262230-30,65147.45,0,odds 55c not above 60c,no,,65105.02,6.51,0,0,0.00,0.00,0.00,0.00,0.00,
2026-07-27 02:45,KXBTC15M-26JUL262245-45,65133.70,1,,yes,76,65174.05,6.19,0,6,4.56,0.08,6.00,1.44,1.36,1
2026-07-27 03:00,KXBTC15M-26JUL262300-00,65195.91,1,,no,96,65092.11,15.92,0,5,4.80,0.02,5.00,0.20,0.18,1
2026-07-27 03:15,KXBTC15M-26JUL262315-15,65121.49,1,,yes,80,65173.56,8.00,0,6,4.80,0.07,6.00,1.20,1.13,1
2026-07-27 03:30,KXBTC15M-26JUL262330-30,65206.66,1,,yes,77,65273.99,10.33,0,6,4.62,0.08,6.00,1.38,1.30,1
2026-07-27 03:45,KXBTC15M-26JUL262345-45,65265.91,1,,no,80,65253.04,1.97,0,6,4.80,0.07,0.00,-4.80,-4.87,0
2026-07-27 04:00,KXBTC15M-26JUL270000-00,65291.55,1,,no,83,65254.81,5.63,0,6,4.98,0.06,6.00,1.02,0.96,1
2026-07-27 04:15,KXBTC15M-26JUL270015-15,65222.47,1,,yes,98,65292.54,10.74,0,5,4.90,0.01,5.00,0.10,0.09,1
2026-07-27 04:30,KXBTC15M-26JUL270030-30,65248.52,1,,yes,97,65397.82,22.88,0,5,4.85,0.02,5.00,0.15,0.13,1
2026-07-27 04:45,KXBTC15M-26JUL270045-45,65260.64,1,,yes,91,65307.17,7.13,0,5,4.55,0.03,5.00,0.45,0.42,1
2026-07-27 05:00,KXBTC15M-26JUL270100-00,65327.69,1,,no,85,65265.74,9.48,0,5,4.25,0.05,5.00,0.75,0.70,1
2026-07-27 05:15,KXBTC15M-26JUL270115-15,65235.55,1,,yes,66,65240.47,0.75,0,7,4.62,0.11,7.00,2.38,2.27,1
2026-07-27 05:30,KXBTC15M-26JUL270130-30,65328.75,1,,yes,78,65346.60,2.73,0,6,4.68,0.08,6.00,1.32,1.24,1
2026-07-27 05:45,KXBTC15M-26JUL270145-45,65353.83,1,,no,83,65341.48,1.89,0,6,4.98,0.06,6.00,1.02,0.96,1
2026-07-27 06:00,KXBTC15M-26JUL270200-00,65343.63,1,,no,69,65320.95,3.47,0,7,4.83,0.11,0.00,-4.83,-4.94,0
2026-07-27 06:15,KXBTC15M-26JUL270215-15,65417.12,1,,yes,93,65464.92,7.31,0,5,4.65,0.03,5.00,0.35,0.32,1
2026-07-27 06:30,KXBTC15M-26JUL270230-30,65541.82,1,,no,87,65480.40,9.37,0,5,4.35,0.04,5.00,0.65,0.61,1
2026-07-27 06:45,KXBTC15M-26JUL270245-45,65430.51,1,,yes,93,65462.72,4.92,0,5,4.65,0.03,5.00,0.35,0.32,1
2026-07-27 07:00,KXBTC15M-26JUL270300-00,65480.33,1,,no,90,65383.83,14.74,0,5,4.50,0.04,5.00,0.50,0.46,1
2026-07-27 07:15,KXBTC15M-26JUL270315-15,65368.76,1,,no,68,65300.67,10.42,0,7,4.76,0.11,0.00,-4.76,-4.87,0
2026-07-27 07:30,KXBTC15M-26JUL270330-30,65370.95,0,odds 60c not above 60c,yes,,65383.71,1.95,0,0,0.00,0.00,0.00,0.00,0.00,
2026-07-27 07:45,KXBTC15M-26JUL270345-45,65365.97,1,,no,97,65209.15,23.99,0,5,4.85,0.02,5.00,0.15,0.13,1
2026-07-27 08:00,KXBTC15M-26JUL270400-00,65225.64,0,odds 52c not above 60c,no,,65222.97,0.41,0,0,0.00,0.00,0.00,0.00,0.00,
2026-07-27 08:15,KXBTC15M-26JUL270415-15,65184.59,0,odds 50c not above 60c,yes,,65187.07,0.38,0,0,0.00,0.00,0.00,0.00,0.00,
2026-07-27 08:30,KXBTC15M-26JUL270430-30,65145.03,0,odds 58c not above 60c,yes,,65180.16,5.39,0,0,0.00,0.00,0.00,0.00,0.00,
2026-07-27 08:45,KXBTC15M-26JUL270445-45,65179.58,1,,no,86,65113.79,10.09,0,5,4.30,0.05,5.00,0.70,0.65,1
2026-07-27 09:00,KXBTC15M-26JUL270500-00,65114.16,1,,no,68,65091.83,3.43,0,7,4.76,0.11,0.00,-4.76,-4.87,0
2026-07-27 09:15,KXBTC15M-26JUL270515-15,65117.21,1,,no,79,65050.77,10.20,0,6,4.74,0.07,6.00,1.26,1.19,1
2026-07-27 09:30,KXBTC15M-26JUL270530-30,65074.57,1,,yes,88,65137.62,9.69,0,5,4.40,0.04,5.00,0.60,0.56,1
2026-07-27 09:45,KXBTC15M-26JUL270545-45,65164.87,1,,yes,97,65243.75,12.10,0,5,4.85,0.02,5.00,0.15,0.13,1
2026-07-27 10:00,KXBTC15M-26JUL270600-00,65242.06,0,odds 59c not above 60c,no,,65229.48,1.93,0,0,0.00,0.00,0.00,0.00,0.00,
2026-07-27 10:15,KXBTC15M-26JUL270615-15,65211.09,0,odds 38c not above 60c,yes,,65218.42,1.12,0,0,0.00,0.00,0.00,0.00,0.00,
2026-07-27 10:30,KXBTC15M-26JUL270630-30,65190.87,1,,yes,98,65297.65,16.38,0,5,4.90,0.01,5.00,0.10,0.09,1
2026-07-27 10:45,KXBTC15M-26JUL270645-45,65294.58,1,,yes,64,65302.77,1.25,0,7,4.48,0.12,7.00,2.52,2.40,1
2026-07-27 11:00,KXBTC15M-26JUL270700-00,65352.85,1,,no,95,65299.46,8.17,0,5,4.75,0.02,5.00,0.25,0.23,1
2026-07-27 11:15,KXBTC15M-26JUL270715-15,65283.56,1,,no,86,65251.50,4.91,0,5,4.30,0.05,5.00,0.70,0.65,1
2026-07-27 11:30,KXBTC15M-26JUL270730-30,65201.98,1,,no,85,65147.20,8.40,0,5,4.25,0.05,5.00,0.75,0.70,1
2026-07-27 11:45,KXBTC15M-26JUL270745-45,65125.05,1,,yes,76,65139.96,2.29,0,6,4.56,0.08,0.00,-4.56,-4.64,0
2026-07-27 12:00,KXBTC15M-26JUL270800-00,65110.95,1,,no,89,65042.25,10.55,0,5,4.45,0.04,5.00,0.55,0.51,1
2026-07-27 12:15,KXBTC15M-26JUL270815-15,65052.32,1,,yes,98,65183.84,20.22,0,5,4.90,0.01,0.00,-4.90,-4.91,0
2026-07-27 12:30,KXBTC15M-26JUL270830-30,65048.56,1,,no,75,64996.50,8.00,0,6,4.50,0.08,6.00,1.50,1.42,1
2026-07-27 12:45,KXBTC15M-26JUL270845-45,64975.03,1,,no,90,64902.50,11.16,0,5,4.50,0.04,0.00,-4.50,-4.54,0
2026-07-27 13:00,KXBTC15M-26JUL270900-00,64990.42,1,,yes,61,65026.01,5.48,0,8,4.88,0.14,8.00,3.12,2.98,1
2026-07-27 13:15,KXBTC15M-26JUL270915-15,65021.99,0,odds 49c not above 60c,no,,65000.00,3.38,0,0,0.00,0.00,0.00,0.00,0.00,
2026-07-27 13:30,KXBTC15M-26JUL270930-30,64929.24,0,odds 54c not above 60c,no,,64906.00,3.58,0,0,0.00,0.00,0.00,0.00,0.00,
2026-07-27 13:45,KXBTC15M-26JUL270945-45,64892.81,1,,yes,99,65311.30,64.49,0,5,4.95,0.01,5.00,0.05,0.04,1
2026-07-27 14:00,KXBTC15M-26JUL271000-00,65600.71,1,,no,89,65334.32,40.61,0,5,4.45,0.04,5.00,0.55,0.51,1
2026-07-27 14:15,KXBTC15M-26JUL271015-15,65164.74,0,odds 57c not above 60c,yes,,65283.19,18.18,0,0,0.00,0.00,0.00,0.00,0.00,
2026-07-27 14:30,KXBTC15M-26JUL271030-30,65298.01,1,,no,98,64897.97,61.26,0,5,4.90,0.01,5.00,0.10,0.09,1
2026-07-27 14:45,KXBTC15M-26JUL271045-45,64861.12,1,,no,99,64549.42,48.06,0,5,4.95,0.01,5.00,0.05,0.04,1
2026-07-27 15:00,KXBTC15M-26JUL271100-00,64456.61,1,,yes,87,64501.21,6.92,0,5,4.35,0.04,5.00,0.65,0.61,1
2026-07-27 15:15,KXBTC15M-26JUL271115-15,64602.86,0,odds 55c not above 60c,no,,64565.59,5.77,0,0,0.00,0.00,0.00,0.00,0.00,
2026-07-27 15:30,KXBTC15M-26JUL271130-30,64664.92,0,odds 50c not above 60c,no,,64571.10,14.51,0,0,0.00,0.00,0.00,0.00,0.00,
2026-07-27 15:45,KXBTC15M-26JUL271145-45,64558.57,1,,no,93,64443.00,17.90,0,5,4.65,0.03,5.00,0.35,0.32,1
2026-07-27 16:00,KXBTC15M-26JUL271200-00,64515.27,1,,yes,61,64525.12,1.53,0,8,4.88,0.14,0.00,-4.88,-5.02,0
2026-07-27 16:15,KXBTC15M-26JUL271215-15,64485.45,1,,yes,78,64561.93,11.86,0,6,4.68,0.08,6.00,1.32,1.24,1
2026-07-27 16:30,KXBTC15M-26JUL271230-30,64545.03,1,,no,67,64461.91,12.88,0,7,4.69,0.11,0.00,-4.69,-4.80,0
2026-07-27 16:45,KXBTC15M-26JUL271245-45,64671.16,1,,yes,96,64874.28,31.41,0,5,4.80,0.02,5.00,0.20,0.18,1
2026-07-27 17:00,KXBTC15M-26JUL271300-00,64848.76,1,,no,79,64763.99,13.07,0,6,4.74,0.07,6.00,1.26,1.19,1
2026-07-27 17:15,KXBTC15M-26JUL271315-15,64838.44,1,,no,77,64769.49,10.63,0,6,4.62,0.08,6.00,1.38,1.30,1
2026-07-27 17:30,KXBTC15M-26JUL271330-30,64825.66,1,,yes,96,64965.45,21.56,0,5,4.80,0.02,5.00,0.20,0.18,1
2026-07-27 17:45,KXBTC15M-26JUL271345-45,64938.13,1,,yes,75,64990.57,8.08,0,6,4.50,0.08,6.00,1.50,1.42,1
2026-07-27 18:00,KXBTC15M-26JUL271400-00,64942.36,1,,no,73,64891.71,7.80,0,6,4.38,0.09,0.00,-4.38,-4.47,0
2026-07-27 18:15,KXBTC15M-26JUL271415-15,64951.86,1,,no,67,64909.69,6.49,0,7,4.69,0.11,7.00,2.31,2.20,1
2026-07-27 18:30,KXBTC15M-26JUL271430-30,64908.12,1,,no,96,64792.91,17.75,0,5,4.80,0.02,5.00,0.20,0.18,1
2026-07-27 18:45,KXBTC15M-26JUL271445-45,64841.90,1,,no,96,64731.20,17.07,0,5,4.80,0.02,5.00,0.20,0.18,1
2026-07-27 19:00,KXBTC15M-26JUL271500-00,64788.28,1,,no,63,64759.62,4.42,0,7,4.41,0.12,0.00,-4.41,-4.53,0
2026-07-27 19:15,KXBTC15M-26JUL271515-15,64803.99,1,,yes,79,64845.75,6.44,0,6,4.74,0.07,6.00,1.26,1.19,1
2026-07-27 19:30,KXBTC15M-26JUL271530-30,64907.88,0,odds 58c not above 60c,no,,64896.03,1.83,0,0,0.00,0.00,0.00,0.00,0.00,
2026-07-27 19:45,KXBTC15M-26JUL271545-45,64907.12,1,,yes,87,64938.69,4.86,0,5,4.35,0.04,5.00,0.65,0.61,1
2026-07-27 20:00,KXBTC15M-26JUL271600-00,64916.04,1,,no,73,64885.23,4.75,0,6,4.38,0.09,6.00,1.62,1.53,1
2026-07-27 20:15,KXBTC15M-26JUL271615-15,64902.54,0,odds 58c not above 60c,no,,64885.77,2.58,0,0,0.00,0.00,0.00,0.00,0.00,
2026-07-27 20:30,KXBTC15M-26JUL271630-30,64891.30,1,,no,73,64885.76,0.85,0,6,4.38,0.09,0.00,-4.38,-4.47,0
2026-07-27 20:45,KXBTC15M-26JUL271645-45,64941.19,0,odds 55c not above 60c,no,,64900.00,6.34,0,0,0.00,0.00,0.00,0.00,0.00,
2026-07-27 21:00,KXBTC15M-26JUL271700-00,64887.65,1,,no,62,64868.00,3.03,0,8,4.96,0.14,0.00,-4.96,-5.10,0
2026-07-27 21:15,KXBTC15M-26JUL271715-15,64898.33,1,,no,67,64866.50,4.90,0,7,4.69,0.11,7.00,2.31,2.20,1
2026-07-27 21:30,KXBTC15M-26JUL271730-30,64846.12,1,,no,75,64825.90,3.12,0,6,4.50,0.08,6.00,1.50,1.42,1
2026-07-27 21:45,KXBTC15M-26JUL271745-45,64778.59,1,,yes,78,64789.49,1.68,0,6,4.68,0.08,0.00,-4.68,-4.76,0
2026-07-27 22:00,KXBTC15M-26JUL271800-00,64761.43,1,,yes,80,64780.32,2.92,0,6,4.80,0.07,6.00,1.20,1.13,1
2026-07-27 22:15,KXBTC15M-26JUL271815-15,64771.27,1,,no,95,64648.56,18.95,0,5,4.75,0.02,5.00,0.25,0.23,1
2026-07-27 22:30,KXBTC15M-26JUL271830-30,64656.74,0,odds 37c not above 60c,no,,64635.54,3.28,0,0,0.00,0.00,0.00,0.00,0.00,
2026-07-27 22:45,KXBTC15M-26JUL271845-45,64547.43,1,,no,90,64466.25,12.58,0,5,4.50,0.04,5.00,0.50,0.46,1
2026-07-27 23:00,KXBTC15M-26JUL271900-00,64160.27,1,,no,95,63931.17,35.71,0,5,4.75,0.02,5.00,0.25,0.23,1
2026-07-27 23:15,KXBTC15M-26JUL271915-15,63772.29,1,,no,63,63642.91,20.29,0,7,4.41,0.12,7.00,2.59,2.47,1
2026-07-27 23:30,KXBTC15M-26JUL271930-30,63757.34,1,,yes,88,63814.04,8.89,0,5,4.40,0.04,5.00,0.60,0.56,1
2026-07-27 23:45,KXBTC15M-26JUL271945-45,63835.80,1,,no,92,63713.28,19.19,0,5,4.60,0.03,5.00,0.40,0.37,1
2026-07-28 00:00,KXBTC15M-26JUL272000-00,63627.38,1,,yes,89,63716.57,14.02,0,5,4.45,0.04,5.00,0.55,0.51,1
2026-07-28 00:15,KXBTC15M-26JUL272015-15,63703.28,1,,no,91,63573.11,20.43,0,5,4.55,0.03,5.00,0.45,0.42,1
2026-07-28 00:30,KXBTC15M-26JUL272030-30,63585.35,0,odds 37c not above 60c,no,,63569.53,2.49,0,0,0.00,0.00,0.00,0.00,0.00,
2026-07-28 00:45,KXBTC15M-26JUL272045-45,63631.54,0,odds 42c not above 60c,yes,,63634.97,0.54,0,0,0.00,0.00,0.00,0.00,0.00,
2026-07-28 01:00,KXBTC15M-26JUL272100-00,63578.08,1,,no,87,63463.33,18.05,0,5,4.35,0.04,5.00,0.65,0.61,1
2026-07-28 01:15,KXBTC15M-26JUL272115-15,63424.86,1,,no,98,63073.78,55.35,0,5,4.90,0.01,5.00,0.10,0.09,1
2026-07-28 01:30,KXBTC15M-26JUL272130-30,63166.52,0,odds 57c not above 60c,no,,63152.49,2.22,0,0,0.00,0.00,0.00,0.00,0.00,
2026-07-28 01:45,KXBTC15M-26JUL272145-45,63255.52,1,,no,72,63221.18,5.43,0,6,4.32,0.09,6.00,1.68,1.59,1
2026-07-28 02:00,KXBTC15M-26JUL272200-00,63140.94,1,,yes,74,63169.75,4.56,0,6,4.44,0.09,6.00,1.56,1.47,1
2026-07-28 02:15,KXBTC15M-26JUL272215-15,63170.40,0,odds 49c not above 60c,no,,63165.57,0.76,0,0,0.00,0.00,0.00,0.00,0.00,
2026-07-28 02:30,KXBTC15M-26JUL272230-30,63199.04,1,,yes,74,63207.38,1.32,0,6,4.44,0.09,0.00,-4.44,-4.53,0
2026-07-28 02:45,KXBTC15M-26JUL272245-45,63179.44,1,,no,78,63142.50,5.85,0,6,4.68,0.08,6.00,1.32,1.24,1
2026-07-28 03:00,KXBTC15M-26JUL272300-00,63073.16,1,,yes,77,63130.40,9.08,0,6,4.62,0.08,6.00,1.38,1.30,1
2026-07-28 03:15,KXBTC15M-26JUL272315-15,63124.48,1,,yes,71,63155.20,4.87,0,7,4.97,0.11,7.00,2.03,1.92,1
2026-07-28 03:30,KXBTC15M-26JUL272330-30,63210.47,1,,yes,79,63250.48,6.33,0,6,4.74,0.07,6.00,1.26,1.19,1
2026-07-28 03:45,KXBTC15M-26JUL272345-45,63224.21,1,,yes,80,63267.87,6.91,0,6,4.80,0.07,6.00,1.20,1.13,1
2026-07-28 04:00,KXBTC15M-26JUL280000-00,63297.20,1,,no,94,63260.82,5.75,0,5,4.70,0.02,5.00,0.30,0.28,1
2026-07-28 04:15,KXBTC15M-26JUL280015-15,63260.73,1,,yes,65,63272.01,1.78,0,7,4.55,0.12,0.00,-4.55,-4.67,0
2026-07-28 04:30,KXBTC15M-26JUL280030-30,63260.45,1,,yes,63,63268.42,1.26,0,7,4.41,0.12,0.00,-4.41,-4.53,0
2026-07-28 04:45,KXBTC15M-26JUL280045-45,63230.46,1,,no,84,63167.20,10.00,0,5,4.20,0.05,5.00,0.80,0.75,1
2026-07-28 05:00,KXBTC15M-26JUL280100-00,63211.37,1,,yes,93,63267.80,8.93,0,5,4.65,0.03,5.00,0.35,0.32,1
2026-07-28 05:15,KXBTC15M-26JUL280115-15,63277.33,1,,yes,98,63384.62,16.96,0,5,4.90,0.01,5.00,0.10,0.09,1
2026-07-28 05:30,KXBTC15M-26JUL280130-30,63387.41,1,,yes,87,63435.44,7.58,0,5,4.35,0.04,5.00,0.65,0.61,1
2026-07-28 05:45,KXBTC15M-26JUL280145-45,63470.33,1,,no,78,63410.08,9.49,0,6,4.68,0.08,0.00,-4.68,-4.76,0
2026-07-28 06:00,KXBTC15M-26JUL280200-00,63479.07,1,,no,74,63438.01,6.47,0,6,4.44,0.09,6.00,1.56,1.47,1
2026-07-28 06:15,KXBTC15M-26JUL280215-15,63404.26,1,,no,94,63334.98,10.93,0,5,4.70,0.02,5.00,0.30,0.28,1
2026-07-28 06:30,KXBTC15M-26JUL280230-30,63366.57,1,,yes,97,63429.83,9.98,0,5,4.85,0.02,5.00,0.15,0.13,1
2026-07-28 06:45,KXBTC15M-26JUL280245-45,63459.41,1,,yes,63,63484.61,3.97,0,7,4.41,0.12,7.00,2.59,2.47,1
2026-07-28 07:00,KXBTC15M-26JUL280300-00,63518.87,1,,yes,78,63534.52,2.46,0,6,4.68,0.08,6.00,1.32,1.24,1
2026-07-28 07:15,KXBTC15M-26JUL280315-15,63571.28,1,,no,93,63503.98,10.59,0,5,4.65,0.03,5.00,0.35,0.32,1
2026-07-28 07:30,KXBTC15M-26JUL280330-30,63495.22,1,,no,64,63460.29,5.50,0,7,4.48,0.12,0.00,-4.48,-4.60,0
2026-07-28 07:45,KXBTC15M-26JUL280345-45,63501.93,1,,no,94,63438.98,9.91,0,5,4.70,0.02,5.00,0.30,0.28,1
2026-07-28 08:00,KXBTC15M-26JUL280400-00,63426.33,0,odds 27c not above 60c,no,,63420.73,0.88,0,0,0.00,0.00,0.00,0.00,0.00,
2026-07-28 08:15,KXBTC15M-26JUL280415-15,63438.95,0,odds 37c not above 60c,no,,63421.92,2.68,0,0,0.00,0.00,0.00,0.00,0.00,
2026-07-28 08:30,KXBTC15M-26JUL280430-30,63379.57,1,,yes,65,63382.64,0.48,0,7,4.55,0.12,7.00,2.45,2.33,1
2026-07-28 08:45,KXBTC15M-26JUL280445-45,63415.78,1,,no,87,63390.00,4.07,0,5,4.35,0.04,0.00,-4.35,-4.39,0
2026-07-28 09:00,KXBTC15M-26JUL280500-00,63440.67,1,,no,94,63341.51,15.63,0,5,4.70,0.02,5.00,0.30,0.28,1
2026-07-28 09:15,KXBTC15M-26JUL280515-15,63362.45,1,,yes,67,63384.63,3.50,0,7,4.69,0.11,7.00,2.31,2.20,1
2026-07-28 09:30,KXBTC15M-26JUL280530-30,63368.73,1,,yes,93,63385.09,2.58,0,5,4.65,0.03,5.00,0.35,0.32,1
2026-07-28 09:45,KXBTC15M-26JUL280545-45,63417.93,1,,yes,67,63451.78,5.34,0,7,4.69,0.11,7.00,2.31,2.20,1
2026-07-28 10:00,KXBTC15M-26JUL280600-00,63457.56,1,,no,76,63383.77,11.63,0,6,4.56,0.08,6.00,1.44,1.36,1
2026-07-28 10:15,KXBTC15M-26JUL280615-15,63331.64,1,,no,89,63263.44,10.77,0,5,4.45,0.04,5.00,0.55,0.51,1
2026-07-28 10:30,KXBTC15M-26JUL280630-30,63282.53,1,,yes,78,63290.26,1.22,0,6,4.68,0.08,6.00,1.32,1.24,1
2026-07-28 10:45,KXBTC15M-26JUL280645-45,63302.81,1,,yes,96,63417.29,18.08,0,5,4.80,0.02,5.00,0.20,0.18,1
2026-07-28 11:00,KXBTC15M-26JUL280700-00,63442.84,1,,yes,69,63446.23,0.53,0,7,4.83,0.11,0.00,-4.83,-4.94,0
2026-07-28 11:15,KXBTC15M-26JUL280715-15,63412.42,1,,no,94,63359.92,8.28,0,5,4.70,0.02,5.00,0.30,0.28,1
2026-07-28 11:30,KXBTC15M-26JUL280730-30,63308.79,1,,yes,98,63398.29,14.14,0,5,4.90,0.01,5.00,0.10,0.09,1
2026-07-28 11:45,KXBTC15M-26JUL280745-45,63403.37,1,,yes,77,63448.41,7.10,0,6,4.62,0.08,0.00,-4.62,-4.70,0
2026-07-28 12:00,KXBTC15M-26JUL280800-00,63337.75,1,,yes,96,63400.24,9.87,0,5,4.80,0.02,5.00,0.20,0.18,1
2026-07-28 12:15,KXBTC15M-26JUL280815-15,63434.98,0,odds 47c not above 60c,no,,63426.86,1.28,0,0,0.00,0.00,0.00,0.00,0.00,
2026-07-28 12:30,KXBTC15M-26JUL280830-30,63392.62,1,,no,63,63376.79,2.50,0,7,4.41,0.12,0.00,-4.41,-4.53,0
2026-07-28 12:45,KXBTC15M-26JUL280845-45,63395.66,1,,no,83,63339.00,8.94,0,6,4.98,0.06,0.00,-4.98,-5.04,0
2026-07-28 13:00,KXBTC15M-26JUL280900-00,63407.99,1,,yes,83,63438.47,4.81,0,6,4.98,0.06,6.00,1.02,0.96,1
2026-07-28 13:15,KXBTC15M-26JUL280915-15,63491.16,1,,yes,62,63510.99,3.12,0,8,4.96,0.14,0.00,-4.96,-5.10,0
2026-07-28 13:30,KXBTC15M-26JUL280930-30,63436.77,1,,no,94,63315.28,19.15,0,5,4.70,0.02,5.00,0.30,0.28,1
2026-07-28 13:45,KXBTC15M-26JUL280945-45,63255.58,1,,no,87,63047.86,32.84,0,5,4.35,0.04,5.00,0.65,0.61,1
2026-07-28 14:00,KXBTC15M-26JUL281000-00,62937.76,0,odds 58c not above 60c,yes,,62946.44,1.38,0,0,0.00,0.00,0.00,0.00,0.00,
2026-07-28 14:15,KXBTC15M-26JUL281015-15,63016.87,1,,yes,95,63141.95,19.85,0,5,4.75,0.02,5.00,0.25,0.23,1
2026-07-28 14:30,KXBTC15M-26JUL281030-30,63106.21,1,,no,86,62976.73,20.52,0,5,4.30,0.05,0.00,-4.30,-4.35,0
2026-07-28 14:45,KXBTC15M-26JUL281045-45,63107.35,1,,yes,88,63199.33,14.58,0,5,4.40,0.04,5.00,0.60,0.56,1
2026-07-28 15:00,KXBTC15M-26JUL281100-00,63286.19,1,,yes,88,63403.89,18.60,0,5,4.40,0.04,5.00,0.60,0.56,1
2026-07-28 15:15,KXBTC15M-26JUL281115-15,63347.16,1,,no,85,63265.67,12.86,0,5,4.25,0.05,0.00,-4.25,-4.30,0
2026-07-28 15:30,KXBTC15M-26JUL281130-30,63410.51,1,,yes,95,63717.66,48.44,0,5,4.75,0.02,5.00,0.25,0.23,1
2026-07-28 15:45,KXBTC15M-26JUL281145-45,63699.77,1,,yes,74,63768.54,10.80,0,6,4.44,0.09,6.00,1.56,1.47,1
2026-07-28 16:00,KXBTC15M-26JUL281200-00,63796.55,0,odds 53c not above 60c,yes,,63817.70,3.32,0,0,0.00,0.00,0.00,0.00,0.00,
2026-07-28 16:15,KXBTC15M-26JUL281215-15,63859.57,1,,no,89,63769.99,14.03,0,5,4.45,0.04,5.00,0.55,0.51,1
2026-07-28 16:30,KXBTC15M-26JUL281230-30,63749.36,0,odds 39c not above 60c,no,,63737.67,1.83,0,0,0.00,0.00,0.00,0.00,0.00,
2026-07-28 16:45,KXBTC15M-26JUL281245-45,63776.80,1,,no,68,63759.00,2.79,0,7,4.76,0.11,0.00,-4.76,-4.87,0
2026-07-28 17:00,KXBTC15M-26JUL281300-00,63857.56,1,,yes,96,64008.90,23.70,0,5,4.80,0.02,5.00,0.20,0.18,1
2026-07-28 17:15,KXBTC15M-26JUL281315-15,63972.63,1,,no,94,63807.38,25.83,0,5,4.70,0.02,5.00,0.30,0.28,1
2026-07-28 17:30,KXBTC15M-26JUL281330-30,63742.50,0,odds 43c not above 60c,no,,63714.49,4.39,0,0,0.00,0.00,0.00,0.00,0.00,
2026-07-28 17:45,KXBTC15M-26JUL281345-45,63671.93,1,,no,98,63473.88,31.10,0,5,4.90,0.01,5.00,0.10,0.09,1
2026-07-28 18:00,KXBTC15M-26JUL281400-00,63498.03,1,,yes,85,63558.52,9.53,0,5,4.25,0.05,5.00,0.75,0.70,1
2026-07-28 18:15,KXBTC15M-26JUL281415-15,63607.95,1,,yes,86,63648.76,6.42,0,5,4.30,0.05,5.00,0.70,0.65,1
2026-07-28 18:30,KXBTC15M-26JUL281430-30,63631.48,1,,yes,68,63657.55,4.10,0,7,4.76,0.11,0.00,-4.76,-4.87,0
2026-07-28 18:45,KXBTC15M-26JUL281445-45,63628.10,1,,yes,87,63671.00,6.74,0,5,4.35,0.04,5.00,0.65,0.61,1
2026-07-28 19:00,KXBTC15M-26JUL281500-00,63686.27,1,,no,80,63634.98,8.05,0,6,4.80,0.07,6.00,1.20,1.13,1
2026-07-28 19:15,KXBTC15M-26JUL281515-15,63663.50,1,,yes,88,63668.87,0.84,0,5,4.40,0.04,5.00,0.60,0.56,1
2026-07-28 19:30,KXBTC15M-26JUL281530-30,63689.35,0,odds 59c not above 60c,no,,63681.27,1.27,0,0,0.00,0.00,0.00,0.00,0.00,
2026-07-28 19:45,KXBTC15M-26JUL281545-45,63679.15,1,,yes,85,63725.66,7.30,0,5,4.25,0.05,0.00,-4.25,-4.30,0
2026-07-28 20:00,KXBTC15M-26JUL281600-00,63618.87,1,,yes,94,63730.88,17.61,0,5,4.70,0.02,5.00,0.30,0.28,1
2026-07-28 20:15,KXBTC15M-26JUL281615-15,63801.27,1,,yes,70,63833.40,5.04,0,7,4.90,0.11,7.00,2.10,1.99,1
2026-07-28 20:30,KXBTC15M-26JUL281630-30,63908.16,1,,no,79,63857.58,7.91,0,6,4.74,0.07,6.00,1.26,1.19,1
2026-07-28 20:45,KXBTC15M-26JUL281645-45,63828.93,0,odds 39c not above 60c,no,,63812.63,2.55,0,0,0.00,0.00,0.00,0.00,0.00,
2026-07-28 21:00,KXBTC15M-26JUL281700-00,63849.21,0,odds 48c not above 60c,no,,63837.95,1.76,0,0,0.00,0.00,0.00,0.00,0.00,
2026-07-28 21:15,KXBTC15M-26JUL281715-15,63838.75,1,,yes,65,63849.69,1.71,0,7,4.55,0.12,7.00,2.45,2.33,1
2026-07-28 21:30,KXBTC15M-26JUL281730-30,63851.11,1,,no,83,63822.60,4.47,0,6,4.98,0.06,6.00,1.02,0.96,1
2026-07-28 21:45,KXBTC15M-26JUL281745-45,63839.37,1,,yes,89,63908.44,10.82,0,5,4.45,0.04,5.00,0.55,0.51,1
2026-07-28 22:00,KXBTC15M-26JUL281800-00,63958.53,1,,no,73,63940.94,2.75,0,6,4.38,0.09,6.00,1.62,1.53,1
2026-07-28 22:15,KXBTC15M-26JUL281815-15,63912.47,1,,yes,62,63935.03,3.53,0,8,4.96,0.14,0.00,-4.96,-5.10,0
2026-07-28 22:30,KXBTC15M-26JUL281830-30,63906.35,0,odds 45c not above 60c,no,,63897.02,1.46,0,0,0.00,0.00,0.00,0.00,0.00,
2026-07-28 22:45,KXBTC15M-26JUL281845-45,63845.59,1,,no,82,63789.26,8.82,0,6,4.92,0.07,6.00,1.08,1.01,1
2026-07-28 23:00,KXBTC15M-26JUL281900-00,63800.19,1,,no,94,63712.27,13.78,0,5,4.70,0.02,5.00,0.30,0.28,1
2026-07-28 23:15,KXBTC15M-26JUL281915-15,63718.44,1,,no,98,63571.11,23.12,0,5,4.90,0.01,5.00,0.10,0.09,1
2026-07-28 23:30,KXBTC15M-26JUL281930-30,63545.55,0,odds 38c not above 60c,no,,63501.53,6.93,0,0,0.00,0.00,0.00,0.00,0.00,
2026-07-28 23:45,KXBTC15M-26JUL281945-45,63556.33,1,,yes,96,63703.63,23.18,0,5,4.80,0.02,5.00,0.20,0.18,1
2026-07-29 00:00,KXBTC15M-26JUL282000-00,63738.38,1,,yes,90,63816.02,12.18,0,5,4.50,0.04,5.00,0.50,0.46,1
2026-07-29 00:15,KXBTC15M-26JUL282015-15,63864.12,1,,yes,92,63992.04,20.03,0,5,4.60,0.03,5.00,0.40,0.37,1
2026-07-29 00:30,KXBTC15M-26JUL282030-30,63955.76,0,odds 59c not above 60c,no,,63911.68,6.89,0,0,0.00,0.00,0.00,0.00,0.00,
2026-07-29 00:45,KXBTC15M-26JUL282045-45,63886.96,1,,yes,84,64005.50,18.55,0,5,4.20,0.05,5.00,0.80,0.75,1
2026-07-29 01:00,KXBTC15M-26JUL282100-00,63995.05,0,odds 57c not above 60c,no,,63987.97,1.11,0,0,0.00,0.00,0.00,0.00,0.00,
2026-07-29 01:15,KXBTC15M-26JUL282115-15,63880.45,0,odds 49c not above 60c,no,,63848.60,4.99,0,0,0.00,0.00,0.00,0.00,0.00,
2026-07-29 01:30,KXBTC15M-26JUL282130-30,63752.79,1,,yes,90,63840.99,13.83,0,5,4.50,0.04,5.00,0.50,0.46,1
2026-07-29 01:45,KXBTC15M-26JUL282145-45,63848.37,1,,no,79,63760.82,13.71,0,6,4.74,0.07,6.00,1.26,1.19,1
2026-07-29 02:00,KXBTC15M-26JUL282200-00,63740.03,1,,no,85,63660.49,12.48,0,5,4.25,0.05,5.00,0.75,0.70,1
2026-07-29 02:15,KXBTC15M-26JUL282215-15,63625.62,1,,yes,92,63702.11,12.02,0,5,4.60,0.03,5.00,0.40,0.37,1
2026-07-29 02:30,KXBTC15M-26JUL282230-30,63763.48,0,odds 52c not above 60c,yes,,63771.72,1.29,0,0,0.00,0.00,0.00,0.00,0.00,
2026-07-29 02:45,KXBTC15M-26JUL282245-45,63917.63,1,,yes,61,63957.52,6.24,0,8,4.88,0.14,8.00,3.12,2.98,1
2026-07-29 03:00,KXBTC15M-26JUL282300-00,63955.76,1,,no,90,63874.10,12.77,0,5,4.50,0.04,5.00,0.50,0.46,1
2026-07-29 03:15,KXBTC15M-26JUL282315-15,63883.36,0,odds 33c not above 60c,yes,,63889.38,0.94,0,0,0.00,0.00,0.00,0.00,0.00,
2026-07-29 03:30,KXBTC15M-26JUL282330-30,63859.81,0,odds 58c not above 60c,no,,63794.66,10.20,0,0,0.00,0.00,0.00,0.00,0.00,
2026-07-29 03:45,KXBTC15M-26JUL282345-45,63724.25,1,,yes,69,63746.29,3.46,0,7,4.83,0.11,0.00,-4.83,-4.94,0
2026-07-29 04:00,KXBTC15M-26JUL290000-00,63682.37,1,,no,69,63636.66,7.18,0,7,4.83,0.11,7.00,2.17,2.06,1
2026-07-29 04:15,KXBTC15M-26JUL290015-15,63650.03,1,,no,86,63611.19,6.10,0,5,4.30,0.05,0.00,-4.30,-4.35,0
2026-07-29 04:30,KXBTC15M-26JUL290030-30,63653.21,1,,no,77,63606.70,7.31,0,6,4.62,0.08,0.00,-4.62,-4.70,0
2026-07-29 04:45,KXBTC15M-26JUL290045-45,63711.02,1,,yes,93,63836.09,19.63,0,5,4.65,0.03,5.00,0.35,0.32,1
2026-07-29 05:00,KXBTC15M-26JUL290100-00,63785.92,1,,yes,74,63822.47,5.73,0,6,4.44,0.09,6.00,1.56,1.47,1
2026-07-29 05:15,KXBTC15M-26JUL290115-15,63870.09,1,,yes,71,63905.52,5.55,0,7,4.97,0.11,7.00,2.03,1.92,1
2026-07-29 05:30,KXBTC15M-26JUL290130-30,63918.42,0,odds 57c not above 60c,no,,63880.95,5.86,0,0,0.00,0.00,0.00,0.00,0.00,
2026-07-29 05:45,KXBTC15M-26JUL290145-45,63875.08,1,,yes,79,63943.47,10.71,0,6,4.74,0.07,6.00,1.26,1.19,1
2026-07-29 06:00,KXBTC15M-26JUL290200-00,63940.54,1,,yes,85,63994.26,8.40,0,5,4.25,0.05,5.00,0.75,0.70,1
2026-07-29 06:15,KXBTC15M-26JUL290215-15,63982.94,1,,yes,67,63995.56,1.97,0,7,4.69,0.11,7.00,2.31,2.20,1
2026-07-29 06:30,KXBTC15M-26JUL290230-30,64035.34,1,,yes,75,64084.36,7.66,0,6,4.50,0.08,6.00,1.50,1.42,1
2026-07-29 06:45,KXBTC15M-26JUL290245-45,64302.73,1,,yes,85,64324.64,3.41,0,5,4.25,0.05,5.00,0.75,0.70,1
2026-07-29 07:00,KXBTC15M-26JUL290300-00,64363.37,1,,no,63,64343.24,3.13,0,7,4.41,0.12,7.00,2.59,2.47,1
2026-07-29 07:15,KXBTC15M-26JUL290315-15,64353.79,1,,yes,71,64372.75,2.95,0,7,4.97,0.11,7.00,2.03,1.92,1
2026-07-29 07:30,KXBTC15M-26JUL290330-30,64386.43,0,odds 33c not above 60c,yes,,64388.97,0.39,0,0,0.00,0.00,0.00,0.00,0.00,
2026-07-29 07:45,KXBTC15M-26JUL290345-45,64431.31,1,,no,91,64364.73,10.33,0,5,4.55,0.03,5.00,0.45,0.42,1
2026-07-29 08:00,KXBTC15M-26JUL290400-00,64410.50,0,odds 59c not above 60c,yes,,64411.66,0.18,0,0,0.00,0.00,0.00,0.00,0.00,
2026-07-29 08:15,KXBTC15M-26JUL290415-15,64487.43,1,,no,96,64384.71,15.93,0,5,4.80,0.02,5.00,0.20,0.18,1
2026-07-29 08:30,KXBTC15M-26JUL290430-30,64312.35,1,,no,64,64253.60,9.14,0,7,4.48,0.12,7.00,2.52,2.40,1
2026-07-29 08:45,KXBTC15M-26JUL290445-45,64226.84,1,,yes,73,64244.70,2.78,0,6,4.38,0.09,6.00,1.62,1.53,1
2026-07-29 09:00,KXBTC15M-26JUL290500-00,64333.79,0,odds 44c not above 60c,no,,64332.11,0.26,0,0,0.00,0.00,0.00,0.00,0.00,
2026-07-29 09:15,KXBTC15M-26JUL290515-15,64343.72,1,,no,63,64319.18,3.81,0,7,4.41,0.12,0.00,-4.41,-4.53,0
2026-07-29 09:30,KXBTC15M-26JUL290530-30,64378.78,0,odds 44c not above 60c,no,,64362.09,2.59,0,0,0.00,0.00,0.00,0.00,0.00,
2026-07-29 09:45,KXBTC15M-26JUL290545-45,64381.96,1,,yes,90,64488.60,16.56,0,5,4.50,0.04,5.00,0.50,0.46,1
2026-07-29 10:00,KXBTC15M-26JUL290600-00,64529.84,1,,yes,67,64585.47,8.62,0,7,4.69,0.11,7.00,2.31,2.20,1
2026-07-29 10:15,KXBTC15M-26JUL290615-15,64636.61,1,,no,88,64579.42,8.85,0,5,4.40,0.04,5.00,0.60,0.56,1
2026-07-29 10:30,KXBTC15M-26JUL290630-30,64584.13,0,odds 34c not above 60c,no,,64576.27,1.22,0,0,0.00,0.00,0.00,0.00,0.00,
2026-07-29 10:45,KXBTC15M-26JUL290645-45,64549.15,1,,no,81,64501.46,7.39,0,6,4.86,0.07,0.00,-4.86,-4.93,0
2026-07-29 11:00,KXBTC15M-26JUL290700-00,64604.42,1,,no,99,64371.12,36.11,0,5,4.95,0.01,5.00,0.05,0.04,1
2026-07-29 11:15,KXBTC15M-26JUL290715-15,64398.56,1,,yes,70,64414.57,2.49,0,7,4.90,0.11,7.00,2.10,1.99,1
2026-07-29 11:30,KXBTC15M-26JUL290730-30,64453.30,0,odds 54c not above 60c,yes,,64462.00,1.35,0,0,0.00,0.00,0.00,0.00,0.00,
2026-07-29 11:45,KXBTC15M-26JUL290745-45,64446.73,1,,no,97,64357.57,13.83,0,5,4.85,0.02,5.00,0.15,0.13,1
2026-07-29 12:00,KXBTC15M-26JUL290800-00,64357.07,1,,yes,90,64392.65,5.53,0,5,4.50,0.04,5.00,0.50,0.46,1
2026-07-29 12:15,KXBTC15M-26JUL290815-15,64430.18,1,,no,86,64357.85,11.23,0,5,4.30,0.05,5.00,0.70,0.65,1
2026-07-29 12:30,KXBTC15M-26JUL290830-30,64406.40,1,,no,96,64296.98,16.99,0,5,4.80,0.02,5.00,0.20,0.18,1
2026-07-29 12:45,KXBTC15M-26JUL290845-45,64284.88,1,,no,75,64254.97,4.65,0,6,4.50,0.08,6.00,1.50,1.42,1
2026-07-29 13:00,KXBTC15M-26JUL290900-00,64259.33,1,,no,82,64212.06,7.36,0,6,4.92,0.07,6.00,1.08,1.01,1
2026-07-29 13:15,KXBTC15M-26JUL290915-15,64200.20,0,odds 53c not above 60c,yes,,64221.14,3.26,0,0,0.00,0.00,0.00,0.00,0.00,
2026-07-29 13:30,KXBTC15M-26JUL290930-30,64248.59,1,,no,94,64100.27,23.09,0,5,4.70,0.02,5.00,0.30,0.28,1
2026-07-29 13:45,KXBTC15M-26JUL290945-45,64141.18,0,odds 36c not above 60c,no,,64100.78,6.30,0,0,0.00,0.00,0.00,0.00,0.00,
2026-07-29 14:00,KXBTC15M-26JUL291000-00,64403.86,0,odds 45c not above 60c,yes,,64411.16,1.13,0,0,0.00,0.00,0.00,0.00,0.00,
2026-07-29 14:15,KXBTC15M-26JUL291015-15,64539.47,1,,no,82,64423.08,18.03,0,6,4.92,0.07,6.00,1.08,1.01,1
2026-07-29 14:30,KXBTC15M-26JUL291030-30,64196.76,1,,yes,82,64286.77,14.02,0,6,4.92,0.07,0.00,-4.92,-4.99,0
2026-07-29 14:45,KXBTC15M-26JUL291045-45,64142.89,1,,no,73,64092.63,7.84,0,6,4.38,0.09,6.00,1.62,1.53,1
2026-07-29 15:00,KXBTC15M-26JUL291100-00,64001.02,1,,yes,90,64129.16,20.02,0,5,4.50,0.04,5.00,0.50,0.46,1
2026-07-29 15:15,KXBTC15M-26JUL291115-15,64042.18,1,,yes,61,64055.18,2.03,0,8,4.88,0.14,8.00,3.12,2.98,1
2026-07-29 15:30,KXBTC15M-26JUL291130-30,64053.84,1,,no,72,64003.57,7.85,0,6,4.32,0.09,6.00,1.68,1.59,1
2026-07-29 15:45,KXBTC15M-26JUL291145-45,64000.51,0,odds 34c not above 60c,no,,63963.16,5.84,0,0,0.00,0.00,0.00,0.00,0.00,
2026-07-29 16:00,KXBTC15M-26JUL291200-00,63900.46,0,odds 32c not above 60c,no,,63880.77,3.08,0,0,0.00,0.00,0.00,0.00,0.00,
2026-07-29 16:15,KXBTC15M-26JUL291215-15,63880.15,0,odds 58c not above 60c,yes,,63891.45,1.77,0,0,0.00,0.00,0.00,0.00,0.00,
2026-07-29 16:30,KXBTC15M-26JUL291230-30,63881.42,1,,yes,93,63987.63,16.63,0,5,4.65,0.03,5.00,0.35,0.32,1
2026-07-29 16:45,KXBTC15M-26JUL291245-45,63955.48,1,,no,98,63788.14,26.17,0,5,4.90,0.01,5.00,0.10,0.09,1
2026-07-29 17:00,KXBTC15M-26JUL291300-00,63578.45,1,,yes,89,63657.57,12.44,0,5,4.45,0.04,5.00,0.55,0.51,1
2026-07-29 17:15,KXBTC15M-26JUL291315-15,63726.88,1,,no,86,63692.99,5.32,0,5,4.30,0.05,0.00,-4.30,-4.35,0
2026-07-29 17:30,KXBTC15M-26JUL291330-30,63763.28,1,,no,76,63750.00,2.08,0,6,4.56,0.08,6.00,1.44,1.36,1
2026-07-29 17:45,KXBTC15M-26JUL291345-45,63676.60,1,,yes,94,63744.63,10.68,0,5,4.70,0.02,5.00,0.30,0.28,1
2026-07-29 18:00,KXBTC15M-26JUL291400-00,63886.14,1,,yes,93,64064.00,27.84,0,5,4.65,0.03,5.00,0.35,0.32,1
2026-07-29 18:15,KXBTC15M-26JUL291415-15,64142.73,1,,yes,92,64395.29,39.37,0,5,4.60,0.03,5.00,0.40,0.37,1
2026-07-29 18:30,KXBTC15M-26JUL291430-30,64289.05,1,,no,98,64050.60,37.09,0,5,4.90,0.01,5.00,0.10,0.09,1
2026-07-29 18:45,KXBTC15M-26JUL291445-45,64028.33,0,odds 43c not above 60c,yes,,64066.94,6.03,0,0,0.00,0.00,0.00,0.00,0.00,
2026-07-29 19:00,KXBTC15M-26JUL291500-00,64335.78,1,,yes,89,64554.04,33.93,0,5,4.45,0.04,5.00,0.55,0.51,1
2026-07-29 19:15,KXBTC15M-26JUL291515-15,64414.98,1,,no,93,64193.04,34.45,0,5,4.65,0.03,5.00,0.35,0.32,1
2026-07-29 19:30,KXBTC15M-26JUL291530-30,64228.60,1,,no,89,64065.82,25.34,0,5,4.45,0.04,5.00,0.55,0.51,1
2026-07-29 19:45,KXBTC15M-26JUL291545-45,63916.84,0,odds 40c not above 60c,no,,63867.16,7.77,0,0,0.00,0.00,0.00,0.00,0.00,
2026-07-29 20:00,KXBTC15M-26JUL291600-00,63816.94,1,,no,94,63568.41,38.94,0,5,4.70,0.02,5.00,0.30,0.28,1
2026-07-29 20:15,KXBTC15M-26JUL291615-15,63515.95,0,odds 58c not above 60c,no,,63362.94,24.09,0,0,0.00,0.00,0.00,0.00,0.00,
2026-07-29 20:30,KXBTC15M-26JUL291630-30,63540.97,1,,yes,74,63593.64,8.29,0,6,4.44,0.09,0.00,-4.44,-4.53,0
2026-07-29 20:45,KXBTC15M-26JUL291645-45,63451.76,1,,yes,92,63613.19,25.44,0,5,4.60,0.03,5.00,0.40,0.37,1
2026-07-29 21:00,KXBTC15M-26JUL291700-00,63552.82,1,,no,77,63468.93,13.20,0,6,4.62,0.08,6.00,1.38,1.30,1
2026-07-29 21:15,KXBTC15M-26JUL291715-15,63439.90,1,,no,89,63237.64,31.88,0,5,4.45,0.04,5.00,0.55,0.51,1
2026-07-29 21:30,KXBTC15M-26JUL291730-30,63413.47,0,odds 54c not above 60c,yes,,63435.87,3.53,0,0,0.00,0.00,0.00,0.00,0.00,
2026-07-29 21:45,KXBTC15M-26JUL291745-45,63485.78,1,,yes,64,63552.73,10.55,0,7,4.48,0.12,7.00,2.52,2.40,1
2026-07-29 22:00,KXBTC15M-26JUL291800-00,63500.72,1,,yes,96,63675.65,27.55,0,5,4.80,0.02,5.00,0.20,0.18,1
2026-07-29 22:15,KXBTC15M-26JUL291815-15,63778.80,1,,yes,88,63920.58,22.23,0,5,4.40,0.04,5.00,0.60,0.56,1
2026-07-29 22:30,KXBTC15M-26JUL291830-30,63952.59,0,odds 53c not above 60c,no,,63950.55,0.32,0,0,0.00,0.00,0.00,0.00,0.00,
2026-07-29 22:45,KXBTC15M-26JUL291845-45,63954.77,1,,no,85,63871.98,12.95,0,5,4.25,0.05,5.00,0.75,0.70,1
2026-07-29 23:00,KXBTC15M-26JUL291900-00,63949.96,1,,no,94,63847.97,15.95,0,5,4.70,0.02,5.00,0.30,0.28,1
2026-07-29 23:15,KXBTC15M-26JUL291915-15,63862.93,0,odds 43c not above 60c,yes,,63895.00,5.02,0,0,0.00,0.00,0.00,0.00,0.00,
2026-07-29 23:30,KXBTC15M-26JUL291930-30,63835.73,1,,yes,92,63936.25,15.75,0,5,4.60,0.03,5.00,0.40,0.37,1
2026-07-29 23:45,KXBTC15M-26JUL291945-45,63927.84,1,,no,87,63869.78,9.08,0,5,4.35,0.04,5.00,0.65,0.61,1
2026-07-30 00:00,KXBTC15M-26JUL292000-00,63918.22,1,,no,72,63892.79,3.98,0,6,4.32,0.09,6.00,1.68,1.59,1
2026-07-30 00:15,KXBTC15M-26JUL292015-15,63904.58,1,,yes,75,63955.72,8.00,0,6,4.50,0.08,6.00,1.50,1.42,1
2026-07-30 00:30,KXBTC15M-26JUL292030-30,63980.10,1,,no,66,63937.07,6.73,0,7,4.62,0.11,7.00,2.38,2.27,1
2026-07-30 00:45,KXBTC15M-26JUL292045-45,63922.33,1,,no,98,63734.63,29.36,0,5,4.90,0.01,5.00,0.10,0.09,1
2026-07-30 01:00,KXBTC15M-26JUL292100-00,63629.62,0,odds 40c not above 60c,no,,63540.75,13.97,0,0,0.00,0.00,0.00,0.00,0.00,
2026-07-30 01:15,KXBTC15M-26JUL292115-15,63584.64,1,,yes,98,63753.68,26.59,0,5,4.90,0.01,5.00,0.10,0.09,1
2026-07-30 01:30,KXBTC15M-26JUL292130-30,63653.71,1,,yes,84,63712.32,9.21,0,5,4.20,0.05,5.00,0.80,0.75,1
2026-07-30 01:45,KXBTC15M-26JUL292145-45,63756.24,1,,yes,96,63912.62,24.53,0,5,4.80,0.02,5.00,0.20,0.18,1
2026-07-30 02:00,KXBTC15M-26JUL292200-00,63983.49,1,,yes,94,64166.27,28.57,0,5,4.70,0.02,5.00,0.30,0.28,1
2026-07-30 02:15,KXBTC15M-26JUL292215-15,64187.42,1,,yes,79,64277.46,14.03,0,6,4.74,0.07,6.00,1.26,1.19,1
2026-07-30 02:30,KXBTC15M-26JUL292230-30,64260.15,1,,yes,69,64270.62,1.63,0,7,4.83,0.11,7.00,2.17,2.06,1
2026-07-30 02:45,KXBTC15M-26JUL292245-45,64265.00,1,,no,95,64163.20,15.84,0,5,4.75,0.02,5.00,0.25,0.23,1
2026-07-30 03:00,KXBTC15M-26JUL292300-00,64238.45,1,,no,86,64191.91,7.24,0,5,4.30,0.05,5.00,0.70,0.65,1
2026-07-30 03:15,KXBTC15M-26JUL292315-15,64105.23,1,,yes,93,64111.33,0.95,0,5,4.65,0.03,0.00,-4.65,-4.68,0
2026-07-30 03:30,KXBTC15M-26JUL292330-30,64090.45,1,,yes,76,64139.99,7.73,0,6,4.56,0.08,6.00,1.44,1.36,1
2026-07-30 03:45,KXBTC15M-26JUL292345-45,64184.64,1,,no,96,64069.79,17.89,0,5,4.80,0.02,5.00,0.20,0.18,1
2026-07-30 04:00,KXBTC15M-26JUL300000-00,64082.64,1,,yes,89,64114.15,4.92,0,5,4.45,0.04,5.00,0.55,0.51,1
2026-07-30 04:15,KXBTC15M-26JUL300015-15,64083.25,1,,no,76,64043.99,6.13,0,6,4.56,0.08,6.00,1.44,1.36,1
2026-07-30 04:30,KXBTC15M-26JUL300030-30,64038.50,0,odds 51c not above 60c,no,,64028.22,1.61,0,0,0.00,0.00,0.00,0.00,0.00,
2026-07-30 04:45,KXBTC15M-26JUL300045-45,64034.19,0,odds 50c not above 60c,no,,63992.20,6.56,0,0,0.00,0.00,0.00,0.00,0.00,
2026-07-30 05:00,KXBTC15M-26JUL300100-00,63991.76,1,,yes,83,64021.58,4.66,0,6,4.98,0.06,0.00,-4.98,-5.04,0
2026-07-30 05:15,KXBTC15M-26JUL300115-15,63942.32,1,,no,71,63912.36,4.69,0,7,4.97,0.11,7.00,2.03,1.92,1
2026-07-30 05:30,KXBTC15M-26JUL300130-30,63920.41,1,,no,92,63826.66,14.67,0,5,4.60,0.03,0.00,-4.60,-4.63,0
2026-07-30 05:45,KXBTC15M-26JUL300145-45,63921.21,1,,yes,91,64007.27,13.46,0,5,4.55,0.03,5.00,0.45,0.42,1
2026-07-30 06:00,KXBTC15M-26JUL300200-00,64034.78,1,,no,91,63935.21,15.55,0,5,4.55,0.03,5.00,0.45,0.42,1
2026-07-30 06:15,KXBTC15M-26JUL300215-15,63951.04,0,odds 32c not above 60c,no,,63931.77,3.01,0,0,0.00,0.00,0.00,0.00,0.00,
2026-07-30 06:30,KXBTC15M-26JUL300230-30,63934.93,1,,no,64,63925.49,1.48,0,7,4.48,0.12,0.00,-4.48,-4.60,0
2026-07-30 06:45,KXBTC15M-26JUL300245-45,63983.17,1,,no,87,63911.25,11.24,0,5,4.35,0.04,5.00,0.65,0.61,1
2026-07-30 09:15,KXBTC15M-26JUL300515-15,64220.19,1,,yes,67,64234.50,2.23,0,7,4.69,0.11,7.00,2.31,2.20,1
2026-07-30 09:30,KXBTC15M-26JUL300530-30,64315.91,0,no candlestick at decision time,yes,,64391.76,11.79,0,0,0.00,0.00,0.00,0.00,0.00,
2026-07-30 09:45,KXBTC15M-26JUL300545-45,64418.52,0,no candlestick at decision time,yes,,64504.14,13.29,0,0,0.00,0.00,0.00,0.00,0.00,
2026-07-30 10:00,KXBTC15M-26JUL300600-00,64506.61,0,no candlestick at decision time,no,,64486.41,3.13,0,0,0.00,0.00,0.00,0.00,0.00,
2026-07-30 10:15,KXBTC15M-26JUL300615-15,64490.47,0,no candlestick at decision time,yes,,64521.85,4.87,0,0,0.00,0.00,0.00,0.00,0.00,
2026-07-30 10:30,KXBTC15M-26JUL300630-30,64491.76,0,no candlestick at decision time,yes,,64534.94,6.70,0,0,0.00,0.00,0.00,0.00,0.00,
2026-07-30 10:45,KXBTC15M-26JUL300645-45,64536.28,0,no candlestick at decision time,no,,64485.42,7.88,0,0,0.00,0.00,0.00,0.00,0.00,
2026-07-30 11:00,KXBTC15M-26JUL300700-00,64534.58,1,,no,85,64497.98,5.67,0,5,4.25,0.05,5.00,0.75,0.70,1
2026-07-30 11:15,KXBTC15M-26JUL300715-15,64494.98,0,odds 53c not above 60c,yes,,64507.12,1.88,0,0,0.00,0.00,0.00,0.00,0.00,
2026-07-30 11:30,KXBTC15M-26JUL300730-30,64523.50,1,,no,73,64497.23,4.07,0,6,4.38,0.09,6.00,1.62,1.53,1
2026-07-30 11:45,KXBTC15M-26JUL300745-45,64497.66,1,,yes,96,64616.36,18.40,0,5,4.80,0.02,5.00,0.20,0.18,1
2026-07-30 12:00,KXBTC15M-26JUL300800-00,64583.38,1,,yes,96,64738.48,24.02,0,5,4.80,0.02,5.00,0.20,0.18,1
2026-07-30 12:15,KXBTC15M-26JUL300815-15,64704.57,1,,yes,95,64816.27,17.26,0,5,4.75,0.02,5.00,0.25,0.23,1
2026-07-30 12:30,KXBTC15M-26JUL300830-30,64901.39,1,,no,91,64870.22,4.80,0,5,4.55,0.03,5.00,0.45,0.42,1
2026-07-30 12:45,KXBTC15M-26JUL300845-45,64809.77,1,,yes,62,64829.61,3.06,0,8,4.96,0.14,0.00,-4.96,-5.10,0
2026-07-30 13:00,KXBTC15M-26JUL300900-00,64769.48,1,,yes,83,64817.84,7.47,0,6,4.98,0.06,6.00,1.02,0.96,1
2026-07-30 13:15,KXBTC15M-26JUL300915-15,64848.65,1,,no,79,64793.72,8.47,0,6,4.74,0.07,6.00,1.26,1.19,1
2026-07-30 13:30,KXBTC15M-26JUL300930-30,64774.61,1,,no,66,64765.86,1.35,0,7,4.62,0.11,7.00,2.38,2.27,1
2026-07-30 13:45,KXBTC15M-26JUL300945-45,64752.82,1,,no,83,64651.00,15.72,0,6,4.98,0.06,0.00,-4.98,-5.04,0
2026-07-30 14:00,KXBTC15M-26JUL301000-00,64920.27,1,,yes,73,64970.00,7.66,0,6,4.38,0.09,6.00,1.62,1.53,1
2026-07-30 14:15,KXBTC15M-26JUL301015-15,64976.62,1,,no,98,64680.00,45.65,0,5,4.90,0.01,5.00,0.10,0.09,1
2026-07-30 14:30,KXBTC15M-26JUL301030-30,64676.32,1,,no,61,64657.54,2.90,0,8,4.88,0.14,0.00,-4.88,-5.02,0
2026-07-30 14:45,KXBTC15M-26JUL301045-45,64734.60,0,odds 26c not above 60c,no,,64723.00,1.79,0,0,0.00,0.00,0.00,0.00,0.00,
2026-07-30 15:00,KXBTC15M-26JUL301100-00,64749.35,0,odds 49c not above 60c,no,,64748.17,0.18,0,0,0.00,0.00,0.00,0.00,0.00,
2026-07-30 15:15,KXBTC15M-26JUL301115-15,64628.07,1,,yes,66,64702.90,11.58,0,7,4.62,0.11,7.00,2.38,2.27,1
2026-07-30 15:30,KXBTC15M-26JUL301130-30,64658.60,1,,yes,96,64742.92,13.04,0,5,4.80,0.02,0.00,-4.80,-4.82,0
2026-07-30 15:45,KXBTC15M-26JUL301145-45,64634.59,1,,no,61,64623.94,1.65,0,8,4.88,0.14,0.00,-4.88,-5.02,0
2026-07-30 16:00,KXBTC15M-26JUL301200-00,64710.42,1,,no,86,64637.34,11.29,0,5,4.30,0.05,5.00,0.70,0.65,1
2026-07-30 16:15,KXBTC15M-26JUL301215-15,64666.02,1,,yes,95,64783.32,18.14,0,5,4.75,0.02,5.00,0.25,0.23,1
2026-07-30 16:30,KXBTC15M-26JUL301230-30,64860.65,1,,no,86,64796.55,9.88,0,5,4.30,0.05,5.00,0.70,0.65,1
2026-07-30 16:45,KXBTC15M-26JUL301245-45,64823.87,0,odds 59c not above 60c,no,,64796.57,4.21,0,0,0.00,0.00,0.00,0.00,0.00,
2026-07-30 17:00,KXBTC15M-26JUL301300-00,64715.81,1,,yes,93,64758.39,6.58,0,5,4.65,0.03,5.00,0.35,0.32,1
2026-07-30 17:15,KXBTC15M-26JUL301315-15,64757.39,0,odds 58c not above 60c,yes,,64778.96,3.33,0,0,0.00,0.00,0.00,0.00,0.00,
2026-07-30 17:30,KXBTC15M-26JUL301330-30,64736.19,1,,yes,95,64897.55,24.93,0,5,4.75,0.02,5.00,0.25,0.23,1
2026-07-30 17:45,KXBTC15M-26JUL301345-45,64887.31,1,,no,90,64803.04,12.99,0,5,4.50,0.04,0.00,-4.50,-4.54,0
2026-07-30 18:00,KXBTC15M-26JUL301400-00,64893.79,1,,no,88,64810.01,12.91,0,5,4.40,0.04,5.00,0.60,0.56,1
2026-07-30 18:15,KXBTC15M-26JUL301415-15,64813.71,0,odds 54c not above 60c,no,,64790.17,3.63,0,0,0.00,0.00,0.00,0.00,0.00,
2026-07-30 18:30,KXBTC15M-26JUL301430-30,64769.55,1,,no,79,64723.75,7.07,0,6,4.74,0.07,6.00,1.26,1.19,1
2026-07-30 18:45,KXBTC15M-26JUL301445-45,64745.21,1,,no,94,64660.86,13.03,0,5,4.70,0.02,5.00,0.30,0.28,1
2026-07-30 19:00,KXBTC15M-26JUL301500-00,64672.38,1,,no,80,64633.64,5.99,0,6,4.80,0.07,6.00,1.20,1.13,1
2026-07-30 19:15,KXBTC15M-26JUL301515-15,64640.60,1,,yes,96,64770.07,20.03,0,5,4.80,0.02,5.00,0.20,0.18,1
2026-07-30 19:30,KXBTC15M-26JUL301530-30,64773.91,1,,no,64,64771.38,0.39,0,7,4.48,0.12,0.00,-4.48,-4.60,0
2026-07-30 19:45,KXBTC15M-26JUL301545-45,64825.33,1,,no,90,64786.29,6.02,0,5,4.50,0.04,5.00,0.50,0.46,1
2026-07-30 20:00,KXBTC15M-26JUL301600-00,64772.31,0,odds 52c not above 60c,no,,64759.90,1.92,0,0,0.00,0.00,0.00,0.00,0.00,
2026-07-30 20:15,KXBTC15M-26JUL301615-15,64754.70,1,,yes,78,64761.81,1.10,0,6,4.68,0.08,0.00,-4.68,-4.76,0
2026-07-30 20:30,KXBTC15M-26JUL301630-30,64734.08,1,,yes,96,64801.81,10.46,0,5,4.80,0.02,5.00,0.20,0.18,1
2026-07-30 20:45,KXBTC15M-26JUL301645-45,64753.40,1,,no,68,64745.77,1.18,0,7,4.76,0.11,0.00,-4.76,-4.87,0
2026-07-30 21:00,KXBTC15M-26JUL301700-00,64785.93,1,,no,69,64767.07,2.91,0,7,4.83,0.11,7.00,2.17,2.06,1
2026-07-30 21:15,KXBTC15M-26JUL301715-15,64714.68,0,odds 47c not above 60c,no,,64707.53,1.10,0,0,0.00,0.00,0.00,0.00,0.00,
2026-07-30 21:30,KXBTC15M-26JUL301730-30,64679.67,1,,yes,80,64698.89,2.97,0,6,4.80,0.07,6.00,1.20,1.13,1
2026-07-30 21:45,KXBTC15M-26JUL301745-45,64685.10,1,,yes,65,64705.68,3.18,0,7,4.55,0.12,7.00,2.45,2.33,1
2026-07-30 22:00,KXBTC15M-26JUL301800-00,64692.86,1,,no,75,64668.77,3.72,0,6,4.50,0.08,6.00,1.50,1.42,1
2026-07-30 22:15,KXBTC15M-26JUL301815-15,64670.42,1,,yes,96,64876.59,31.88,0,5,4.80,0.02,5.00,0.20,0.18,1
2026-07-30 22:30,KXBTC15M-26JUL301830-30,64859.16,0,odds 33c not above 60c,no,,64850.09,1.40,0,0,0.00,0.00,0.00,0.00,0.00,
2026-07-30 22:45,KXBTC15M-26JUL301845-45,64933.93,1,,no,92,64856.15,11.98,0,5,4.60,0.03,5.00,0.40,0.37,1
2026-07-30 23:00,KXBTC15M-26JUL301900-00,64860.37,1,,no,85,64812.32,7.41,0,5,4.25,0.05,5.00,0.75,0.70,1
2026-07-30 23:15,KXBTC15M-26JUL301915-15,64786.74,1,,yes,98,64844.66,8.94,0,5,4.90,0.01,5.00,0.10,0.09,1
2026-07-30 23:30,KXBTC15M-26JUL301930-30,64879.67,1,,no,73,64849.55,4.64,0,6,4.38,0.09,6.00,1.62,1.53,1
2026-07-30 23:45,KXBTC15M-26JUL301945-45,64854.44,1,,yes,98,65025.16,26.32,0,5,4.90,0.01,0.00,-4.90,-4.91,0
2026-07-31 00:00,KXBTC15M-26JUL302000-00,64766.69,0,odds 59c not above 60c,no,,64718.68,7.41,0,0,0.00,0.00,0.00,0.00,0.00,
2026-07-31 00:15,KXBTC15M-26JUL302015-15,64725.01,1,,yes,81,64763.86,6.00,0,6,4.86,0.07,6.00,1.14,1.07,1
2026-07-31 00:30,KXBTC15M-26JUL302030-30,64764.27,1,,no,90,64743.60,3.19,0,5,4.50,0.04,5.00,0.50,0.46,1
2026-07-31 00:45,KXBTC15M-26JUL302045-45,64686.02,1,,yes,81,64754.11,10.53,0,6,4.86,0.07,6.00,1.14,1.07,1
2026-07-31 01:00,KXBTC15M-26JUL302100-00,64735.34,1,,no,96,64652.71,12.76,0,5,4.80,0.02,5.00,0.20,0.18,1
2026-07-31 01:15,KXBTC15M-26JUL302115-15,64661.51,1,,yes,99,65055.07,60.86,0,5,4.95,0.01,5.00,0.05,0.04,1
2026-07-31 01:30,KXBTC15M-26JUL302130-30,65149.67,1,,no,96,65020.92,19.76,0,5,4.80,0.02,5.00,0.20,0.18,1
2026-07-31 01:45,KXBTC15M-26JUL302145-45,65118.28,1,,no,97,64882.48,36.21,0,5,4.85,0.02,5.00,0.15,0.13,1
2026-07-31 02:00,KXBTC15M-26JUL302200-00,64777.12,1,,no,95,64549.85,35.08,0,5,4.75,0.02,5.00,0.25,0.23,1
2026-07-31 02:15,KXBTC15M-26JUL302215-15,64498.11,1,,yes,61,64526.16,4.35,0,8,4.88,0.14,0.00,-4.88,-5.02,0
2026-07-31 02:30,KXBTC15M-26JUL302230-30,64454.08,1,,no,89,64339.58,17.76,0,5,4.45,0.04,5.00,0.55,0.51,1
2026-07-31 02:45,KXBTC15M-26JUL302245-45,64334.53,1,,no,89,64243.79,14.10,0,5,4.45,0.04,5.00,0.55,0.51,1
2026-07-31 03:00,KXBTC15M-26JUL302300-00,64171.82,1,,yes,91,64267.06,14.84,0,5,4.55,0.03,5.00,0.45,0.42,1
2026-07-31 03:15,KXBTC15M-26JUL302315-15,64226.93,1,,no,80,64167.65,9.23,0,6,4.80,0.07,6.00,1.20,1.13,1
2026-07-31 03:30,KXBTC15M-26JUL302330-30,64183.75,1,,yes,97,64330.76,22.90,0,5,4.85,0.02,5.00,0.15,0.13,1
2026-07-31 03:45,KXBTC15M-26JUL302345-45,64316.86,1,,no,86,64231.33,13.30,0,5,4.30,0.05,0.00,-4.30,-4.35,0
2026-07-31 04:00,KXBTC15M-26JUL310000-00,64319.08,0,odds 58c not above 60c,yes,,64362.95,6.82,0,0,0.00,0.00,0.00,0.00,0.00,
2026-07-31 04:15,KXBTC15M-26JUL310015-15,64306.69,0,odds 43c not above 60c,yes,,64329.49,3.55,0,0,0.00,0.00,0.00,0.00,0.00,
2026-07-31 04:30,KXBTC15M-26JUL310030-30,64290.42,1,,no,95,64175.36,17.90,0,5,4.75,0.02,5.00,0.25,0.23,1
2026-07-31 04:45,KXBTC15M-26JUL310045-45,64261.00,0,odds 59c not above 60c,no,,64256.59,0.69,0,0,0.00,0.00,0.00,0.00,0.00,
2026-07-31 05:00,KXBTC15M-26JUL310100-00,64241.38,0,odds 50c not above 60c,yes,,64250.62,1.44,0,0,0.00,0.00,0.00,0.00,0.00,
2026-07-31 05:15,KXBTC15M-26JUL310115-15,64247.69,1,,yes,90,64313.09,10.18,0,5,4.50,0.04,5.00,0.50,0.46,1
2026-07-31 05:30,KXBTC15M-26JUL310130-30,64349.34,1,,no,80,64326.54,3.54,0,6,4.80,0.07,6.00,1.20,1.13,1
2026-07-31 05:45,KXBTC15M-26JUL310145-45,64268.54,1,,no,74,64250.42,2.82,0,6,4.44,0.09,6.00,1.56,1.47,1
2026-07-31 06:00,KXBTC15M-26JUL310200-00,64242.45,1,,yes,65,64265.06,3.52,0,7,4.55,0.12,7.00,2.45,2.33,1
2026-07-31 06:15,KXBTC15M-26JUL310215-15,64293.59,1,,yes,73,64306.19,1.96,0,6,4.38,0.09,6.00,1.62,1.53,1
2026-07-31 06:30,KXBTC15M-26JUL310230-30,64317.18,0,odds 49c not above 60c,no,,64306.07,1.73,0,0,0.00,0.00,0.00,0.00,0.00,
2026-07-31 06:45,KXBTC15M-26JUL310245-45,64348.39,0,odds 53c not above 60c,no,,64319.93,4.42,0,0,0.00,0.00,0.00,0.00,0.00,
2026-07-31 07:00,KXBTC15M-26JUL310300-00,64223.88,1,,no,76,64203.94,3.10,0,6,4.56,0.08,6.00,1.44,1.36,1
2026-07-31 07:15,KXBTC15M-26JUL310315-15,64197.51,1,,no,88,64084.17,17.65,0,5,4.40,0.04,5.00,0.60,0.56,1
2026-07-31 07:30,KXBTC15M-26JUL310330-30,64003.33,1,,no,82,63922.46,12.64,0,6,4.92,0.07,6.00,1.08,1.01,1
2026-07-31 07:45,KXBTC15M-26JUL310345-45,63943.49,1,,no,81,63909.48,5.32,0,6,4.86,0.07,6.00,1.14,1.07,1
2026-07-31 08:00,KXBTC15M-26JUL310400-00,63853.38,1,,yes,93,63942.58,13.97,0,5,4.65,0.03,5.00,0.35,0.32,1
2026-07-31 08:15,KXBTC15M-26JUL310415-15,63893.36,1,,no,84,63800.64,14.51,0,5,4.20,0.05,0.00,-4.20,-4.25,0
2026-07-31 08:30,KXBTC15M-26JUL310430-30,63896.81,1,,no,90,63787.02,17.18,0,5,4.50,0.04,0.00,-4.50,-4.54,0
2026-07-31 08:45,KXBTC15M-26JUL310445-45,63904.68,1,,no,90,63810.19,14.79,0,5,4.50,0.04,5.00,0.50,0.46,1
2026-07-31 09:00,KXBTC15M-26JUL310500-00,63787.65,0,odds 57c not above 60c,no,,63783.45,0.66,0,0,0.00,0.00,0.00,0.00,0.00,
2026-07-31 09:15,KXBTC15M-26JUL310515-15,63771.67,1,,no,71,63719.53,8.18,0,7,4.97,0.11,7.00,2.03,1.92,1
2026-07-31 09:30,KXBTC15M-26JUL310530-30,63738.48,1,,no,97,63631.55,16.78,0,5,4.85,0.02,5.00,0.15,0.13,1
2026-07-31 09:45,KXBTC15M-26JUL310545-45,63629.94,0,odds 26c not above 60c,no,,63611.73,2.86,0,0,0.00,0.00,0.00,0.00,0.00,
2026-07-31 10:00,KXBTC15M-26JUL310600-00,63634.17,1,,yes,77,63653.53,3.04,0,6,4.62,0.08,6.00,1.38,1.30,1
2026-07-31 10:15,KXBTC15M-26JUL310615-15,63647.33,1,,no,76,63613.51,5.31,0,6,4.56,0.08,0.00,-4.56,-4.64,0
2026-07-31 10:30,KXBTC15M-26JUL310630-30,63671.12,1,,yes,85,63716.98,7.20,0,5,4.25,0.05,5.00,0.75,0.70,1
2026-07-31 10:45,KXBTC15M-26JUL310645-45,63748.35,1,,yes,90,63795.84,7.45,0,5,4.50,0.04,5.00,0.50,0.46,1
2026-07-31 11:00,KXBTC15M-26JUL310700-00,63832.55,1,,yes,76,63864.99,5.08,0,6,4.56,0.08,6.00,1.44,1.36,1
2026-07-31 11:15,KXBTC15M-26JUL310715-15,63857.51,1,,yes,82,63872.60,2.36,0,6,4.92,0.07,0.00,-4.92,-4.99,0
2026-07-31 11:30,KXBTC15M-26JUL310730-30,63843.91,1,,yes,80,63885.10,6.45,0,6,4.80,0.07,6.00,1.20,1.13,1
2026-07-31 11:45,KXBTC15M-26JUL310745-45,63849.90,1,,no,95,63790.47,9.31,0,5,4.75,0.02,5.00,0.25,0.23,1
2026-07-31 12:00,KXBTC15M-26JUL310800-00,63785.08,1,,no,85,63769.68,2.41,0,5,4.25,0.05,5.00,0.75,0.70,1
2026-07-31 12:15,KXBTC15M-26JUL310815-15,63741.16,1,,no,91,63683.10,9.11,0,5,4.55,0.03,5.00,0.45,0.42,1
2026-07-31 12:30,KXBTC15M-26JUL310830-30,63669.12,1,,no,67,63660.86,1.30,0,7,4.69,0.11,0.00,-4.69,-4.80,0
2026-07-31 12:45,KXBTC15M-26JUL310845-45,63698.71,1,,no,89,63597.70,15.86,0,5,4.45,0.04,5.00,0.55,0.51,1
2026-07-31 13:00,KXBTC15M-26JUL310900-00,63605.59,1,,yes,85,63667.23,9.69,0,5,4.25,0.05,5.00,0.75,0.70,1
2026-07-31 13:15,KXBTC15M-26JUL310915-15,63679.31,0,odds 47c not above 60c,no,,63660.65,2.93,0,0,0.00,0.00,0.00,0.00,0.00,
2026-07-31 13:30,KXBTC15M-26JUL310930-30,63669.69,1,,yes,88,63753.97,13.24,0,5,4.40,0.04,5.00,0.60,0.56,1
2026-07-31 13:45,KXBTC15M-26JUL310945-45,63737.23,1,,no,90,63556.91,28.29,0,5,4.50,0.04,5.00,0.50,0.46,1
2026-07-31 14:00,KXBTC15M-26JUL311000-00,63425.79,1,,no,96,63202.37,35.23,0,5,4.80,0.02,5.00,0.20,0.18,1
2026-07-31 14:15,KXBTC15M-26JUL311015-15,63195.91,1,,no,99,62560.98,100.47,0,5,4.95,0.01,5.00,0.05,0.04,1
2026-07-31 14:30,KXBTC15M-26JUL311030-30,62596.52,1,,no,80,62504.81,14.65,0,6,4.80,0.07,6.00,1.20,1.13,1
2026-07-31 14:45,KXBTC15M-26JUL311045-45,62513.74,1,,yes,92,62595.18,13.03,0,5,4.60,0.03,5.00,0.40,0.37,1
2026-07-31 15:00,KXBTC15M-26JUL311100-00,62586.52,1,,yes,72,62590.07,0.57,0,6,4.32,0.09,6.00,1.68,1.59,1
2026-07-31 15:15,KXBTC15M-26JUL311115-15,62629.06,1,,no,66,62566.22,10.03,0,7,4.62,0.11,7.00,2.38,2.27,1
2026-07-31 15:30,KXBTC15M-26JUL311130-30,62529.89,1,,no,72,62442.89,13.91,0,6,4.32,0.09,6.00,1.68,1.59,1
2026-07-31 15:45,KXBTC15M-26JUL311145-45,62488.44,1,,yes,92,62642.41,24.64,0,5,4.60,0.03,5.00,0.40,0.37,1
2026-07-31 16:00,KXBTC15M-26JUL311200-00,62652.67,0,odds 46c not above 60c,no,,62647.44,0.83,0,0,0.00,0.00,0.00,0.00,0.00,
2026-07-31 16:15,KXBTC15M-26JUL311215-15,62633.73,1,,yes,89,62794.99,25.75,0,5,4.45,0.04,5.00,0.55,0.51,1
2026-07-31 16:30,KXBTC15M-26JUL311230-30,62799.32,1,,yes,64,62833.11,5.38,0,7,4.48,0.12,7.00,2.52,2.40,1
2026-07-31 16:45,KXBTC15M-26JUL311245-45,62852.57,1,,no,92,62731.62,19.24,0,5,4.60,0.03,5.00,0.40,0.37,1
2026-07-31 17:00,KXBTC15M-26JUL311300-00,62766.33,0,odds 60c not above 60c,yes,,62804.35,6.06,0,0,0.00,0.00,0.00,0.00,0.00,
2026-07-31 17:15,KXBTC15M-26JUL311315-15,62817.79,1,,no,90,62759.92,9.21,0,5,4.50,0.04,0.00,-4.50,-4.54,0
2026-07-31 17:30,KXBTC15M-26JUL311330-30,62829.01,0,odds 44c not above 60c,yes,,62859.60,4.87,0,0,0.00,0.00,0.00,0.00,0.00,
2026-07-31 17:45,KXBTC15M-26JUL311345-45,62906.37,1,,yes,98,63034.46,20.36,0,5,4.90,0.01,5.00,0.10,0.09,1
2026-07-31 18:00,KXBTC15M-26JUL311400-00,63000.29,1,,yes,98,63158.19,25.06,0,5,4.90,0.01,5.00,0.10,0.09,1
2026-07-31 18:15,KXBTC15M-26JUL311415-15,63184.10,1,,no,75,63145.50,6.11,0,6,4.50,0.08,6.00,1.50,1.42,1
2026-07-31 18:30,KXBTC15M-26JUL311430-30,63083.73,1,,yes,83,63093.05,1.48,0,6,4.98,0.06,0.00,-4.98,-5.04,0
2026-07-31 18:45,KXBTC15M-26JUL311445-45,63002.82,1,,no,63,62945.71,9.06,0,7,4.41,0.12,7.00,2.59,2.47,1
2026-07-31 19:00,KXBTC15M-26JUL311500-00,62961.84,1,,yes,97,63107.85,23.19,0,5,4.85,0.02,5.00,0.15,0.13,1
2026-07-31 19:15,KXBTC15M-26JUL311515-15,63042.19,1,,no,84,62999.47,6.78,0,5,4.20,0.05,5.00,0.80,0.75,1
2026-07-31 19:30,KXBTC15M-26JUL311530-30,63006.35,0,odds 51c not above 60c,no,,62976.10,4.80,0,0,0.00,0.00,0.00,0.00,0.00,
2026-07-31 19:45,KXBTC15M-26JUL311545-45,62969.81,1,,no,90,62903.22,10.57,0,5,4.50,0.04,5.00,0.50,0.46,1
2026-07-31 20:00,KXBTC15M-26JUL311600-00,62938.08,0,odds 44c not above 60c,no,,62935.95,0.34,0,0,0.00,0.00,0.00,0.00,0.00,
2026-07-31 20:15,KXBTC15M-26JUL311615-15,62913.20,0,odds 39c not above 60c,yes,,62922.03,1.40,0,0,0.00,0.00,0.00,0.00,0.00,
2026-07-31 20:30,KXBTC15M-26JUL311630-30,62937.28,0,odds 43c not above 60c,no,,62934.81,0.39,0,0,0.00,0.00,0.00,0.00,0.00,
2026-07-31 20:45,KXBTC15M-26JUL311645-45,62948.21,1,,no,73,62923.10,3.99,0,6,4.38,0.09,6.00,1.62,1.53,1
2026-07-31 21:00,KXBTC15M-26JUL311700-00,62940.36,0,odds 47c not above 60c,no,,62921.07,3.06,0,0,0.00,0.00,0.00,0.00,0.00,
2026-07-31 21:15,KXBTC15M-26JUL311715-15,62893.21,1,,yes,68,62900.64,1.18,0,7,4.76,0.11,7.00,2.24,2.13,1
2026-07-31 21:30,KXBTC15M-26JUL311730-30,62951.01,1,,yes,79,62975.80,3.94,0,6,4.74,0.07,0.00,-4.74,-4.81,0
2026-07-31 21:45,KXBTC15M-26JUL311745-45,62946.71,0,odds 45c not above 60c,yes,,62948.11,0.22,0,0,0.00,0.00,0.00,0.00,0.00,
2026-07-31 22:00,KXBTC15M-26JUL311800-00,62955.54,0,odds 51c not above 60c,no,,62948.83,1.07,0,0,0.00,0.00,0.00,0.00,0.00,
2026-07-31 22:15,KXBTC15M-26JUL311815-15,62898.10,1,,yes,73,62935.81,6.00,0,6,4.38,0.09,6.00,1.62,1.53,1
2026-07-31 22:30,KXBTC15M-26JUL311830-30,62947.32,1,,yes,68,62956.49,1.46,0,7,4.76,0.11,7.00,2.24,2.13,1
2026-07-31 22:45,KXBTC15M-26JUL311845-45,62951.36,1,,no,86,62884.51,10.62,0,5,4.30,0.05,5.00,0.70,0.65,1
2026-07-31 23:00,KXBTC15M-26JUL311900-00,62897.16,1,,no,74,62858.25,6.19,0,6,4.44,0.09,6.00,1.56,1.47,1
2026-07-31 23:15,KXBTC15M-26JUL311915-15,62880.52,1,,yes,92,62930.33,7.92,0,5,4.60,0.03,5.00,0.40,0.37,1
2026-07-31 23:30,KXBTC15M-26JUL311930-30,62917.59,1,,yes,86,62939.99,3.56,0,5,4.30,0.05,5.00,0.70,0.65,1
2026-07-31 23:45,KXBTC15M-26JUL311945-45,62926.40,0,odds 50c not above 60c,no,,62919.46,1.10,0,0,0.00,0.00,0.00,0.00,0.00,
2026-08-01 00:00,KXBTC15M-26JUL312000-00,62903.95,1,,no,90,62841.94,9.86,0,5,4.50,0.04,5.00,0.50,0.46,1
2026-08-01 00:15,KXBTC15M-26JUL312015-15,62820.73,1,,yes,93,62904.95,13.41,0,5,4.65,0.03,5.00,0.35,0.32,1
2026-08-01 00:30,KXBTC15M-26JUL312030-30,62905.70,0,odds 48c not above 60c,no,,62904.99,0.11,0,0,0.00,0.00,0.00,0.00,0.00,
2026-08-01 00:45,KXBTC15M-26JUL312045-45,62927.42,1,,no,67,62907.27,3.20,0,7,4.69,0.11,0.00,-4.69,-4.80,0
2026-08-01 01:00,KXBTC15M-26JUL312100-00,62933.49,1,,no,63,62914.83,2.97,0,7,4.41,0.12,7.00,2.59,2.47,1
2026-08-01 01:15,KXBTC15M-26JUL312115-15,62883.46,1,,yes,74,62886.77,0.53,0,6,4.44,0.09,6.00,1.56,1.47,1
2026-08-01 01:30,KXBTC15M-26JUL312130-30,62909.37,1,,yes,66,62929.81,3.25,0,7,4.62,0.11,0.00,-4.62,-4.73,0
2026-08-01 01:45,KXBTC15M-26JUL312145-45,62873.18,1,,yes,81,62888.98,2.51,0,6,4.86,0.07,6.00,1.14,1.07,1
2026-08-01 02:00,KXBTC15M-26JUL312200-00,62912.80,0,odds 48c not above 60c,no,,62903.03,1.55,0,0,0.00,0.00,0.00,0.00,0.00,
2026-08-01 02:15,KXBTC15M-26JUL312215-15,62906.71,1,,yes,81,62915.35,1.37,0,6,4.86,0.07,6.00,1.14,1.07,1
2026-08-01 02:30,KXBTC15M-26JUL312230-30,62956.51,1,,yes,95,62997.06,6.44,0,5,4.75,0.02,5.00,0.25,0.23,1
2026-08-01 02:45,KXBTC15M-26JUL312245-45,63004.11,1,,yes,75,63014.74,1.69,0,6,4.50,0.08,6.00,1.50,1.42,1
2026-08-01 03:00,KXBTC15M-26JUL312300-00,63012.16,1,,no,79,62991.76,3.24,0,6,4.74,0.07,6.00,1.26,1.19,1
2026-08-01 03:15,KXBTC15M-26JUL312315-15,63008.19,1,,no,66,62987.41,3.30,0,7,4.62,0.11,7.00,2.38,2.27,1
2026-08-01 03:30,KXBTC15M-26JUL312330-30,62932.16,1,,yes,92,62986.44,8.63,0,5,4.60,0.03,5.00,0.40,0.37,1
2026-08-01 03:45,KXBTC15M-26JUL312345-45,62958.47,0,odds 36c not above 60c,yes,,62962.31,0.61,0,0,0.00,0.00,0.00,0.00,0.00,
2026-08-01 04:00,KXBTC15M-26AUG010000-00,62940.21,1,,yes,68,62952.00,1.87,0,7,4.76,0.11,7.00,2.24,2.13,1
2026-08-01 04:15,KXBTC15M-26AUG010015-15,62945.19,0,odds 52c not above 60c,no,,62937.31,1.25,0,0,0.00,0.00,0.00,0.00,0.00,
2026-08-01 04:30,KXBTC15M-26AUG010030-30,62955.51,1,,yes,90,62983.81,4.50,0,5,4.50,0.04,5.00,0.50,0.46,1
2026-08-01 04:45,KXBTC15M-26AUG010045-45,62982.29,0,odds 47c not above 60c,no,,62978.87,0.54,0,0,0.00,0.00,0.00,0.00,0.00,
2026-08-01 05:00,KXBTC15M-26AUG010100-00,63000.19,1,,yes,95,63034.99,5.52,0,5,4.75,0.02,5.00,0.25,0.23,1
2026-08-01 05:15,KXBTC15M-26AUG010115-15,63033.63,1,,yes,63,63043.09,1.50,0,7,4.41,0.12,7.00,2.59,2.47,1
2026-08-01 05:30,KXBTC15M-26AUG010130-30,63061.76,1,,no,93,63011.02,8.05,0,5,4.65,0.03,5.00,0.35,0.32,1
2026-08-01 05:45,KXBTC15M-26AUG010145-45,63033.02,0,odds 50c not above 60c,no,,63032.44,0.09,0,0,0.00,0.00,0.00,0.00,0.00,
2026-08-01 06:00,KXBTC15M-26AUG010200-00,62959.00,1,,yes,76,62968.02,1.43,0,6,4.56,0.08,6.00,1.44,1.36,1
2026-08-01 06:15,KXBTC15M-26AUG010215-15,62975.61,1,,no,80,62955.00,3.27,0,6,4.80,0.07,6.00,1.20,1.13,1
2026-08-01 06:30,KXBTC15M-26AUG010230-30,62968.31,1,,yes,93,63010.00,6.62,0,5,4.65,0.03,5.00,0.35,0.32,1
2026-08-01 06:45,KXBTC15M-26AUG010245-45,63014.00,0,odds 59c not above 60c,no,,63007.48,1.03,0,0,0.00,0.00,0.00,0.00,0.00,
2026-08-01 07:00,KXBTC15M-26AUG010300-00,63014.16,1,,yes,68,63021.13,1.11,0,7,4.76,0.11,7.00,2.24,2.13,1
2026-08-01 07:15,KXBTC15M-26AUG010315-15,63018.50,1,,yes,65,63024.67,0.98,0,7,4.55,0.12,7.00,2.45,2.33,1
2026-08-01 07:30,KXBTC15M-26AUG010330-30,63047.41,1,,no,90,63017.19,4.79,0,5,4.50,0.04,5.00,0.50,0.46,1
2026-08-01 07:45,KXBTC15M-26AUG010345-45,63015.54,1,,no,97,62975.45,6.36,0,5,4.85,0.02,5.00,0.15,0.13,1
2026-08-01 08:00,KXBTC15M-26AUG010400-00,62986.67,1,,yes,69,62991.95,0.84,0,7,4.83,0.11,7.00,2.17,2.06,1
2026-08-01 08:15,KXBTC15M-26AUG010415-15,62992.09,1,,yes,95,63024.23,5.10,0,5,4.75,0.02,5.00,0.25,0.23,1
2026-08-01 08:30,KXBTC15M-26AUG010430-30,63041.71,0,odds 50c not above 60c,yes,,63042.75,0.16,0,0,0.00,0.00,0.00,0.00,0.00,
2026-08-01 08:45,KXBTC15M-26AUG010445-45,63034.46,1,,yes,70,63038.19,0.59,0,7,4.90,0.11,7.00,2.10,1.99,1
2026-08-01 09:00,KXBTC15M-26AUG010500-00,63040.45,1,,yes,97,63075.00,5.48,0,5,4.85,0.02,5.00,0.15,0.13,1
2026-08-01 09:15,KXBTC15M-26AUG010515-15,63083.59,1,,no,96,63052.65,4.90,0,5,4.80,0.02,5.00,0.20,0.18,1
2026-08-01 09:30,KXBTC15M-26AUG010530-30,63059.06,1,,yes,76,63068.95,1.57,0,6,4.56,0.08,0.00,-4.56,-4.64,0
2026-08-01 09:45,KXBTC15M-26AUG010545-45,63055.75,0,odds 55c not above 60c,no,,63048.46,1.16,0,0,0.00,0.00,0.00,0.00,0.00,
2026-08-01 10:00,KXBTC15M-26AUG010600-00,63051.70,1,,no,98,63000.16,8.17,0,5,4.90,0.01,5.00,0.10,0.09,1
2026-08-01 10:15,KXBTC15M-26AUG010615-15,63002.54,1,,no,96,62945.12,9.11,0,5,4.80,0.02,5.00,0.20,0.18,1
2026-08-01 10:30,KXBTC15M-26AUG010630-30,62953.43,1,,yes,99,63005.43,8.26,0,5,4.95,0.01,5.00,0.05,0.04,1
2026-08-01 10:45,KXBTC15M-26AUG010645-45,62985.95,1,,no,85,62962.26,3.76,0,5,4.25,0.05,0.00,-4.25,-4.30,0
2026-08-01 11:00,KXBTC15M-26AUG010700-00,63014.49,1,,no,83,62987.47,4.29,0,6,4.98,0.06,6.00,1.02,0.96,1
2026-08-01 11:15,KXBTC15M-26AUG010715-15,62998.94,1,,no,67,62983.61,2.43,0,7,4.69,0.11,7.00,2.31,2.20,1
2026-08-01 11:30,KXBTC15M-26AUG010730-30,62994.86,1,,yes,92,63023.76,4.59,0,5,4.60,0.03,5.00,0.40,0.37,1
2026-08-01 11:45,KXBTC15M-26AUG010745-45,63024.35,1,,no,69,63017.58,1.07,0,7,4.83,0.11,7.00,2.17,2.06,1
2026-08-01 12:00,KXBTC15M-26AUG010800-00,63011.57,1,,yes,75,63016.97,0.86,0,6,4.50,0.08,6.00,1.50,1.42,1
2026-08-01 12:15,KXBTC15M-26AUG010815-15,63019.80,1,,yes,96,63047.82,4.45,0,5,4.80,0.02,5.00,0.20,0.18,1
2026-08-01 12:30,KXBTC15M-26AUG010830-30,63056.75,1,,no,80,63038.99,2.82,0,6,4.80,0.07,6.00,1.20,1.13,1
2026-08-01 12:45,KXBTC15M-26AUG010845-45,63047.37,1,,no,82,63020.77,4.22,0,6,4.92,0.07,6.00,1.08,1.01,1
2026-08-01 13:00,KXBTC15M-26AUG010900-00,63035.10,1,,yes,83,63040.57,0.87,0,6,4.98,0.06,6.00,1.02,0.96,1
2026-08-01 13:15,KXBTC15M-26AUG010915-15,63040.37,0,odds 59c not above 60c,no,,63033.77,1.05,0,0,0.00,0.00,0.00,0.00,0.00,
2026-08-01 13:30,KXBTC15M-26AUG010930-30,63042.67,1,,no,84,63028.81,2.20,0,5,4.20,0.05,5.00,0.80,0.75,1
2026-08-01 13:45,KXBTC15M-26AUG010945-45,63031.74,0,odds 28c not above 60c,no,,63015.02,2.65,0,0,0.00,0.00,0.00,0.00,0.00,
2026-08-01 14:00,KXBTC15M-26AUG011000-00,63023.14,1,,no,72,63005.96,2.73,0,6,4.32,0.09,6.00,1.68,1.59,1
2026-08-01 14:15,KXBTC15M-26AUG011015-15,63009.99,1,,yes,96,63053.22,6.86,0,5,4.80,0.02,5.00,0.20,0.18,1
2026-08-01 14:30,KXBTC15M-26AUG011030-30,63025.75,1,,yes,95,63053.22,4.36,0,5,4.75,0.02,5.00,0.25,0.23,1
2026-08-01 14:45,KXBTC15M-26AUG011045-45,63054.79,1,,no,70,63038.00,2.66,0,7,4.90,0.11,7.00,2.10,1.99,1
2026-08-01 15:00,KXBTC15M-26AUG011100-00,63036.60,0,odds 29c not above 60c,no,,63035.24,0.22,0,0,0.00,0.00,0.00,0.00,0.00,
2026-08-01 15:15,KXBTC15M-26AUG011115-15,63054.81,0,odds 50c not above 60c,no,,63047.72,1.12,0,0,0.00,0.00,0.00,0.00,0.00,
2026-08-01 15:30,KXBTC15M-26AUG011130-30,63053.01,1,,no,95,63009.34,6.93,0,5,4.75,0.02,5.00,0.25,0.23,1
2026-08-01 15:45,KXBTC15M-26AUG011145-45,63003.54,0,odds 57c not above 60c,no,,62996.17,1.17,0,0,0.00,0.00,0.00,0.00,0.00,
2026-08-01 16:00,KXBTC15M-26AUG011200-00,62994.11,1,,no,87,62964.81,4.65,0,5,4.35,0.04,5.00,0.65,0.61,1
2026-08-01 16:15,KXBTC15M-26AUG011215-15,62961.17,1,,no,96,62900.01,9.71,0,5,4.80,0.02,5.00,0.20,0.18,1
2026-08-01 16:30,KXBTC15M-26AUG011230-30,62899.79,1,,no,92,62874.71,3.99,0,5,4.60,0.03,5.00,0.40,0.37,1
2026-08-01 16:45,KXBTC15M-26AUG011245-45,62882.62,1,,yes,97,62931.37,7.75,0,5,4.85,0.02,5.00,0.15,0.13,1
2026-08-01 17:00,KXBTC15M-26AUG011300-00,62905.78,1,,no,84,62876.32,4.68,0,5,4.20,0.05,5.00,0.80,0.75,1
2026-08-01 17:15,KXBTC15M-26AUG011315-15,62860.13,1,,yes,97,62929.12,10.98,0,5,4.85,0.02,0.00,-4.85,-4.87,0
2026-08-01 17:30,KXBTC15M-26AUG011330-30,62842.11,1,,no,74,62828.47,2.17,0,6,4.44,0.09,6.00,1.56,1.47,1
2026-08-01 17:45,KXBTC15M-26AUG011345-45,62777.39,1,,no,96,62699.99,12.33,0,5,4.80,0.02,5.00,0.20,0.18,1
2026-08-01 18:00,KXBTC15M-26AUG011400-00,62761.38,1,,no,97,62645.84,18.41,0,5,4.85,0.02,5.00,0.15,0.13,1
2026-08-01 18:15,KXBTC15M-26AUG011415-15,62658.72,0,odds 59c not above 60c,yes,,62659.84,0.18,0,0,0.00,0.00,0.00,0.00,0.00,
2026-08-01 18:30,KXBTC15M-26AUG011430-30,62663.07,1,,no,96,62487.62,28.00,0,5,4.80,0.02,5.00,0.20,0.18,1
2026-08-01 18:45,KXBTC15M-26AUG011445-45,62496.78,1,,no,93,62368.59,20.51,0,5,4.65,0.03,5.00,0.35,0.32,1
2026-08-01 19:00,KXBTC15M-26AUG011500-00,62344.15,1,,yes,71,62408.69,10.35,0,7,4.97,0.11,7.00,2.03,1.92,1
2026-08-01 19:15,KXBTC15M-26AUG011515-15,62522.81,0,odds 58c not above 60c,yes,,62535.51,2.03,0,0,0.00,0.00,0.00,0.00,0.00,
2026-08-01 19:30,KXBTC15M-26AUG011530-30,62524.90,1,,no,91,62447.44,12.39,0,5,4.55,0.03,5.00,0.45,0.42,1
2026-08-01 19:45,KXBTC15M-26AUG011545-45,62496.07,1,,no,92,62398.17,15.66,0,5,4.60,0.03,5.00,0.40,0.37,1
2026-08-01 20:00,KXBTC15M-26AUG011600-00,62423.87,1,,yes,82,62456.65,5.25,0,6,4.92,0.07,6.00,1.08,1.01,1
2026-08-01 20:15,KXBTC15M-26AUG011615-15,62478.87,0,odds 14c not above 60c,no,,62477.90,0.16,0,0,0.00,0.00,0.00,0.00,0.00,
2026-08-01 20:30,KXBTC15M-26AUG011630-30,62506.97,1,,yes,93,62549.53,6.81,0,5,4.65,0.03,5.00,0.35,0.32,1
2026-08-01 20:45,KXBTC15M-26AUG011645-45,62564.45,1,,no,70,62515.82,7.77,0,7,4.90,0.11,7.00,2.10,1.99,1
2026-08-01 21:00,KXBTC15M-26AUG011700-00,62543.82,1,,yes,92,62578.71,5.58,0,5,4.60,0.03,5.00,0.40,0.37,1
2026-08-01 21:15,KXBTC15M-26AUG011715-15,62608.79,1,,yes,98,62694.00,13.61,0,5,4.90,0.01,5.00,0.10,0.09,1
2026-08-01 21:30,KXBTC15M-26AUG011730-30,62687.25,1,,yes,78,62703.57,2.60,0,6,4.68,0.08,6.00,1.32,1.24,1
2026-08-01 21:45,KXBTC15M-26AUG011745-45,62734.10,0,odds 56c not above 60c,yes,,62739.62,0.88,0,0,0.00,0.00,0.00,0.00,0.00,
2026-08-01 22:00,KXBTC15M-26AUG011800-00,62737.39,1,,yes,86,62750.60,2.11,0,5,4.30,0.05,5.00,0.70,0.65,1
2026-08-01 22:15,KXBTC15M-26AUG011815-15,62764.26,1,,yes,66,62776.55,1.96,0,7,4.62,0.11,7.00,2.38,2.27,1
2026-08-01 22:30,KXBTC15M-26AUG011830-30,62803.65,1,,no,89,62774.63,4.62,0,5,4.45,0.04,5.00,0.55,0.51,1
2026-08-01 22:45,KXBTC15M-26AUG011845-45,62799.10,0,odds 53c not above 60c,no,,62791.26,1.25,0,0,0.00,0.00,0.00,0.00,0.00,
2026-08-01 23:00,KXBTC15M-26AUG011900-00,62791.67,0,odds 56c not above 60c,no,,62783.99,1.22,0,0,0.00,0.00,0.00,0.00,0.00,
2026-08-01 23:15,KXBTC15M-26AUG011915-15,62778.81,0,odds 53c not above 60c,yes,,62779.58,0.12,0,0,0.00,0.00,0.00,0.00,0.00,
2026-08-01 23:30,KXBTC15M-26AUG011930-30,62758.18,1,,no,92,62720.54,6.00,0,5,4.60,0.03,5.00,0.40,0.37,1
2026-08-01 23:45,KXBTC15M-26AUG011945-45,62722.57,1,,yes,97,62761.23,6.16,0,5,4.85,0.02,5.00,0.15,0.13,1
2026-08-02 00:00,KXBTC15M-26AUG012000-00,62738.92,1,,yes,88,62757.58,2.97,0,5,4.40,0.04,5.00,0.60,0.56,1
2026-08-02 00:15,KXBTC15M-26AUG012015-15,62766.96,1,,yes,96,62843.51,12.20,0,5,4.80,0.02,5.00,0.20,0.18,1
2026-08-02 00:30,KXBTC15M-26AUG012030-30,62889.36,1,,no,90,62856.07,5.29,0,5,4.50,0.04,5.00,0.50,0.46,1
2026-08-02 00:45,KXBTC15M-26AUG012045-45,62828.12,1,,no,89,62793.01,5.59,0,5,4.45,0.04,5.00,0.55,0.51,1
2026-08-02 01:00,KXBTC15M-26AUG012100-00,62808.07,1,,no,97,62759.01,7.81,0,5,4.85,0.02,5.00,0.15,0.13,1
2026-08-02 01:15,KXBTC15M-26AUG012115-15,62772.77,1,,yes,98,62847.02,11.83,0,5,4.90,0.01,5.00,0.10,0.09,1
2026-08-02 01:30,KXBTC15M-26AUG012130-30,62922.63,0,odds 42c not above 60c,no,,62910.92,1.86,0,0,0.00,0.00,0.00,0.00,0.00,
2026-08-02 01:45,KXBTC15M-26AUG012145-45,62923.60,1,,yes,87,62948.79,4.00,0,5,4.35,0.04,5.00,0.65,0.61,1
2026-08-02 02:00,KXBTC15M-26AUG012200-00,62956.07,1,,no,95,62928.92,4.31,0,5,4.75,0.02,5.00,0.25,0.23,1
2026-08-02 02:15,KXBTC15M-26AUG012215-15,62934.43,1,,yes,99,63320.07,61.28,0,5,4.95,0.01,5.00,0.05,0.04,1
2026-08-02 02:30,KXBTC15M-26AUG012230-30,63377.08,0,odds 49c not above 60c,yes,,63414.39,5.89,0,0,0.00,0.00,0.00,0.00,0.00,
2026-08-02 02:45,KXBTC15M-26AUG012245-45,63355.44,1,,no,75,63288.29,10.60,0,6,4.50,0.08,6.00,1.50,1.42,1
2026-08-02 03:00,KXBTC15M-26AUG012300-00,63321.15,1,,yes,84,63378.57,9.07,0,5,4.20,0.05,5.00,0.80,0.75,1
2026-08-02 03:15,KXBTC15M-26AUG012315-15,63375.26,0,odds 49c not above 60c,no,,63349.51,4.06,0,0,0.00,0.00,0.00,0.00,0.00,
2026-08-02 03:30,KXBTC15M-26AUG012330-30,63346.44,1,,yes,96,63450.22,16.38,0,5,4.80,0.02,5.00,0.20,0.18,1
2026-08-02 03:45,KXBTC15M-26AUG012345-45,63376.22,1,,yes,90,63419.84,6.88,0,5,4.50,0.04,5.00,0.50,0.46,1
2026-08-02 04:00,KXBTC15M-26AUG020000-00,63433.46,1,,no,93,63369.44,10.09,0,5,4.65,0.03,5.00,0.35,0.32,1
2026-08-02 04:15,KXBTC15M-26AUG020015-15,63388.84,1,,yes,96,63454.99,10.44,0,5,4.80,0.02,5.00,0.20,0.18,1
2026-08-02 04:30,KXBTC15M-26AUG020030-30,63485.03,1,,no,70,63475.00,1.58,0,7,4.90,0.11,7.00,2.10,1.99,1
2026-08-02 04:45,KXBTC15M-26AUG020045-45,63479.74,1,,no,79,63454.24,4.02,0,6,4.74,0.07,6.00,1.26,1.19,1
2026-08-02 05:00,KXBTC15M-26AUG020100-00,63462.56,1,,yes,95,63492.73,4.75,0,5,4.75,0.02,5.00,0.25,0.23,1
2026-08-02 05:15,KXBTC15M-26AUG020115-15,63532.16,1,,no,97,63426.73,16.59,0,5,4.85,0.02,5.00,0.15,0.13,1
2026-08-02 05:30,KXBTC15M-26AUG020130-30,63418.14,1,,yes,67,63420.37,0.35,0,7,4.69,0.11,0.00,-4.69,-4.80,0
2026-08-02 05:45,KXBTC15M-26AUG020145-45,63414.08,1,,no,75,63374.82,6.19,0,6,4.50,0.08,6.00,1.50,1.42,1
2026-08-02 06:00,KXBTC15M-26AUG020200-00,63357.92,1,,yes,94,63393.02,5.54,0,5,4.70,0.02,5.00,0.30,0.28,1
2026-08-02 06:15,KXBTC15M-26AUG020215-15,63389.30,1,,yes,61,63395.18,0.93,0,8,4.88,0.14,0.00,-4.88,-5.02,0
2026-08-02 06:30,KXBTC15M-26AUG020230-30,63384.74,1,,yes,63,63390.29,0.88,0,7,4.41,0.12,7.00,2.59,2.47,1
2026-08-02 06:45,KXBTC15M-26AUG020245-45,63431.24,1,,no,86,63413.45,2.80,0,5,4.30,0.05,5.00,0.70,0.65,1
2026-08-02 07:00,KXBTC15M-26AUG020300-00,63427.35,0,odds 58c not above 60c,no,,63421.73,0.89,0,0,0.00,0.00,0.00,0.00,0.00,
2026-08-02 07:15,KXBTC15M-26AUG020315-15,63425.13,1,,no,69,63417.87,1.14,0,7,4.83,0.11,7.00,2.17,2.06,1
2026-08-02 07:30,KXBTC15M-26AUG020330-30,63420.65,1,,yes,63,63424.86,0.66,0,7,4.41,0.12,7.00,2.59,2.47,1
2026-08-02 07:45,KXBTC15M-26AUG020345-45,63424.98,1,,yes,86,63445.50,3.24,0,5,4.30,0.05,5.00,0.70,0.65,1
2026-08-02 08:00,KXBTC15M-26AUG020400-00,63470.98,1,,no,92,63436.20,5.48,0,5,4.60,0.03,5.00,0.40,0.37,1
2026-08-02 08:15,KXBTC15M-26AUG020415-15,63428.41,1,,yes,65,63435.94,1.19,0,7,4.55,0.12,7.00,2.45,2.33,1
2026-08-02 08:30,KXBTC15M-26AUG020430-30,63434.09,1,,no,79,63402.64,4.96,0,6,4.74,0.07,6.00,1.26,1.19,1
2026-08-02 08:45,KXBTC15M-26AUG020445-45,63333.72,1,,no,95,63220.71,17.84,0,5,4.75,0.02,5.00,0.25,0.23,1
2026-08-02 09:00,KXBTC15M-26AUG020500-00,63189.23,1,,no,81,63154.97,5.42,0,6,4.86,0.07,6.00,1.14,1.07,1
2026-08-02 09:15,KXBTC15M-26AUG020515-15,63132.70,0,odds 31c not above 60c,yes,,63146.98,2.26,0,0,0.00,0.00,0.00,0.00,0.00,
2026-08-02 09:30,KXBTC15M-26AUG020530-30,63202.87,0,odds 36c not above 60c,no,,63197.07,0.92,0,0,0.00,0.00,0.00,0.00,0.00,
2026-08-02 09:45,KXBTC15M-26AUG020545-45,63179.83,1,,yes,95,63229.52,7.86,0,5,4.75,0.02,5.00,0.25,0.23,1
2026-08-02 10:00,KXBTC15M-26AUG020600-00,63214.41,1,,no,78,63203.12,1.79,0,6,4.68,0.08,6.00,1.32,1.24,1
2026-08-02 10:15,KXBTC15M-26AUG020615-15,63213.40,1,,no,87,63175.59,5.98,0,5,4.35,0.04,5.00,0.65,0.61,1
2026-08-02 10:30,KXBTC15M-26AUG020630-30,63149.09,1,,no,69,63096.49,8.33,0,7,4.83,0.11,7.00,2.17,2.06,1
2026-08-02 10:45,KXBTC15M-26AUG020645-45,63079.36,1,,yes,97,63137.76,9.26,0,5,4.85,0.02,5.00,0.15,0.13,1
2026-08-02 11:00,KXBTC15M-26AUG020700-00,63146.75,1,,no,74,63133.58,2.09,0,6,4.44,0.09,6.00,1.56,1.47,1
2026-08-02 11:15,KXBTC15M-26AUG020715-15,63140.64,1,,no,73,63119.90,3.28,0,6,4.38,0.09,6.00,1.62,1.53,1
2026-08-02 11:30,KXBTC15M-26AUG020730-30,63091.63,0,odds 57c not above 60c,no,,63072.21,3.08,0,0,0.00,0.00,0.00,0.00,0.00,
2026-08-02 11:45,KXBTC15M-26AUG020745-45,63113.88,1,,no,69,63112.28,0.25,0,7,4.83,0.11,7.00,2.17,2.06,1
2026-08-02 12:00,KXBTC15M-26AUG020800-00,63053.16,0,odds 30c not above 60c,no,,63008.30,7.11,0,0,0.00,0.00,0.00,0.00,0.00,
2026-08-02 12:15,KXBTC15M-26AUG020815-15,62963.57,1,,yes,98,63048.32,13.46,0,5,4.90,0.01,5.00,0.10,0.09,1
2026-08-02 12:30,KXBTC15M-26AUG020830-30,63099.64,1,,yes,92,63141.47,6.63,0,5,4.60,0.03,5.00,0.40,0.37,1
2026-08-02 12:45,KXBTC15M-26AUG020845-45,63129.33,1,,no,82,63048.32,12.83,0,6,4.92,0.07,6.00,1.08,1.01,1
2026-08-02 13:00,KXBTC15M-26AUG020900-00,63085.82,1,,no,79,63060.06,4.08,0,6,4.74,0.07,6.00,1.26,1.19,1
2026-08-02 13:15,KXBTC15M-26AUG020915-15,63067.07,1,,no,77,63040.24,4.25,0,6,4.62,0.08,6.00,1.38,1.30,1
2026-08-02 13:30,KXBTC15M-26AUG020930-30,63059.25,1,,no,91,63017.30,6.65,0,5,4.55,0.03,5.00,0.45,0.42,1
2026-08-02 13:45,KXBTC15M-26AUG020945-45,63031.98,1,,no,90,62961.33,11.21,0,5,4.50,0.04,5.00,0.50,0.46,1
2026-08-02 14:00,KXBTC15M-26AUG021000-00,63025.75,1,,yes,68,63040.77,2.38,0,7,4.76,0.11,7.00,2.24,2.13,1
2026-08-02 14:15,KXBTC15M-26AUG021015-15,63054.93,1,,no,87,63003.61,8.14,0,5,4.35,0.04,5.00,0.65,0.61,1
2026-08-02 14:30,KXBTC15M-26AUG021030-30,63022.14,1,,yes,67,63032.72,1.68,0,7,4.69,0.11,7.00,2.31,2.20,1
2026-08-02 14:45,KXBTC15M-26AUG021045-45,63063.76,1,,yes,78,63071.11,1.17,0,6,4.68,0.08,6.00,1.32,1.24,1
2026-08-02 15:00,KXBTC15M-26AUG021100-00,63089.06,1,,no,96,63013.84,11.92,0,5,4.80,0.02,5.00,0.20,0.18,1
2026-08-02 15:15,KXBTC15M-26AUG021115-15,63011.43,1,,yes,89,63027.69,2.58,0,5,4.45,0.04,5.00,0.55,0.51,1
2026-08-02 15:30,KXBTC15M-26AUG021130-30,63061.96,1,,no,69,63050.99,1.74,0,7,4.83,0.11,7.00,2.17,2.06,1
2026-08-02 15:45,KXBTC15M-26AUG021145-45,63061.54,1,,yes,81,63074.15,2.00,0,6,4.86,0.07,6.00,1.14,1.07,1
2026-08-02 16:00,KXBTC15M-26AUG021200-00,63086.72,1,,no,89,63059.59,4.30,0,5,4.45,0.04,5.00,0.55,0.51,1
2026-08-02 16:15,KXBTC15M-26AUG021215-15,63048.04,0,odds 33c not above 60c,no,,63046.75,0.20,0,0,0.00,0.00,0.00,0.00,0.00,
2026-08-02 16:30,KXBTC15M-26AUG021230-30,63049.66,1,,yes,74,63055.22,0.88,0,6,4.44,0.09,0.00,-4.44,-4.53,0
2026-08-02 16:45,KXBTC15M-26AUG021245-45,63049.04,1,,yes,96,63120.05,11.26,0,5,4.80,0.02,5.00,0.20,0.18,1
2026-08-02 17:00,KXBTC15M-26AUG021300-00,63177.78,1,,no,95,63116.85,9.64,0,5,4.75,0.02,5.00,0.25,0.23,1
2026-08-02 17:15,KXBTC15M-26AUG021315-15,63125.94,1,,no,84,63088.91,5.87,0,5,4.20,0.05,0.00,-4.20,-4.25,0
2026-08-02 17:30,KXBTC15M-26AUG021330-30,63143.22,1,,yes,66,63161.83,2.95,0,7,4.62,0.11,7.00,2.38,2.27,1
2026-08-02 17:45,KXBTC15M-26AUG021345-45,63218.86,1,,yes,79,63246.60,4.39,0,6,4.74,0.07,6.00,1.26,1.19,1
2026-08-02 18:00,KXBTC15M-26AUG021400-00,63242.60,0,odds 46c not above 60c,no,,63238.11,0.71,0,0,0.00,0.00,0.00,0.00,0.00,
2026-08-02 18:15,KXBTC15M-26AUG021415-15,63245.37,1,,no,79,63219.29,4.12,0,6,4.74,0.07,0.00,-4.74,-4.81,0
2026-08-02 18:30,KXBTC15M-26AUG021430-30,63247.05,0,odds 50c not above 60c,yes,,63249.99,0.46,0,0,0.00,0.00,0.00,0.00,0.00,
2026-08-02 18:45,KXBTC15M-26AUG021445-45,63225.60,1,,yes,98,63311.86,13.64,0,5,4.90,0.01,5.00,0.10,0.09,1
2026-08-02 19:00,KXBTC15M-26AUG021500-00,63417.14,1,,no,93,63337.72,12.52,0,5,4.65,0.03,5.00,0.35,0.32,1
2026-08-02 19:15,KXBTC15M-26AUG021515-15,63315.69,1,,no,71,63290.58,3.97,0,7,4.97,0.11,7.00,2.03,1.92,1
2026-08-02 19:30,KXBTC15M-26AUG021530-30,63293.50,0,odds 55c not above 60c,no,,63281.46,1.90,0,0,0.00,0.00,0.00,0.00,0.00,
2026-08-02 19:45,KXBTC15M-26AUG021545-45,63268.71,1,,yes,76,63291.65,3.63,0,6,4.56,0.08,6.00,1.44,1.36,1
2026-08-02 20:00,KXBTC15M-26AUG021600-00,63318.57,1,,yes,96,63386.76,10.77,0,5,4.80,0.02,5.00,0.20,0.18,1
2026-08-02 20:15,KXBTC15M-26AUG021615-15,63384.63,1,,no,89,63366.44,2.87,0,5,4.45,0.04,5.00,0.55,0.51,1
2026-08-02 20:30,KXBTC15M-26AUG021630-30,63383.72,0,odds 58c not above 60c,no,,63362.99,3.27,0,0,0.00,0.00,0.00,0.00,0.00,
2026-08-02 20:45,KXBTC15M-26AUG021645-45,63344.86,1,,yes,71,63345.78,0.15,0,7,4.97,0.11,7.00,2.03,1.92,1
2026-08-02 21:00,KXBTC15M-26AUG021700-00,63362.99,1,,yes,91,63393.96,4.89,0,5,4.55,0.03,5.00,0.45,0.42,1
2026-08-02 21:15,KXBTC15M-26AUG021715-15,63426.13,1,,yes,80,63448.33,3.50,0,6,4.80,0.07,6.00,1.20,1.13,1
2026-08-02 21:30,KXBTC15M-26AUG021730-30,63458.02,0,odds 43c not above 60c,no,,63456.01,0.32,0,0,0.00,0.00,0.00,0.00,0.00,
2026-08-02 21:45,KXBTC15M-26AUG021745-45,63470.11,1,,no,66,63440.50,4.67,0,7,4.62,0.11,0.00,-4.62,-4.73,0
2026-08-02 22:00,KXBTC15M-26AUG021800-00,63629.63,1,,no,82,63539.01,14.24,0,6,4.92,0.07,6.00,1.08,1.01,1
2026-08-02 22:15,KXBTC15M-26AUG021815-15,63509.81,1,,yes,87,63591.84,12.92,0,5,4.35,0.04,5.00,0.65,0.61,1
2026-08-02 22:30,KXBTC15M-26AUG021830-30,63642.67,1,,no,68,63606.34,5.71,0,7,4.76,0.11,7.00,2.24,2.13,1
2026-08-02 22:45,KXBTC15M-26AUG021845-45,63524.92,1,,no,97,63374.85,23.62,0,5,4.85,0.02,5.00,0.15,0.13,1
2026-08-02 23:00,KXBTC15M-26AUG021900-00,63422.42,1,,no,79,63368.92,8.44,0,6,4.74,0.07,6.00,1.26,1.19,1
2026-08-02 23:15,KXBTC15M-26AUG021915-15,63364.47,1,,no,90,63304.16,9.52,0,5,4.50,0.04,5.00,0.50,0.46,1
2026-08-02 23:30,KXBTC15M-26AUG021930-30,63294.00,1,,yes,96,63409.83,18.30,0,5,4.80,0.02,5.00,0.20,0.18,1
2026-08-02 23:45,KXBTC15M-26AUG021945-45,63469.33,1,,yes,75,63495.01,4.05,0,6,4.50,0.08,0.00,-4.50,-4.58,0
2026-08-03 00:00,KXBTC15M-26AUG022000-00,63455.46,1,,yes,62,63473.69,2.87,0,8,4.96,0.14,8.00,3.04,2.90,1
2026-08-03 00:15,KXBTC15M-26AUG022015-15,63499.39,1,,no,96,63368.88,20.55,0,5,4.80,0.02,5.00,0.20,0.18,1
2026-08-03 00:30,KXBTC15M-26AUG022030-30,63339.01,1,,no,72,63304.88,5.39,0,6,4.32,0.09,6.00,1.68,1.59,1
2026-08-03 00:45,KXBTC15M-26AUG022045-45,63228.64,1,,yes,90,63300.00,11.29,0,5,4.50,0.04,5.00,0.50,0.46,1
2026-08-03 01:00,KXBTC15M-26AUG022100-00,63258.29,0,odds 50c not above 60c,no,,63235.64,3.58,0,0,0.00,0.00,0.00,0.00,0.00,
2026-08-03 01:15,KXBTC15M-26AUG022115-15,63247.01,1,,no,90,63170.98,12.02,0,5,4.50,0.04,5.00,0.50,0.46,1
2026-08-03 01:30,KXBTC15M-26AUG022130-30,63142.04,1,,no,72,63109.68,5.12,0,6,4.32,0.09,6.00,1.68,1.59,1
2026-08-03 01:45,KXBTC15M-26AUG022145-45,63093.54,1,,yes,73,63111.38,2.83,0,6,4.38,0.09,6.00,1.62,1.53,1
2026-08-03 02:00,KXBTC15M-26AUG022200-00,63147.72,1,,no,78,63105.38,6.70,0,6,4.68,0.08,6.00,1.32,1.24,1
2026-08-03 02:15,KXBTC15M-26AUG022215-15,63139.61,1,,no,82,63106.79,5.20,0,6,4.92,0.07,6.00,1.08,1.01,1
2026-08-03 02:30,KXBTC15M-26AUG022230-30,63113.96,1,,yes,91,63141.21,4.32,0,5,4.55,0.03,0.00,-4.55,-4.58,0
2026-08-03 02:45,KXBTC15M-26AUG022245-45,63047.35,1,,yes,89,63113.68,10.52,0,5,4.45,0.04,5.00,0.55,0.51,1
2026-08-03 03:00,KXBTC15M-26AUG022300-00,63115.89,1,,no,74,63072.41,6.89,0,6,4.44,0.09,6.00,1.56,1.47,1
2026-08-03 03:15,KXBTC15M-26AUG022315-15,63063.66,1,,no,73,63048.53,2.40,0,6,4.38,0.09,6.00,1.62,1.53,1
2026-08-03 03:30,KXBTC15M-26AUG022330-30,63034.62,1,,no,78,62987.27,7.51,0,6,4.68,0.08,6.00,1.32,1.24,1
2026-08-03 03:45,KXBTC15M-26AUG022345-45,63001.67,1,,no,67,62968.36,5.29,0,7,4.69,0.11,7.00,2.31,2.20,1
2026-08-03 04:00,KXBTC15M-26AUG030000-00,62977.74,1,,no,96,62849.32,20.39,0,5,4.80,0.02,5.00,0.20,0.18,1
2026-08-03 04:15,KXBTC15M-26AUG030015-15,62807.42,0,odds 21c not above 60c,no,,62794.38,2.08,0,0,0.00,0.00,0.00,0.00,0.00,
2026-08-03 04:30,KXBTC15M-26AUG030030-30,62779.56,1,,yes,95,62879.77,15.96,0,5,4.75,0.02,5.00,0.25,0.23,1
2026-08-03 04:45,KXBTC15M-26AUG030045-45,62893.18,1,,yes,61,62898.65,0.87,0,8,4.88,0.14,0.00,-4.88,-5.02,0
2026-08-03 05:00,KXBTC15M-26AUG030100-00,62887.06,1,,no,93,62805.13,13.03,0,5,4.65,0.03,5.00,0.35,0.32,1
2026-08-03 05:15,KXBTC15M-26AUG030115-15,62721.29,1,,yes,67,62738.72,2.78,0,7,4.69,0.11,7.00,2.31,2.20,1
2026-08-03 05:30,KXBTC15M-26AUG030130-30,62783.46,1,,no,90,62721.51,9.87,0,5,4.50,0.04,5.00,0.50,0.46,1
2026-08-03 05:45,KXBTC15M-26AUG030145-45,62764.41,1,,no,82,62713.07,8.18,0,6,4.92,0.07,6.00,1.08,1.01,1
2026-08-03 06:00,KXBTC15M-26AUG030200-00,62731.18,1,,yes,72,62731.51,0.05,0,6,4.32,0.09,6.00,1.68,1.59,1
2026-08-03 06:15,KXBTC15M-26AUG030215-15,62745.16,1,,yes,78,62777.16,5.10,0,6,4.68,0.08,6.00,1.32,1.24,1
2026-08-03 06:30,KXBTC15M-26AUG030230-30,62772.53,1,,no,90,62728.93,6.95,0,5,4.50,0.04,5.00,0.50,0.46,1
2026-08-03 06:45,KXBTC15M-26AUG030245-45,62713.47,1,,no,77,62654.63,9.38,0,6,4.62,0.08,6.00,1.38,1.30,1
2026-08-03 07:00,KXBTC15M-26AUG030300-00,62580.84,1,,yes,80,62598.99,2.90,0,6,4.80,0.07,0.00,-4.80,-4.87,0
2026-08-03 07:15,KXBTC15M-26AUG030315-15,62546.77,1,,yes,80,62582.72,5.75,0,6,4.80,0.07,6.00,1.20,1.13,1
2026-08-03 07:30,KXBTC15M-26AUG030330-30,62560.35,0,odds 44c not above 60c,yes,,62568.74,1.34,0,0,0.00,0.00,0.00,0.00,0.00,
2026-08-03 07:45,KXBTC15M-26AUG030345-45,62570.21,1,,no,75,62555.70,2.32,0,6,4.50,0.08,6.00,1.50,1.42,1
2026-08-03 08:00,KXBTC15M-26AUG030400-00,62557.22,1,,no,72,62520.90,5.81,0,6,4.32,0.09,6.00,1.68,1.59,1
2026-08-03 08:15,KXBTC15M-26AUG030415-15,62532.80,1,,no,69,62455.01,12.44,0,7,4.83,0.11,7.00,2.17,2.06,1
2026-08-03 08:30,KXBTC15M-26AUG030430-30,62488.36,1,,no,97,62339.07,23.89,0,5,4.85,0.02,5.00,0.15,0.13,1
2026-08-03 08:45,KXBTC15M-26AUG030445-45,62273.03,1,,yes,77,62300.27,4.37,0,6,4.62,0.08,6.00,1.38,1.30,1
2026-08-03 09:00,KXBTC15M-26AUG030500-00,62361.67,1,,yes,80,62401.64,6.41,0,6,4.80,0.07,6.00,1.20,1.13,1
2026-08-03 09:15,KXBTC15M-26AUG030515-15,62462.13,1,,yes,79,62487.00,3.98,0,6,4.74,0.07,6.00,1.26,1.19,1
2026-08-03 09:30,KXBTC15M-26AUG030530-30,62495.77,1,,yes,97,62563.21,10.79,0,5,4.85,0.02,5.00,0.15,0.13,1
2026-08-03 09:45,KXBTC15M-26AUG030545-45,62564.96,0,odds 53c not above 60c,yes,,62569.96,0.80,0,0,0.00,0.00,0.00,0.00,0.00,
2026-08-03 10:00,KXBTC15M-26AUG030600-00,62612.08,1,,yes,97,62665.61,8.55,0,5,4.85,0.02,5.00,0.15,0.13,1
2026-08-03 10:15,KXBTC15M-26AUG030615-15,62759.69,1,,no,81,62704.01,8.87,0,6,4.86,0.07,6.00,1.14,1.07,1
2026-08-03 10:30,KXBTC15M-26AUG030630-30,62714.19,1,,yes,79,62745.61,5.01,0,6,4.74,0.07,0.00,-4.74,-4.81,0
2026-08-03 10:45,KXBTC15M-26AUG030645-45,62667.59,1,,no,90,62611.29,8.98,0,5,4.50,0.04,5.00,0.50,0.46,1
2026-08-03 11:00,KXBTC15M-26AUG030700-00,62629.96,1,,no,75,62605.28,3.94,0,6,4.50,0.08,0.00,-4.50,-4.58,0
2026-08-03 11:15,KXBTC15M-26AUG030715-15,62670.24,1,,no,97,62505.61,26.27,0,5,4.85,0.02,5.00,0.15,0.13,1
2026-08-03 11:30,KXBTC15M-26AUG030730-30,62569.99,1,,yes,98,62675.21,16.82,0,5,4.90,0.01,5.00,0.10,0.09,1
2026-08-03 11:45,KXBTC15M-26AUG030745-45,62642.06,1,,yes,90,62659.16,2.73,0,5,4.50,0.04,0.00,-4.50,-4.54,0
2026-08-03 12:00,KXBTC15M-26AUG030800-00,62621.99,1,,no,86,62563.21,9.39,0,5,4.30,0.05,5.00,0.70,0.65,1
2026-08-03 12:15,KXBTC15M-26AUG030815-15,62486.20,1,,no,86,62392.01,15.07,0,5,4.30,0.05,5.00,0.70,0.65,1
2026-08-03 12:30,KXBTC15M-26AUG030830-30,62477.88,1,,yes,89,62535.07,9.15,0,5,4.45,0.04,5.00,0.55,0.51,1
2026-08-03 12:45,KXBTC15M-26AUG030845-45,62561.12,0,odds 36c not above 60c,no,,62530.01,4.97,0,0,0.00,0.00,0.00,0.00,0.00,
2026-08-03 13:00,KXBTC15M-26AUG030900-00,62642.75,1,,no,67,62623.93,3.00,0,7,4.69,0.11,7.00,2.31,2.20,1
2026-08-03 13:15,KXBTC15M-26AUG030915-15,62621.62,1,,yes,66,62629.00,1.18,0,7,4.62,0.11,7.00,2.38,2.27,1
2026-08-03 13:30,KXBTC15M-26AUG030930-30,62695.13,1,,yes,97,62809.61,18.26,0,5,4.85,0.02,0.00,-4.85,-4.87,0
2026-08-03 13:45,KXBTC15M-26AUG030945-45,62678.06,1,,yes,70,62751.49,11.72,0,7,4.90,0.11,7.00,2.10,1.99,1
2026-08-03 14:00,KXBTC15M-26AUG031000-00,62822.86,1,,yes,95,63073.84,39.95,0,5,4.75,0.02,5.00,0.25,0.23,1
2026-08-03 14:15,KXBTC15M-26AUG031015-15,63291.96,1,,no,85,63173.64,18.69,0,5,4.25,0.05,5.00,0.75,0.70,1
2026-08-03 14:30,KXBTC15M-26AUG031030-30,63237.73,1,,no,80,63180.76,9.01,0,6,4.80,0.07,0.00,-4.80,-4.87,0
2026-08-03 14:45,KXBTC15M-26AUG031045-45,63692.20,0,odds 51c not above 60c,no,,63691.11,0.17,0,0,0.00,0.00,0.00,0.00,0.00,
2026-08-03 15:00,KXBTC15M-26AUG031100-00,63703.15,0,odds 51c not above 60c,yes,,63776.35,11.49,0,0,0.00,0.00,0.00,0.00,0.00,
2026-08-03 15:15,KXBTC15M-26AUG031115-15,63870.69,1,,no,82,63773.24,15.26,0,6,4.92,0.07,6.00,1.08,1.01,1
2026-08-03 15:30,KXBTC15M-26AUG031130-30,63760.31,1,,no,79,63725.81,5.41,0,6,4.74,0.07,6.00,1.26,1.19,1
2026-08-03 15:45,KXBTC15M-26AUG031145-45,63648.87,1,,yes,76,63751.42,16.11,0,6,4.56,0.08,6.00,1.44,1.36,1
2026-08-03 16:00,KXBTC15M-26AUG031200-00,63727.86,1,,no,69,63684.28,6.84,0,7,4.83,0.11,7.00,2.17,2.06,1
2026-08-03 16:15,KXBTC15M-26AUG031215-15,63610.56,1,,yes,92,63626.54,2.51,0,5,4.60,0.03,5.00,0.40,0.37,1
2026-08-03 16:30,KXBTC15M-26AUG031230-30,63747.23,1,,yes,86,63843.19,15.05,0,5,4.30,0.05,5.00,0.70,0.65,1
2026-08-03 16:45,KXBTC15M-26AUG031245-45,63836.36,1,,no,92,63731.26,16.46,0,5,4.60,0.03,5.00,0.40,0.37,1
2026-08-03 17:00,KXBTC15M-26AUG031300-00,63705.13,1,,yes,62,63717.09,1.88,0,8,4.96,0.14,8.00,3.04,2.90,1
2026-08-03 17:15,KXBTC15M-26AUG031315-15,63714.82,1,,yes,73,63742.77,4.39,0,6,4.38,0.09,6.00,1.62,1.53,1
2026-08-03 17:30,KXBTC15M-26AUG031330-30,63796.91,1,,yes,68,63882.59,13.43,0,7,4.76,0.11,0.00,-4.76,-4.87,0
2026-08-03 17:45,KXBTC15M-26AUG031345-45,63768.26,1,,yes,90,63776.40,1.28,0,5,4.50,0.04,5.00,0.50,0.46,1
2026-08-03 18:00,KXBTC15M-26AUG031400-00,63839.89,0,odds 52c not above 60c,no,,63827.97,1.87,0,0,0.00,0.00,0.00,0.00,0.00,
2026-08-03 18:15,KXBTC15M-26AUG031415-15,63846.14,1,,no,61,63840.00,0.96,0,8,4.88,0.14,0.00,-4.88,-5.02,0
2026-08-03 18:30,KXBTC15M-26AUG031430-30,63927.76,1,,no,90,63835.32,14.46,0,5,4.50,0.04,5.00,0.50,0.46,1
2026-08-03 18:45,KXBTC15M-26AUG031445-45,63772.90,1,,yes,83,63824.99,8.17,0,6,4.98,0.06,6.00,1.02,0.96,1
2026-08-03 19:00,KXBTC15M-26AUG031500-00,63780.61,1,,yes,67,63823.83,6.78,0,7,4.69,0.11,7.00,2.31,2.20,1
2026-08-03 19:15,KXBTC15M-26AUG031515-15,63818.90,0,odds 48c not above 60c,no,,63808.00,1.71,0,0,0.00,0.00,0.00,0.00,0.00,
2026-08-03 19:30,KXBTC15M-26AUG031530-30,63861.63,1,,yes,79,63884.30,3.55,0,6,4.74,0.07,6.00,1.26,1.19,1
2026-08-03 19:45,KXBTC15M-26AUG031545-45,63929.08,0,odds 60c not above 60c,no,,63844.55,13.22,0,0,0.00,0.00,0.00,0.00,0.00,
2026-08-03 20:00,KXBTC15M-26AUG031600-00,63902.75,0,odds 59c not above 60c,yes,,63913.81,1.73,0,0,0.00,0.00,0.00,0.00,0.00,
2026-08-03 20:15,KXBTC15M-26AUG031615-15,63838.96,1,,no,78,63828.81,1.59,0,6,4.68,0.08,0.00,-4.68,-4.76,0
2026-08-03 20:30,KXBTC15M-26AUG031630-30,63852.65,1,,yes,90,63890.76,5.97,0,5,4.50,0.04,5.00,0.50,0.46,1
2026-08-03 20:45,KXBTC15M-26AUG031645-45,63891.48,1,,no,61,63874.27,2.69,0,8,4.88,0.14,8.00,3.12,2.98,1
2026-08-03 21:00,KXBTC15M-26AUG031700-00,63859.69,1,,no,97,63714.43,22.75,0,5,4.85,0.02,5.00,0.15,0.13,1
2026-08-03 21:15,KXBTC15M-26AUG031715-15,63741.16,1,,no,92,63676.35,10.17,0,5,4.60,0.03,5.00,0.40,0.37,1
2026-08-03 21:30,KXBTC15M-26AUG031730-30,63670.49,0,odds 48c not above 60c,no,,63661.97,1.34,0,0,0.00,0.00,0.00,0.00,0.00,
2026-08-03 21:45,KXBTC15M-26AUG031745-45,63662.85,1,,no,80,63660.11,0.43,0,6,4.80,0.07,6.00,1.20,1.13,1
2026-08-03 22:00,KXBTC15M-26AUG031800-00,63624.23,1,,no,84,63573.74,7.94,0,5,4.20,0.05,5.00,0.80,0.75,1
2026-08-03 22:15,KXBTC15M-26AUG031815-15,63547.19,1,,no,94,63413.95,20.97,0,5,4.70,0.02,5.00,0.30,0.28,1
2026-08-03 22:30,KXBTC15M-26AUG031830-30,63444.10,1,,yes,72,63498.56,8.58,0,6,4.32,0.09,6.00,1.68,1.59,1
2026-08-03 22:45,KXBTC15M-26AUG031845-45,63478.12,1,,no,77,63445.66,5.11,0,6,4.62,0.08,6.00,1.38,1.30,1
2026-08-03 23:00,KXBTC15M-26AUG031900-00,63451.90,1,,yes,96,63557.64,16.66,0,5,4.80,0.02,5.00,0.20,0.18,1
2026-08-03 23:15,KXBTC15M-26AUG031915-15,63542.66,1,,no,95,63513.45,4.60,0,5,4.75,0.02,5.00,0.25,0.23,1
2026-08-03 23:30,KXBTC15M-26AUG031930-30,63482.99,1,,yes,78,63506.14,3.65,0,6,4.68,0.08,6.00,1.32,1.24,1
2026-08-03 23:45,KXBTC15M-26AUG031945-45,63521.37,1,,no,98,63428.19,14.67,0,5,4.90,0.01,5.00,0.10,0.09,1
2026-08-04 00:00,KXBTC15M-26AUG032000-00,63445.27,1,,no,67,63438.00,1.15,0,7,4.69,0.11,0.00,-4.69,-4.80,0
2026-08-04 00:15,KXBTC15M-26AUG032015-15,63462.62,1,,yes,79,63474.96,1.94,0,6,4.74,0.07,0.00,-4.74,-4.81,0
2026-08-04 00:30,KXBTC15M-26AUG032030-30,63426.57,1,,no,74,63385.01,6.55,0,6,4.44,0.09,6.00,1.56,1.47,1
2026-08-04 00:45,KXBTC15M-26AUG032045-45,63365.45,1,,no,77,63302.63,9.91,0,6,4.62,0.08,6.00,1.38,1.30,1
2026-08-04 01:00,KXBTC15M-26AUG032100-00,63335.98,1,,yes,75,63344.84,1.40,0,6,4.50,0.08,0.00,-4.50,-4.58,0
2026-08-04 01:15,KXBTC15M-26AUG032115-15,63296.47,1,,yes,96,63380.73,13.31,0,5,4.80,0.02,5.00,0.20,0.18,1
2026-08-04 01:30,KXBTC15M-26AUG032130-30,63404.64,1,,yes,91,63507.15,16.17,0,5,4.55,0.03,5.00,0.45,0.42,1
2026-08-04 01:45,KXBTC15M-26AUG032145-45,63439.14,1,,yes,98,63634.94,30.86,0,5,4.90,0.01,5.00,0.10,0.09,1
2026-08-04 02:00,KXBTC15M-26AUG032200-00,63733.38,1,,yes,79,63802.20,10.80,0,6,4.74,0.07,6.00,1.26,1.19,1
2026-08-04 02:15,KXBTC15M-26AUG032215-15,63788.48,1,,no,92,63709.24,12.42,0,5,4.60,0.03,5.00,0.40,0.37,1
2026-08-04 02:30,KXBTC15M-26AUG032230-30,63713.86,1,,no,85,63648.21,10.30,0,5,4.25,0.05,5.00,0.75,0.70,1
2026-08-04 02:45,KXBTC15M-26AUG032245-45,63656.61,1,,yes,96,63815.63,24.98,0,5,4.80,0.02,5.00,0.20,0.18,1
2026-08-04 03:00,KXBTC15M-26AUG032300-00,63843.77,1,,no,92,63755.01,13.90,0,5,4.60,0.03,5.00,0.40,0.37,1
2026-08-04 03:15,KXBTC15M-26AUG032315-15,63763.20,1,,no,85,63707.89,8.67,0,5,4.25,0.05,5.00,0.75,0.70,1
2026-08-04 03:30,KXBTC15M-26AUG032330-30,63638.21,0,odds 60c not above 60c,no,,63630.77,1.17,0,0,0.00,0.00,0.00,0.00,0.00,
2026-08-04 03:45,KXBTC15M-26AUG032345-45,63713.44,1,,yes,87,63766.02,8.25,0,5,4.35,0.04,5.00,0.65,0.61,1
2026-08-04 04:00,KXBTC15M-26AUG040000-00,63764.16,0,odds 33c not above 60c,no,,63748.65,2.43,0,0,0.00,0.00,0.00,0.00,0.00,
2026-08-04 04:15,KXBTC15M-26AUG040015-15,63749.42,1,,no,81,63701.02,7.59,0,6,4.86,0.07,6.00,1.14,1.07,1
2026-08-04 04:30,KXBTC15M-26AUG040030-30,63748.78,1,,yes,96,63799.85,8.01,0,5,4.80,0.02,5.00,0.20,0.18,1
2026-08-04 04:45,KXBTC15M-26AUG040045-45,63780.06,1,,yes,91,63899.99,18.80,0,5,4.55,0.03,5.00,0.45,0.42,1
2026-08-04 05:00,KXBTC15M-26AUG040100-00,63997.16,1,,yes,88,64080.53,13.03,0,5,4.40,0.04,0.00,-4.40,-4.44,0
2026-08-04 05:15,KXBTC15M-26AUG040115-15,63988.41,1,,no,95,63879.35,17.04,0,5,4.75,0.02,5.00,0.25,0.23,1
2026-08-04 05:30,KXBTC15M-26AUG040130-30,63805.68,1,,yes,80,63809.90,0.66,0,6,4.80,0.07,0.00,-4.80,-4.87,0
2026-08-04 05:45,KXBTC15M-26AUG040145-45,63770.34,0,odds 53c not above 60c,yes,,63771.23,0.14,0,0,0.00,0.00,0.00,0.00,0.00,
2026-08-04 06:00,KXBTC15M-26AUG040200-00,63805.44,1,,no,94,63764.07,6.48,0,5,4.70,0.02,5.00,0.30,0.28,1
2026-08-04 06:15,KXBTC15M-26AUG040215-15,63763.90,1,,yes,68,63772.46,1.34,0,7,4.76,0.11,0.00,-4.76,-4.87,0
2026-08-04 06:30,KXBTC15M-26AUG040230-30,63742.64,1,,yes,88,63779.11,5.72,0,5,4.40,0.04,0.00,-4.40,-4.44,0
2026-08-04 06:45,KXBTC15M-26AUG040245-45,63713.37,1,,no,75,63670.00,6.81,0,6,4.50,0.08,6.00,1.50,1.42,1
2026-08-04 07:00,KXBTC15M-26AUG040300-00,63655.81,1,,no,91,63600.26,8.73,0,5,4.55,0.03,5.00,0.45,0.42,1
2026-08-04 07:15,KXBTC15M-26AUG040315-15,63618.53,1,,no,76,63580.21,6.02,0,6,4.56,0.08,6.00,1.44,1.36,1
2026-08-04 07:30,KXBTC15M-26AUG040330-30,63534.58,1,,no,95,63442.80,14.45,0,5,4.75,0.02,0.00,-4.75,-4.77,0
2026-08-04 07:45,KXBTC15M-26AUG040345-45,63572.40,1,,yes,86,63607.51,5.52,0,5,4.30,0.05,5.00,0.70,0.65,1
2026-08-04 08:00,KXBTC15M-26AUG040400-00,63616.20,1,,yes,80,63635.00,2.96,0,6,4.80,0.07,6.00,1.20,1.13,1
2026-08-04 08:15,KXBTC15M-26AUG040415-15,63646.83,0,odds 53c not above 60c,no,,63602.00,7.04,0,0,0.00,0.00,0.00,0.00,0.00,
2026-08-04 08:30,KXBTC15M-26AUG040430-30,63577.02,1,,no,92,63526.32,7.97,0,5,4.60,0.03,5.00,0.40,0.37,1
2026-08-04 08:45,KXBTC15M-26AUG040445-45,63561.60,1,,no,87,63514.91,7.35,0,5,4.35,0.04,5.00,0.65,0.61,1
2026-08-04 09:00,KXBTC15M-26AUG040500-00,63522.77,0,odds 26c not above 60c,no,,63518.55,0.66,0,0,0.00,0.00,0.00,0.00,0.00,
2026-08-04 09:15,KXBTC15M-26AUG040515-15,63525.77,1,,no,82,63497.64,4.43,0,6,4.92,0.07,6.00,1.08,1.01,1
2026-08-04 09:30,KXBTC15M-26AUG040530-30,63518.09,1,,yes,65,63529.35,1.77,0,7,4.55,0.12,0.00,-4.55,-4.67,0
2026-08-04 09:45,KXBTC15M-26AUG040545-45,63514.91,1,,no,93,63477.84,5.84,0,5,4.65,0.03,5.00,0.35,0.32,1
2026-08-04 10:00,KXBTC15M-26AUG040600-00,63506.64,0,odds 60c not above 60c,yes,,63533.03,4.16,0,0,0.00,0.00,0.00,0.00,0.00,
2026-08-04 10:15,KXBTC15M-26AUG040615-15,63529.25,1,,no,90,63470.38,9.27,0,5,4.50,0.04,5.00,0.50,0.46,1
2026-08-04 10:30,KXBTC15M-26AUG040630-30,63457.83,0,odds 17c not above 60c,no,,63426.10,5.00,0,0,0.00,0.00,0.00,0.00,0.00,
2026-08-04 10:45,KXBTC15M-26AUG040645-45,63404.76,1,,yes,70,63412.51,1.22,0,7,4.90,0.11,7.00,2.10,1.99,1
2026-08-04 11:00,KXBTC15M-26AUG040700-00,63544.86,1,,yes,99,63685.30,22.10,0,5,4.95,0.01,5.00,0.05,0.04,1
2026-08-04 11:15,KXBTC15M-26AUG040715-15,63695.32,1,,no,81,63678.95,2.57,0,6,4.86,0.07,6.00,1.14,1.07,1
2026-08-04 11:30,KXBTC15M-26AUG040730-30,63679.17,1,,yes,94,63719.20,6.29,0,5,4.70,0.02,5.00,0.30,0.28,1
2026-08-04 11:45,KXBTC15M-26AUG040745-45,63717.64,1,,no,72,63675.80,6.57,0,6,4.32,0.09,0.00,-4.32,-4.41,0
2026-08-04 12:00,KXBTC15M-26AUG040800-00,63777.53,1,,yes,93,63876.44,15.51,0,5,4.65,0.03,5.00,0.35,0.32,1
2026-08-04 12:15,KXBTC15M-26AUG040815-15,63859.12,1,,no,90,63789.01,10.98,0,5,4.50,0.04,5.00,0.50,0.46,1
2026-08-04 12:30,KXBTC15M-26AUG040830-30,63757.13,0,odds 36c not above 60c,no,,63753.84,0.52,0,0,0.00,0.00,0.00,0.00,0.00,
2026-08-04 12:45,KXBTC15M-26AUG040845-45,63768.99,1,,yes,96,63919.90,23.67,0,5,4.80,0.02,5.00,0.20,0.18,1
2026-08-04 13:00,KXBTC15M-26AUG040900-00,63897.90,0,odds 50c not above 60c,no,,63887.33,1.65,0,0,0.00,0.00,0.00,0.00,0.00,
2026-08-04 13:15,KXBTC15M-26AUG040915-15,63855.45,1,,yes,94,63923.06,10.59,0,5,4.70,0.02,5.00,0.30,0.28,1
2026-08-04 13:30,KXBTC15M-26AUG040930-30,63888.11,0,odds 42c not above 60c,yes,,63891.08,0.46,0,0,0.00,0.00,0.00,0.00,0.00,
2026-08-04 13:45,KXBTC15M-26AUG040945-45,63853.84,1,,yes,74,63881.01,4.26,0,6,4.44,0.09,6.00,1.56,1.47,1
2026-08-04 14:00,KXBTC15M-26AUG041000-00,63973.67,1,,no,98,63727.72,38.45,0,5,4.90,0.01,5.00,0.10,0.09,1
2026-08-04 14:15,KXBTC15M-26AUG041015-15,63641.71,1,,yes,63,63680.50,6.10,0,7,4.41,0.12,7.00,2.59,2.47,1
2026-08-04 14:30,KXBTC15M-26AUG041030-30,63731.50,1,,no,79,63679.02,8.23,0,6,4.74,0.07,0.00,-4.74,-4.81,0
2026-08-04 14:45,KXBTC15M-26AUG041045-45,63823.18,1,,yes,76,63890.14,10.49,0,6,4.56,0.08,6.00,1.44,1.36,1
2026-08-04 15:00,KXBTC15M-26AUG041100-00,64050.67,1,,no,65,64014.82,5.60,0,7,4.55,0.12,0.00,-4.55,-4.67,0
2026-08-04 15:15,KXBTC15M-26AUG041115-15,64103.83,0,odds 52c not above 60c,no,,64022.20,12.73,0,0,0.00,0.00,0.00,0.00,0.00,
2026-08-04 15:30,KXBTC15M-26AUG041130-30,64016.45,1,,no,74,63959.67,8.87,0,6,4.44,0.09,6.00,1.56,1.47,1
2026-08-04 15:45,KXBTC15M-26AUG041145-45,63892.42,1,,no,93,63872.12,3.18,0,5,4.65,0.03,0.00,-4.65,-4.68,0
2026-08-04 16:00,KXBTC15M-26AUG041200-00,64008.05,1,,yes,92,64106.31,15.35,0,5,4.60,0.03,5.00,0.40,0.37,1
2026-08-04 16:15,KXBTC15M-26AUG041215-15,64084.73,1,,no,94,63955.35,20.19,0,5,4.70,0.02,5.00,0.30,0.28,1
2026-08-04 16:30,KXBTC15M-26AUG041230-30,63976.77,1,,yes,69,64043.56,10.44,0,7,4.83,0.11,7.00,2.17,2.06,1
2026-08-04 16:45,KXBTC15M-26AUG041245-45,63998.32,1,,no,74,63886.31,17.50,0,6,4.44,0.09,6.00,1.56,1.47,1
2026-08-04 17:00,KXBTC15M-26AUG041300-00,63897.73,1,,no,61,63882.04,2.46,0,8,4.88,0.14,0.00,-4.88,-5.02,0
2026-08-04 17:15,KXBTC15M-26AUG041315-15,63910.45,1,,yes,98,64115.69,32.11,0,5,4.90,0.01,5.00,0.10,0.09,1
2026-08-04 17:30,KXBTC15M-26AUG041330-30,64029.07,0,odds 56c not above 60c,yes,,64064.17,5.48,0,0,0.00,0.00,0.00,0.00,0.00,
2026-08-04 17:45,KXBTC15M-26AUG041345-45,64105.25,0,odds 54c not above 60c,no,,64046.13,9.22,0,0,0.00,0.00,0.00,0.00,0.00,
2026-08-04 18:00,KXBTC15M-26AUG041400-00,64076.60,1,,no,97,63924.86,23.68,0,5,4.85,0.02,5.00,0.15,0.13,1
2026-08-04 18:15,KXBTC15M-26AUG041415-15,63936.19,1,,yes,95,64060.79,19.49,0,5,4.75,0.02,5.00,0.25,0.23,1
2026-08-04 18:30,KXBTC15M-26AUG041430-30,64135.93,1,,yes,96,64308.21,26.86,0,5,4.80,0.02,5.00,0.20,0.18,1
2026-08-04 18:45,KXBTC15M-26AUG041445-45,64331.28,1,,no,92,64230.25,15.70,0,5,4.60,0.03,5.00,0.40,0.37,1
2026-08-04 19:00,KXBTC15M-26AUG041500-00,64231.06,1,,yes,80,64256.64,3.98,0,6,4.80,0.07,6.00,1.20,1.13,1
2026-08-04 19:15,KXBTC15M-26AUG041515-15,64257.94,1,,yes,75,64288.75,4.79,0,6,4.50,0.08,6.00,1.50,1.42,1
2026-08-04 19:30,KXBTC15M-26AUG041530-30,64299.93,1,,no,92,64218.93,12.60,0,5,4.60,0.03,5.00,0.40,0.37,1
2026-08-04 19:45,KXBTC15M-26AUG041545-45,64241.26,0,odds 50c not above 60c,yes,,64324.78,13.00,0,0,0.00,0.00,0.00,0.00,0.00,
2026-08-04 20:00,KXBTC15M-26AUG041600-00,64342.68,1,,no,96,64257.25,13.28,0,5,4.80,0.02,5.00,0.20,0.18,1
2026-08-04 20:15,KXBTC15M-26AUG041615-15,64250.29,1,,no,96,64133.11,18.24,0,5,4.80,0.02,5.00,0.20,0.18,1
2026-08-04 20:30,KXBTC15M-26AUG041630-30,64139.11,1,,no,96,64061.13,12.16,0,5,4.80,0.02,5.00,0.20,0.18,1
2026-08-04 20:45,KXBTC15M-26AUG041645-45,64091.32,1,,yes,95,64191.29,15.60,0,5,4.75,0.02,5.00,0.25,0.23,1
2026-08-04 21:00,KXBTC15M-26AUG041700-00,64354.61,1,,no,93,64281.46,11.37,0,5,4.65,0.03,5.00,0.35,0.32,1
2026-08-04 21:15,KXBTC15M-26AUG041715-15,64300.70,1,,no,77,64259.21,6.45,0,6,4.62,0.08,6.00,1.38,1.30,1
2026-08-04 21:30,KXBTC15M-26AUG041730-30,64176.92,1,,yes,67,64232.46,8.65,0,7,4.69,0.11,7.00,2.31,2.20,1
2026-08-04 21:45,KXBTC15M-26AUG041745-45,64219.25,1,,no,81,64177.09,6.57,0,6,4.86,0.07,6.00,1.14,1.07,1
2026-08-04 22:00,KXBTC15M-26AUG041800-00,64208.79,1,,no,80,64136.60,11.24,0,6,4.80,0.07,6.00,1.20,1.13,1
2026-08-04 22:15,KXBTC15M-26AUG041815-15,64159.58,1,,yes,69,64160.00,0.07,0,7,4.83,0.11,7.00,2.17,2.06,1
2026-08-04 22:30,KXBTC15M-26AUG041830-30,64189.65,1,,no,90,64144.00,7.11,0,5,4.50,0.04,0.00,-4.50,-4.54,0
2026-08-04 22:45,KXBTC15M-26AUG041845-45,64207.52,0,odds 56c not above 60c,no,,64179.23,4.41,0,0,0.00,0.00,0.00,0.00,0.00,
2026-08-04 23:00,KXBTC15M-26AUG041900-00,64177.48,1,,no,72,64150.06,4.27,0,6,4.32,0.09,0.00,-4.32,-4.41,0
2026-08-04 23:15,KXBTC15M-26AUG041915-15,64224.64,1,,yes,87,64424.18,31.07,0,5,4.35,0.04,5.00,0.65,0.61,1
2026-08-04 23:30,KXBTC15M-26AUG041930-30,64380.44,0,odds 39c not above 60c,no,,64333.91,7.23,0,0,0.00,0.00,0.00,0.00,0.00,
2026-08-04 23:45,KXBTC15M-26AUG041945-45,64156.24,1,,no,66,64100.52,8.69,0,7,4.62,0.11,0.00,-4.62,-4.73,0
2026-08-05 00:00,KXBTC15M-26AUG042000-00,64183.99,1,,no,92,64073.40,17.23,0,5,4.60,0.03,5.00,0.40,0.37,1
2026-08-05 00:15,KXBTC15M-26AUG042015-15,64058.49,1,,no,88,63976.57,12.79,0,5,4.40,0.04,5.00,0.60,0.56,1
2026-08-05 00:30,KXBTC15M-26AUG042030-30,63986.56,1,,no,64,63963.70,3.57,0,7,4.48,0.12,7.00,2.52,2.40,1
2026-08-05 00:45,KXBTC15M-26AUG042045-45,63981.01,1,,yes,94,64076.81,14.97,0,5,4.70,0.02,5.00,0.30,0.28,1
2026-08-05 01:00,KXBTC15M-26AUG042100-00,64019.28,1,,no,86,63936.45,12.94,0,5,4.30,0.05,5.00,0.70,0.65,1
2026-08-05 01:15,KXBTC15M-26AUG042115-15,63948.64,1,,yes,62,63956.20,1.18,0,8,4.96,0.14,8.00,3.04,2.90,1
2026-08-05 01:30,KXBTC15M-26AUG042130-30,63965.46,1,,yes,96,64048.84,13.04,0,5,4.80,0.02,5.00,0.20,0.18,1
2026-08-05 01:45,KXBTC15M-26AUG042145-45,64054.32,1,,yes,92,64129.43,11.73,0,5,4.60,0.03,5.00,0.40,0.37,1
2026-08-05 02:00,KXBTC15M-26AUG042200-00,64150.94,1,,yes,97,64256.81,16.50,0,5,4.85,0.02,5.00,0.15,0.13,1
2026-08-05 02:15,KXBTC15M-26AUG042215-15,64289.17,1,,yes,95,64396.94,16.76,0,5,4.75,0.02,5.00,0.25,0.23,1
2026-08-05 02:30,KXBTC15M-26AUG042230-30,64413.13,1,,no,90,64282.55,20.27,0,5,4.50,0.04,5.00,0.50,0.46,1
2026-08-05 02:45,KXBTC15M-26AUG042245-45,64384.10,0,odds 56c not above 60c,yes,,64395.72,1.80,0,0,0.00,0.00,0.00,0.00,0.00,
2026-08-05 03:00,KXBTC15M-26AUG042300-00,64378.64,0,odds 51c not above 60c,yes,,64381.33,0.42,0,0,0.00,0.00,0.00,0.00,0.00,
2026-08-05 03:15,KXBTC15M-26AUG042315-15,64324.93,1,,yes,91,64363.43,5.99,0,5,4.55,0.03,5.00,0.45,0.42,1
2026-08-05 03:30,KXBTC15M-26AUG042330-30,64331.29,1,,no,98,64060.79,42.05,0,5,4.90,0.01,5.00,0.10,0.09,1
2026-08-05 03:45,KXBTC15M-26AUG042345-45,64026.90,1,,yes,90,64105.60,12.29,0,5,4.50,0.04,5.00,0.50,0.46,1
2026-08-05 04:00,KXBTC15M-26AUG050000-00,64092.25,1,,yes,67,64124.81,5.08,0,7,4.69,0.11,7.00,2.31,2.20,1
2026-08-05 04:15,KXBTC15M-26AUG050015-15,64129.14,1,,no,85,64092.79,5.67,0,5,4.25,0.05,5.00,0.75,0.70,1
2026-08-05 04:30,KXBTC15M-26AUG050030-30,64085.03,0,odds 37c not above 60c,no,,64083.20,0.29,0,0,0.00,0.00,0.00,0.00,0.00,
2026-08-05 04:45,KXBTC15M-26AUG050045-45,64101.30,1,,yes,86,64138.29,5.77,0,5,4.30,0.05,5.00,0.70,0.65,1
2026-08-05 05:00,KXBTC15M-26AUG050100-00,64128.11,1,,no,91,64106.25,3.41,0,5,4.55,0.03,5.00,0.45,0.42,1
2026-08-05 05:15,KXBTC15M-26AUG050115-15,64119.82,1,,yes,96,64227.21,16.75,0,5,4.80,0.02,5.00,0.20,0.18,1
2026-08-05 05:30,KXBTC15M-26AUG050130-30,64262.37,1,,yes,93,64330.39,10.58,0,5,4.65,0.03,5.00,0.35,0.32,1
2026-08-05 05:45,KXBTC15M-26AUG050145-45,64385.11,1,,no,93,64308.83,11.85,0,5,4.65,0.03,5.00,0.35,0.32,1
2026-08-05 06:00,KXBTC15M-26AUG050200-00,64296.68,0,odds 54c not above 60c,no,,64293.40,0.51,0,0,0.00,0.00,0.00,0.00,0.00,
2026-08-05 06:15,KXBTC15M-26AUG050215-15,64307.92,1,,no,86,64264.05,6.82,0,5,4.30,0.05,5.00,0.70,0.65,1
2026-08-05 06:30,KXBTC15M-26AUG050230-30,64279.80,1,,no,76,64243.18,5.70,0,6,4.56,0.08,6.00,1.44,1.36,1
2026-08-05 06:45,KXBTC15M-26AUG050245-45,64267.75,0,odds 11c not above 60c,no,,64265.90,0.29,0,0,0.00,0.00,0.00,0.00,0.00,
2026-08-05 07:00,KXBTC15M-26AUG050300-00,64248.85,1,,no,92,64199.99,7.60,0,5,4.60,0.03,5.00,0.40,0.37,1
2026-08-05 07:15,KXBTC15M-26AUG050315-15,64204.99,1,,no,69,64170.44,5.38,0,7,4.83,0.11,7.00,2.17,2.06,1
2026-08-05 07:30,KXBTC15M-26AUG050330-30,64132.04,1,,no,95,64013.81,18.44,0,5,4.75,0.02,5.00,0.25,0.23,1
2026-08-05 07:45,KXBTC15M-26AUG050345-45,64023.17,0,odds 50c not above 60c,no,,63995.31,4.35,0,0,0.00,0.00,0.00,0.00,0.00,
2026-08-05 08:00,KXBTC15M-26AUG050400-00,63963.61,1,,yes,90,64000.00,5.69,0,5,4.50,0.04,5.00,0.50,0.46,1
2026-08-05 08:15,KXBTC15M-26AUG050415-15,64105.72,1,,no,61,64098.00,1.20,0,8,4.88,0.14,0.00,-4.88,-5.02,0
2026-08-05 08:30,KXBTC15M-26AUG050430-30,64159.53,1,,no,71,64143.67,2.47,0,7,4.97,0.11,0.00,-4.97,-5.08,0
2026-08-05 08:45,KXBTC15M-26AUG050445-45,64214.92,1,,no,88,64187.64,4.25,0,5,4.40,0.04,5.00,0.60,0.56,1
2026-08-05 09:00,KXBTC15M-26AUG050500-00,64090.53,0,odds 57c not above 60c,no,,64070.72,3.09,0,0,0.00,0.00,0.00,0.00,0.00,
2026-08-05 09:15,KXBTC15M-26AUG050515-15,64063.40,1,,yes,83,64085.16,3.40,0,6,4.98,0.06,6.00,1.02,0.96,1
2026-08-05 09:30,KXBTC15M-26AUG050530-30,64083.74,1,,yes,94,64128.18,6.93,0,5,4.70,0.02,5.00,0.30,0.28,1
2026-08-05 09:45,KXBTC15M-26AUG050545-45,64103.48,1,,yes,87,64152.41,7.63,0,5,4.35,0.04,5.00,0.65,0.61,1
2026-08-05 10:00,KXBTC15M-26AUG050600-00,64116.56,0,odds 60c not above 60c,no,,64102.53,2.19,0,0,0.00,0.00,0.00,0.00,0.00,
2026-08-05 10:15,KXBTC15M-26AUG050615-15,64100.91,1,,yes,81,64129.31,4.43,0,6,4.86,0.07,6.00,1.14,1.07,1
2026-08-05 10:30,KXBTC15M-26AUG050630-30,64108.76,0,odds 34c not above 60c,yes,,64110.12,0.21,0,0,0.00,0.00,0.00,0.00,0.00,
2026-08-05 10:45,KXBTC15M-26AUG050645-45,64159.29,1,,no,62,64144.82,2.26,0,8,4.96,0.14,8.00,3.04,2.90,1
2026-08-05 11:00,KXBTC15M-26AUG050700-00,64142.39,1,,no,98,64011.67,20.38,0,5,4.90,0.01,5.00,0.10,0.09,1
2026-08-05 11:15,KXBTC15M-26AUG050715-15,64010.95,1,,yes,64,64037.34,4.12,0,7,4.48,0.12,7.00,2.52,2.40,1
2026-08-05 11:30,KXBTC15M-26AUG050730-30,64041.31,1,,no,84,64012.68,4.47,0,5,4.20,0.05,5.00,0.80,0.75,1
2026-08-05 11:45,KXBTC15M-26AUG050745-45,64030.35,1,,yes,77,64051.49,3.30,0,6,4.62,0.08,6.00,1.38,1.30,1
2026-08-05 12:00,KXBTC15M-26AUG050800-00,64050.72,1,,no,61,64025.99,3.86,0,8,4.88,0.14,8.00,3.12,2.98,1
2026-08-05 12:15,KXBTC15M-26AUG050815-15,64023.50,1,,yes,86,64076.21,8.23,0,5,4.30,0.05,5.00,0.70,0.65,1
2026-08-05 12:30,KXBTC15M-26AUG050830-30,64147.49,1,,yes,97,64415.65,41.80,0,5,4.85,0.02,5.00,0.15,0.13,1
2026-08-05 12:45,KXBTC15M-26AUG050845-45,64490.07,1,,no,71,64408.45,12.66,0,7,4.97,0.11,7.00,2.03,1.92,1
2026-08-05 13:00,KXBTC15M-26AUG050900-00,64427.16,1,,no,98,64290.23,21.25,0,5,4.90,0.01,5.00,0.10,0.09,1
2026-08-05 13:15,KXBTC15M-26AUG050915-15,64299.11,1,,no,98,64208.98,14.02,0,5,4.90,0.01,5.00,0.10,0.09,1
2026-08-05 13:30,KXBTC15M-26AUG050930-30,64085.35,1,,yes,90,64142.19,8.87,0,5,4.50,0.04,5.00,0.50,0.46,1
2026-08-05 13:45,KXBTC15M-26AUG050945-45,64091.57,1,,no,91,64051.44,6.26,0,5,4.55,0.03,0.00,-4.55,-4.58,0
2026-08-05 14:00,KXBTC15M-26AUG051000-00,64131.40,1,,yes,78,64283.00,23.64,0,6,4.68,0.08,6.00,1.32,1.24,1
2026-08-05 14:15,KXBTC15M-26AUG051015-15,64334.11,1,,yes,73,64404.30,10.91,0,6,4.38,0.09,6.00,1.62,1.53,1
2026-08-05 14:30,KXBTC15M-26AUG051030-30,64439.68,1,,no,71,64328.41,17.27,0,7,4.97,0.11,7.00,2.03,1.92,1
2026-08-05 14:45,KXBTC15M-26AUG051045-45,64341.76,1,,no,76,64296.01,7.11,0,6,4.56,0.08,0.00,-4.56,-4.64,0
2026-08-05 15:00,KXBTC15M-26AUG051100-00,64364.20,0,odds 49c not above 60c,no,,64289.87,11.55,0,0,0.00,0.00,0.00,0.00,0.00,
2026-08-05 15:15,KXBTC15M-26AUG051115-15,64449.13,1,,yes,75,64496.94,7.42,0,6,4.50,0.08,6.00,1.50,1.42,1
2026-08-05 15:30,KXBTC15M-26AUG051130-30,64610.02,1,,no,97,64448.24,25.04,0,5,4.85,0.02,5.00,0.15,0.13,1
2026-08-05 15:45,KXBTC15M-26AUG051145-45,64474.69,1,,yes,86,64561.20,13.42,0,5,4.30,0.05,5.00,0.70,0.65,1
2026-08-05 16:00,KXBTC15M-26AUG051200-00,64519.91,1,,no,96,64392.59,19.73,0,5,4.80,0.02,5.00,0.20,0.18,1
2026-08-05 16:15,KXBTC15M-26AUG051215-15,64352.60,1,,yes,94,64426.84,11.54,0,5,4.70,0.02,5.00,0.30,0.28,1
2026-08-05 16:30,KXBTC15M-26AUG051230-30,64504.86,1,,yes,95,64613.11,16.78,0,5,4.75,0.02,5.00,0.25,0.23,1
2026-08-05 16:45,KXBTC15M-26AUG051245-45,64702.11,1,,no,89,64660.48,6.43,0,5,4.45,0.04,5.00,0.55,0.51,1
2026-08-05 17:00,KXBTC15M-26AUG051300-00,64643.55,1,,no,90,64580.32,9.78,0,5,4.50,0.04,5.00,0.50,0.46,1
2026-08-05 17:15,KXBTC15M-26AUG051315-15,64615.89,1,,no,79,64559.32,8.75,0,6,4.74,0.07,6.00,1.26,1.19,1
2026-08-05 17:30,KXBTC15M-26AUG051330-30,64544.43,1,,no,77,64504.00,6.26,0,6,4.62,0.08,0.00,-4.62,-4.70,0
2026-08-05 17:45,KXBTC15M-26AUG051345-45,64545.25,1,,yes,91,64675.95,20.25,0,5,4.55,0.03,5.00,0.45,0.42,1
2026-08-05 18:00,KXBTC15M-26AUG051400-00,64647.65,1,,yes,81,64656.91,1.43,0,6,4.86,0.07,6.00,1.14,1.07,1
2026-08-05 18:15,KXBTC15M-26AUG051415-15,64715.68,1,,no,93,64621.31,14.58,0,5,4.65,0.03,0.00,-4.65,-4.68,0
2026-08-05 18:30,KXBTC15M-26AUG051430-30,64737.26,1,,no,92,64640.39,14.96,0,5,4.60,0.03,5.00,0.40,0.37,1
2026-08-05 18:45,KXBTC15M-26AUG051445-45,64671.04,1,,yes,71,64714.15,6.67,0,7,4.97,0.11,7.00,2.03,1.92,1
2026-08-05 19:00,KXBTC15M-26AUG051500-00,64747.94,1,,no,77,64705.26,6.59,0,6,4.62,0.08,6.00,1.38,1.30,1
2026-08-05 19:15,KXBTC15M-26AUG051515-15,64747.27,1,,yes,94,64856.00,16.79,0,5,4.70,0.02,5.00,0.30,0.28,1
2026-08-05 19:30,KXBTC15M-26AUG051530-30,64846.15,1,,yes,64,64849.71,0.55,0,7,4.48,0.12,7.00,2.52,2.40,1
2026-08-05 19:45,KXBTC15M-26AUG051545-45,64869.87,0,odds 53c not above 60c,no,,64866.25,0.56,0,0,0.00,0.00,0.00,0.00,0.00,
2026-08-05 20:00,KXBTC15M-26AUG051600-00,64862.12,1,,yes,73,64864.24,0.33,0,6,4.38,0.09,0.00,-4.38,-4.47,0
2026-08-05 20:15,KXBTC15M-26AUG051615-15,64833.72,1,,no,88,64760.04,11.36,0,5,4.40,0.04,0.00,-4.40,-4.44,0
2026-08-05 20:30,KXBTC15M-26AUG051630-30,64854.32,1,,yes,80,64914.30,9.25,0,6,4.80,0.07,6.00,1.20,1.13,1
2026-08-05 20:45,KXBTC15M-26AUG051645-45,64927.49,0,odds 56c not above 60c,no,,64903.45,3.70,0,0,0.00,0.00,0.00,0.00,0.00,
2026-08-05 21:00,KXBTC15M-26AUG051700-00,64930.45,1,,no,93,64851.27,12.19,0,5,4.65,0.03,5.00,0.35,0.32,1
2026-08-05 21:15,KXBTC15M-26AUG051715-15,64790.29,1,,no,86,64717.53,11.23,0,5,4.30,0.05,5.00,0.70,0.65,1
2026-08-05 21:30,KXBTC15M-26AUG051730-30,64732.30,1,,no,92,64627.47,16.19,0,5,4.60,0.03,5.00,0.40,0.37,1
2026-08-05 21:45,KXBTC15M-26AUG051745-45,64615.30,0,odds 56c not above 60c,yes,,64625.94,1.65,0,0,0.00,0.00,0.00,0.00,0.00,
2026-08-05 22:00,KXBTC15M-26AUG051800-00,64662.12,1,,yes,82,64673.60,1.78,0,6,4.92,0.07,6.00,1.08,1.01,1
2026-08-05 22:15,KXBTC15M-26AUG051815-15,64677.11,1,,no,65,64646.36,4.75,0,7,4.55,0.12,7.00,2.45,2.33,1
2026-08-05 22:30,KXBTC15M-26AUG051830-30,64628.77,0,odds 52c not above 60c,no,,64618.27,1.62,0,0,0.00,0.00,0.00,0.00,0.00,
2026-08-05 22:45,KXBTC15M-26AUG051845-45,64669.96,1,,no,69,64648.34,3.34,0,7,4.83,0.11,7.00,2.17,2.06,1
2026-08-05 23:00,KXBTC15M-26AUG051900-00,64644.29,1,,no,72,64615.51,4.45,0,6,4.32,0.09,6.00,1.68,1.59,1
2026-08-05 23:15,KXBTC15M-26AUG051915-15,64587.21,0,odds 59c not above 60c,yes,,64611.89,3.82,0,0,0.00,0.00,0.00,0.00,0.00,
2026-08-05 23:30,KXBTC15M-26AUG051930-30,64623.39,1,,yes,86,64666.72,6.71,0,5,4.30,0.05,5.00,0.70,0.65,1
2026-08-05 23:45,KXBTC15M-26AUG051945-45,64650.98,1,,no,75,64622.92,4.34,0,6,4.50,0.08,6.00,1.50,1.42,1
2026-08-06 00:00,KXBTC15M-26AUG052000-00,64639.90,1,,no,88,64613.99,4.01,0,5,4.40,0.04,5.00,0.60,0.56,1
2026-08-06 00:15,KXBTC15M-26AUG052015-15,64602.69,0,odds 44c not above 60c,no,,64578.16,3.80,0,0,0.00,0.00,0.00,0.00,0.00,
2026-08-06 00:30,KXBTC15M-26AUG052030-30,64571.58,1,,yes,86,64641.99,10.90,0,5,4.30,0.05,5.00,0.70,0.65,1
2026-08-06 00:45,KXBTC15M-26AUG052045-45,64627.97,0,odds 54c not above 60c,no,,64622.62,0.83,0,0,0.00,0.00,0.00,0.00,0.00,
2026-08-06 01:00,KXBTC15M-26AUG052100-00,64589.58,0,odds 60c not above 60c,yes,,64615.50,4.01,0,0,0.00,0.00,0.00,0.00,0.00,
2026-08-06 01:15,KXBTC15M-26AUG052115-15,64610.49,1,,no,90,64549.97,9.37,0,5,4.50,0.04,5.00,0.50,0.46,1
2026-08-06 01:30,KXBTC15M-26AUG052130-30,64545.40,1,,no,92,64495.14,7.79,0,5,4.60,0.03,5.00,0.40,0.37,1
2026-08-06 01:45,KXBTC15M-26AUG052145-45,64463.44,1,,yes,98,64537.23,11.45,0,5,4.90,0.01,5.00,0.10,0.09,1
2026-08-06 02:00,KXBTC15M-26AUG052200-00,64511.80,1,,yes,90,64557.39,7.07,0,5,4.50,0.04,5.00,0.50,0.46,1
2026-08-06 02:15,KXBTC15M-26AUG052215-15,64531.33,1,,no,71,64486.43,6.96,0,7,4.97,0.11,0.00,-4.97,-5.08,0
2026-08-06 02:30,KXBTC15M-26AUG052230-30,64540.77,1,,no,90,64490.77,7.75,0,5,4.50,0.04,5.00,0.50,0.46,1
2026-08-06 02:45,KXBTC15M-26AUG052245-45,64463.85,1,,no,82,64455.53,1.29,0,6,4.92,0.07,0.00,-4.92,-4.99,0
2026-08-06 03:00,KXBTC15M-26AUG052300-00,64511.00,0,odds 54c not above 60c,yes,,64511.75,0.12,0,0,0.00,0.00,0.00,0.00,0.00,
2026-08-06 03:15,KXBTC15M-26AUG052315-15,64519.95,1,,no,89,64482.71,5.77,0,5,4.45,0.04,5.00,0.55,0.51,1
2026-08-06 03:30,KXBTC15M-26AUG052330-30,64511.43,1,,no,86,64470.25,6.38,0,5,4.30,0.05,5.00,0.70,0.65,1
2026-08-06 03:45,KXBTC15M-26AUG052345-45,64484.24,0,odds 53c not above 60c,no,,64482.18,0.32,0,0,0.00,0.00,0.00,0.00,0.00,
2026-08-06 04:00,KXBTC15M-26AUG060000-00,64448.96,1,,yes,70,64456.52,1.17,0,7,4.90,0.11,7.00,2.10,1.99,1
2026-08-06 04:15,KXBTC15M-26AUG060015-15,64476.25,0,odds 58c not above 60c,yes,,64484.41,1.27,0,0,0.00,0.00,0.00,0.00,0.00,
2026-08-06 04:30,KXBTC15M-26AUG060030-30,64522.19,1,,yes,98,64609.36,13.51,0,5,4.90,0.01,5.00,0.10,0.09,1
2026-08-06 04:45,KXBTC15M-26AUG060045-45,64633.72,1,,yes,68,64650.00,2.52,0,7,4.76,0.11,0.00,-4.76,-4.87,0
2026-08-06 05:00,KXBTC15M-26AUG060100-00,64599.91,1,,yes,75,64626.97,4.19,0,6,4.50,0.08,6.00,1.50,1.42,1
2026-08-06 05:15,KXBTC15M-26AUG060115-15,64656.73,1,,yes,98,64914.30,39.84,0,5,4.90,0.01,5.00,0.10,0.09,1
2026-08-06 05:30,KXBTC15M-26AUG060130-30,64859.14,1,,yes,83,64883.39,3.74,0,6,4.98,0.06,0.00,-4.98,-5.04,0
2026-08-06 05:45,KXBTC15M-26AUG060145-45,64836.46,1,,no,80,64802.25,5.28,0,6,4.80,0.07,0.00,-4.80,-4.87,0
2026-08-06 06:00,KXBTC15M-26AUG060200-00,64838.14,1,,no,74,64803.57,5.33,0,6,4.44,0.09,6.00,1.56,1.47,1
2026-08-06 06:15,KXBTC15M-26AUG060215-15,64836.28,1,,no,85,64781.96,8.38,0,5,4.25,0.05,5.00,0.75,0.70,1
2026-08-06 06:30,KXBTC15M-26AUG060230-30,64724.01,0,odds 42c not above 60c,no,,64722.66,0.21,0,0,0.00,0.00,0.00,0.00,0.00,
2026-08-06 06:45,KXBTC15M-26AUG060245-45,64768.78,0,odds 42c not above 60c,yes,,64771.19,0.37,0,0,0.00,0.00,0.00,0.00,0.00,
2026-08-06 09:15,KXBTC15M-26AUG060515-15,64878.72,1,,no,98,64741.47,21.15,0,5,4.90,0.01,5.00,0.10,0.09,1
2026-08-06 09:30,KXBTC15M-26AUG060530-30,64703.84,1,,yes,69,64725.39,3.33,0,7,4.83,0.11,0.00,-4.83,-4.94,0
2026-08-06 09:45,KXBTC15M-26AUG060545-45,64669.33,1,,no,86,64622.85,7.19,0,5,4.30,0.05,5.00,0.70,0.65,1
2026-08-06 10:00,KXBTC15M-26AUG060600-00,64609.25,1,,yes,61,64623.67,2.23,0,8,4.88,0.14,8.00,3.12,2.98,1
2026-08-06 10:15,KXBTC15M-26AUG060615-15,64621.71,1,,no,83,64568.91,8.17,0,6,4.98,0.06,6.00,1.02,0.96,1
2026-08-06 10:30,KXBTC15M-26AUG060630-30,64538.68,1,,yes,93,64603.80,10.09,0,5,4.65,0.03,5.00,0.35,0.32,1
2026-08-06 10:45,KXBTC15M-26AUG060645-45,64615.11,0,odds 60c not above 60c,no,,64588.60,4.10,0,0,0.00,0.00,0.00,0.00,0.00,
2026-08-06 11:00,KXBTC15M-26AUG060700-00,64566.60,0,odds 40c not above 60c,no,,64562.00,0.71,0,0,0.00,0.00,0.00,0.00,0.00,
2026-08-06 11:15,KXBTC15M-26AUG060715-15,64555.43,1,,no,95,64473.75,12.65,0,5,4.75,0.02,5.00,0.25,0.23,1
2026-08-06 11:30,KXBTC15M-26AUG060730-30,64508.74,1,,yes,93,64535.41,4.13,0,5,4.65,0.03,5.00,0.35,0.32,1
2026-08-06 11:45,KXBTC15M-26AUG060745-45,64524.53,1,,yes,95,64571.45,7.27,0,5,4.75,0.02,5.00,0.25,0.23,1
2026-08-06 12:00,KXBTC15M-26AUG060800-00,64576.05,1,,no,80,64510.90,10.09,0,6,4.80,0.07,6.00,1.20,1.13,1
2026-08-06 12:15,KXBTC15M-26AUG060815-15,64557.30,1,,no,97,64416.07,21.88,0,5,4.85,0.02,5.00,0.15,0.13,1
2026-08-06 12:30,KXBTC15M-26AUG060830-30,64421.85,1,,yes,92,64469.01,7.32,0,5,4.60,0.03,5.00,0.40,0.37,1
2026-08-06 12:45,KXBTC15M-26AUG060845-45,64477.84,1,,yes,71,64506.56,4.45,0,7,4.97,0.11,0.00,-4.97,-5.08,0
2026-08-06 13:00,KXBTC15M-26AUG060900-00,64455.18,1,,no,80,64428.80,4.09,0,6,4.80,0.07,6.00,1.20,1.13,1
2026-08-06 13:15,KXBTC15M-26AUG060915-15,64363.46,1,,no,98,64140.20,34.69,0,5,4.90,0.01,5.00,0.10,0.09,1
2026-08-06 13:30,KXBTC15M-26AUG060930-30,64179.01,0,odds 45c not above 60c,no,,64137.17,6.52,0,0,0.00,0.00,0.00,0.00,0.00,
2026-08-06 13:45,KXBTC15M-26AUG060945-45,64169.73,1,,yes,80,64235.34,10.22,0,6,4.80,0.07,6.00,1.20,1.13,1
2026-08-06 14:00,KXBTC15M-26AUG061000-00,64342.24,0,odds 28c not above 60c,no,,64338.71,0.55,0,0,0.00,0.00,0.00,0.00,0.00,
2026-08-06 14:15,KXBTC15M-26AUG061015-15,64410.61,0,odds 54c not above 60c,no,,64404.34,0.97,0,0,0.00,0.00,0.00,0.00,0.00,
2026-08-06 14:30,KXBTC15M-26AUG061030-30,64415.00,1,,yes,87,64437.54,3.50,0,5,4.35,0.04,0.00,-4.35,-4.39,0
2026-08-06 14:45,KXBTC15M-26AUG061045-45,64370.73,1,,yes,95,64495.32,19.36,0,5,4.75,0.02,5.00,0.25,0.23,1
2026-08-06 15:00,KXBTC15M-26AUG061100-00,64748.10,1,,no,83,64622.43,19.41,0,6,4.98,0.06,6.00,1.02,0.96,1
2026-08-06 15:15,KXBTC15M-26AUG061115-15,64730.67,1,,yes,92,64869.35,21.42,0,5,4.60,0.03,5.00,0.40,0.37,1
2026-08-06 15:30,KXBTC15M-26AUG061130-30,64810.35,1,,no,94,64698.70,17.23,0,5,4.70,0.02,5.00,0.30,0.28,1
2026-08-06 15:45,KXBTC15M-26AUG061145-45,64771.36,1,,no,75,64725.17,7.13,0,6,4.50,0.08,6.00,1.50,1.42,1
2026-08-06 16:00,KXBTC15M-26AUG061200-00,64712.28,0,odds 37c not above 60c,no,,64683.97,4.37,0,0,0.00,0.00,0.00,0.00,0.00,
2026-08-06 16:15,KXBTC15M-26AUG061215-15,64611.50,1,,yes,68,64616.32,0.75,0,7,4.76,0.11,0.00,-4.76,-4.87,0
2026-08-06 16:30,KXBTC15M-26AUG061230-30,64578.85,0,odds 50c not above 60c,no,,64567.70,1.73,0,0,0.00,0.00,0.00,0.00,0.00,
2026-08-06 16:45,KXBTC15M-26AUG061245-45,64600.88,1,,yes,65,64609.73,1.37,0,7,4.55,0.12,7.00,2.45,2.33,1
2026-08-06 17:00,KXBTC15M-26AUG061300-00,64663.89,1,,yes,84,64677.62,2.12,0,5,4.20,0.05,5.00,0.80,0.75,1
2026-08-06 17:15,KXBTC15M-26AUG061315-15,64695.93,0,odds 36c not above 60c,no,,64694.92,0.16,0,0,0.00,0.00,0.00,0.00,0.00,
2026-08-06 17:30,KXBTC15M-26AUG061330-30,64677.51,1,,no,69,64622.95,8.44,0,7,4.83,0.11,7.00,2.17,2.06,1
2026-08-06 17:45,KXBTC15M-26AUG061345-45,64635.22,1,,no,94,64548.33,13.44,0,5,4.70,0.02,5.00,0.30,0.28,1
2026-08-06 18:00,KXBTC15M-26AUG061400-00,64539.50,1,,yes,90,64583.00,6.74,0,5,4.50,0.04,5.00,0.50,0.46,1
2026-08-06 18:15,KXBTC15M-26AUG061415-15,64567.76,1,,no,97,64433.27,20.83,0,5,4.85,0.02,5.00,0.15,0.13,1
2026-08-06 18:30,KXBTC15M-26AUG061430-30,64482.43,1,,yes,78,64490.18,1.20,0,6,4.68,0.08,0.00,-4.68,-4.76,0
2026-08-06 18:45,KXBTC15M-26AUG061445-45,64463.90,1,,no,81,64395.66,10.59,0,6,4.86,0.07,6.00,1.14,1.07,1
2026-08-06 19:00,KXBTC15M-26AUG061500-00,64366.53,1,,no,66,64327.37,6.08,0,7,4.62,0.11,7.00,2.38,2.27,1
2026-08-06 19:15,KXBTC15M-26AUG061515-15,64358.94,1,,yes,63,64393.63,5.39,0,7,4.41,0.12,7.00,2.59,2.47,1
2026-08-06 19:30,KXBTC15M-26AUG061530-30,64390.64,1,,yes,63,64399.96,1.45,0,7,4.41,0.12,0.00,-4.41,-4.53,0
2026-08-06 19:45,KXBTC15M-26AUG061545-45,64352.76,1,,yes,83,64370.67,2.78,0,6,4.98,0.06,6.00,1.02,0.96,1
2026-08-06 20:00,KXBTC15M-26AUG061600-00,64367.00,1,,yes,68,64401.95,5.43,0,7,4.76,0.11,7.00,2.24,2.13,1
2026-08-06 20:15,KXBTC15M-26AUG061615-15,64397.08,1,,yes,96,64473.53,11.87,0,5,4.80,0.02,5.00,0.20,0.18,1
2026-08-06 20:30,KXBTC15M-26AUG061630-30,64475.58,1,,no,80,64437.18,5.96,0,6,4.80,0.07,6.00,1.20,1.13,1
2026-08-06 20:45,KXBTC15M-26AUG061645-45,64427.74,0,odds 51c not above 60c,no,,64413.05,2.28,0,0,0.00,0.00,0.00,0.00,0.00,
2026-08-06 21:00,KXBTC15M-26AUG061700-00,64416.42,0,odds 50c not above 60c,no,,64411.82,0.71,0,0,0.00,0.00,0.00,0.00,0.00,
2026-08-06 21:15,KXBTC15M-26AUG061715-15,64396.95,1,,yes,90,64445.24,7.50,0,5,4.50,0.04,5.00,0.50,0.46,1
2026-08-06 21:30,KXBTC15M-26AUG061730-30,64433.60,1,,no,72,64415.29,2.84,0,6,4.32,0.09,6.00,1.68,1.59,1
2026-08-06 21:45,KXBTC15M-26AUG061745-45,64404.98,1,,no,88,64364.72,6.25,0,5,4.40,0.04,0.00,-4.40,-4.44,0
2026-08-06 22:00,KXBTC15M-26AUG061800-00,64409.06,0,odds 60c not above 60c,yes,,64412.00,0.46,0,0,0.00,0.00,0.00,0.00,0.00,
2026-08-06 22:15,KXBTC15M-26AUG061815-15,64389.78,1,,no,80,64348.12,6.47,0,6,4.80,0.07,6.00,1.20,1.13,1
2026-08-06 22:30,KXBTC15M-26AUG061830-30,64384.16,1,,no,97,64291.50,14.39,0,5,4.85,0.02,5.00,0.15,0.13,1
2026-08-06 22:45,KXBTC15M-26AUG061845-45,64306.86,1,,yes,72,64309.23,0.37,0,6,4.32,0.09,0.00,-4.32,-4.41,0
2026-08-06 23:00,KXBTC15M-26AUG061900-00,64288.31,1,,yes,69,64302.64,2.23,0,7,4.83,0.11,7.00,2.17,2.06,1
2026-08-06 23:15,KXBTC15M-26AUG061915-15,64302.06,0,odds 58c not above 60c,yes,,64309.28,1.12,0,0,0.00,0.00,0.00,0.00,0.00,
2026-08-06 23:30,KXBTC15M-26AUG061930-30,64286.84,1,,no,98,64177.25,17.05,0,5,4.90,0.01,5.00,0.10,0.09,1
2026-08-06 23:45,KXBTC15M-26AUG061945-45,64196.53,1,,no,73,64159.39,5.79,0,6,4.38,0.09,6.00,1.62,1.53,1
2026-08-07 00:00,KXBTC15M-26AUG062000-00,64171.32,1,,yes,94,64253.89,12.87,0,5,4.70,0.02,5.00,0.30,0.28,1
2026-08-07 00:15,KXBTC15M-26AUG062015-15,64260.11,1,,yes,97,64341.63,12.69,0,5,4.85,0.02,0.00,-4.85,-4.87,0
2026-08-07 00:30,KXBTC15M-26AUG062030-30,64235.82,1,,no,72,64205.73,4.68,0,6,4.32,0.09,6.00,1.68,1.59,1
2026-08-07 00:45,KXBTC15M-26AUG062045-45,64229.57,0,odds 18c not above 60c,no,,64202.43,4.23,0,0,0.00,0.00,0.00,0.00,0.00,
2026-08-07 01:00,KXBTC15M-26AUG062100-00,64260.28,0,odds 32c not above 60c,no,,64245.72,2.27,0,0,0.00,0.00,0.00,0.00,0.00,
2026-08-07 01:15,KXBTC15M-26AUG062115-15,64252.55,1,,yes,91,64325.46,11.35,0,5,4.55,0.03,5.00,0.45,0.42,1
2026-08-07 01:30,KXBTC15M-26AUG062130-30,64305.30,1,,no,68,64283.46,3.40,0,7,4.76,0.11,0.00,-4.76,-4.87,0
2026-08-07 01:45,KXBTC15M-26AUG062145-45,64366.47,0,odds 44c not above 60c,no,,64333.52,5.12,0,0,0.00,0.00,0.00,0.00,0.00,
2026-08-07 02:00,KXBTC15M-26AUG062200-00,64315.09,1,,yes,75,64340.33,3.92,0,6,4.50,0.08,6.00,1.50,1.42,1
2026-08-07 02:15,KXBTC15M-26AUG062215-15,64367.04,1,,no,71,64306.08,9.47,0,7,4.97,0.11,7.00,2.03,1.92,1
2026-08-07 02:30,KXBTC15M-26AUG062230-30,64341.46,1,,no,83,64306.33,5.46,0,6,4.98,0.06,6.00,1.02,0.96,1
2026-08-07 02:45,KXBTC15M-26AUG062245-45,64262.69,1,,yes,64,64264.08,0.22,0,7,4.48,0.12,7.00,2.52,2.40,1
2026-08-07 03:00,KXBTC15M-26AUG062300-00,64354.82,1,,yes,70,64376.07,3.30,0,7,4.90,0.11,0.00,-4.90,-5.01,0
2026-08-07 03:15,KXBTC15M-26AUG062315-15,64343.61,1,,no,68,64329.50,2.19,0,7,4.76,0.11,7.00,2.24,2.13,1
2026-08-07 03:30,KXBTC15M-26AUG062330-30,64279.29,1,,no,87,64231.33,7.46,0,5,4.35,0.04,5.00,0.65,0.61,1
2026-08-07 03:45,KXBTC15M-26AUG062345-45,64263.50,1,,yes,65,64270.54,1.10,0,7,4.55,0.12,7.00,2.45,2.33,1
2026-08-07 04:00,KXBTC15M-26AUG070000-00,64282.19,0,odds 35c not above 60c,no,,64235.12,7.32,0,0,0.00,0.00,0.00,0.00,0.00,
2026-08-07 04:15,KXBTC15M-26AUG070015-15,64233.80,1,,yes,80,64260.31,4.13,0,6,4.80,0.07,6.00,1.20,1.13,1
2026-08-07 04:30,KXBTC15M-26AUG070030-30,64250.53,1,,yes,64,64254.38,0.60,0,7,4.48,0.12,0.00,-4.48,-4.60,0
2026-08-07 04:45,KXBTC15M-26AUG070045-45,64246.96,0,odds 45c not above 60c,no,,64211.01,5.60,0,0,0.00,0.00,0.00,0.00,0.00,
2026-08-07 05:00,KXBTC15M-26AUG070100-00,64203.16,1,,no,96,64130.01,11.39,0,5,4.80,0.02,5.00,0.20,0.18,1
2026-08-07 05:15,KXBTC15M-26AUG070115-15,64197.91,1,,no,92,64173.63,3.78,0,5,4.60,0.03,5.00,0.40,0.37,1
2026-08-07 05:30,KXBTC15M-26AUG070130-30,64197.88,1,,no,90,64119.83,12.16,0,5,4.50,0.04,5.00,0.50,0.46,1
2026-08-07 05:45,KXBTC15M-26AUG070145-45,64126.27,1,,yes,91,64166.81,6.32,0,5,4.55,0.03,5.00,0.45,0.42,1
2026-08-07 06:00,KXBTC15M-26AUG070200-00,64223.08,1,,yes,94,64312.54,13.93,0,5,4.70,0.02,5.00,0.30,0.28,1
2026-08-07 06:15,KXBTC15M-26AUG070215-15,64294.95,0,odds 52c not above 60c,no,,64277.67,2.69,0,0,0.00,0.00,0.00,0.00,0.00,
2026-08-07 06:30,KXBTC15M-26AUG070230-30,64337.85,1,,yes,70,64366.00,4.38,0,7,4.90,0.11,7.00,2.10,1.99,1
2026-08-07 06:45,KXBTC15M-26AUG070245-45,64361.42,1,,no,85,64293.50,10.55,0,5,4.25,0.05,5.00,0.75,0.70,1
2026-08-07 07:00,KXBTC15M-26AUG070300-00,64305.78,1,,no,92,64236.91,10.71,0,5,4.60,0.03,5.00,0.40,0.37,1
2026-08-07 07:15,KXBTC15M-26AUG070315-15,64268.00,0,odds 52c not above 60c,yes,,64287.96,3.11,0,0,0.00,0.00,0.00,0.00,0.00,
2026-08-07 07:30,KXBTC15M-26AUG070330-30,64290.15,1,,yes,78,64312.19,3.43,0,6,4.68,0.08,6.00,1.32,1.24,1
2026-08-07 07:45,KXBTC15M-26AUG070345-45,64358.32,1,,no,64,64340.91,2.71,0,7,4.48,0.12,7.00,2.52,2.40,1
2026-08-07 08:00,KXBTC15M-26AUG070400-00,64323.85,0,odds 47c not above 60c,no,,64312.19,1.81,0,0,0.00,0.00,0.00,0.00,0.00,
2026-08-07 08:15,KXBTC15M-26AUG070415-15,64267.37,1,,yes,71,64277.99,1.65,0,7,4.97,0.11,7.00,2.03,1.92,1
2026-08-07 08:30,KXBTC15M-26AUG070430-30,64325.12,1,,yes,87,64351.30,4.07,0,5,4.35,0.04,5.00,0.65,0.61,1
2026-08-07 08:45,KXBTC15M-26AUG070445-45,64396.11,0,odds 55c not above 60c,yes,,64425.58,4.58,0,0,0.00,0.00,0.00,0.00,0.00,
2026-08-07 09:00,KXBTC15M-26AUG070500-00,64580.77,1,,no,86,64540.07,6.30,0,5,4.30,0.05,5.00,0.70,0.65,1
2026-08-07 09:15,KXBTC15M-26AUG070515-15,64550.67,1,,yes,94,64645.49,14.69,0,5,4.70,0.02,5.00,0.30,0.28,1
2026-08-07 09:30,KXBTC15M-26AUG070530-30,64687.36,1,,yes,88,64743.15,8.62,0,5,4.40,0.04,5.00,0.60,0.56,1
2026-08-07 09:45,KXBTC15M-26AUG070545-45,64790.29,1,,yes,98,64875.37,13.13,0,5,4.90,0.01,5.00,0.10,0.09,1
2026-08-07 10:00,KXBTC15M-26AUG070600-00,64856.86,1,,no,74,64801.48,8.54,0,6,4.44,0.09,6.00,1.56,1.47,1
2026-08-07 10:15,KXBTC15M-26AUG070615-15,64795.08,0,odds 56c not above 60c,no,,64790.75,0.67,0,0,0.00,0.00,0.00,0.00,0.00,
2026-08-07 10:30,KXBTC15M-26AUG070630-30,64803.67,0,odds 48c not above 60c,no,,64788.48,2.34,0,0,0.00,0.00,0.00,0.00,0.00,
2026-08-07 10:45,KXBTC15M-26AUG070645-45,64849.10,1,,no,84,64822.10,4.16,0,5,4.20,0.05,5.00,0.80,0.75,1
2026-08-07 11:00,KXBTC15M-26AUG070700-00,64823.40,1,,yes,73,64843.07,3.03,0,6,4.38,0.09,6.00,1.62,1.53,1
2026-08-07 11:15,KXBTC15M-26AUG070715-15,64849.19,1,,yes,97,64934.05,13.09,0,5,4.85,0.02,5.00,0.15,0.13,1
2026-08-07 11:30,KXBTC15M-26AUG070730-30,64920.88,1,,yes,98,65118.91,30.50,0,5,4.90,0.01,5.00,0.10,0.09,1
2026-08-07 11:45,KXBTC15M-26AUG070745-45,65046.52,1,,no,87,65016.01,4.69,0,5,4.35,0.04,5.00,0.65,0.61,1
2026-08-07 12:00,KXBTC15M-26AUG070800-00,64994.43,1,,no,85,64957.57,5.67,0,5,4.25,0.05,5.00,0.75,0.70,1
2026-08-07 12:15,KXBTC15M-26AUG070815-15,64977.24,1,,yes,88,65036.65,9.14,0,5,4.40,0.04,5.00,0.60,0.56,1
2026-08-07 12:30,KXBTC15M-26AUG070830-30,65170.77,1,,no,96,65058.90,17.17,0,5,4.80,0.02,5.00,0.20,0.18,1
2026-08-07 12:45,KXBTC15M-26AUG070845-45,65083.18,1,,no,80,65073.12,1.55,0,6,4.80,0.07,0.00,-4.80,-4.87,0
2026-08-07 13:00,KXBTC15M-26AUG070900-00,65121.86,1,,yes,94,65288.84,25.64,0,5,4.70,0.02,5.00,0.30,0.28,1
2026-08-07 13:15,KXBTC15M-26AUG070915-15,65249.01,0,odds 28c not above 60c,no,,65218.75,4.64,0,0,0.00,0.00,0.00,0.00,0.00,
2026-08-07 13:30,KXBTC15M-26AUG070930-30,65190.63,0,odds 46c not above 60c,no,,65180.01,1.63,0,0,0.00,0.00,0.00,0.00,0.00,
2026-08-07 13:45,KXBTC15M-26AUG070945-45,65115.55,0,odds 43c not above 60c,yes,,65173.86,8.95,0,0,0.00,0.00,0.00,0.00,0.00,
2026-08-07 14:00,KXBTC15M-26AUG071000-00,65257.33,1,,no,90,65080.13,27.15,0,5,4.50,0.04,5.00,0.50,0.46,1
2026-08-07 14:15,KXBTC15M-26AUG071015-15,64974.83,1,,no,92,64773.78,30.94,0,5,4.60,0.03,5.00,0.40,0.37,1
2026-08-07 14:30,KXBTC15M-26AUG071030-30,64804.31,1,,yes,95,64991.15,28.83,0,5,4.75,0.02,5.00,0.25,0.23,1
2026-08-07 14:45,KXBTC15M-26AUG071045-45,65132.52,1,,yes,72,65211.48,12.12,0,6,4.32,0.09,0.00,-4.32,-4.41,0
2026-08-07 15:00,KXBTC15M-26AUG071100-00,65062.06,1,,no,78,64982.63,12.21,0,6,4.68,0.08,6.00,1.32,1.24,1
2026-08-07 15:15,KXBTC15M-26AUG071115-15,64920.07,0,odds 33c not above 60c,yes,,64923.27,0.49,0,0,0.00,0.00,0.00,0.00,0.00,
2026-08-07 15:30,KXBTC15M-26AUG071130-30,64907.68,1,,yes,76,64965.96,8.98,0,6,4.56,0.08,6.00,1.44,1.36,1
2026-08-07 15:45,KXBTC15M-26AUG071145-45,64974.16,0,odds 47c not above 60c,no,,64928.32,7.06,0,0,0.00,0.00,0.00,0.00,0.00,
2026-08-07 16:00,KXBTC15M-26AUG071200-00,64979.81,1,,no,82,64889.70,13.87,0,6,4.92,0.07,6.00,1.08,1.01,1
2026-08-07 16:15,KXBTC15M-26AUG071215-15,64862.53,1,,yes,94,64948.75,13.29,0,5,4.70,0.02,5.00,0.30,0.28,1
2026-08-07 16:30,KXBTC15M-26AUG071230-30,65010.16,1,,no,91,64879.01,20.17,0,5,4.55,0.03,5.00,0.45,0.42,1
2026-08-07 16:45,KXBTC15M-26AUG071245-45,64880.95,0,odds 40c not above 60c,no,,64873.86,1.09,0,0,0.00,0.00,0.00,0.00,0.00,
2026-08-07 17:00,KXBTC15M-26AUG071300-00,64904.32,1,,no,89,64841.05,9.75,0,5,4.45,0.04,5.00,0.55,0.51,1
2026-08-07 17:15,KXBTC15M-26AUG071315-15,64783.91,1,,no,73,64757.03,4.15,0,6,4.38,0.09,6.00,1.62,1.53,1
2026-08-07 17:30,KXBTC15M-26AUG071330-30,64652.46,1,,no,85,64596.39,8.67,0,5,4.25,0.05,5.00,0.75,0.70,1
2026-08-07 17:45,KXBTC15M-26AUG071345-45,64547.33,1,,yes,69,64599.88,8.14,0,7,4.83,0.11,7.00,2.17,2.06,1
2026-08-07 18:00,KXBTC15M-26AUG071400-00,64627.90,0,odds 17c not above 60c,no,,64625.83,0.32,0,0,0.00,0.00,0.00,0.00,0.00,
2026-08-07 18:15,KXBTC15M-26AUG071415-15,64712.92,1,,yes,94,64826.33,17.53,0,5,4.70,0.02,5.00,0.30,0.28,1
2026-08-07 18:30,KXBTC15M-26AUG071430-30,64817.20,1,,no,81,64775.02,6.51,0,6,4.86,0.07,6.00,1.14,1.07,1
2026-08-07 18:45,KXBTC15M-26AUG071445-45,64772.98,1,,no,89,64714.74,8.99,0,5,4.45,0.04,5.00,0.55,0.51,1
2026-08-07 19:00,KXBTC15M-26AUG071500-00,64698.10,1,,no,94,64629.35,10.63,0,5,4.70,0.02,5.00,0.30,0.28,1
2026-08-07 19:15,KXBTC15M-26AUG071515-15,64673.11,1,,yes,96,64756.55,12.90,0,5,4.80,0.02,5.00,0.20,0.18,1
2026-08-07 19:30,KXBTC15M-26AUG071530-30,64792.17,1,,yes,97,64911.73,18.45,0,5,4.85,0.02,5.00,0.15,0.13,1
2026-08-07 19:45,KXBTC15M-26AUG071545-45,64902.09,1,,yes,73,64929.72,4.26,0,6,4.38,0.09,6.00,1.62,1.53,1
2026-08-07 20:00,KXBTC15M-26AUG071600-00,64941.71,1,,no,83,64911.64,4.63,0,6,4.98,0.06,6.00,1.02,0.96,1
2026-08-07 20:15,KXBTC15M-26AUG071615-15,64930.70,0,odds 57c not above 60c,yes,,64953.39,3.49,0,0,0.00,0.00,0.00,0.00,0.00,
2026-08-07 20:30,KXBTC15M-26AUG071630-30,64948.02,1,,no,82,64935.55,1.92,0,6,4.92,0.07,6.00,1.08,1.01,1
2026-08-07 20:45,KXBTC15M-26AUG071645-45,64945.57,1,,no,82,64924.16,3.30,0,6,4.92,0.07,6.00,1.08,1.01,1
2026-08-07 21:00,KXBTC15M-26AUG071700-00,64925.51,1,,yes,82,64939.17,2.10,0,6,4.92,0.07,6.00,1.08,1.01,1
2026-08-07 21:15,KXBTC15M-26AUG071715-15,64937.47,0,odds 54c not above 60c,yes,,64938.52,0.16,0,0,0.00,0.00,0.00,0.00,0.00,
2026-08-07 21:30,KXBTC15M-26AUG071730-30,64965.53,1,,no,93,64912.89,8.10,0,5,4.65,0.03,0.00,-4.65,-4.68,0
2026-08-07 21:45,KXBTC15M-26AUG071745-45,64966.80,1,,yes,62,64978.99,1.88,0,8,4.96,0.14,8.00,3.04,2.90,1
2026-08-07 22:00,KXBTC15M-26AUG071800-00,64999.50,1,,no,94,64917.20,12.66,0,5,4.70,0.02,5.00,0.30,0.28,1
2026-08-07 22:15,KXBTC15M-26AUG071815-15,64909.11,0,odds 60c not above 60c,no,,64893.66,2.38,0,0,0.00,0.00,0.00,0.00,0.00,
2026-08-07 22:30,KXBTC15M-26AUG071830-30,64897.42,1,,no,73,64878.93,2.85,0,6,4.38,0.09,6.00,1.62,1.53,1
2026-08-07 22:45,KXBTC15M-26AUG071845-45,64894.71,1,,no,96,64840.14,8.41,0,5,4.80,0.02,5.00,0.20,0.18,1
2026-08-07 23:00,KXBTC15M-26AUG071900-00,64838.33,1,,yes,96,64887.88,7.64,0,5,4.80,0.02,5.00,0.20,0.18,1
2026-08-07 23:15,KXBTC15M-26AUG071915-15,64854.89,0,odds 43c not above 60c,no,,64853.77,0.17,0,0,0.00,0.00,0.00,0.00,0.00,
2026-08-07 23:30,KXBTC15M-26AUG071930-30,64861.79,1,,no,70,64850.76,1.70,0,7,4.90,0.11,7.00,2.10,1.99,1
2026-08-07 23:45,KXBTC15M-26AUG071945-45,64859.06,0,odds 51c not above 60c,no,,64857.14,0.30,0,0,0.00,0.00,0.00,0.00,0.00,
2026-08-08 00:00,KXBTC15M-26AUG072000-00,64868.04,1,,yes,89,64883.62,2.40,0,5,4.45,0.04,5.00,0.55,0.51,1
2026-08-08 00:15,KXBTC15M-26AUG072015-15,64889.12,1,,yes,93,64919.22,4.64,0,5,4.65,0.03,0.00,-4.65,-4.68,0
2026-08-08 00:30,KXBTC15M-26AUG072030-30,64875.80,1,,no,89,64830.58,6.97,0,5,4.45,0.04,5.00,0.55,0.51,1
2026-08-08 00:45,KXBTC15M-26AUG072045-45,64852.75,0,odds 59c not above 60c,no,,64843.53,1.42,0,0,0.00,0.00,0.00,0.00,0.00,
2026-08-08 01:00,KXBTC15M-26AUG072100-00,64868.22,1,,yes,72,64874.01,0.89,0,6,4.32,0.09,6.00,1.68,1.59,1
2026-08-08 01:15,KXBTC15M-26AUG072115-15,64884.72,1,,no,68,64880.57,0.64,0,7,4.76,0.11,0.00,-4.76,-4.87,0
2026-08-08 01:30,KXBTC15M-26AUG072130-30,64923.24,1,,no,90,64884.76,5.93,0,5,4.50,0.04,5.00,0.50,0.46,1
2026-08-08 01:45,KXBTC15M-26AUG072145-45,64885.23,1,,yes,80,64886.63,0.22,0,6,4.80,0.07,6.00,1.20,1.13,1
2026-08-08 02:00,KXBTC15M-26AUG072200-00,64900.05,1,,no,74,64878.12,3.38,0,6,4.44,0.09,6.00,1.56,1.47,1
2026-08-08 02:15,KXBTC15M-26AUG072215-15,64884.05,1,,no,68,64875.00,1.39,0,7,4.76,0.11,7.00,2.24,2.13,1
2026-08-08 02:30,KXBTC15M-26AUG072230-30,64864.82,1,,yes,76,64885.91,3.25,0,6,4.56,0.08,6.00,1.44,1.36,1
2026-08-08 02:45,KXBTC15M-26AUG072245-45,64894.72,0,odds 51c not above 60c,no,,64888.79,0.91,0,0,0.00,0.00,0.00,0.00,0.00,
2026-08-08 03:00,KXBTC15M-26AUG072300-00,64887.18,0,odds 44c not above 60c,no,,64882.88,0.66,0,0,0.00,0.00,0.00,0.00,0.00,
2026-08-08 03:15,KXBTC15M-26AUG072315-15,64890.54,1,,yes,75,64899.36,1.36,0,6,4.50,0.08,6.00,1.50,1.42,1
2026-08-08 03:30,KXBTC15M-26AUG072330-30,64902.13,1,,yes,96,64982.03,12.31,0,5,4.80,0.02,5.00,0.20,0.18,1
2026-08-08 03:45,KXBTC15M-26AUG072345-45,64988.23,1,,no,71,64975.39,1.98,0,7,4.97,0.11,7.00,2.03,1.92,1
2026-08-08 04:00,KXBTC15M-26AUG080000-00,64978.38,0,odds 41c not above 60c,no,,64953.67,3.80,0,0,0.00,0.00,0.00,0.00,0.00,
2026-08-08 04:15,KXBTC15M-26AUG080015-15,64993.49,1,,no,89,64940.59,8.14,0,5,4.45,0.04,5.00,0.55,0.51,1
2026-08-08 04:30,KXBTC15M-26AUG080030-30,64941.68,0,odds 46c not above 60c,no,,64940.01,0.26,0,0,0.00,0.00,0.00,0.00,0.00,
2026-08-08 04:45,KXBTC15M-26AUG080045-45,64963.93,1,,yes,87,64986.70,3.51,0,5,4.35,0.04,5.00,0.65,0.61,1
2026-08-08 05:00,KXBTC15M-26AUG080100-00,64999.96,1,,no,84,64975.39,3.78,0,5,4.20,0.05,5.00,0.80,0.75,1
2026-08-08 05:15,KXBTC15M-26AUG080115-15,64974.63,0,odds 57c not above 60c,yes,,64978.47,0.59,0,0,0.00,0.00,0.00,0.00,0.00,
2026-08-08 05:30,KXBTC15M-26AUG080130-30,64960.36,1,,yes,89,64984.17,3.67,0,5,4.45,0.04,5.00,0.55,0.51,1
2026-08-08 05:45,KXBTC15M-26AUG080145-45,64985.00,0,odds 50c not above 60c,no,,64982.18,0.43,0,0,0.00,0.00,0.00,0.00,0.00,
2026-08-08 06:00,KXBTC15M-26AUG080200-00,64979.84,1,,no,96,64948.74,4.79,0,5,4.80,0.02,5.00,0.20,0.18,1
2026-08-08 06:30,KXBTC15M-26AUG080230-30,64948.96,0,odds 47c not above 60c,no,,64944.87,0.63,0,0,0.00,0.00,0.00,0.00,0.00,
2026-08-08 06:45,KXBTC15M-26AUG080245-45,64943.47,0,odds 58c not above 60c,no,,64934.36,1.40,0,0,0.00,0.00,0.00,0.00,0.00,
2026-08-08 07:00,KXBTC15M-26AUG080300-00,64941.19,1,,yes,91,64968.73,4.24,0,5,4.55,0.03,5.00,0.45,0.42,1
2026-08-08 07:15,KXBTC15M-26AUG080315-15,64973.00,0,odds 53c not above 60c,no,,64968.76,0.65,0,0,0.00,0.00,0.00,0.00,0.00,
2026-08-08 07:30,KXBTC15M-26AUG080330-30,64963.68,0,odds 42c not above 60c,no,,64962.46,0.19,0,0,0.00,0.00,0.00,0.00,0.00,
2026-08-08 07:45,KXBTC15M-26AUG080345-45,64967.30,1,,no,90,64918.99,7.44,0,5,4.50,0.04,5.00,0.50,0.46,1
2026-08-08 08:00,KXBTC15M-26AUG080400-00,64919.28,1,,yes,86,64930.78,1.77,0,5,4.30,0.05,5.00,0.70,0.65,1
2026-08-08 08:15,KXBTC15M-26AUG080415-15,64934.05,1,,no,64,64925.36,1.34,0,7,4.48,0.12,0.00,-4.48,-4.60,0
2026-08-08 08:30,KXBTC15M-26AUG080430-30,64934.92,0,odds 59c not above 60c,no,,64928.97,0.92,0,0,0.00,0.00,0.00,0.00,0.00,
2026-08-08 08:45,KXBTC15M-26AUG080445-45,64945.56,1,,yes,90,64963.84,2.81,0,5,4.50,0.04,5.00,0.50,0.46,1
2026-08-08 09:00,KXBTC15M-26AUG080500-00,64975.95,1,,no,84,64957.07,2.91,0,5,4.20,0.05,5.00,0.80,0.75,1
2026-08-08 09:15,KXBTC15M-26AUG080515-15,64956.87,1,,yes,63,64961.20,0.67,0,7,4.41,0.12,7.00,2.59,2.47,1
2026-08-08 09:30,KXBTC15M-26AUG080530-30,64967.79,1,,yes,85,64975.38,1.17,0,5,4.25,0.05,5.00,0.75,0.70,1
2026-08-08 09:45,KXBTC15M-26AUG080545-45,64979.95,1,,no,71,64973.95,0.92,0,7,4.97,0.11,7.00,2.03,1.92,1
2026-08-08 10:00,KXBTC15M-26AUG080600-00,64975.17,1,,no,94,64953.67,3.31,0,5,4.70,0.02,5.00,0.30,0.28,1
2026-08-08 10:15,KXBTC15M-26AUG080615-15,64957.76,0,odds 57c not above 60c,yes,,64964.97,1.11,0,0,0.00,0.00,0.00,0.00,0.00,
2026-08-08 10:30,KXBTC15M-26AUG080630-30,64963.66,0,odds 57c not above 60c,yes,,64964.50,0.13,0,0,0.00,0.00,0.00,0.00,0.00,
2026-08-08 10:45,KXBTC15M-26AUG080645-45,64981.69,1,,no,81,64974.47,1.11,0,6,4.86,0.07,6.00,1.14,1.07,1
2026-08-08 11:00,KXBTC15M-26AUG080700-00,64976.67,0,odds 59c not above 60c,yes,,64978.99,0.36,0,0,0.00,0.00,0.00,0.00,0.00,
2026-08-08 11:15,KXBTC15M-26AUG080715-15,64972.20,1,,no,68,64966.99,0.80,0,7,4.76,0.11,0.00,-4.76,-4.87,0
2026-08-08 11:30,KXBTC15M-26AUG080730-30,64976.06,1,,no,94,64939.18,5.68,0,5,4.70,0.02,5.00,0.30,0.28,1
2026-08-08 11:45,KXBTC15M-26AUG080745-45,64939.80,0,odds 57c not above 60c,no,,64930.94,1.36,0,0,0.00,0.00,0.00,0.00,0.00,
2026-08-08 12:00,KXBTC15M-26AUG080800-00,64934.27,1,,no,67,64928.32,0.92,0,7,4.69,0.11,7.00,2.31,2.20,1
2026-08-08 12:15,KXBTC15M-26AUG080815-15,64929.44,1,,no,96,64891.46,5.85,0,5,4.80,0.02,0.00,-4.80,-4.82,0
2026-08-08 12:30,KXBTC15M-26AUG080830-30,64947.62,0,odds 53c not above 60c,no,,64941.69,0.91,0,0,0.00,0.00,0.00,0.00,0.00,
2026-08-08 12:45,KXBTC15M-26AUG080845-45,64935.99,1,,yes,91,64964.99,4.47,0,5,4.55,0.03,5.00,0.45,0.42,1
2026-08-08 13:00,KXBTC15M-26AUG080900-00,64964.77,1,,yes,86,64983.62,2.90,0,5,4.30,0.05,0.00,-4.30,-4.35,0
2026-08-08 13:15,KXBTC15M-26AUG080915-15,64962.45,1,,yes,82,64966.82,0.67,0,6,4.92,0.07,6.00,1.08,1.01,1
2026-08-08 13:30,KXBTC15M-26AUG080930-30,64964.60,1,,yes,71,64970.61,0.93,0,7,4.97,0.11,7.00,2.03,1.92,1
2026-08-08 13:45,KXBTC15M-26AUG080945-45,64978.21,1,,no,84,64967.49,1.65,0,5,4.20,0.05,5.00,0.80,0.75,1
2026-08-08 14:00,KXBTC15M-26AUG081000-00,64967.25,0,odds 49c not above 60c,yes,,64972.09,0.74,0,0,0.00,0.00,0.00,0.00,0.00,
2026-08-08 14:15,KXBTC15M-26AUG081015-15,64973.00,1,,yes,86,64989.91,2.60,0,5,4.30,0.05,5.00,0.70,0.65,1
2026-08-08 14:30,KXBTC15M-26AUG081030-30,65015.24,1,,yes,67,65076.73,9.46,0,7,4.69,0.11,7.00,2.31,2.20,1
2026-08-08 14:45,KXBTC15M-26AUG081045-45,65086.04,1,,yes,94,65114.00,4.30,0,5,4.70,0.02,0.00,-4.70,-4.72,0
2026-08-08 15:00,KXBTC15M-26AUG081100-00,65071.22,1,,yes,93,65107.36,5.55,0,5,4.65,0.03,5.00,0.35,0.32,1
2026-08-08 15:15,KXBTC15M-26AUG081115-15,65085.50,1,,no,87,65057.35,4.33,0,5,4.35,0.04,5.00,0.65,0.61,1
2026-08-08 15:30,KXBTC15M-26AUG081130-30,65063.60,1,,no,85,65038.09,3.92,0,5,4.25,0.05,5.00,0.75,0.70,1
2026-08-08 15:45,KXBTC15M-26AUG081145-45,65047.63,1,,no,82,65026.06,3.32,0,6,4.92,0.07,6.00,1.08,1.01,1
2026-08-08 16:00,KXBTC15M-26AUG081200-00,65024.68,1,,yes,82,65040.54,2.44,0,6,4.92,0.07,6.00,1.08,1.01,1
2026-08-08 16:15,KXBTC15M-26AUG081215-15,65039.82,1,,yes,77,65067.00,4.18,0,6,4.62,0.08,6.00,1.38,1.30,1
2026-08-08 16:30,KXBTC15M-26AUG081230-30,65041.47,0,odds 35c not above 60c,no,,65040.55,0.14,0,0,0.00,0.00,0.00,0.00,0.00,
2026-08-08 16:45,KXBTC15M-26AUG081245-45,65036.21,1,,no,91,65004.84,4.82,0,5,4.55,0.03,5.00,0.45,0.42,1
2026-08-08 17:00,KXBTC15M-26AUG081300-00,65019.34,1,,yes,79,65023.21,0.60,0,6,4.74,0.07,6.00,1.26,1.19,1
2026-08-08 17:15,KXBTC15M-26AUG081315-15,65043.63,0,odds 18c not above 60c,yes,,65051.43,1.20,0,0,0.00,0.00,0.00,0.00,0.00,
2026-08-08 17:30,KXBTC15M-26AUG081330-30,65082.47,1,,no,86,65064.93,2.70,0,5,4.30,0.05,5.00,0.70,0.65,1
2026-08-08 17:45,KXBTC15M-26AUG081345-45,65075.05,1,,yes,89,65093.87,2.89,0,5,4.45,0.04,5.00,0.55,0.51,1
2026-08-08 18:00,KXBTC15M-26AUG081400-00,65088.77,0,odds 50c not above 60c,no,,65073.12,2.40,0,0,0.00,0.00,0.00,0.00,0.00,
2026-08-08 18:15,KXBTC15M-26AUG081415-15,65080.45,1,,no,66,65071.25,1.41,0,7,4.62,0.11,7.00,2.38,2.27,1
2026-08-08 18:30,KXBTC15M-26AUG081430-30,65061.06,1,,no,94,65007.97,8.16,0,5,4.70,0.02,5.00,0.30,0.28,1
2026-08-08 18:45,KXBTC15M-26AUG081445-45,64999.08,1,,yes,93,65018.54,2.99,0,5,4.65,0.03,5.00,0.35,0.32,1
2026-08-08 19:00,KXBTC15M-26AUG081500-00,65010.35,1,,no,67,64999.00,1.75,0,7,4.69,0.11,7.00,2.31,2.20,1
2026-08-08 19:15,KXBTC15M-26AUG081515-15,65002.56,0,odds 58c not above 60c,no,,64989.76,1.97,0,0,0.00,0.00,0.00,0.00,0.00,
2026-08-08 19:30,KXBTC15M-26AUG081530-30,64983.58,1,,no,62,64970.01,2.09,0,8,4.96,0.14,8.00,3.04,2.90,1
2026-08-08 19:45,KXBTC15M-26AUG081545-45,64982.66,1,,yes,81,64985.26,0.40,0,6,4.86,0.07,6.00,1.14,1.07,1
2026-08-08 20:00,KXBTC15M-26AUG081600-00,65000.81,1,,yes,86,65019.24,2.84,0,5,4.30,0.05,5.00,0.70,0.65,1
2026-08-08 20:15,KXBTC15M-26AUG081615-15,65029.65,0,odds 47c not above 60c,no,,65027.36,0.35,0,0,0.00,0.00,0.00,0.00,0.00,
2026-08-08 20:30,KXBTC15M-26AUG081630-30,65033.10,1,,no,83,65011.69,3.29,0,6,4.98,0.06,6.00,1.02,0.96,1
2026-08-08 20:45,KXBTC15M-26AUG081645-45,65019.94,0,odds 58c not above 60c,yes,,65023.10,0.49,0,0,0.00,0.00,0.00,0.00,0.00,
2026-08-08 21:00,KXBTC15M-26AUG081700-00,65027.88,1,,yes,66,65032.96,0.78,0,7,4.62,0.11,7.00,2.38,2.27,1
2026-08-08 21:15,KXBTC15M-26AUG081715-15,65032.79,0,odds 54c not above 60c,no,,65021.55,1.73,0,0,0.00,0.00,0.00,0.00,0.00,
2026-08-08 21:30,KXBTC15M-26AUG081730-30,65003.25,1,,no,68,64993.46,1.51,0,7,4.76,0.11,7.00,2.24,2.13,1
2026-08-08 21:45,KXBTC15M-26AUG081745-45,64992.91,1,,yes,74,65001.59,1.34,0,6,4.44,0.09,6.00,1.56,1.47,1
2026-08-08 22:00,KXBTC15M-26AUG081800-00,65006.97,1,,no,82,64983.25,3.65,0,6,4.92,0.07,6.00,1.08,1.01,1
2026-08-08 22:15,KXBTC15M-26AUG081815-15,64965.88,1,,no,61,64964.02,0.29,0,8,4.88,0.14,8.00,3.12,2.98,1
2026-08-08 22:30,KXBTC15M-26AUG081830-30,64953.47,0,odds 59c not above 60c,no,,64946.65,1.05,0,0,0.00,0.00,0.00,0.00,0.00,
2026-08-08 22:45,KXBTC15M-26AUG081845-45,64947.92,1,,no,81,64927.32,3.17,0,6,4.86,0.07,6.00,1.14,1.07,1
2026-08-08 23:00,KXBTC15M-26AUG081900-00,64925.38,1,,no,81,64907.25,2.79,0,6,4.86,0.07,6.00,1.14,1.07,1
2026-08-08 23:15,KXBTC15M-26AUG081915-15,64899.24,1,,no,66,64890.94,1.28,0,7,4.62,0.11,7.00,2.38,2.27,1
2026-08-08 23:30,KXBTC15M-26AUG081930-30,64890.74,1,,yes,94,64917.45,4.12,0,5,4.70,0.02,0.00,-4.70,-4.72,0
2026-08-08 23:45,KXBTC15M-26AUG081945-45,64889.43,1,,yes,90,64916.71,4.20,0,5,4.50,0.04,5.00,0.50,0.46,1
2026-08-09 00:00,KXBTC15M-26AUG082000-00,64916.08,1,,no,78,64905.28,1.66,0,6,4.68,0.08,6.00,1.32,1.24,1
2026-08-09 00:15,KXBTC15M-26AUG082015-15,64906.50,0,odds 51c not above 60c,no,,64904.88,0.25,0,0,0.00,0.00,0.00,0.00,0.00,
2026-08-09 00:30,KXBTC15M-26AUG082030-30,64911.32,0,odds 51c not above 60c,no,,64907.58,0.58,0,0,0.00,0.00,0.00,0.00,0.00,
2026-08-09 00:45,KXBTC15M-26AUG082045-45,64915.79,1,,yes,94,64939.08,3.59,0,5,4.70,0.02,5.00,0.30,0.28,1
2026-08-09 01:00,KXBTC15M-26AUG082100-00,64919.28,1,,no,79,64908.70,1.63,0,6,4.74,0.07,0.00,-4.74,-4.81,0
2026-08-09 01:15,KXBTC15M-26AUG082115-15,64923.68,1,,yes,67,64929.64,0.92,0,7,4.69,0.11,7.00,2.31,2.20,1
2026-08-09 01:30,KXBTC15M-26AUG082130-30,64930.83,1,,no,92,64889.97,6.29,0,5,4.60,0.03,5.00,0.40,0.37,1
2026-08-09 01:45,KXBTC15M-26AUG082145-45,64816.67,1,,yes,82,64830.59,2.15,0,6,4.92,0.07,6.00,1.08,1.01,1
2026-08-09 02:00,KXBTC15M-26AUG082200-00,64833.75,1,,no,91,64806.00,4.28,0,5,4.55,0.03,5.00,0.45,0.42,1
2026-08-09 02:15,KXBTC15M-26AUG082215-15,64813.48,1,,no,86,64780.53,5.08,0,5,4.30,0.05,5.00,0.70,0.65,1
2026-08-09 02:30,KXBTC15M-26AUG082230-30,64802.04,1,,no,83,64781.00,3.25,0,6,4.98,0.06,6.00,1.02,0.96,1
2026-08-09 02:45,KXBTC15M-26AUG082245-45,64791.75,1,,no,61,64780.50,1.74,0,8,4.88,0.14,8.00,3.12,2.98,1
2026-08-09 03:00,KXBTC15M-26AUG082300-00,64742.64,0,odds 56c not above 60c,yes,,64751.89,1.43,0,0,0.00,0.00,0.00,0.00,0.00,
2026-08-09 03:15,KXBTC15M-26AUG082315-15,64771.64,1,,no,73,64758.19,2.08,0,6,4.38,0.09,6.00,1.62,1.53,1
2026-08-09 03:30,KXBTC15M-26AUG082330-30,64711.15,1,,yes,90,64730.00,2.91,0,5,4.50,0.04,5.00,0.50,0.46,1
2026-08-09 03:45,KXBTC15M-26AUG082345-45,64730.75,1,,no,62,64722.72,1.24,0,8,4.96,0.14,0.00,-4.96,-5.10,0
2026-08-09 04:00,KXBTC15M-26AUG090000-00,64747.31,1,,no,62,64736.47,1.67,0,8,4.96,0.14,8.00,3.04,2.90,1
2026-08-09 04:15,KXBTC15M-26AUG090015-15,64736.76,1,,yes,87,64748.90,1.88,0,5,4.35,0.04,5.00,0.65,0.61,1
2026-08-09 04:30,KXBTC15M-26AUG090030-30,64766.70,1,,no,72,64758.88,1.21,0,6,4.32,0.09,0.00,-4.32,-4.41,0
2026-08-09 04:45,KXBTC15M-26AUG090045-45,64770.91,1,,no,77,64758.54,1.91,0,6,4.62,0.08,6.00,1.38,1.30,1
2026-08-09 05:00,KXBTC15M-26AUG090100-00,64756.96,1,,no,86,64728.48,4.40,0,5,4.30,0.05,5.00,0.70,0.65,1
2026-08-09 05:15,KXBTC15M-26AUG090115-15,64737.63,0,odds 43c not above 60c,no,,64732.83,0.74,0,0,0.00,0.00,0.00,0.00,0.00,
2026-08-09 05:30,KXBTC15M-26AUG090130-30,64736.43,0,odds 55c not above 60c,no,,64730.27,0.95,0,0,0.00,0.00,0.00,0.00,0.00,
2026-08-09 05:45,KXBTC15M-26AUG090145-45,64733.46,0,odds 40c not above 60c,no,,64732.29,0.18,0,0,0.00,0.00,0.00,0.00,0.00,
2026-08-09 06:00,KXBTC15M-26AUG090200-00,64734.07,0,odds 49c not above 60c,yes,,64734.36,0.04,0,0,0.00,0.00,0.00,0.00,0.00,
2026-08-09 06:15,KXBTC15M-26AUG090215-15,64746.54,0,odds 28c not above 60c,no,,64744.07,0.38,0,0,0.00,0.00,0.00,0.00,0.00,
2026-08-09 06:30,KXBTC15M-26AUG090230-30,64756.97,1,,yes,94,64784.90,4.31,0,5,4.70,0.02,5.00,0.30,0.28,1
2026-08-09 06:45,KXBTC15M-26AUG090245-45,64784.43,1,,yes,87,64801.51,2.64,0,5,4.35,0.04,5.00,0.65,0.61,1
2026-08-09 07:00,KXBTC15M-26AUG090300-00,64802.45,1,,yes,67,64803.65,0.19,0,7,4.69,0.11,7.00,2.31,2.20,1
2026-08-09 07:15,KXBTC15M-26AUG090315-15,64803.49,1,,no,64,64798.35,0.79,0,7,4.48,0.12,0.00,-4.48,-4.60,0
2026-08-09 07:30,KXBTC15M-26AUG090330-30,64803.95,1,,no,82,64783.53,3.15,0,6,4.92,0.07,6.00,1.08,1.01,1
2026-08-09 07:45,KXBTC15M-26AUG090345-45,64792.01,1,,no,76,64772.41,3.03,0,6,4.56,0.08,6.00,1.44,1.36,1
2026-08-09 08:00,KXBTC15M-26AUG090400-00,64786.97,1,,no,76,64767.14,3.06,0,6,4.56,0.08,6.00,1.44,1.36,1
2026-08-09 08:15,KXBTC15M-26AUG090415-15,64779.87,1,,yes,98,64856.50,11.83,0,5,4.90,0.01,5.00,0.10,0.09,1
2026-08-09 08:30,KXBTC15M-26AUG090430-30,64868.40,1,,no,83,64850.67,2.73,0,6,4.98,0.06,6.00,1.02,0.96,1
2026-08-09 08:45,KXBTC15M-26AUG090445-45,64835.00,1,,yes,83,64837.01,0.31,0,6,4.98,0.06,0.00,-4.98,-5.04,0
2026-08-09 09:00,KXBTC15M-26AUG090500-00,64753.57,0,odds 57c not above 60c,yes,,64758.17,0.71,0,0,0.00,0.00,0.00,0.00,0.00,
2026-08-09 09:15,KXBTC15M-26AUG090515-15,64771.97,1,,yes,65,64775.96,0.62,0,7,4.55,0.12,7.00,2.45,2.33,1
2026-08-09 09:30,KXBTC15M-26AUG090530-30,64777.46,1,,yes,65,64780.99,0.54,0,7,4.55,0.12,0.00,-4.55,-4.67,0
2026-08-09 09:45,KXBTC15M-26AUG090545-45,64764.09,1,,yes,72,64768.23,0.64,0,6,4.32,0.09,6.00,1.68,1.59,1
2026-08-09 10:00,KXBTC15M-26AUG090600-00,64768.21,1,,yes,82,64787.15,2.92,0,6,4.92,0.07,6.00,1.08,1.01,1
2026-08-09 10:15,KXBTC15M-26AUG090615-15,64814.92,1,,yes,95,64847.13,4.97,0,5,4.75,0.02,5.00,0.25,0.23,1
2026-08-09 10:30,KXBTC15M-26AUG090630-30,64899.66,1,,yes,83,64911.01,1.75,0,6,4.98,0.06,6.00,1.02,0.96,1
2026-08-09 10:45,KXBTC15M-26AUG090645-45,64911.19,1,,no,92,64892.12,2.94,0,5,4.60,0.03,5.00,0.40,0.37,1
2026-08-09 11:00,KXBTC15M-26AUG090700-00,64891.27,1,,yes,94,64919.92,4.42,0,5,4.70,0.02,5.00,0.30,0.28,1
2026-08-09 11:15,KXBTC15M-26AUG090715-15,64909.56,1,,yes,81,64925.85,2.51,0,6,4.86,0.07,6.00,1.14,1.07,1
2026-08-09 11:30,KXBTC15M-26AUG090730-30,64923.79,0,odds 47c not above 60c,yes,,64928.90,0.79,0,0,0.00,0.00,0.00,0.00,0.00,
2026-08-09 11:45,KXBTC15M-26AUG090745-45,64922.47,1,,yes,95,64945.01,3.47,0,5,4.75,0.02,5.00,0.25,0.23,1
2026-08-09 12:00,KXBTC15M-26AUG090800-00,64938.11,1,,no,65,64924.54,2.09,0,7,4.55,0.12,7.00,2.45,2.33,1
2026-08-09 12:15,KXBTC15M-26AUG090815-15,64904.99,1,,no,94,64872.54,5.00,0,5,4.70,0.02,5.00,0.30,0.28,1
2026-08-09 12:30,KXBTC15M-26AUG090830-30,64893.57,0,odds 56c not above 60c,no,,64889.66,0.60,0,0,0.00,0.00,0.00,0.00,0.00,
2026-08-09 12:45,KXBTC15M-26AUG090845-45,64893.83,1,,no,63,64892.00,0.28,0,7,4.41,0.12,7.00,2.59,2.47,1
2026-08-09 13:00,KXBTC15M-26AUG090900-00,64890.37,0,odds 38c not above 60c,yes,,64893.10,0.42,0,0,0.00,0.00,0.00,0.00,0.00,
2026-08-09 13:15,KXBTC15M-26AUG090915-15,64907.09,1,,yes,97,64968.57,9.47,0,5,4.85,0.02,5.00,0.15,0.13,1
2026-08-09 13:30,KXBTC15M-26AUG090930-30,64972.00,1,,yes,86,64992.18,3.11,0,5,4.30,0.05,5.00,0.70,0.65,1
2026-08-09 13:45,KXBTC15M-26AUG090945-45,65027.83,1,,yes,96,65079.00,7.87,0,5,4.80,0.02,5.00,0.20,0.18,1
2026-08-09 14:00,KXBTC15M-26AUG091000-00,65172.83,1,,no,62,65169.57,0.50,0,8,4.96,0.14,8.00,3.04,2.90,1
2026-08-09 14:15,KXBTC15M-26AUG091015-15,65171.46,1,,yes,79,65185.81,2.20,0,6,4.74,0.07,6.00,1.26,1.19,1
2026-08-09 14:30,KXBTC15M-26AUG091030-30,65189.55,1,,no,96,65127.42,9.53,0,5,4.80,0.02,5.00,0.20,0.18,1
2026-08-09 14:45,KXBTC15M-26AUG091045-45,65140.46,1,,no,61,65133.31,1.10,0,8,4.88,0.14,8.00,3.12,2.98,1
2026-08-09 15:00,KXBTC15M-26AUG091100-00,65119.77,1,,yes,85,65142.85,3.54,0,5,4.25,0.05,5.00,0.75,0.70,1
2026-08-09 15:15,KXBTC15M-26AUG091115-15,65221.06,1,,no,85,65196.45,3.77,0,5,4.25,0.05,5.00,0.75,0.70,1
2026-08-09 15:30,KXBTC15M-26AUG091130-30,65194.32,1,,no,82,65181.30,2.00,0,6,4.92,0.07,6.00,1.08,1.01,1
2026-08-09 15:45,KXBTC15M-26AUG091145-45,65183.93,1,,yes,75,65187.55,0.56,0,6,4.50,0.08,0.00,-4.50,-4.58,0
2026-08-09 16:00,KXBTC15M-26AUG091200-00,65178.69,0,odds 54c not above 60c,yes,,65178.88,0.03,0,0,0.00,0.00,0.00,0.00,0.00,
2026-08-09 16:15,KXBTC15M-26AUG091215-15,65182.60,1,,yes,93,65209.99,4.20,0,5,4.65,0.03,5.00,0.35,0.32,1
2026-08-09 16:30,KXBTC15M-26AUG091230-30,65189.25,1,,no,84,65166.22,3.53,0,5,4.20,0.05,5.00,0.80,0.75,1
2026-08-09 16:45,KXBTC15M-26AUG091245-45,65137.71,1,,yes,98,65206.50,10.56,0,5,4.90,0.01,5.00,0.10,0.09,1
2026-08-09 17:00,KXBTC15M-26AUG091300-00,65198.37,0,odds 58c not above 60c,no,,65192.76,0.86,0,0,0.00,0.00,0.00,0.00,0.00,
2026-08-09 17:15,KXBTC15M-26AUG091315-15,65184.78,1,,no,77,65175.04,1.49,0,6,4.62,0.08,6.00,1.38,1.30,1
2026-08-09 17:30,KXBTC15M-26AUG091330-30,65176.60,0,odds 34c not above 60c,yes,,65187.84,1.72,0,0,0.00,0.00,0.00,0.00,0.00,
2026-08-09 17:45,KXBTC15M-26AUG091345-45,65184.82,1,,no,73,65176.91,1.21,0,6,4.38,0.09,6.00,1.62,1.53,1
2026-08-09 18:00,KXBTC15M-26AUG091400-00,65182.91,1,,no,97,65146.37,5.61,0,5,4.85,0.02,5.00,0.15,0.13,1
2026-08-09 18:15,KXBTC15M-26AUG091415-15,65149.17,1,,yes,76,65152.77,0.55,0,6,4.56,0.08,6.00,1.44,1.36,1
2026-08-09 18:30,KXBTC15M-26AUG091430-30,65153.39,1,,no,74,65153.01,0.06,0,6,4.44,0.09,0.00,-4.44,-4.53,0
2026-08-09 18:45,KXBTC15M-26AUG091445-45,65164.39,0,odds 40c not above 60c,yes,,65165.12,0.11,0,0,0.00,0.00,0.00,0.00,0.00,
2026-08-09 19:00,KXBTC15M-26AUG091500-00,65165.09,1,,no,80,65159.94,0.79,0,6,4.80,0.07,6.00,1.20,1.13,1
2026-08-09 19:15,KXBTC15M-26AUG091515-15,65147.50,0,odds 60c not above 60c,no,,65145.99,0.23,0,0,0.00,0.00,0.00,0.00,0.00,
2026-08-09 19:30,KXBTC15M-26AUG091530-30,65142.01,1,,yes,93,65165.77,3.65,0,5,4.65,0.03,5.00,0.35,0.32,1
2026-08-09 19:45,KXBTC15M-26AUG091545-45,65160.13,1,,no,77,65150.99,1.40,0,6,4.62,0.08,6.00,1.38,1.30,1
2026-08-09 20:00,KXBTC15M-26AUG091600-00,65151.43,1,,no,78,65145.62,0.89,0,6,4.68,0.08,6.00,1.32,1.24,1
2026-08-09 20:15,KXBTC15M-26AUG091615-15,65134.83,1,,no,95,65104.52,4.65,0,5,4.75,0.02,5.00,0.25,0.23,1
2026-08-09 20:30,KXBTC15M-26AUG091630-30,65038.17,1,,yes,93,65073.26,5.40,0,5,4.65,0.03,5.00,0.35,0.32,1
2026-08-09 20:45,KXBTC15M-26AUG091645-45,65080.58,1,,yes,88,65100.00,2.98,0,5,4.40,0.04,5.00,0.60,0.56,1
2026-08-09 21:00,KXBTC15M-26AUG091700-00,65096.02,1,,no,86,65087.37,1.33,0,5,4.30,0.05,5.00,0.70,0.65,1
2026-08-09 21:15,KXBTC15M-26AUG091715-15,65092.42,1,,no,69,65086.61,0.89,0,7,4.83,0.11,7.00,2.17,2.06,1
2026-08-09 21:30,KXBTC15M-26AUG091730-30,65087.23,1,,no,88,65077.63,1.47,0,5,4.40,0.04,0.00,-4.40,-4.44,0
2026-08-09 21:45,KXBTC15M-26AUG091745-45,65090.95,1,,yes,93,65140.15,7.56,0,5,4.65,0.03,5.00,0.35,0.32,1
2026-08-09 22:00,KXBTC15M-26AUG091800-00,65177.36,1,,no,92,65142.20,5.39,0,5,4.60,0.03,5.00,0.40,0.37,1
2026-08-09 22:15,KXBTC15M-26AUG091815-15,65157.62,1,,yes,96,65228.79,10.92,0,5,4.80,0.02,5.00,0.20,0.18,1
2026-08-09 22:30,KXBTC15M-26AUG091830-30,65321.32,1,,no,98,65189.46,20.19,0,5,4.90,0.01,5.00,0.10,0.09,1
2026-08-09 22:45,KXBTC15M-26AUG091845-45,65185.09,1,,no,98,64974.72,32.27,0,5,4.90,0.01,5.00,0.10,0.09,1
2026-08-09 23:00,KXBTC15M-26AUG091900-00,64984.68,0,odds 29c not above 60c,yes,,65001.90,2.65,0,0,0.00,0.00,0.00,0.00,0.00,
2026-08-09 23:15,KXBTC15M-26AUG091915-15,65030.47,0,odds 48c not above 60c,no,,64975.96,8.38,0,0,0.00,0.00,0.00,0.00,0.00,
2026-08-09 23:30,KXBTC15M-26AUG091930-30,64992.53,1,,no,97,64921.07,11.00,0,5,4.85,0.02,5.00,0.15,0.13,1
2026-08-09 23:45,KXBTC15M-26AUG091945-45,64876.09,0,odds 50c not above 60c,no,,64834.61,6.39,0,0,0.00,0.00,0.00,0.00,0.00,
2026-08-10 00:00,KXBTC15M-26AUG092000-00,64855.86,0,odds 60c not above 60c,no,,64830.00,3.99,0,0,0.00,0.00,0.00,0.00,0.00,
2026-08-10 00:15,KXBTC15M-26AUG092015-15,64854.87,1,,yes,90,64974.26,18.41,0,5,4.50,0.04,5.00,0.50,0.46,1
2026-08-10 00:30,KXBTC15M-26AUG092030-30,65104.69,1,,no,94,64990.00,17.62,0,5,4.70,0.02,5.00,0.30,0.28,1
2026-08-10 00:45,KXBTC15M-26AUG092045-45,64965.04,1,,no,89,64896.10,10.61,0,5,4.45,0.04,5.00,0.55,0.51,1
2026-08-10 01:00,KXBTC15M-26AUG092100-00,64791.80,1,,yes,97,64943.99,23.49,0,5,4.85,0.02,5.00,0.15,0.13,1
2026-08-10 01:15,KXBTC15M-26AUG092115-15,64914.62,0,odds 50c not above 60c,yes,,64921.07,0.99,0,0,0.00,0.00,0.00,0.00,0.00,
2026-08-10 01:30,KXBTC15M-26AUG092130-30,64949.09,1,,yes,70,64976.92,4.28,0,7,4.90,0.11,7.00,2.10,1.99,1
2026-08-10 01:45,KXBTC15M-26AUG092145-45,64974.15,1,,no,97,64874.01,15.41,0,5,4.85,0.02,5.00,0.15,0.13,1
2026-08-10 02:00,KXBTC15M-26AUG092200-00,64916.83,1,,yes,99,65160.00,37.46,0,5,4.95,0.01,5.00,0.05,0.04,1
2026-08-10 02:15,KXBTC15M-26AUG092215-15,65149.30,1,,no,94,65033.31,17.80,0,5,4.70,0.02,5.00,0.30,0.28,1
2026-08-10 02:30,KXBTC15M-26AUG092230-30,65061.94,1,,no,98,64921.06,21.65,0,5,4.90,0.01,5.00,0.10,0.09,1
2026-08-10 02:45,KXBTC15M-26AUG092245-45,64913.41,1,,yes,85,64943.83,4.69,0,5,4.25,0.05,5.00,0.75,0.70,1
2026-08-10 03:00,KXBTC15M-26AUG092300-00,65152.41,1,,no,97,65039.37,17.35,0,5,4.85,0.02,5.00,0.15,0.13,1
2026-08-10 03:15,KXBTC15M-26AUG092315-15,65049.18,1,,no,92,64999.70,7.61,0,5,4.60,0.03,5.00,0.40,0.37,1
2026-08-10 03:30,KXBTC15M-26AUG092330-30,64926.31,1,,yes,97,65022.44,14.81,0,5,4.85,0.02,5.00,0.15,0.13,1
2026-08-10 03:45,KXBTC15M-26AUG092345-45,65012.99,0,odds 25c not above 60c,no,,65011.94,0.16,0,0,0.00,0.00,0.00,0.00,0.00,
2026-08-10 04:00,KXBTC15M-26AUG100000-00,64966.65,1,,no,66,64941.51,3.87,0,7,4.62,0.11,7.00,2.38,2.27,1
2026-08-10 04:15,KXBTC15M-26AUG100015-15,64915.98,1,,yes,93,64997.14,12.50,0,5,4.65,0.03,5.00,0.35,0.32,1
2026-08-10 04:30,KXBTC15M-26AUG100030-30,65016.97,0,odds 53c not above 60c,yes,,65018.81,0.28,0,0,0.00,0.00,0.00,0.00,0.00,
2026-08-10 04:45,KXBTC15M-26AUG100045-45,64992.13,1,,no,76,64980.59,1.78,0,6,4.56,0.08,6.00,1.44,1.36,1
2026-08-10 05:00,KXBTC15M-26AUG100100-00,64956.22,1,,yes,74,64969.12,1.99,0,6,4.44,0.09,0.00,-4.44,-4.53,0
2026-08-10 05:15,KXBTC15M-26AUG100115-15,64951.06,1,,yes,85,64992.11,6.32,0,5,4.25,0.05,0.00,-4.25,-4.30,0
2026-08-10 05:30,KXBTC15M-26AUG100130-30,64939.18,1,,yes,89,64990.13,7.85,0,5,4.45,0.04,5.00,0.55,0.51,1
2026-08-10 05:45,KXBTC15M-26AUG100145-45,64991.01,1,,yes,73,65000.78,1.50,0,6,4.38,0.09,6.00,1.62,1.53,1
2026-08-10 06:00,KXBTC15M-26AUG100200-00,65030.72,0,odds 30c not above 60c,yes,,65047.62,2.60,0,0,0.00,0.00,0.00,0.00,0.00,
2026-08-10 06:15,KXBTC15M-26AUG100215-15,65086.84,1,,yes,83,65145.42,9.00,0,6,4.98,0.06,6.00,1.02,0.96,1
2026-08-10 06:30,KXBTC15M-26AUG100230-30,65156.78,1,,no,64,65147.14,1.48,0,7,4.48,0.12,7.00,2.52,2.40,1
2026-08-10 06:45,KXBTC15M-26AUG100245-45,65118.22,1,,yes,87,65145.20,4.14,0,5,4.35,0.04,5.00,0.65,0.61,1
2026-08-10 07:00,KXBTC15M-26AUG100300-00,65183.99,1,,yes,78,65223.41,6.05,0,6,4.68,0.08,6.00,1.32,1.24,1
2026-08-10 07:15,KXBTC15M-26AUG100315-15,65246.73,1,,no,84,65207.30,6.04,0,5,4.20,0.05,5.00,0.80,0.75,1
2026-08-10 07:30,KXBTC15M-26AUG100330-30,65216.13,1,,yes,67,65239.63,3.60,0,7,4.69,0.11,7.00,2.31,2.20,1
2026-08-10 07:45,KXBTC15M-26AUG100345-45,65272.70,1,,yes,92,65305.01,4.95,0,5,4.60,0.03,5.00,0.40,0.37,1
2026-08-10 08:00,KXBTC15M-26AUG100400-00,65282.90,1,,no,98,65150.01,20.36,0,5,4.90,0.01,5.00,0.10,0.09,1
2026-08-10 08:15,KXBTC15M-26AUG100415-15,65160.44,1,,yes,93,65204.71,6.79,0,5,4.65,0.03,5.00,0.35,0.32,1
2026-08-10 08:30,KXBTC15M-26AUG100430-30,65219.15,1,,yes,72,65236.16,2.61,0,6,4.32,0.09,6.00,1.68,1.59,1
2026-08-10 08:45,KXBTC15M-26AUG100445-45,65242.54,1,,no,89,65197.56,6.89,0,5,4.45,0.04,5.00,0.55,0.51,1
2026-08-10 09:00,KXBTC15M-26AUG100500-00,65176.31,0,odds 15c not above 60c,no,,65168.79,1.15,0,0,0.00,0.00,0.00,0.00,0.00,
2026-08-10 09:15,KXBTC15M-26AUG100515-15,65200.45,1,,no,91,65146.28,8.31,0,5,4.55,0.03,5.00,0.45,0.42,1
2026-08-10 09:30,KXBTC15M-26AUG100530-30,65174.95,1,,no,74,65135.29,6.09,0,6,4.44,0.09,6.00,1.56,1.47,1
2026-08-10 09:45,KXBTC15M-26AUG100545-45,65120.23,1,,no,98,65017.97,15.70,0,5,4.90,0.01,5.00,0.10,0.09,1
2026-08-10 10:00,KXBTC15M-26AUG100600-00,65007.08,1,,no,95,64900.03,16.47,0,5,4.75,0.02,5.00,0.25,0.23,1
2026-08-10 10:15,KXBTC15M-26AUG100615-15,64923.37,1,,yes,96,64970.77,7.30,0,5,4.80,0.02,5.00,0.20,0.18,1
2026-08-10 10:30,KXBTC15M-26AUG100630-30,64995.62,0,odds 25c not above 60c,no,,64991.76,0.59,0,0,0.00,0.00,0.00,0.00,0.00,
2026-08-10 10:45,KXBTC15M-26AUG100645-45,64969.58,0,odds 38c not above 60c,no,,64966.06,0.54,0,0,0.00,0.00,0.00,0.00,0.00,
2026-08-10 11:00,KXBTC15M-26AUG100700-00,64960.98,1,,yes,78,64976.06,2.32,0,6,4.68,0.08,6.00,1.32,1.24,1
2026-08-10 11:15,KXBTC15M-26AUG100715-15,64967.58,0,odds 28c not above 60c,no,,64958.97,1.33,0,0,0.00,0.00,0.00,0.00,0.00,
2026-08-10 11:30,KXBTC15M-26AUG100730-30,64958.38,1,,yes,96,64986.49,4.33,0,5,4.80,0.02,5.00,0.20,0.18,1
2026-08-10 11:45,KXBTC15M-26AUG100745-45,65030.66,1,,no,77,65025.01,0.87,0,6,4.62,0.08,6.00,1.38,1.30,1
2026-08-10 12:00,KXBTC15M-26AUG100800-00,65015.24,1,,yes,64,65021.40,0.95,0,7,4.48,0.12,7.00,2.52,2.40,1
2026-08-10 12:15,KXBTC15M-26AUG100815-15,65079.46,1,,yes,89,65105.58,4.01,0,5,4.45,0.04,5.00,0.55,0.51,1
2026-08-10 12:30,KXBTC15M-26AUG100830-30,65083.18,1,,no,85,65029.71,8.22,0,5,4.25,0.05,5.00,0.75,0.70,1
2026-08-10 12:45,KXBTC15M-26AUG100845-45,65003.14,1,,no,96,64883.41,18.42,0,5,4.80,0.02,5.00,0.20,0.18,1
2026-08-10 13:00,KXBTC15M-26AUG100900-00,64967.31,1,,no,97,64863.23,16.02,0,5,4.85,0.02,5.00,0.15,0.13,1
2026-08-10 13:15,KXBTC15M-26AUG100915-15,64831.54,0,odds 39c not above 60c,no,,64813.86,2.73,0,0,0.00,0.00,0.00,0.00,0.00,
2026-08-10 13:30,KXBTC15M-26AUG100930-30,64833.85,1,,yes,95,64880.38,7.18,0,5,4.75,0.02,5.00,0.25,0.23,1
2026-08-10 13:45,KXBTC15M-26AUG100945-45,64879.16,1,,no,94,64661.22,33.59,0,5,4.70,0.02,5.00,0.30,0.28,1
2026-08-10 14:00,KXBTC15M-26AUG101000-00,64593.12,1,,no,89,64474.54,18.36,0,5,4.45,0.04,5.00,0.55,0.51,1
2026-08-10 14:15,KXBTC15M-26AUG101015-15,64509.78,1,,yes,94,64553.34,6.75,0,5,4.70,0.02,5.00,0.30,0.28,1
2026-08-10 14:30,KXBTC15M-26AUG101030-30,64678.42,0,odds 42c not above 60c,no,,64674.47,0.61,0,0,0.00,0.00,0.00,0.00,0.00,
2026-08-10 14:45,KXBTC15M-26AUG101045-45,64746.39,0,odds 35c not above 60c,no,,64723.27,3.57,0,0,0.00,0.00,0.00,0.00,0.00,
2026-08-10 15:00,KXBTC15M-26AUG101100-00,64789.63,1,,no,94,64623.80,25.60,0,5,4.70,0.02,5.00,0.30,0.28,1
2026-08-10 15:15,KXBTC15M-26AUG101115-15,64582.50,1,,yes,80,64589.55,1.09,0,6,4.80,0.07,0.00,-4.80,-4.87,0
2026-08-10 15:30,KXBTC15M-26AUG101130-30,64525.00,1,,no,92,64409.78,17.86,0,5,4.60,0.03,5.00,0.40,0.37,1
2026-08-10 16:00,KXBTC15M-26AUG101200-00,64292.64,1,,no,75,64155.72,21.30,0,6,4.50,0.08,6.00,1.50,1.42,1
2026-08-10 16:15,KXBTC15M-26AUG101215-15,64241.97,0,odds 33c not above 60c,no,,64211.33,4.77,0,0,0.00,0.00,0.00,0.00,0.00,
2026-08-10 16:30,KXBTC15M-26AUG101230-30,64169.00,1,,no,97,64011.84,24.49,0,5,4.85,0.02,5.00,0.15,0.13,1
2026-08-10 16:45,KXBTC15M-26AUG101245-45,64068.19,0,odds 50c not above 60c,yes,,64075.18,1.09,0,0,0.00,0.00,0.00,0.00,0.00,
2026-08-10 17:00,KXBTC15M-26AUG101300-00,63936.32,1,,no,83,63812.51,19.36,0,6,4.98,0.06,6.00,1.02,0.96,1
2026-08-10 17:15,KXBTC15M-26AUG101315-15,63832.01,1,,yes,67,63877.67,7.15,0,7,4.69,0.11,7.00,2.31,2.20,1
2026-08-10 17:30,KXBTC15M-26AUG101330-30,63941.66,1,,no,94,63890.75,7.96,0,5,4.70,0.02,5.00,0.30,0.28,1
2026-08-10 17:45,KXBTC15M-26AUG101345-45,63877.01,1,,yes,65,63889.18,1.91,0,7,4.55,0.12,7.00,2.45,2.33,1
2026-08-10 18:00,KXBTC15M-26AUG101400-00,63896.34,1,,no,86,63848.02,7.56,0,5,4.30,0.05,5.00,0.70,0.65,1
2026-08-10 18:15,KXBTC15M-26AUG101415-15,63878.32,0,odds 54c not above 60c,yes,,63900.24,3.43,0,0,0.00,0.00,0.00,0.00,0.00,
2026-08-10 18:30,KXBTC15M-26AUG101430-30,63895.69,0,odds 40c not above 60c,yes,,63916.93,3.32,0,0,0.00,0.00,0.00,0.00,0.00,
2026-08-10 18:45,KXBTC15M-26AUG101445-45,63846.18,1,,no,89,63760.07,13.49,0,5,4.45,0.04,5.00,0.55,0.51,1
2026-08-10 19:00,KXBTC15M-26AUG101500-00,63805.95,1,,yes,78,63822.96,2.67,0,6,4.68,0.08,6.00,1.32,1.24,1
2026-08-10 19:15,KXBTC15M-26AUG101515-15,63826.44,1,,yes,73,63860.01,5.26,0,6,4.38,0.09,6.00,1.62,1.53,1
2026-08-10 19:30,KXBTC15M-26AUG101530-30,63862.85,1,,yes,89,63922.54,9.35,0,5,4.45,0.04,5.00,0.55,0.51,1
2026-08-10 19:45,KXBTC15M-26AUG101545-45,63955.60,1,,no,88,63897.76,9.04,0,5,4.40,0.04,0.00,-4.40,-4.44,0
2026-08-10 20:00,KXBTC15M-26AUG101600-00,63969.47,0,odds 60c not above 60c,no,,63962.15,1.14,0,0,0.00,0.00,0.00,0.00,0.00,
2026-08-10 20:15,KXBTC15M-26AUG101615-15,63970.21,1,,yes,85,64004.14,5.30,0,5,4.25,0.05,5.00,0.75,0.70,1
2026-08-10 20:30,KXBTC15M-26AUG101630-30,63983.48,1,,yes,90,64020.40,5.77,0,5,4.50,0.04,5.00,0.50,0.46,1
2026-08-10 20:45,KXBTC15M-26AUG101645-45,64056.89,1,,yes,75,64067.15,1.60,0,6,4.50,0.08,6.00,1.50,1.42,1
2026-08-10 21:00,KXBTC15M-26AUG101700-00,64121.24,1,,no,69,64097.71,3.67,0,7,4.83,0.11,7.00,2.17,2.06,1
2026-08-10 21:15,KXBTC15M-26AUG101715-15,64101.07,1,,no,79,64081.62,3.03,0,6,4.74,0.07,6.00,1.26,1.19,1
2026-08-10 21:30,KXBTC15M-26AUG101730-30,64055.01,1,,yes,63,64057.05,0.32,0,7,4.41,0.12,7.00,2.59,2.47,1
